2026-09-16 15:43:14 INFO Logging to C:\pythonstuff\wpimport\create_all_duplicates_20260916_154314.log
2026-09-16 15:43:16 INFO Fetched page 1/28: 100 products (reported total: 2726)
2026-09-16 15:43:16 INFO Starting duplicate run: pages 1-28 of 28, per_page=100
2026-09-16 15:43:16 INFO [1] Creating duplicate for product id=118124 sku=C00246117-3A52 replacement_sku=C00638000
2026-09-16 15:43:20 INFO [1] Duplicate created: new id=119387 sku=C00638000-3C8YC
2026-09-16 15:43:20 INFO [2] Creating duplicate for product id=118138 sku=C00246117-53DA replacement_sku=C00638000
2026-09-16 15:43:23 INFO [2] Duplicate created: new id=119388 sku=C00638000-TQCBT
2026-09-16 15:43:23 INFO [3] Creating duplicate for product id=118089 sku=C00285707-E958 replacement_sku=C00675243
2026-09-16 15:43:27 INFO [3] Duplicate created: new id=119389 sku=C00675243-HAIU4
2026-09-16 15:43:27 INFO [4] Creating duplicate for product id=118078 sku=C00285707-382F replacement_sku=C00675243
2026-09-16 15:43:30 INFO [4] Duplicate created: new id=119390 sku=C00675243-FZ50T
2026-09-16 15:43:30 INFO [5] Creating duplicate for product id=118022 sku=C00561861-7384 replacement_sku=C00576712
2026-09-16 15:43:34 INFO [5] Duplicate created: new id=119391 sku=C00576712-D6WRH
2026-09-16 15:43:34 INFO [6] Creating duplicate for product id=118001 sku=C00050803-9BA4 replacement_sku=C00750803
2026-09-16 15:43:37 INFO [6] Duplicate created: new id=119392 sku=C00750803-5LSI0
2026-09-16 15:43:37 INFO [7] Creating duplicate for product id=118018 sku=C00050803-A881 replacement_sku=C00750803
2026-09-16 15:43:40 INFO [7] Duplicate created: new id=119393 sku=C00750803-V0LCA
2026-09-16 15:43:40 INFO [8] Creating duplicate for product id=118006 sku=C00561861-92AC replacement_sku=C00576712
2026-09-16 15:43:43 INFO [8] Duplicate created: new id=119394 sku=C00576712-12SIE
2026-09-16 15:43:43 INFO [9] Creating duplicate for product id=117956 sku=C00185632-4C8B replacement_sku=C00099220
2026-09-16 15:43:46 INFO [9] Duplicate created: new id=119395 sku=C00099220-SOM70
2026-09-16 15:43:46 INFO [10] Creating duplicate for product id=117969 sku=C00185632-5854 replacement_sku=C00099220
2026-09-16 15:43:50 INFO [10] Duplicate created: new id=119396 sku=C00099220-10RKQ
2026-09-16 15:43:50 INFO [11] Creating duplicate for product id=117954 sku=C00661442-16A4 replacement_sku=C00732954
2026-09-16 15:43:53 INFO [11] Duplicate created: new id=119397 sku=C00732954-0801L
2026-09-16 15:43:53 INFO [12] Creating duplicate for product id=117903 sku=C00120691-B006 replacement_sku=C00678893
2026-09-16 15:43:57 INFO [12] Duplicate created: new id=119398 sku=C00678893-F373X
2026-09-16 15:43:57 INFO [13] Creating duplicate for product id=117939 sku=C00661442-9115 replacement_sku=C00732954
2026-09-16 15:44:00 INFO [13] Duplicate created: new id=119399 sku=C00732954-9GHMS
2026-09-16 15:44:00 INFO [14] Creating duplicate for product id=117921 sku=C00123076-8C90 replacement_sku=C00131388
2026-09-16 15:44:04 INFO [14] Duplicate created: new id=119400 sku=C00131388-496J0
2026-09-16 15:44:04 INFO [15] Creating duplicate for product id=117938 sku=C00123076-F666 replacement_sku=C00131388
2026-09-16 15:44:07 INFO [15] Duplicate created: new id=119401 sku=C00131388-UDIML
2026-09-16 15:44:07 INFO [16] Creating duplicate for product id=117846 sku=C00120691-AD47 replacement_sku=C00678893
2026-09-16 15:44:10 INFO [16] Duplicate created: new id=119402 sku=C00678893-7QQRB
2026-09-16 15:44:10 INFO [17] Creating duplicate for product id=117867 sku=C00120691-BE9C replacement_sku=C00678893
2026-09-16 15:44:14 INFO [17] Duplicate created: new id=119403 sku=C00678893-7XGUP
2026-09-16 15:44:14 INFO [18] Creating duplicate for product id=117883 sku=C00120691-B1BD replacement_sku=C00678893
2026-09-16 15:44:17 INFO [18] Duplicate created: new id=119404 sku=C00678893-6W2T7
2026-09-16 15:44:17 INFO [19] Creating duplicate for product id=117845 sku=C00075227-3FE4 replacement_sku=C00518592
2026-09-16 15:44:20 INFO [19] Duplicate created: new id=119405 sku=C00518592-Q1OT6
2026-09-16 15:44:20 INFO [20] Creating duplicate for product id=117863 sku=C00075227-C3AF replacement_sku=C00518592
2026-09-16 15:44:23 INFO [20] Duplicate created: new id=119406 sku=C00518592-942NH
2026-09-16 15:44:23 INFO [21] Creating duplicate for product id=117810 sku=C00074698-7AC9 replacement_sku=C00673556
2026-09-16 15:44:27 INFO [21] Duplicate created: new id=119407 sku=C00673556-1CZ0D
2026-09-16 15:44:27 INFO [22] Creating duplicate for product id=117827 sku=C00074698-C957 replacement_sku=C00673556
2026-09-16 15:44:30 INFO [22] Duplicate created: new id=119408 sku=C00673556-QV2FM
2026-09-16 15:44:30 INFO [23] Creating duplicate for product id=117800 sku=C00245942-EF27 replacement_sku=C00245940
2026-09-16 15:44:34 INFO [23] Duplicate created: new id=119409 sku=C00245940-A4QCH
2026-09-16 15:44:34 INFO [24] Creating duplicate for product id=117782 sku=C00245942-2CAD replacement_sku=C00245940
2026-09-16 15:44:37 INFO [24] Duplicate created: new id=119410 sku=C00245940-URT27
2026-09-16 15:44:37 INFO [25] Creating duplicate for product id=117749 sku=C00245941-A26F replacement_sku=C00549131
2026-09-16 15:44:41 INFO [25] Duplicate created: new id=119411 sku=C00549131-965KF
2026-09-16 15:44:41 INFO [26] Creating duplicate for product id=117765 sku=C00245941-0E02 replacement_sku=C00549131
2026-09-16 15:44:45 INFO [26] Duplicate created: new id=119412 sku=C00549131-3KGPJ
2026-09-16 15:44:45 INFO [27] Creating duplicate for product id=117694 sku=C00113074-0763 replacement_sku=C00570064
2026-09-16 15:44:48 INFO [27] Duplicate created: new id=119413 sku=C00570064-0YSRY
2026-09-16 15:44:48 INFO [28] Creating duplicate for product id=117699 sku=C00245939-A040 replacement_sku=C00050146
2026-09-16 15:44:51 INFO [28] Duplicate created: new id=119414 sku=C00050146-GSPDP
2026-09-16 15:44:51 INFO [29] Creating duplicate for product id=117687 sku=C00649934-A8BF replacement_sku=C00680179
2026-09-16 15:44:55 INFO [29] Duplicate created: new id=119415 sku=C00680179-G2XWT
2026-09-16 15:44:55 INFO [30] Creating duplicate for product id=117658 sku=C00113073-C951 replacement_sku=C00570063
2026-09-16 15:44:58 INFO [30] Duplicate created: new id=119416 sku=C00570063-3B5TD
2026-09-16 15:44:58 INFO [31] Creating duplicate for product id=117674 sku=C00113074-90DD replacement_sku=C00570064
2026-09-16 15:45:02 INFO [31] Duplicate created: new id=119417 sku=C00570064-5WYOV
2026-09-16 15:45:02 INFO [32] Creating duplicate for product id=117682 sku=C00245939-DABC replacement_sku=C00050146
2026-09-16 15:45:05 INFO [32] Duplicate created: new id=119418 sku=C00050146-3S69V
2026-09-16 15:45:05 INFO [33] Creating duplicate for product id=117642 sku=C00581010-DED1 replacement_sku=C00577808
2026-09-16 15:45:09 INFO [33] Duplicate created: new id=119419 sku=C00577808-YTYNH
2026-09-16 15:45:09 INFO [34] Creating duplicate for product id=117659 sku=C00581010-540A replacement_sku=C00577808
2026-09-16 15:45:12 INFO [34] Duplicate created: new id=119420 sku=C00577808-JD7DK
2026-09-16 15:45:12 INFO [35] Creating duplicate for product id=117644 sku=C00084100-07C0 replacement_sku=C00585980
2026-09-16 15:45:16 INFO [35] Duplicate created: new id=119421 sku=C00585980-CLVVK
2026-09-16 15:45:16 INFO [36] Creating duplicate for product id=117662 sku=C00084100-4A10 replacement_sku=C00585980
2026-09-16 15:45:19 INFO [36] Duplicate created: new id=119422 sku=C00585980-QBRWB
2026-09-16 15:45:19 INFO [37] Creating duplicate for product id=117671 sku=C00649934-7C26 replacement_sku=C00680179
2026-09-16 15:45:22 INFO [37] Duplicate created: new id=119423 sku=C00680179-ID8DR
2026-09-16 15:45:22 INFO [38] Creating duplicate for product id=117657 sku=C00266855-F74E replacement_sku=C00570065
2026-09-16 15:45:25 INFO [38] Duplicate created: new id=119424 sku=C00570065-G6FC7
2026-09-16 15:45:25 INFO [39] Creating duplicate for product id=117678 sku=C00266855-E0CF replacement_sku=C00570065
2026-09-16 15:45:29 INFO [39] Duplicate created: new id=119425 sku=C00570065-8ZO2R
2026-09-16 15:45:29 INFO [40] Creating duplicate for product id=117592 sku=C00457865-102A replacement_sku=C00671899
2026-09-16 15:45:33 INFO [40] Duplicate created: new id=119426 sku=C00671899-OGIEU
2026-09-16 15:45:33 INFO [41] Creating duplicate for product id=117606 sku=C00246093-8D46 replacement_sku=C00850266
2026-09-16 15:45:36 INFO [41] Duplicate created: new id=119427 sku=C00850266-E876W
2026-09-16 15:45:36 INFO [42] Creating duplicate for product id=117623 sku=C00246093-CC47 replacement_sku=C00850266
2026-09-16 15:45:39 INFO [42] Duplicate created: new id=119428 sku=C00850266-LZJCN
2026-09-16 15:45:39 INFO [43] Creating duplicate for product id=117593 sku=C00113072-937D replacement_sku=C00570062
2026-09-16 15:45:42 INFO [43] Duplicate created: new id=119429 sku=C00570062-900TB
2026-09-16 15:45:42 INFO [44] Creating duplicate for product id=117613 sku=C00113072-AC09 replacement_sku=C00570062
2026-09-16 15:45:46 INFO [44] Duplicate created: new id=119430 sku=C00570062-T283E
2026-09-16 15:45:46 INFO [45] Creating duplicate for product id=117634 sku=C00113073-A396 replacement_sku=C00570063
2026-09-16 15:45:49 INFO [45] Duplicate created: new id=119431 sku=C00570063-YWYTS
2026-09-16 15:45:49 INFO [46] Creating duplicate for product id=117563 sku=C00645352-631D replacement_sku=C00697796
2026-09-16 15:45:53 INFO [46] Duplicate created: new id=119432 sku=C00697796-WXANQ
2026-09-16 15:45:53 INFO [47] Creating duplicate for product id=117576 sku=C00457865-35ED replacement_sku=C00671899
2026-09-16 15:45:56 INFO [47] Duplicate created: new id=119433 sku=C00671899-3FL5G
2026-09-16 15:45:56 INFO [48] Creating duplicate for product id=117581 sku=C00645352-AD75 replacement_sku=C00697796
2026-09-16 15:46:00 INFO [48] Duplicate created: new id=119434 sku=C00697796-P7RDV
2026-09-16 15:46:00 INFO [49] Creating duplicate for product id=117545 sku=C00081098-1D38 replacement_sku=C00518593
2026-09-16 15:46:03 INFO [49] Duplicate created: new id=119435 sku=C00518593-XFGA9
2026-09-16 15:46:03 INFO [50] Creating duplicate for product id=117562 sku=C00081098-B8E2 replacement_sku=C00518593
2026-09-16 15:46:07 INFO [50] Duplicate created: new id=119436 sku=C00518593-XI987
2026-09-16 15:46:07 INFO [51] Creating duplicate for product id=117551 sku=C00113071-19B1 replacement_sku=C00570061
2026-09-16 15:46:10 INFO [51] Duplicate created: new id=119437 sku=C00570061-TQCY6
2026-09-16 15:46:10 INFO [52] Creating duplicate for product id=117573 sku=C00113071-0563 replacement_sku=C00570061
2026-09-16 15:46:14 INFO [52] Duplicate created: new id=119438 sku=C00570061-4GX2M
2026-09-16 15:46:14 INFO [53] Creating duplicate for product id=117382 sku=C00050128-106F replacement_sku=C00211152
2026-09-16 15:46:17 INFO [53] Duplicate created: new id=119439 sku=C00211152-GQK2L
2026-09-16 15:46:17 INFO [54] Creating duplicate for product id=117408 sku=C00210675-2583 replacement_sku=C00228414
2026-09-16 15:46:20 INFO [54] Duplicate created: new id=119440 sku=C00228414-8V435
2026-09-16 15:46:20 INFO [55] Creating duplicate for product id=117425 sku=C00210675-77BF replacement_sku=C00228414
2026-09-16 15:46:24 INFO [55] Duplicate created: new id=119441 sku=C00228414-FXBGB
2026-09-16 15:46:24 INFO [56] Creating duplicate for product id=117323 sku=C00207451-5D27 replacement_sku=C00671064
2026-09-16 15:46:27 INFO [56] Duplicate created: new id=119442 sku=C00671064-LFUJ2
2026-09-16 15:46:27 INFO [57] Creating duplicate for product id=117340 sku=C00207451-A004 replacement_sku=C00671064
2026-09-16 15:46:31 INFO [57] Duplicate created: new id=119443 sku=C00671064-G4KE5
2026-09-16 15:46:31 INFO [58] Creating duplicate for product id=117358 sku=C00207451-7C73 replacement_sku=C00671064
2026-09-16 15:46:34 INFO [58] Duplicate created: new id=119444 sku=C00671064-JSG6K
2026-09-16 15:46:34 INFO [59] Creating duplicate for product id=117350 sku=C00245926-AEEF replacement_sku=C00051166
2026-09-16 15:46:38 INFO [59] Duplicate created: new id=119445 sku=C00051166-P1O17
2026-09-16 15:46:38 INFO [60] Creating duplicate for product id=117366 sku=C00245926-1062 replacement_sku=C00051166
2026-09-16 15:46:41 INFO [60] Duplicate created: new id=119446 sku=C00051166-5CW6H
2026-09-16 15:46:41 INFO [61] Creating duplicate for product id=117365 sku=C00050128-D464 replacement_sku=C00211152
2026-09-16 15:46:44 INFO [61] Duplicate created: new id=119447 sku=C00211152-QPKMU
2026-09-16 15:46:44 INFO [62] Creating duplicate for product id=117324 sku=C00079178-45A1 replacement_sku=C00446282
2026-09-16 15:46:48 INFO [62] Duplicate created: new id=119448 sku=C00446282-03L53
2026-09-16 15:46:48 INFO [63] Creating duplicate for product id=117308 sku=C00207451-784E replacement_sku=C00671064
2026-09-16 15:46:51 INFO [63] Duplicate created: new id=119449 sku=C00671064-SI42J
2026-09-16 15:46:51 INFO [64] Creating duplicate for product id=117286 sku=C00245923-FA66 replacement_sku=C00229941
2026-09-16 15:46:54 INFO [64] Duplicate created: new id=119450 sku=C00229941-HXTD0
2026-09-16 15:46:54 INFO [65] Creating duplicate for product id=117302 sku=C00245923-54E6 replacement_sku=C00229941
2026-09-16 15:46:57 INFO [65] Duplicate created: new id=119451 sku=C00229941-TXVU4
2026-09-16 15:46:57 INFO [66] Creating duplicate for product id=117268 sku=C00249245-70FF replacement_sku=C00343610
2026-09-16 15:47:01 INFO [66] Duplicate created: new id=119452 sku=C00343610-AA91P
2026-09-16 15:47:01 INFO [67] Creating duplicate for product id=117284 sku=C00249247-342C replacement_sku=C00343625
2026-09-16 15:47:04 INFO [67] Duplicate created: new id=119453 sku=C00343625-AP0P0
2026-09-16 15:47:04 INFO [68] Creating duplicate for product id=117306 sku=C00079178-4AF2 replacement_sku=C00446282
2026-09-16 15:47:07 INFO [68] Duplicate created: new id=119454 sku=C00446282-45DQ2
2026-09-16 15:47:07 INFO [69] Creating duplicate for product id=117298 sku=C00249247-2D59 replacement_sku=C00343625
2026-09-16 15:47:11 INFO [69] Duplicate created: new id=119455 sku=C00343625-JP4ED
2026-09-16 15:47:11 INFO [70] Creating duplicate for product id=117269 sku=C00245922-C0E0 replacement_sku=C00168770
2026-09-16 15:47:15 INFO [70] Duplicate created: new id=119456 sku=C00168770-FI7XM
2026-09-16 15:47:15 INFO [71] Creating duplicate for product id=117259 sku=C00446283-A2E4 replacement_sku=C00637484
2026-09-16 15:47:18 INFO [71] Duplicate created: new id=119457 sku=C00637484-MZFBW
2026-09-16 15:47:18 INFO [72] Creating duplicate for product id=117219 sku=C00245920-F251 replacement_sku=C00229942
2026-09-16 15:47:21 INFO [72] Duplicate created: new id=119458 sku=C00229942-XFMJA
2026-09-16 15:47:21 INFO [73] Creating duplicate for product id=117235 sku=C00245920-5805 replacement_sku=C00229942
2026-09-16 15:47:24 INFO [73] Duplicate created: new id=119459 sku=C00229942-O09N6
2026-09-16 15:47:24 INFO [74] Creating duplicate for product id=117249 sku=C00249245-FD08 replacement_sku=C00343610
2026-09-16 15:47:27 INFO [74] Duplicate created: new id=119460 sku=C00343610-TI037
2026-09-16 15:47:27 INFO [75] Creating duplicate for product id=117210 sku=C00628020-125E replacement_sku=C00695315
2026-09-16 15:47:31 INFO [75] Duplicate created: new id=119461 sku=C00695315-6V4JO
2026-09-16 15:47:31 INFO [76] Creating duplicate for product id=117213 sku=C00403384-A-B578 replacement_sku=C00213490-A
2026-09-16 15:47:34 INFO [76] Duplicate created: new id=119462 sku=C00213490-A-ZLXL2
2026-09-16 15:47:34 INFO [77] Creating duplicate for product id=117216 sku=C00249244-13E5 replacement_sku=C00343608
2026-09-16 15:47:38 INFO [77] Duplicate created: new id=119463 sku=C00343608-1MC83
2026-09-16 15:47:38 INFO [78] Creating duplicate for product id=117251 sku=C00245922-F671 replacement_sku=C00168770
2026-09-16 15:47:42 INFO [78] Duplicate created: new id=119464 sku=C00168770-A3VOR
2026-09-16 15:47:42 INFO [79] Creating duplicate for product id=117234 sku=C00249244-F54C replacement_sku=C00343608
2026-09-16 15:47:45 INFO [79] Duplicate created: new id=119465 sku=C00343608-KMP9C
2026-09-16 15:47:45 INFO [80] Creating duplicate for product id=117242 sku=C00446283-DDD0 replacement_sku=C00637484
2026-09-16 15:47:48 INFO [80] Duplicate created: new id=119466 sku=C00637484-ARRPN
2026-09-16 15:47:48 INFO [81] Creating duplicate for product id=117161 sku=C00627496-8530 replacement_sku=C00664932
2026-09-16 15:47:51 INFO [81] Duplicate created: new id=119467 sku=C00664932-K8YDQ
2026-09-16 15:47:51 INFO [82] Creating duplicate for product id=117177 sku=C00627496-B1D8 replacement_sku=C00664932
2026-09-16 15:47:55 INFO [82] Duplicate created: new id=119468 sku=C00664932-R3NZ4
2026-09-16 15:47:55 INFO [83] Creating duplicate for product id=117193 sku=C00628020-65B7 replacement_sku=C00695315
2026-09-16 15:47:58 INFO [83] Duplicate created: new id=119469 sku=C00695315-AO8QA
2026-09-16 15:47:58 INFO [84] Creating duplicate for product id=117196 sku=C00403384-A-F82A replacement_sku=C00213490-A
2026-09-16 15:48:01 INFO [84] Duplicate created: new id=119470 sku=C00213490-A-CUWG3
2026-09-16 15:48:01 INFO [85] Creating duplicate for product id=117102 sku=C00443158-1CBA replacement_sku=C00443165
2026-09-16 15:48:05 INFO [85] Duplicate created: new id=119471 sku=C00443165-RM7QM
2026-09-16 15:48:05 INFO [86] Creating duplicate for product id=117109 sku=C00246072-099E replacement_sku=C00850259
2026-09-16 15:48:08 INFO [86] Duplicate created: new id=119472 sku=C00850259-SYUIT
2026-09-16 15:48:08 INFO [87] Creating duplicate for product id=117121 sku=C00443158-51AE replacement_sku=C00443165
2026-09-16 15:48:11 INFO [87] Duplicate created: new id=119473 sku=C00443165-V97ZP
2026-09-16 15:48:11 INFO [88] Creating duplicate for product id=117117 sku=C00352453-7EC3 replacement_sku=C00352453-E
2026-09-16 15:48:14 INFO [88] Duplicate created: new id=119474 sku=C00352453-E-WMW5S
2026-09-16 15:48:14 INFO [89] Creating duplicate for product id=117134 sku=C00352453-3E76 replacement_sku=C00352453-E
2026-09-16 15:48:18 INFO [89] Duplicate created: new id=119475 sku=C00352453-E-GOKQJ
2026-09-16 15:48:18 INFO [90] Creating duplicate for product id=117094 sku=C00246072-63CF replacement_sku=C00850259
2026-09-16 15:48:21 INFO [90] Duplicate created: new id=119476 sku=C00850259-4L0L3
2026-09-16 15:48:21 INFO [91] Creating duplicate for product id=116997 sku=C00349005-6870 replacement_sku=C00673156
2026-09-16 15:48:24 INFO [91] Duplicate created: new id=119477 sku=C00673156-BO7LZ
2026-09-16 15:48:24 INFO [92] Creating duplicate for product id=116987 sku=C00078295-EC38 replacement_sku=C00663692
2026-09-16 15:48:28 INFO [92] Duplicate created: new id=119478 sku=C00663692-J8IR1
2026-09-16 15:48:28 INFO [93] Creating duplicate for product id=116982 sku=C00349005-79AA replacement_sku=C00673156
2026-09-16 15:48:32 INFO [93] Duplicate created: new id=119479 sku=C00673156-G8G2D
2026-09-16 15:48:32 INFO [94] Creating duplicate for product id=116971 sku=C00078295-6239 replacement_sku=C00663692
2026-09-16 15:48:35 INFO [94] Duplicate created: new id=119480 sku=C00663692-EPTX4
2026-09-16 15:48:35 INFO [95] Creating duplicate for product id=116887 sku=C00346690-000A replacement_sku=C00750053
2026-09-16 15:48:38 INFO [95] Duplicate created: new id=119481 sku=C00750053-T8E2H
2026-09-16 15:48:38 INFO [96] Creating duplicate for product id=116904 sku=C00346690-2F3B replacement_sku=C00750053
2026-09-16 15:48:42 INFO [96] Duplicate created: new id=119482 sku=C00750053-4D3ND
2026-09-16 15:48:42 INFO [97] Creating duplicate for product id=116836 sku=C00088303-A872 replacement_sku=C00480058
2026-09-16 15:48:45 INFO [97] Duplicate created: new id=119483 sku=C00480058-V34KS
2026-09-16 15:48:45 INFO [98] Creating duplicate for product id=116853 sku=C00088303-1922 replacement_sku=C00480058
2026-09-16 15:48:48 INFO [98] Duplicate created: new id=119484 sku=C00480058-Y3AES
2026-09-16 15:48:48 INFO [99] Creating duplicate for product id=116719 sku=C00054397-9251 replacement_sku=C00104624
2026-09-16 15:48:51 INFO [99] Duplicate created: new id=119485 sku=C00104624-P1VQL
2026-09-16 15:48:51 INFO [100] Creating duplicate for product id=116734 sku=C00054397-F9D1 replacement_sku=C00104624
2026-09-16 15:48:55 INFO [100] Duplicate created: new id=119486 sku=C00104624-FR9CN
2026-09-16 15:48:56 INFO Fetched page 2/28: 100 products (reported total: 2726)
2026-09-16 15:48:56 INFO [101] Creating duplicate for product id=116663 sku=C00001088-CCAB replacement_sku=C00625620
2026-09-16 15:48:59 INFO [101] Duplicate created: new id=119487 sku=C00625620-LCD25
2026-09-16 15:48:59 INFO [102] Creating duplicate for product id=116659 sku=C00159353-01F1 replacement_sku=C00519028
2026-09-16 15:49:02 INFO [102] Duplicate created: new id=119488 sku=C00519028-YPK8G
2026-09-16 15:49:02 INFO [103] Creating duplicate for product id=116681 sku=C00001088-A94A replacement_sku=C00625620
2026-09-16 15:49:06 INFO [103] Duplicate created: new id=119489 sku=C00625620-HGPVL
2026-09-16 15:49:06 INFO [104] Creating duplicate for product id=116677 sku=C00159353-0A2C replacement_sku=C00519028
2026-09-16 15:49:09 INFO [104] Duplicate created: new id=119490 sku=C00519028-FRSHC
2026-09-16 15:49:09 INFO [105] Creating duplicate for product id=116668 sku=C00324241-D9DF replacement_sku=C00880440
2026-09-16 15:49:13 INFO [105] Duplicate created: new id=119491 sku=C00880440-I70I0
2026-09-16 15:49:13 INFO [106] Creating duplicate for product id=116621 sku=C00054392-8FB6 replacement_sku=C00524986
2026-09-16 15:49:16 INFO [106] Duplicate created: new id=119492 sku=C00524986-Y2U5U
2026-09-16 15:49:16 INFO [107] Creating duplicate for product id=116638 sku=C00054392-603B replacement_sku=C00524986
2026-09-16 15:49:19 INFO [107] Duplicate created: new id=119493 sku=C00524986-NZ6OZ
2026-09-16 15:49:19 INFO [108] Creating duplicate for product id=116625 sku=C00159353-638C replacement_sku=C00519028
2026-09-16 15:49:23 INFO [108] Duplicate created: new id=119494 sku=C00519028-FFPC5
2026-09-16 15:49:23 INFO [109] Creating duplicate for product id=116640 sku=C00159353-1E7E replacement_sku=C00519028
2026-09-16 15:49:26 INFO [109] Duplicate created: new id=119495 sku=C00519028-0PEJC
2026-09-16 15:49:26 INFO [110] Creating duplicate for product id=116651 sku=C00324241-7B14 replacement_sku=C00880440
2026-09-16 15:49:29 INFO [110] Duplicate created: new id=119496 sku=C00880440-R69PH
2026-09-16 15:49:29 INFO [111] Creating duplicate for product id=116555 sku=C00525877-D536 replacement_sku=C00642739
2026-09-16 15:49:32 INFO [111] Duplicate created: new id=119497 sku=C00642739-DQANM
2026-09-16 15:49:32 INFO [112] Creating duplicate for product id=116570 sku=C00525877-1C72 replacement_sku=C00642739
2026-09-16 15:49:35 INFO [112] Duplicate created: new id=119498 sku=C00642739-A5TYY
2026-09-16 15:49:35 INFO [113] Creating duplicate for product id=116559 sku=C00228951-FD3B replacement_sku=C00681901
2026-09-16 15:49:39 INFO [113] Duplicate created: new id=119499 sku=C00681901-XIGZQ
2026-09-16 15:49:39 INFO [114] Creating duplicate for product id=116573 sku=C00228951-DAC7 replacement_sku=C00681901
2026-09-16 15:49:42 INFO [114] Duplicate created: new id=119500 sku=C00681901-CHJD7
2026-09-16 15:49:42 INFO [115] Creating duplicate for product id=116561 sku=C00246023-59B8 replacement_sku=C00356278
2026-09-16 15:49:45 INFO [115] Duplicate created: new id=119501 sku=C00356278-Z4UHB
2026-09-16 15:49:45 INFO [116] Creating duplicate for product id=116548 sku=C00246023-904B replacement_sku=C00356278
2026-09-16 15:49:49 INFO [116] Duplicate created: new id=119502 sku=C00356278-FOXYY
2026-09-16 15:49:49 INFO [117] Creating duplicate for product id=116496 sku=C00313925-2F6A replacement_sku=C00681905
2026-09-16 15:49:52 INFO [117] Duplicate created: new id=119503 sku=C00681905-ELB3J
2026-09-16 15:49:52 INFO [118] Creating duplicate for product id=116504 sku=C00313925-453C replacement_sku=C00681905
2026-09-16 15:49:56 INFO [118] Duplicate created: new id=119504 sku=C00681905-0BR6Q
2026-09-16 15:49:56 INFO [119] Creating duplicate for product id=116381 sku=C00624631-21A8 replacement_sku=C00658217
2026-09-16 15:49:59 INFO [119] Duplicate created: new id=119505 sku=C00658217-QO0QS
2026-09-16 15:49:59 INFO [120] Creating duplicate for product id=116226 sku=C00489574-2782 replacement_sku=C00662007
2026-09-16 15:50:02 INFO [120] Duplicate created: new id=119506 sku=C00662007-R2MF0
2026-09-16 15:50:02 INFO [121] Creating duplicate for product id=116248 sku=C00092096-959A replacement_sku=C00699100
2026-09-16 15:50:05 INFO [121] Duplicate created: new id=119507 sku=C00699100-C6A85
2026-09-16 15:50:05 INFO [122] Creating duplicate for product id=116189 sku=C00467210-4100-48EA replacement_sku=C00605180-4100
2026-09-16 15:50:08 INFO [122] Duplicate created: new id=119508 sku=C00605180-4100-8BYOP
2026-09-16 15:50:08 INFO [123] Creating duplicate for product id=116130 sku=C00545847-650E replacement_sku=C00700629
2026-09-16 15:50:12 INFO [123] Duplicate created: new id=119509 sku=C00700629-J1U48
2026-09-16 15:50:12 INFO [124] Creating duplicate for product id=116089 sku=C00545705-BC25 replacement_sku=C00700634
2026-09-16 15:50:15 INFO [124] Duplicate created: new id=119510 sku=C00700634-KE88L
2026-09-16 15:50:15 INFO [125] Creating duplicate for product id=116096 sku=C00545706-ED75 replacement_sku=C00700631
2026-09-16 15:50:19 INFO [125] Duplicate created: new id=119511 sku=C00700631-J9TSO
2026-09-16 15:50:19 INFO [126] Creating duplicate for product id=116103 sku=C00545707-6A7E replacement_sku=C00700628
2026-09-16 15:50:22 INFO [126] Duplicate created: new id=119512 sku=C00700628-9020C
2026-09-16 15:50:22 INFO [127] Creating duplicate for product id=116110 sku=C00545710-4C67 replacement_sku=C00700636
2026-09-16 15:50:25 INFO [127] Duplicate created: new id=119513 sku=C00700636-WKDOB
2026-09-16 15:50:25 INFO [128] Creating duplicate for product id=116117 sku=C00545711-D3DA replacement_sku=C00700635
2026-09-16 15:50:29 INFO [128] Duplicate created: new id=119514 sku=C00700635-K5VGU
2026-09-16 15:50:29 INFO [129] Creating duplicate for product id=116099 sku=C00422611-44B6 replacement_sku=C00630845
2026-09-16 15:50:32 INFO [129] Duplicate created: new id=119515 sku=C00630845-DUDUS
2026-09-16 15:50:32 INFO [130] Creating duplicate for product id=116112 sku=C00484328-2257 replacement_sku=C00661874
2026-09-16 15:50:35 INFO [130] Duplicate created: new id=119516 sku=C00661874-USDLM
2026-09-16 15:50:35 INFO [131] Creating duplicate for product id=116106 sku=C00422764-D2B2 replacement_sku=C00670507
2026-09-16 15:50:39 INFO [131] Duplicate created: new id=119517 sku=C00670507-KR6TX
2026-09-16 15:50:39 INFO [132] Creating duplicate for product id=116078 sku=C00465080-4100-5790 replacement_sku=C00603080-4100
2026-09-16 15:50:42 INFO [132] Duplicate created: new id=119518 sku=C00603080-4100-ZJBMW
2026-09-16 15:50:42 INFO [133] Creating duplicate for product id=116082 sku=C00545704-A1BC replacement_sku=C00700630
2026-09-16 15:50:46 INFO [133] Duplicate created: new id=119519 sku=C00700630-EISZI
2026-09-16 15:50:46 INFO [134] Creating duplicate for product id=115942 sku=C00414601-4100-8B9A replacement_sku=C00605022-4100
2026-09-16 15:50:49 INFO [134] Duplicate created: new id=119520 sku=C00605022-4100-5WKFD
2026-09-16 15:50:49 INFO [135] Creating duplicate for product id=115935 sku=C00594991-D68C replacement_sku=C00640177
2026-09-16 15:50:53 INFO [135] Duplicate created: new id=119521 sku=C00640177-HGYY2
2026-09-16 15:50:53 INFO [136] Creating duplicate for product id=115789 sku=C00335401-4100-4C15 replacement_sku=C00604023-4100
2026-09-16 15:50:56 INFO [136] Duplicate created: new id=119522 sku=C00604023-4100-PXMVI
2026-09-16 15:50:56 INFO [137] Creating duplicate for product id=115782 sku=C00335020-4100-5FCF replacement_sku=C00603070-4100
2026-09-16 15:50:59 INFO [137] Duplicate created: new id=119523 sku=C00603070-4100-3U9O6
2026-09-16 15:50:59 INFO [138] Creating duplicate for product id=115753 sku=C00453827-1DCA replacement_sku=C00630846
2026-09-16 15:51:02 INFO [138] Duplicate created: new id=119524 sku=C00630846-WDGT8
2026-09-16 15:51:02 INFO [139] Creating duplicate for product id=115761 sku=C00453899-29FA replacement_sku=C00665793-A204
2026-09-16 15:51:06 INFO [139] Duplicate created: new id=119525 sku=C00665793-A204-YO08Q
2026-09-16 15:51:06 INFO [140] Creating duplicate for product id=115654 sku=C00656648-94F1 replacement_sku=C00675082
2026-09-16 15:51:09 INFO [140] Duplicate created: new id=119526 sku=C00675082-PMO00
2026-09-16 15:51:09 INFO [141] Creating duplicate for product id=115660 sku=C00451777-D54D replacement_sku=C00639022
2026-09-16 15:51:13 INFO [141] Duplicate created: new id=119527 sku=C00639022-49HII
2026-09-16 15:51:13 INFO [142] Creating duplicate for product id=115679 sku=C00505814-67D2 replacement_sku=C00742422
2026-09-16 15:51:16 INFO [142] Duplicate created: new id=119528 sku=C00742422-1ZE4H
2026-09-16 15:51:16 INFO [143] Creating duplicate for product id=115651 sku=C00656638-97D3 replacement_sku=C00675072
2026-09-16 15:51:20 INFO [143] Duplicate created: new id=119529 sku=C00675072-CUGGN
2026-09-16 15:51:20 INFO [144] Creating duplicate for product id=115610 sku=C00048045-28A9 replacement_sku=C00503657
2026-09-16 15:51:23 INFO [144] Duplicate created: new id=119530 sku=C00503657-QDM86
2026-09-16 15:51:23 INFO [145] Creating duplicate for product id=115598 sku=C00180198-2AA7 replacement_sku=C00180198-E
2026-09-16 15:51:26 INFO [145] Duplicate created: new id=119531 sku=C00180198-E-52UCY
2026-09-16 15:51:26 INFO [146] Creating duplicate for product id=115571 sku=C00002920-7B7C replacement_sku=C00233501
2026-09-16 15:51:30 INFO [146] Duplicate created: new id=119532 sku=C00233501-UNFMP
2026-09-16 15:51:30 INFO [147] Creating duplicate for product id=115580 sku=C00002920-BF4A replacement_sku=C00233501
2026-09-16 15:51:33 INFO [147] Duplicate created: new id=119533 sku=C00233501-5S10Y
2026-09-16 15:51:33 INFO [148] Creating duplicate for product id=115587 sku=C00002920-0492 replacement_sku=C00233501
2026-09-16 15:51:36 INFO [148] Duplicate created: new id=119534 sku=C00233501-7M0R4
2026-09-16 15:51:36 INFO [149] Creating duplicate for product id=115548 sku=C00401938-D867 replacement_sku=C00600355
2026-09-16 15:51:40 INFO [149] Duplicate created: new id=119535 sku=C00600355-YZDMV
2026-09-16 15:51:40 INFO [150] Creating duplicate for product id=115564 sku=C00164437-3DD9 replacement_sku=C00679247
2026-09-16 15:51:43 INFO [150] Duplicate created: new id=119536 sku=C00679247-DVX1S
2026-09-16 15:51:43 INFO [151] Creating duplicate for product id=115488 sku=C00247158-C3E6 replacement_sku=C00638079
2026-09-16 15:51:46 INFO [151] Duplicate created: new id=119537 sku=C00638079-0NXOE
2026-09-16 15:51:46 INFO [152] Creating duplicate for product id=115518 sku=C00086338-F034-385D replacement_sku=C00140732-F034
2026-09-16 15:51:49 INFO [152] Duplicate created: new id=119538 sku=C00140732-F034-7CQS3
2026-09-16 15:51:49 INFO [153] Creating duplicate for product id=115439 sku=C00057001-4100-3FE7 replacement_sku=C00479485-4100
2026-09-16 15:51:53 INFO [153] Duplicate created: new id=119539 sku=C00479485-4100-GQ354
2026-09-16 15:51:53 INFO [154] Creating duplicate for product id=115451 sku=C00373213-0164 replacement_sku=C00545483
2026-09-16 15:51:57 INFO [154] Duplicate created: new id=119540 sku=C00545483-Q9Y1P
2026-09-16 15:51:57 INFO [155] Creating duplicate for product id=115478 sku=C00247157-7B04 replacement_sku=C00638078
2026-09-16 15:52:00 INFO [155] Duplicate created: new id=119541 sku=C00638078-5IUVW
2026-09-16 15:52:00 INFO [156] Creating duplicate for product id=115407 sku=C00056194-ED2E replacement_sku=C00387343
2026-09-16 15:52:03 INFO [156] Duplicate created: new id=119542 sku=C00387343-H7XHK
2026-09-16 15:52:03 INFO [157] Creating duplicate for product id=115365 sku=C00236816-4100-2592 replacement_sku=C00540066-4100
2026-09-16 15:52:07 INFO [157] Duplicate created: new id=119543 sku=C00540066-4100-GX2LD
2026-09-16 15:52:07 INFO [158] Creating duplicate for product id=115366 sku=C00049001-7801 replacement_sku=C00198091
2026-09-16 15:52:10 INFO [158] Duplicate created: new id=119544 sku=C00198091-WI7FU
2026-09-16 15:52:10 INFO [159] Creating duplicate for product id=115272 sku=C00139679-4100-0342 replacement_sku=C00399689-4100
2026-09-16 15:52:14 INFO [159] Duplicate created: new id=119545 sku=C00399689-4100-DWZJ7
2026-09-16 15:52:14 INFO [160] Creating duplicate for product id=115293 sku=C00083660-E354 replacement_sku=C00411511
2026-09-16 15:52:18 INFO [160] Duplicate created: new id=119546 sku=C00411511-TABXX
2026-09-16 15:52:18 INFO [161] Creating duplicate for product id=115271 sku=C00492608-3D95 replacement_sku=C00322140
2026-09-16 15:52:21 INFO [161] Duplicate created: new id=119547 sku=C00322140-6JVC5
2026-09-16 15:52:21 INFO [162] Creating duplicate for product id=115250 sku=C00131403-770D replacement_sku=C00345087
2026-09-16 15:52:25 INFO [162] Duplicate created: new id=119548 sku=C00345087-DICNR
2026-09-16 15:52:25 INFO [163] Creating duplicate for product id=115232 sku=C00350530-4100-B8E2 replacement_sku=C00545807-4100
2026-09-16 15:52:28 INFO [163] Duplicate created: new id=119549 sku=C00545807-4100-564BD
2026-09-16 15:52:28 INFO [164] Creating duplicate for product id=115244 sku=C00048913-F67E replacement_sku=C00198089
2026-09-16 15:52:32 INFO [164] Duplicate created: new id=119550 sku=C00198089-EH0LL
2026-09-16 15:52:32 INFO [165] Creating duplicate for product id=115221 sku=C00347769-4100-EE57 replacement_sku=C00483929-4100
2026-09-16 15:52:35 INFO [165] Duplicate created: new id=119551 sku=C00483929-4100-382N2
2026-09-16 15:52:35 INFO [166] Creating duplicate for product id=115218 sku=C00131227-449E replacement_sku=C00367618
2026-09-16 15:52:39 INFO [166] Duplicate created: new id=119552 sku=C00367618-A080S
2026-09-16 15:52:39 INFO [167] Creating duplicate for product id=115214 sku=C00075339-4100-BC36 replacement_sku=C00773475-4100
2026-09-16 15:52:42 INFO [167] Duplicate created: new id=119553 sku=C00773475-4100-EWWYH
2026-09-16 15:52:42 INFO [168] Creating duplicate for product id=115210 sku=C00048891-8ACB replacement_sku=C00113398
2026-09-16 15:52:46 INFO [168] Duplicate created: new id=119554 sku=C00113398-0Z5PG
2026-09-16 15:52:46 INFO [169] Creating duplicate for product id=115207 sku=C00089344-A264 replacement_sku=F00000366
2026-09-16 15:52:49 INFO [169] Duplicate created: new id=119555 sku=F00000366-TH7RE
2026-09-16 15:52:49 INFO [170] Creating duplicate for product id=115168 sku=C00287829-9164 replacement_sku=C00636272
2026-09-16 15:52:53 INFO [170] Duplicate created: new id=119556 sku=C00636272-GYLN2
2026-09-16 15:52:53 INFO [171] Creating duplicate for product id=115174 sku=C00053988-607F replacement_sku=C00534492
2026-09-16 15:52:56 INFO [171] Duplicate created: new id=119557 sku=C00534492-AET2J
2026-09-16 15:52:56 INFO [172] Creating duplicate for product id=115206 sku=C00131227-3FDB replacement_sku=C00367618
2026-09-16 15:53:00 INFO [172] Duplicate created: new id=119558 sku=C00367618-TLB66
2026-09-16 15:53:00 INFO [173] Creating duplicate for product id=115064 sku=C00053184-3138 replacement_sku=C00526125
2026-09-16 15:53:04 INFO [173] Duplicate created: new id=119559 sku=C00526125-B1VAU
2026-09-16 15:53:04 INFO [174] Creating duplicate for product id=114995 sku=C00052862-3569 replacement_sku=C00058064
2026-09-16 15:53:07 INFO [174] Duplicate created: new id=119560 sku=C00058064-F347O
2026-09-16 15:53:07 INFO [175] Creating duplicate for product id=114920 sku=C00270332-4100-DFC5 replacement_sku=C00270332
2026-09-16 15:53:11 INFO [175] Duplicate created: new id=119561 sku=C00270332-TAERZ
2026-09-16 15:53:11 INFO [176] Creating duplicate for product id=114931 sku=C00270334-4100-75A6 replacement_sku=C00270334
2026-09-16 15:53:14 INFO [176] Duplicate created: new id=119562 sku=C00270334-4OR39
2026-09-16 15:53:14 INFO [177] Creating duplicate for product id=114930 sku=C00430758-FFAF replacement_sku=C00526336
2026-09-16 15:53:18 INFO [177] Duplicate created: new id=119563 sku=C00526336-I79AU
2026-09-16 15:53:18 INFO [178] Creating duplicate for product id=114860 sku=C00323815-4100-DCA8 replacement_sku=C00557498-4100
2026-09-16 15:53:21 INFO [178] Duplicate created: new id=119564 sku=C00557498-4100-0ZL7Y
2026-09-16 15:53:21 INFO [179] Creating duplicate for product id=114871 sku=C00323816-4100-99F7 replacement_sku=C00557479-4100
2026-09-16 15:53:24 INFO [179] Duplicate created: new id=119565 sku=C00557479-4100-06R9T
2026-09-16 15:53:24 INFO [180] Creating duplicate for product id=114810 sku=C00265905-4100-E9C4 replacement_sku=C00532717-4100
2026-09-16 15:53:32 INFO [180] Duplicate created: new id=119566 sku=C00532717-4100-C8SIK
2026-09-16 15:53:32 INFO [181] Creating duplicate for product id=114777 sku=C00203957-9853 replacement_sku=C00545300
2026-09-16 15:53:36 INFO [181] Duplicate created: new id=119567 sku=C00545300-V8FPM
2026-09-16 15:53:36 INFO [182] Creating duplicate for product id=114789 sku=C00050763-01F4 replacement_sku=C00636901
2026-09-16 15:53:39 INFO [182] Duplicate created: new id=119568 sku=C00636901-NC9ZH
2026-09-16 15:53:39 INFO [183] Creating duplicate for product id=114788 sku=C00204780-34F0 replacement_sku=C00324766
2026-09-16 15:53:43 INFO [183] Duplicate created: new id=119569 sku=C00324766-29GBC
2026-09-16 15:53:43 INFO [184] Creating duplicate for product id=114734 sku=C00049727-4100-DF33 replacement_sku=C00377342-4100
2026-09-16 15:53:46 INFO [184] Duplicate created: new id=119570 sku=C00377342-4100-2EL0H
2026-09-16 15:53:46 INFO [185] Creating duplicate for product id=114667 sku=C00304550-4100-6018 replacement_sku=C00540003-4100
2026-09-16 15:53:49 INFO [185] Duplicate created: new id=119571 sku=C00540003-4100-NASL2
2026-09-16 15:53:49 INFO [186] Creating duplicate for product id=114680 sku=C00413989-FEE3 replacement_sku=C00525348
2026-09-16 15:53:53 INFO [186] Duplicate created: new id=119572 sku=C00525348-R9Y64
2026-09-16 15:53:53 INFO [187] Creating duplicate for product id=114693 sku=C00049680-4100-45F7 replacement_sku=C00377341-4100
2026-09-16 15:53:56 INFO [187] Duplicate created: new id=119573 sku=C00377341-4100-DU4SE
2026-09-16 15:53:56 INFO [188] Creating duplicate for product id=114690 sku=C00413990-1ABF replacement_sku=C00526123
2026-09-16 15:53:59 INFO [188] Duplicate created: new id=119574 sku=C00526123-DU8EA
2026-09-16 15:53:59 INFO [189] Creating duplicate for product id=114656 sku=C00304523-4100-41F9 replacement_sku=C00539985-4100
2026-09-16 15:54:03 INFO [189] Duplicate created: new id=119575 sku=C00539985-4100-DL3EN
2026-09-16 15:54:03 INFO [190] Creating duplicate for product id=114576 sku=C00106173-4100-E07E replacement_sku=C00636015-4100
2026-09-16 15:54:06 INFO [190] Duplicate created: new id=119576 sku=C00636015-4100-O1MKZ
2026-09-16 15:54:06 INFO [191] Creating duplicate for product id=114578 sku=C00252802-BCE9 replacement_sku=C00368696
2026-09-16 15:54:09 INFO [191] Duplicate created: new id=119577 sku=C00368696-YH55T
2026-09-16 15:54:09 INFO [192] Creating duplicate for product id=114568 sku=C00252802-B61F replacement_sku=C00368696
2026-09-16 15:54:12 INFO [192] Duplicate created: new id=119578 sku=C00368696-8GJNS
2026-09-16 15:54:12 INFO [193] Creating duplicate for product id=114540 sku=C00249340-4100-2CCF replacement_sku=C00188219-4100
2026-09-16 15:54:16 INFO [193] Duplicate created: new id=119579 sku=C00188219-4100-3HS9W
2026-09-16 15:54:16 INFO [194] Creating duplicate for product id=114521 sku=C00406736-48FB replacement_sku=C00543819
2026-09-16 15:54:19 INFO [194] Duplicate created: new id=119580 sku=C00543819-K0CN0
2026-09-16 15:54:19 INFO [195] Creating duplicate for product id=114525 sku=C00048086-55E8 replacement_sku=C00503658
2026-09-16 15:54:22 INFO [195] Duplicate created: new id=119581 sku=C00503658-AICSZ
2026-09-16 15:54:22 INFO [196] Creating duplicate for product id=114477 sku=C00383973-2259 replacement_sku=C00666360
2026-09-16 15:54:25 INFO [196] Duplicate created: new id=119582 sku=C00666360-5HP52
2026-09-16 15:54:25 INFO [197] Creating duplicate for product id=114427 sku=C00368827-0990 replacement_sku=C00672187
2026-09-16 15:54:28 INFO [197] Duplicate created: new id=119583 sku=C00672187-55UU8
2026-09-16 15:54:28 INFO [198] Creating duplicate for product id=114375 sku=C00234027-2A2B replacement_sku=C00650028
2026-09-16 15:54:31 INFO [198] Duplicate created: new id=119584 sku=C00650028-MB74H
2026-09-16 15:54:31 INFO [199] Creating duplicate for product id=114364 sku=C00085916-B396 replacement_sku=C00650030
2026-09-16 15:54:35 INFO [199] Duplicate created: new id=119585 sku=C00650030-TN5C4
2026-09-16 15:54:35 INFO [200] Creating duplicate for product id=114351 sku=C00085912-8079 replacement_sku=C00648006
2026-09-16 15:54:38 INFO [200] Duplicate created: new id=119586 sku=C00648006-XZ70L
2026-09-16 15:54:39 INFO Fetched page 3/28: 100 products (reported total: 2726)
2026-09-16 15:54:39 INFO [201] Creating duplicate for product id=114378 sku=C00085917-5B8E replacement_sku=C00648004
2026-09-16 15:54:43 INFO [201] Duplicate created: new id=119587 sku=C00648004-CKUIU
2026-09-16 15:54:43 INFO [202] Creating duplicate for product id=114375 sku=C00234027-2A2B replacement_sku=C00650028
2026-09-16 15:54:46 INFO [202] Duplicate created: new id=119588 sku=C00650028-OJGIS
2026-09-16 15:54:46 INFO [203] Creating duplicate for product id=114364 sku=C00085916-B396 replacement_sku=C00650030
2026-09-16 15:54:49 INFO [203] Duplicate created: new id=119589 sku=C00650030-43U0E
2026-09-16 15:54:49 INFO [204] Creating duplicate for product id=114325 sku=C00085895-9637 replacement_sku=C00648005
2026-09-16 15:54:53 INFO [204] Duplicate created: new id=119590 sku=C00648005-G9F7Q
2026-09-16 15:54:53 INFO [205] Creating duplicate for product id=114338 sku=C00085911-0DD9 replacement_sku=C00648007
2026-09-16 15:54:56 INFO [205] Duplicate created: new id=119591 sku=C00648007-7JW34
2026-09-16 15:54:56 INFO [206] Creating duplicate for product id=114268 sku=C00366715-4EFE replacement_sku=C00627842
2026-09-16 15:54:59 INFO [206] Duplicate created: new id=119592 sku=C00627842-1UT75
2026-09-16 15:54:59 INFO [207] Creating duplicate for product id=114196 sku=C00552333-143D replacement_sku=C00396632
2026-09-16 15:55:03 INFO [207] Duplicate created: new id=119593 sku=C00396632-C6CIY
2026-09-16 15:55:03 INFO [208] Creating duplicate for product id=114207 sku=C00222913-452A replacement_sku=C00501813
2026-09-16 15:55:06 INFO [208] Duplicate created: new id=119594 sku=C00501813-3R4IJ
2026-09-16 15:55:06 INFO [209] Creating duplicate for product id=114203 sku=C00363505-0949 replacement_sku=C00527670
2026-09-16 15:55:10 INFO [209] Duplicate created: new id=119595 sku=C00527670-6VTRN
2026-09-16 15:55:10 INFO [210] Creating duplicate for product id=114167 sku=C00026221-A179-3809 replacement_sku=C00026221-A133
2026-09-16 15:55:13 INFO [210] Duplicate created: new id=119596 sku=C00026221-A133-JT384
2026-09-16 15:55:13 INFO [211] Creating duplicate for product id=114139 sku=C00085529-3E4E replacement_sku=C00577466
2026-09-16 15:55:16 INFO [211] Duplicate created: new id=119597 sku=C00577466-5UCRJ
2026-09-16 15:55:16 INFO [212] Creating duplicate for product id=114099 sku=C00359088-6A93 replacement_sku=C00017858
2026-09-16 15:55:20 INFO [212] Duplicate created: new id=119598 sku=C00017858-SW88B
2026-09-16 15:55:20 INFO [213] Creating duplicate for product id=114086 sku=C00359087-91C6 replacement_sku=C00017857
2026-09-16 15:55:23 INFO [213] Duplicate created: new id=119599 sku=C00017857-FQODQ
2026-09-16 15:55:23 INFO [214] Creating duplicate for product id=114102 sku=C00022593-5F19 replacement_sku=C00095756
2026-09-16 15:55:26 INFO [214] Duplicate created: new id=119600 sku=C00095756-6PX5Q
2026-09-16 15:55:26 INFO [215] Creating duplicate for product id=114053 sku=C00544423-333E replacement_sku=C00100591
2026-09-16 15:55:30 INFO [215] Duplicate created: new id=119601 sku=C00100591-A6OWV
2026-09-16 15:55:30 INFO [216] Creating duplicate for product id=114037 sku=C00451037-6127 replacement_sku=C00095415
2026-09-16 15:55:33 INFO [216] Duplicate created: new id=119602 sku=C00095415-WJF6J
2026-09-16 15:55:33 INFO [217] Creating duplicate for product id=113999 sku=C00451023-C80F replacement_sku=C00120456
2026-09-16 15:55:37 INFO [217] Duplicate created: new id=119603 sku=C00120456-SWXLD
2026-09-16 15:55:37 INFO [218] Creating duplicate for product id=113850 sku=C00077163-C2BB replacement_sku=C00443158
2026-09-16 15:55:40 INFO [218] Duplicate created: new id=119604 sku=C00443158-MYBTK
2026-09-16 15:55:40 INFO [219] Creating duplicate for product id=113786 sku=C00076739-2C09 replacement_sku=C00549546
2026-09-16 15:55:44 INFO [219] Duplicate created: new id=119605 sku=C00549546-AU25T
2026-09-16 15:55:44 INFO [220] Creating duplicate for product id=113711 sku=C00447465-78C5 replacement_sku=C00269996
2026-09-16 15:55:47 INFO [220] Duplicate created: new id=119606 sku=C00269996-QWFUF
2026-09-16 15:55:47 INFO [221] Creating duplicate for product id=113723 sku=C00215321-EAF7 replacement_sku=C00589247
2026-09-16 15:55:51 INFO [221] Duplicate created: new id=119607 sku=C00589247-QTSZM
2026-09-16 15:55:51 INFO [222] Creating duplicate for product id=113730 sku=C00374581-674A replacement_sku=C00572949
2026-09-16 15:55:54 INFO [222] Duplicate created: new id=119608 sku=C00572949-XR72W
2026-09-16 15:55:54 INFO [223] Creating duplicate for product id=113632 sku=C00447010-2DBE replacement_sku=C00201042
2026-09-16 15:55:57 INFO [223] Duplicate created: new id=119609 sku=C00201042-RP3NP
2026-09-16 15:55:57 INFO [224] Creating duplicate for product id=113596 sku=C00005715-B3CA replacement_sku=C00344232
2026-09-16 15:56:01 INFO [224] Duplicate created: new id=119610 sku=C00344232-RJ5KP
2026-09-16 15:56:01 INFO [225] Creating duplicate for product id=113610 sku=C00005724-C220 replacement_sku=C00215336
2026-09-16 15:56:05 INFO [225] Duplicate created: new id=119611 sku=C00215336-6SEGZ
2026-09-16 15:56:05 INFO [226] Creating duplicate for product id=113583 sku=C00074198-0440 replacement_sku=F00000364
2026-09-16 15:56:08 INFO [226] Duplicate created: new id=119612 sku=F00000364-3PZ04
2026-09-16 15:56:08 INFO [227] Creating duplicate for product id=113412 sku=C00385050-6339 replacement_sku=C00385057
2026-09-16 15:56:12 INFO [227] Duplicate created: new id=119613 sku=C00385057-SROU3
2026-09-16 15:56:12 INFO [228] Creating duplicate for product id=113385 sku=C00384258-EDC1 replacement_sku=C00628073
2026-09-16 15:56:15 INFO [228] Duplicate created: new id=119614 sku=C00628073-0ZHZK
2026-09-16 15:56:15 INFO [229] Creating duplicate for product id=113378 sku=C00370367-2231-988F replacement_sku=C00645527-2231
2026-09-16 15:56:19 INFO [229] Duplicate created: new id=119615 sku=C00645527-2231-BM3D6
2026-09-16 15:56:19 INFO [230] Creating duplicate for product id=113354 sku=C00184646-F269 replacement_sku=C00568188
2026-09-16 15:56:22 INFO [230] Duplicate created: new id=119616 sku=C00568188-PMBQI
2026-09-16 15:56:22 INFO [231] Creating duplicate for product id=113267 sku=C00370324-CF03 replacement_sku=C00637135
2026-09-16 15:56:25 INFO [231] Duplicate created: new id=119617 sku=C00637135-HA5UF
2026-09-16 15:56:25 INFO [232] Creating duplicate for product id=113194 sku=C00505960-A176-1B11 replacement_sku=C00118080
2026-09-16 15:56:28 INFO [232] Duplicate created: new id=119618 sku=C00118080-0JK11
2026-09-16 15:56:28 INFO [233] Creating duplicate for product id=113189 sku=C00505937-A176-DDB0 replacement_sku=C00118102
2026-09-16 15:56:31 INFO [233] Duplicate created: new id=119619 sku=C00118102-QLMAR
2026-09-16 15:56:31 INFO [234] Creating duplicate for product id=113172 sku=C00599983-658E replacement_sku=C00418989
2026-09-16 15:56:35 INFO [234] Duplicate created: new id=119620 sku=C00418989-V7Q22
2026-09-16 15:56:35 INFO [235] Creating duplicate for product id=113140 sku=C00573153-04E1 replacement_sku=C00384249
2026-09-16 15:56:38 INFO [235] Duplicate created: new id=119621 sku=C00384249-44HWV
2026-09-16 15:56:38 INFO [236] Creating duplicate for product id=113135 sku=C00571076-08CA replacement_sku=C00391628
2026-09-16 15:56:41 INFO [236] Duplicate created: new id=119622 sku=C00391628-MDKXA
2026-09-16 15:56:41 INFO [237] Creating duplicate for product id=113130 sku=C00567906-88CD replacement_sku=C00744548
2026-09-16 15:56:45 INFO [237] Duplicate created: new id=119623 sku=C00744548-E1XRX
2026-09-16 15:56:45 INFO [238] Creating duplicate for product id=111945 sku=C00555904-BBFD replacement_sku=C00706479
2026-09-16 15:56:48 INFO [238] Duplicate created: new id=119624 sku=C00706479-42BG6
2026-09-16 15:56:48 INFO [239] Creating duplicate for product id=111815 sku=C00312202-C25C replacement_sku=C00623997
2026-09-16 15:56:51 INFO [239] Duplicate created: new id=119625 sku=C00623997-SW9OL
2026-09-16 15:56:51 INFO [240] Creating duplicate for product id=111842 sku=C00442719-4009-3972 replacement_sku=C00174523-4009
2026-09-16 15:56:54 INFO [240] Duplicate created: new id=119626 sku=C00174523-4009-6IY80
2026-09-16 15:56:54 INFO [241] Creating duplicate for product id=111654 sku=C00439176-881F replacement_sku=C00255575
2026-09-16 15:56:57 INFO [241] Duplicate created: new id=119627 sku=C00255575-LF7DQ
2026-09-16 15:56:57 INFO [242] Creating duplicate for product id=111581 sku=C00542606-347D replacement_sku=C00635882
2026-09-16 15:57:00 INFO [242] Duplicate created: new id=119628 sku=C00635882-OVLJH
2026-09-16 15:57:00 INFO [243] Creating duplicate for product id=111535 sku=C00542394-B24B replacement_sku=C00622241
2026-09-16 15:57:04 INFO [243] Duplicate created: new id=119629 sku=C00622241-H5E3A
2026-09-16 15:57:04 INFO [244] Creating duplicate for product id=111292 sku=C00529092-9E64 replacement_sku=C00578856
2026-09-16 15:57:07 INFO [244] Duplicate created: new id=119630 sku=C00578856-Q0Q48
2026-09-16 15:57:07 INFO [245] Creating duplicate for product id=111000 sku=C00488054-F907 replacement_sku=C00500804
2026-09-16 15:57:10 INFO [245] Duplicate created: new id=119631 sku=C00500804-409QG
2026-09-16 15:57:10 INFO [246] Creating duplicate for product id=110783 sku=C00179654-83B9 replacement_sku=C00699110
2026-09-16 15:57:13 INFO [246] Duplicate created: new id=119632 sku=C00699110-23MKQ
2026-09-16 15:57:13 INFO [247] Creating duplicate for product id=110651 sku=C00473768-6735 replacement_sku=C00657593
2026-09-16 15:57:17 INFO [247] Duplicate created: new id=119633 sku=C00657593-DTXBZ
2026-09-16 15:57:17 INFO [248] Creating duplicate for product id=110457 sku=C00475138-7956 replacement_sku=C00015446
2026-09-16 15:57:20 INFO [248] Duplicate created: new id=119634 sku=C00015446-C3VBR
2026-09-16 15:57:20 INFO [249] Creating duplicate for product id=110389 sku=C00451023-DEDB replacement_sku=C00120456
2026-09-16 15:57:24 INFO [249] Duplicate created: new id=119635 sku=C00120456-GM8KO
2026-09-16 15:57:24 INFO [250] Creating duplicate for product id=110333 sku=C00073622-EB44 replacement_sku=C00112600
2026-09-16 15:57:27 INFO [250] Duplicate created: new id=119636 sku=C00112600-54EVC
2026-09-16 15:57:27 INFO [251] Creating duplicate for product id=110336 sku=C00073651-2F99 replacement_sku=C00105483
2026-09-16 15:57:30 INFO [251] Duplicate created: new id=119637 sku=C00105483-P1JJ8
2026-09-16 15:57:30 INFO [252] Creating duplicate for product id=110329 sku=C00071310-1E18 replacement_sku=C00566089
2026-09-16 15:57:34 INFO [252] Duplicate created: new id=119638 sku=C00566089-1BOYG
2026-09-16 15:57:34 INFO [253] Creating duplicate for product id=110330 sku=C00071311-4225 replacement_sku=C00217119
2026-09-16 15:57:37 INFO [253] Duplicate created: new id=119639 sku=C00217119-XC370
2026-09-16 15:57:37 INFO [254] Creating duplicate for product id=110304 sku=C00033384-D9A5 replacement_sku=C00313254
2026-09-16 15:57:40 INFO [254] Duplicate created: new id=119640 sku=C00313254-BVDYS
2026-09-16 15:57:40 INFO [255] Creating duplicate for product id=110307 sku=C00069782-E50C replacement_sku=C00072319
2026-09-16 15:57:44 INFO [255] Duplicate created: new id=119641 sku=C00072319-CWJRL
2026-09-16 15:57:44 INFO [256] Creating duplicate for product id=110274 sku=C00056665-9B4D replacement_sku=C00313303
2026-09-16 15:57:47 INFO [256] Duplicate created: new id=119642 sku=C00313303-CNAYG
2026-09-16 15:57:47 INFO [257] Creating duplicate for product id=110269 sku=C00004037-4100-0879 replacement_sku=C00337909-4100
2026-09-16 15:57:50 INFO [257] Duplicate created: new id=119643 sku=C00337909-4100-35FOT
2026-09-16 15:57:50 INFO [258] Creating duplicate for product id=110266 sku=C00068899-4100-5A35 replacement_sku=C00112713-4100
2026-09-16 15:57:53 INFO [258] Duplicate created: new id=119644 sku=C00112713-4100-88DY6
2026-09-16 15:57:53 INFO [259] Creating duplicate for product id=110273 sku=C00068904-BD86 replacement_sku=C00198584
2026-09-16 15:57:57 INFO [259] Duplicate created: new id=119645 sku=C00198584-JMJZA
2026-09-16 15:57:57 INFO [260] Creating duplicate for product id=110216 sku=C00068584-D544 replacement_sku=C00245365
2026-09-16 15:58:00 INFO [260] Duplicate created: new id=119646 sku=C00245365-P2Y2B
2026-09-16 15:58:00 INFO [261] Creating duplicate for product id=110223 sku=C00068584-0858 replacement_sku=C00245365
2026-09-16 15:58:03 INFO [261] Duplicate created: new id=119647 sku=C00245365-1IXC0
2026-09-16 15:58:03 INFO [262] Creating duplicate for product id=110227 sku=C00003578-A031-BBA2 replacement_sku=C00180582-A031
2026-09-16 15:58:06 INFO [262] Duplicate created: new id=119648 sku=C00180582-A031-LHNM7
2026-09-16 15:58:06 INFO [263] Creating duplicate for product id=110234 sku=C00003579-A031-9250 replacement_sku=C00180585-A031
2026-09-16 15:58:10 INFO [263] Duplicate created: new id=119649 sku=C00180585-A031-23R39
2026-09-16 15:58:10 INFO [264] Creating duplicate for product id=110244 sku=C00103977-6917 replacement_sku=C00120704
2026-09-16 15:58:13 INFO [264] Duplicate created: new id=119650 sku=C00120704-D8WBN
2026-09-16 15:58:13 INFO [265] Creating duplicate for product id=110219 sku=C00030503-2EF5 replacement_sku=C00112672
2026-09-16 15:58:17 INFO [265] Duplicate created: new id=119651 sku=C00112672-9Q1B5
2026-09-16 15:58:17 INFO [266] Creating duplicate for product id=110226 sku=C00030504-E9B3 replacement_sku=C00112674
2026-09-16 15:58:20 INFO [266] Duplicate created: new id=119652 sku=C00112674-IBY9O
2026-09-16 15:58:20 INFO [267] Creating duplicate for product id=110208 sku=C00012316-A006-C906 replacement_sku=C00104746-A006
2026-09-16 15:58:23 INFO [267] Duplicate created: new id=119653 sku=C00104746-A006-2EI8I
2026-09-16 15:58:23 INFO [268] Creating duplicate for product id=110191 sku=C00027799-EEBF replacement_sku=C00058642
2026-09-16 15:58:27 INFO [268] Duplicate created: new id=119654 sku=C00058642-6P1WY
2026-09-16 15:58:27 INFO [269] Creating duplicate for product id=110209 sku=C00068514-4401 replacement_sku=C00241676
2026-09-16 15:58:32 INFO [269] Duplicate created: new id=119655 sku=C00241676-42EU8
2026-09-16 15:58:32 INFO [270] Creating duplicate for product id=110152 sku=C00002518-71C8 replacement_sku=C00142862
2026-09-16 15:58:37 INFO [270] Duplicate created: new id=119656 sku=C00142862-4TJR0
2026-09-16 15:58:37 INFO [271] Creating duplicate for product id=110148 sku=C00026294-5706 replacement_sku=C00112628
2026-09-16 15:58:42 INFO [271] Duplicate created: new id=119657 sku=C00112628-JE3YX
2026-09-16 15:58:42 INFO [272] Creating duplicate for product id=110116 sku=C00006963-4100-E6D9 replacement_sku=C00294838-4100
2026-09-16 15:58:46 INFO [272] Duplicate created: new id=119658 sku=C00294838-4100-BXBOK
2026-09-16 15:58:46 INFO [273] Creating duplicate for product id=110137 sku=C00002428-DADF replacement_sku=C00036659
2026-09-16 15:58:51 INFO [273] Duplicate created: new id=119659 sku=C00036659-KSCQ6
2026-09-16 15:58:51 INFO [274] Creating duplicate for product id=110142 sku=C00026293-24BD replacement_sku=C00112626
2026-09-16 15:58:57 INFO [274] Duplicate created: new id=119660 sku=C00112626-V1VDH
2026-09-16 15:58:57 INFO [275] Creating duplicate for product id=110123 sku=C00002321-E2A9 replacement_sku=C00163019
2026-09-16 15:59:02 INFO [275] Duplicate created: new id=119661 sku=C00163019-LFK88
2026-09-16 15:59:02 INFO [276] Creating duplicate for product id=110113 sku=C00094389-A022-0948 replacement_sku=C00032772-A022
2026-09-16 15:59:08 INFO [276] Duplicate created: new id=119662 sku=C00032772-A022-YRY31
2026-09-16 15:59:08 INFO [277] Creating duplicate for product id=110075 sku=C00110604-BBB3 replacement_sku=C00309748
2026-09-16 15:59:16 INFO [277] Duplicate created: new id=119663 sku=C00309748-NN0EZ
2026-09-16 15:59:16 INFO [278] Creating duplicate for product id=110080 sku=C00002009-F003-9C16 replacement_sku=C00108785-F003
2026-09-16 15:59:22 INFO [278] Duplicate created: new id=119664 sku=C00108785-F003-QJRPA
2026-09-16 15:59:22 INFO [279] Creating duplicate for product id=110085 sku=C00024008-3C4F replacement_sku=C00219873
2026-09-16 15:59:27 INFO [279] Duplicate created: new id=119665 sku=C00219873-9ZG7V
2026-09-16 15:59:27 INFO [280] Creating duplicate for product id=110087 sku=C00002010-F003-9073 replacement_sku=C00108786-F003
2026-09-16 15:59:32 INFO [280] Duplicate created: new id=119666 sku=C00108786-F003-OXD7V
2026-09-16 15:59:32 INFO [281] Creating duplicate for product id=110092 sku=C00024009-4052 replacement_sku=C00219874
2026-09-16 15:59:37 INFO [281] Duplicate created: new id=119667 sku=C00219874-6PGCX
2026-09-16 15:59:37 INFO [282] Creating duplicate for product id=110074 sku=C00006672-B39F replacement_sku=C00003285
2026-09-16 15:59:43 INFO [282] Duplicate created: new id=119668 sku=C00003285-C91XY
2026-09-16 15:59:43 INFO [283] Creating duplicate for product id=110097 sku=C00066216-4100-9807 replacement_sku=C00185308-4100
2026-09-16 15:59:48 INFO [283] Duplicate created: new id=119669 sku=C00185308-4100-RVNYL
2026-09-16 15:59:48 INFO [284] Creating duplicate for product id=110104 sku=C00066216-4100-80EF replacement_sku=C00185308-4100
2026-09-16 15:59:56 INFO [284] Duplicate created: new id=119670 sku=C00185308-4100-L4YBU
2026-09-16 15:59:56 INFO [285] Creating duplicate for product id=110071 sku=C00089530-E-A47A replacement_sku=C00210560
2026-09-16 16:00:00 INFO [285] Duplicate created: new id=119671 sku=C00210560-QKQMZ
2026-09-16 16:00:00 INFO [286] Creating duplicate for product id=110065 sku=C00051696-C80E replacement_sku=C00102268
2026-09-16 16:00:14 INFO [286] Duplicate created: new id=119672 sku=C00102268-YP2B1
2026-09-16 16:00:14 INFO [287] Creating duplicate for product id=110055 sku=C00064776-82D9 replacement_sku=C00096231
2026-09-16 16:00:18 INFO [287] Duplicate created: new id=119673 sku=C00096231-XPA74
2026-09-16 16:00:18 INFO [288] Creating duplicate for product id=110050 sku=C00088707-CD4E replacement_sku=C00187758
2026-09-16 16:00:24 INFO [288] Duplicate created: new id=119674 sku=C00187758-9RMKQ
2026-09-16 16:00:24 INFO [289] Creating duplicate for product id=110068 sku=C00110603-E0A3 replacement_sku=C00309745
2026-09-16 16:00:28 INFO [289] Duplicate created: new id=119675 sku=C00309745-D7WHK
2026-09-16 16:00:28 INFO [290] Creating duplicate for product id=110026 sku=C00064221-59A5 replacement_sku=C00198201
2026-09-16 16:00:34 INFO [290] Duplicate created: new id=119676 sku=C00198201-5P6RY
2026-09-16 16:00:34 INFO [291] Creating duplicate for product id=109935 sku=C00062629-4100-65A9 replacement_sku=C00136716-4100
2026-09-16 16:00:38 INFO [291] Duplicate created: new id=119677 sku=C00136716-4100-OZWDN
2026-09-16 16:00:38 INFO [292] Creating duplicate for product id=109942 sku=C00062629-4100-2B65 replacement_sku=C00136716-4100
2026-09-16 16:00:44 INFO [292] Duplicate created: new id=119678 sku=C00136716-4100-CFPPG
2026-09-16 16:00:44 INFO [293] Creating duplicate for product id=109936 sku=C00083699-4100-863D replacement_sku=C00414476-4100
2026-09-16 16:00:50 INFO [293] Duplicate created: new id=119679 sku=C00414476-4100-3PYKD
2026-09-16 16:00:50 INFO [294] Creating duplicate for product id=109907 sku=C00062454-19E0 replacement_sku=C00050477
2026-09-16 16:00:54 INFO [294] Duplicate created: new id=119680 sku=C00050477-D1CA3
2026-09-16 16:00:54 INFO [295] Creating duplicate for product id=109913 sku=C00062459-CD4F replacement_sku=C00113763
2026-09-16 16:00:59 INFO [295] Duplicate created: new id=119681 sku=C00113763-UUCKS
2026-09-16 16:00:59 INFO [296] Creating duplicate for product id=109893 sku=C00061853-4100-10F3 replacement_sku=C00289606-4100
2026-09-16 16:01:03 INFO [296] Duplicate created: new id=119682 sku=C00289606-4100-5V1RI
2026-09-16 16:01:03 INFO [297] Creating duplicate for product id=109834 sku=C00045244-09CA replacement_sku=C00155286
2026-09-16 16:01:09 INFO [297] Duplicate created: new id=119683 sku=C00155286-NDS9U
2026-09-16 16:01:09 INFO [298] Creating duplicate for product id=109841 sku=C00045428-52E8 replacement_sku=C00116790
2026-09-16 16:01:13 INFO [298] Duplicate created: new id=119684 sku=C00116790-9ZRBH
2026-09-16 16:01:13 INFO [299] Creating duplicate for product id=109848 sku=C00045470-7CA7 replacement_sku=C00177669
2026-09-16 16:01:22 INFO [299] Duplicate created: new id=119685 sku=C00177669-IJK1G
2026-09-16 16:01:22 INFO [300] Creating duplicate for product id=109844 sku=C00061218-6EA4 replacement_sku=C00104769
2026-09-16 16:01:26 INFO [300] Duplicate created: new id=119686 sku=C00104769-PAPLM
2026-09-16 16:01:28 INFO Fetched page 4/28: 100 products (reported total: 2726)
2026-09-16 16:01:28 INFO [301] Creating duplicate for product id=109798 sku=C00014329-8C01 replacement_sku=C00177662
2026-09-16 16:01:37 INFO [301] Duplicate created: new id=119687 sku=C00177662-LXLZL
2026-09-16 16:01:37 INFO [302] Creating duplicate for product id=109812 sku=C00014331-4D53 replacement_sku=C00177661
2026-09-16 16:01:48 INFO [302] Duplicate created: new id=119688 sku=C00177661-56YKA
2026-09-16 16:01:48 INFO [303] Creating duplicate for product id=109814 sku=C00004580-4100-8E05 replacement_sku=C00320178-4100
2026-09-16 16:01:53 INFO [303] Duplicate created: new id=119689 sku=C00320178-4100-V8AUD
2026-09-16 16:01:53 INFO [304] Creating duplicate for product id=109827 sku=C00045244-D2B5 replacement_sku=C00155286
2026-09-16 16:01:57 INFO [304] Duplicate created: new id=119690 sku=C00155286-D4YS0
2026-09-16 16:01:57 INFO [305] Creating duplicate for product id=109791 sku=C00014328-8F54 replacement_sku=C00177663
2026-09-16 16:02:02 INFO [305] Duplicate created: new id=119691 sku=C00177663-SH6ZY
2026-09-16 16:02:02 INFO [306] Creating duplicate for product id=109774 sku=C00060633-D3DA replacement_sku=C00146542
2026-09-16 16:02:07 INFO [306] Duplicate created: new id=119692 sku=C00146542-6WJY4
2026-09-16 16:02:07 INFO [307] Creating duplicate for product id=109781 sku=C00004546-4100-31BC replacement_sku=C00320205-4100
2026-09-16 16:02:13 INFO [307] Duplicate created: new id=119693 sku=C00320205-4100-1BLAS
2026-09-16 16:02:13 INFO [308] Creating duplicate for product id=109743 sku=C00013746-4100-5F5E replacement_sku=C00167345-4100
2026-09-16 16:02:17 INFO [308] Duplicate created: new id=119694 sku=C00167345-4100-P4WCI
2026-09-16 16:02:17 INFO [309] Creating duplicate for product id=109741 sku=C00041182-9A33 replacement_sku=C00277217
2026-09-16 16:02:22 INFO [309] Duplicate created: new id=119695 sku=C00277217-2201H
2026-09-16 16:02:22 INFO [310] Creating duplicate for product id=109727 sku=C00040464-7A04 replacement_sku=C00055783
2026-09-16 16:02:26 INFO [310] Duplicate created: new id=119696 sku=C00055783-4KYGJ
2026-09-16 16:02:26 INFO [311] Creating duplicate for product id=109745 sku=C00004479-4100-E6CD replacement_sku=C00178205-4100
2026-09-16 16:02:30 INFO [311] Duplicate created: new id=119697 sku=C00178205-4100-XO4MX
2026-09-16 16:02:30 INFO [312] Creating duplicate for product id=109736 sku=C00013744-4100-AA87 replacement_sku=C00167343-4100
2026-09-16 16:02:35 INFO [312] Duplicate created: new id=119698 sku=C00167343-4100-SX319
2026-09-16 16:02:35 INFO [313] Creating duplicate for product id=109720 sku=C00040463-FBB2 replacement_sku=C00055732
2026-09-16 16:02:39 INFO [313] Duplicate created: new id=119699 sku=C00055732-4LDL1
2026-09-16 16:02:39 INFO [314] Creating duplicate for product id=109695 sku=C00039622-4100-A532 replacement_sku=C00320200-4100
2026-09-16 16:02:43 INFO [314] Duplicate created: new id=119700 sku=C00320200-4100-MQ1SB
2026-09-16 16:02:43 INFO [315] Creating duplicate for product id=109712 sku=C00077892-A152 replacement_sku=C00154806
2026-09-16 16:02:47 INFO [315] Duplicate created: new id=119701 sku=C00154806-DTLQ4
2026-09-16 16:02:47 INFO [316] Creating duplicate for product id=109671 sku=C00038271-6E97 replacement_sku=C00266396
2026-09-16 16:02:51 INFO [316] Duplicate created: new id=119702 sku=C00266396-AYWZ4
2026-09-16 16:02:51 INFO [317] Creating duplicate for product id=109677 sku=C00038272-AF3E replacement_sku=C00266397
2026-09-16 16:02:56 INFO [317] Duplicate created: new id=119703 sku=C00266397-RPJD2
2026-09-16 16:02:56 INFO [318] Creating duplicate for product id=109623 sku=C00041925-A32B replacement_sku=C00411162
2026-09-16 16:03:00 INFO [318] Duplicate created: new id=119704 sku=C00411162-TR8UC
2026-09-16 16:03:00 INFO [319] Creating duplicate for product id=109624 sku=C00041949-B1B5 replacement_sku=C00275670
2026-09-16 16:03:03 INFO [319] Duplicate created: new id=119705 sku=C00275670-YEVDK
2026-09-16 16:03:03 INFO [320] Creating duplicate for product id=109588 sku=C00036036-7BBA replacement_sku=C00028131
2026-09-16 16:03:07 INFO [320] Duplicate created: new id=119706 sku=C00028131-77I1T
2026-09-16 16:03:07 INFO [321] Creating duplicate for product id=109566 sku=C00036036-A7C4 replacement_sku=C00028131
2026-09-16 16:03:10 INFO [321] Duplicate created: new id=119707 sku=C00028131-00QE8
2026-09-16 16:03:10 INFO [322] Creating duplicate for product id=109577 sku=C00036036-C65C replacement_sku=C00028131
2026-09-16 16:03:13 INFO [322] Duplicate created: new id=119708 sku=C00028131-EKTED
2026-09-16 16:03:13 INFO [323] Creating duplicate for product id=109526 sku=C00013833-0B6A replacement_sku=C00044158
2026-09-16 16:03:17 INFO [323] Duplicate created: new id=119709 sku=C00044158-SC29L
2026-09-16 16:03:17 INFO [324] Creating duplicate for product id=109529 sku=C00015237-D20D replacement_sku=C00087885
2026-09-16 16:03:20 INFO [324] Duplicate created: new id=119710 sku=C00087885-W5FMC
2026-09-16 16:03:20 INFO [325] Creating duplicate for product id=109520 sku=C00036036-7705 replacement_sku=C00028131
2026-09-16 16:03:23 INFO [325] Duplicate created: new id=119711 sku=C00028131-DEHZJ
2026-09-16 16:03:23 INFO [326] Creating duplicate for product id=109546 sku=C00040144-2659 replacement_sku=C00098284
2026-09-16 16:03:27 INFO [326] Duplicate created: new id=119712 sku=C00098284-KINM7
2026-09-16 16:03:27 INFO [327] Creating duplicate for product id=109544 sku=C00015238-7EEB replacement_sku=C00087886
2026-09-16 16:03:30 INFO [327] Duplicate created: new id=119713 sku=C00087886-NV5TA
2026-09-16 16:03:30 INFO [328] Creating duplicate for product id=109536 sku=C00036036-712A replacement_sku=C00028131
2026-09-16 16:03:33 INFO [328] Duplicate created: new id=119714 sku=C00028131-517B0
2026-09-16 16:03:33 INFO [329] Creating duplicate for product id=109559 sku=C00040461-1C37 replacement_sku=C00055319
2026-09-16 16:03:37 INFO [329] Duplicate created: new id=119715 sku=C00055319-29NN0
2026-09-16 16:03:37 INFO [330] Creating duplicate for product id=109551 sku=C00036036-A1EB replacement_sku=C00028131
2026-09-16 16:03:40 INFO [330] Duplicate created: new id=119716 sku=C00028131-OBE89
2026-09-16 16:03:40 INFO [331] Creating duplicate for product id=109513 sku=C00014614-0099 replacement_sku=C00043430
2026-09-16 16:03:43 INFO [331] Duplicate created: new id=119717 sku=C00043430-WHHCT
2026-09-16 16:03:43 INFO [332] Creating duplicate for product id=109475 sku=C00013830-6535 replacement_sku=C00051022
2026-09-16 16:03:47 INFO [332] Duplicate created: new id=119718 sku=C00051022-9SUDO
2026-09-16 16:03:47 INFO [333] Creating duplicate for product id=109492 sku=C00013830-B7EA replacement_sku=C00051022
2026-09-16 16:03:50 INFO [333] Duplicate created: new id=119719 sku=C00051022-K4N6D
2026-09-16 16:03:50 INFO [334] Creating duplicate for product id=109482 sku=C00002883-8198 replacement_sku=C00110183
2026-09-16 16:03:53 INFO [334] Duplicate created: new id=119720 sku=C00110183-KURN0
2026-09-16 16:03:53 INFO [335] Creating duplicate for product id=109511 sku=C00013833-3B1C replacement_sku=C00044158
2026-09-16 16:03:56 INFO [335] Duplicate created: new id=119721 sku=C00044158-SCI2N
2026-09-16 16:03:56 INFO [336] Creating duplicate for product id=109489 sku=C00070330-CA6C replacement_sku=C00093496
2026-09-16 16:04:00 INFO [336] Duplicate created: new id=119722 sku=C00093496-77G6I
2026-09-16 16:04:00 INFO [337] Creating duplicate for product id=109502 sku=C00002885-08FB replacement_sku=C00210708
2026-09-16 16:04:03 INFO [337] Duplicate created: new id=119723 sku=C00210708-67CSE
2026-09-16 16:04:03 INFO [338] Creating duplicate for product id=109516 sku=C00003663-506E replacement_sku=C00107689
2026-09-16 16:04:06 INFO [338] Duplicate created: new id=119724 sku=C00107689-1F39G
2026-09-16 16:04:06 INFO [339] Creating duplicate for product id=109507 sku=C00070330-966D replacement_sku=C00093496
2026-09-16 16:04:09 INFO [339] Duplicate created: new id=119725 sku=C00093496-RBX4H
2026-09-16 16:04:09 INFO [340] Creating duplicate for product id=109485 sku=C00036029-8547 replacement_sku=C00028129
2026-09-16 16:04:13 INFO [340] Duplicate created: new id=119726 sku=C00028129-8XAVE
2026-09-16 16:04:13 INFO [341] Creating duplicate for product id=109504 sku=C00036029-AF26 replacement_sku=C00028129
2026-09-16 16:04:16 INFO [341] Duplicate created: new id=119727 sku=C00028129-D56V3
2026-09-16 16:04:16 INFO [342] Creating duplicate for product id=109445 sku=C00002871-F7DC replacement_sku=C00210715
2026-09-16 16:04:19 INFO [342] Duplicate created: new id=119728 sku=C00210715-M9RCH
2026-09-16 16:04:19 INFO [343] Creating duplicate for product id=109449 sku=B00004027-3AA3 replacement_sku=B00005234
2026-09-16 16:04:22 INFO [343] Duplicate created: new id=119729 sku=B00005234-M0V5O
2026-09-16 16:04:22 INFO [344] Creating duplicate for product id=109425 sku=C00036029-9285 replacement_sku=C00028129
2026-09-16 16:04:26 INFO [344] Duplicate created: new id=119730 sku=C00028129-YJCOA
2026-09-16 16:04:26 INFO [345] Creating duplicate for product id=109446 sku=C00036029-E155 replacement_sku=C00028129
2026-09-16 16:04:29 INFO [345] Duplicate created: new id=119731 sku=C00028129-8MRVH
2026-09-16 16:04:29 INFO [346] Creating duplicate for product id=109465 sku=C00036029-BB83 replacement_sku=C00028129
2026-09-16 16:04:32 INFO [346] Duplicate created: new id=119732 sku=C00028129-TJTWR
2026-09-16 16:04:32 INFO [347] Creating duplicate for product id=109398 sku=C00028132-9240 replacement_sku=C00028121
2026-09-16 16:04:36 INFO [347] Duplicate created: new id=119733 sku=C00028121-6F0U9
2026-09-16 16:04:36 INFO [348] Creating duplicate for product id=109360 sku=C00047249-3133 replacement_sku=C00187762
2026-09-16 16:04:39 INFO [348] Duplicate created: new id=119734 sku=C00187762-PBMNJ
2026-09-16 16:04:39 INFO [349] Creating duplicate for product id=109382 sku=C00047250-20F4 replacement_sku=C00187757
2026-09-16 16:04:42 INFO [349] Duplicate created: new id=119735 sku=C00187757-OLX3I
2026-09-16 16:04:42 INFO [350] Creating duplicate for product id=109401 sku=C00047266-EDBD replacement_sku=C00029976
2026-09-16 16:04:45 INFO [350] Duplicate created: new id=119736 sku=C00029976-HJ0WM
2026-09-16 16:04:45 INFO [351] Creating duplicate for product id=109413 sku=C00016176-B037 replacement_sku=C00121105
2026-09-16 16:04:49 INFO [351] Duplicate created: new id=119737 sku=C00121105-KFEHH
2026-09-16 16:04:49 INFO [352] Creating duplicate for product id=109361 sku=C00028132-75D2 replacement_sku=C00028121
2026-09-16 16:04:52 INFO [352] Duplicate created: new id=119738 sku=C00028121-HCP7B
2026-09-16 16:04:52 INFO [353] Creating duplicate for product id=109380 sku=C00028132-D95E replacement_sku=C00028121
2026-09-16 16:04:55 INFO [353] Duplicate created: new id=119739 sku=C00028121-ZTCZK
2026-09-16 16:04:55 INFO [354] Creating duplicate for product id=109311 sku=C00005715-9BF2 replacement_sku=C00344232
2026-09-16 16:04:59 INFO [354] Duplicate created: new id=119740 sku=C00344232-0FMK8
2026-09-16 16:04:59 INFO [355] Creating duplicate for product id=109345 sku=C00028132-F2D8 replacement_sku=C00028121
2026-09-16 16:05:03 INFO [355] Duplicate created: new id=119741 sku=C00028121-5V8K7
2026-09-16 16:05:03 INFO [356] Creating duplicate for product id=109340 sku=C00046876-A545 replacement_sku=C00101848
2026-09-16 16:05:06 INFO [356] Duplicate created: new id=119742 sku=C00101848-MAO9J
2026-09-16 16:05:06 INFO [357] Creating duplicate for product id=109258 sku=C00039422-422F replacement_sku=C00224531
2026-09-16 16:05:09 INFO [357] Duplicate created: new id=119743 sku=C00224531-EG54H
2026-09-16 16:05:09 INFO [358] Creating duplicate for product id=109265 sku=C00023198-4100-F090 replacement_sku=C00294841-4100
2026-09-16 16:05:12 INFO [358] Duplicate created: new id=119744 sku=C00294841-4100-2BIT5
2026-09-16 16:05:12 INFO [359] Creating duplicate for product id=109196 sku=C00038928-C8A9 replacement_sku=C00370948
2026-09-16 16:05:16 INFO [359] Duplicate created: new id=119745 sku=C00370948-J72MQ
2026-09-16 16:05:16 INFO [360] Creating duplicate for product id=109215 sku=C00039402-47C9 replacement_sku=C00097989
2026-09-16 16:05:19 INFO [360] Duplicate created: new id=119746 sku=C00097989-T5YZW
2026-09-16 16:05:19 INFO [361] Creating duplicate for product id=109202 sku=C00013619-4DC9 replacement_sku=F00000365
2026-09-16 16:05:22 INFO [361] Duplicate created: new id=119747 sku=F00000365-UD4Y2
2026-09-16 16:05:22 INFO [362] Creating duplicate for product id=109185 sku=C00032642-928C replacement_sku=C00062608
2026-09-16 16:05:25 INFO [362] Duplicate created: new id=119748 sku=C00062608-KM623
2026-09-16 16:05:25 INFO [363] Creating duplicate for product id=109156 sku=C00067867-1B09 replacement_sku=C00016134
2026-09-16 16:05:29 INFO [363] Duplicate created: new id=119749 sku=C00016134-OGGHQ
2026-09-16 16:05:29 INFO [364] Creating duplicate for product id=109182 sku=C00013618-EA0F replacement_sku=C00224488
2026-09-16 16:05:32 INFO [364] Duplicate created: new id=119750 sku=C00224488-G217G
2026-09-16 16:05:32 INFO [365] Creating duplicate for product id=109145 sku=C00023169-4100-B817 replacement_sku=C00294840-4100
2026-09-16 16:05:36 INFO [365] Duplicate created: new id=119751 sku=C00294840-4100-DGLFE
2026-09-16 16:05:36 INFO [366] Creating duplicate for product id=109146 sku=C00003519-A3FD replacement_sku=C00090745
2026-09-16 16:05:39 INFO [366] Duplicate created: new id=119752 sku=C00090745-D08RJ
2026-09-16 16:05:39 INFO [367] Creating duplicate for product id=109088 sku=C00005582-8303 replacement_sku=C00218014
2026-09-16 16:05:43 INFO [367] Duplicate created: new id=119753 sku=C00218014-ACLQP
2026-09-16 16:05:43 INFO [368] Creating duplicate for product id=109090 sku=C00011569-8EFD replacement_sku=C00367628
2026-09-16 16:05:46 INFO [368] Duplicate created: new id=119754 sku=C00367628-NV4DU
2026-09-16 16:05:46 INFO [369] Creating duplicate for product id=109110 sku=C00011570-7434 replacement_sku=C00367629
2026-09-16 16:05:49 INFO [369] Duplicate created: new id=119755 sku=C00367629-59TLG
2026-09-16 16:05:49 INFO [370] Creating duplicate for product id=109123 sku=C00032311-99F1 replacement_sku=C00157139
2026-09-16 16:05:53 INFO [370] Duplicate created: new id=119756 sku=C00157139-LC1LR
2026-09-16 16:05:53 INFO [371] Creating duplicate for product id=109026 sku=C00005555-9A85 replacement_sku=C00105615
2026-09-16 16:05:56 INFO [371] Duplicate created: new id=119757 sku=C00105615-D1EAK
2026-09-16 16:05:56 INFO [372] Creating duplicate for product id=109046 sku=C00005555-2F70 replacement_sku=C00105615
2026-09-16 16:05:59 INFO [372] Duplicate created: new id=119758 sku=C00105615-KM1O3
2026-09-16 16:05:59 INFO [373] Creating duplicate for product id=109068 sku=C00005555-7F4D replacement_sku=C00105615
2026-09-16 16:06:03 INFO [373] Duplicate created: new id=119759 sku=C00105615-WW048
2026-09-16 16:06:03 INFO [374] Creating duplicate for product id=109043 sku=C00023153-4100-C20C replacement_sku=C00320184-4100
2026-09-16 16:06:06 INFO [374] Duplicate created: new id=119760 sku=C00320184-4100-BTRH1
2026-09-16 16:06:06 INFO [375] Creating duplicate for product id=109047 sku=C00014581-8623 replacement_sku=C00033961
2026-09-16 16:06:37 INFO [375] Duplicate created: new id=119761 sku=C00033961-F6D6O
2026-09-16 16:06:37 INFO [376] Creating duplicate for product id=109036 sku=C00001525-41EB replacement_sku=C00194441
2026-09-16 16:06:40 INFO [376] Duplicate created: new id=119762 sku=C00194441-RDUVY
2026-09-16 16:06:40 INFO [377] Creating duplicate for product id=109001 sku=C00005555-2CCE replacement_sku=C00105615
2026-09-16 16:06:43 INFO [377] Duplicate created: new id=119763 sku=C00105615-9QGP4
2026-09-16 16:06:43 INFO [378] Creating duplicate for product id=109016 sku=C00001525-0994 replacement_sku=C00194441
2026-09-16 16:06:47 INFO [378] Duplicate created: new id=119764 sku=C00194441-710Z4
2026-09-16 16:06:47 INFO [379] Creating duplicate for product id=108936 sku=C00005165-2FAB replacement_sku=C00104444
2026-09-16 16:06:51 INFO [379] Duplicate created: new id=119765 sku=C00104444-0R81M
2026-09-16 16:06:51 INFO [380] Creating duplicate for product id=108863 sku=C00002423-8563 replacement_sku=C00103507
2026-09-16 16:06:54 INFO [380] Duplicate created: new id=119766 sku=C00103507-10NGA
2026-09-16 16:06:54 INFO [381] Creating duplicate for product id=108874 sku=C00014564-127D replacement_sku=C00177418
2026-09-16 16:06:57 INFO [381] Duplicate created: new id=119767 sku=C00177418-7DBDG
2026-09-16 16:06:57 INFO [382] Creating duplicate for product id=108862 sku=C00016151-4509 replacement_sku=C00028133
2026-09-16 16:07:01 INFO [382] Duplicate created: new id=119768 sku=C00028133-4B313
2026-09-16 16:07:01 INFO [383] Creating duplicate for product id=108900 sku=C00028121-8093 replacement_sku=C00036012
2026-09-16 16:07:05 INFO [383] Duplicate created: new id=119769 sku=C00036012-XJ794
2026-09-16 16:07:05 INFO [384] Creating duplicate for product id=108860 sku=C00001375-A5E4 replacement_sku=C00073587
2026-09-16 16:07:08 INFO [384] Duplicate created: new id=119770 sku=C00073587-PD4K3
2026-09-16 16:07:08 INFO [385] Creating duplicate for product id=108882 sku=C00005118-4100-950D replacement_sku=C00289598-4100
2026-09-16 16:07:12 INFO [385] Duplicate created: new id=119771 sku=C00289598-4100-B9JQF
2026-09-16 16:07:12 INFO [386] Creating duplicate for product id=108901 sku=C00005118-4100-400A replacement_sku=C00289598-4100
2026-09-16 16:07:16 INFO [386] Duplicate created: new id=119772 sku=C00289598-4100-JCUFS
2026-09-16 16:07:16 INFO [387] Creating duplicate for product id=108872 sku=C00030864-3993 replacement_sku=C00099512
2026-09-16 16:07:19 INFO [387] Duplicate created: new id=119773 sku=C00099512-QQMYH
2026-09-16 16:07:19 INFO [388] Creating duplicate for product id=108905 sku=C00003231-4E18 replacement_sku=C00090747
2026-09-16 16:07:23 INFO [388] Duplicate created: new id=119774 sku=C00090747-UX0NC
2026-09-16 16:07:23 INFO [389] Creating duplicate for product id=108843 sku=C00002414-E1DB replacement_sku=C00087880
2026-09-16 16:07:27 INFO [389] Duplicate created: new id=119775 sku=C00087880-MFK19
2026-09-16 16:07:27 INFO [390] Creating duplicate for product id=108810 sku=C00005004-A4FC replacement_sku=C00131542
2026-09-16 16:07:30 INFO [390] Duplicate created: new id=119776 sku=C00131542-06MQ4
2026-09-16 16:07:30 INFO [391] Creating duplicate for product id=108829 sku=C00005012-28D0 replacement_sku=C00105033
2026-09-16 16:07:34 INFO [391] Duplicate created: new id=119777 sku=C00105033-40TRE
2026-09-16 16:07:34 INFO [392] Creating duplicate for product id=108817 sku=C00016151-F394 replacement_sku=C00028133
2026-09-16 16:07:37 INFO [392] Duplicate created: new id=119778 sku=C00028133-TWGW6
2026-09-16 16:07:37 INFO [393] Creating duplicate for product id=108839 sku=C00016151-DE32 replacement_sku=C00028133
2026-09-16 16:07:41 INFO [393] Duplicate created: new id=119779 sku=C00028133-BC66D
2026-09-16 16:07:41 INFO [394] Creating duplicate for product id=108793 sku=C00038065-AF5B replacement_sku=C00650725
2026-09-16 16:07:44 INFO [394] Duplicate created: new id=119780 sku=C00650725-RR4DI
2026-09-16 16:07:44 INFO [395] Creating duplicate for product id=108752 sku=C00030756-F86B replacement_sku=C00103510
2026-09-16 16:07:48 INFO [395] Duplicate created: new id=119781 sku=C00103510-MX4FX
2026-09-16 16:07:48 INFO [396] Creating duplicate for product id=108797 sku=C00016151-8EA1 replacement_sku=C00028133
2026-09-16 16:07:52 INFO [396] Duplicate created: new id=119782 sku=C00028133-9YECE
2026-09-16 16:07:52 INFO [397] Creating duplicate for product id=108801 sku=C00009286-A016-02CA replacement_sku=C00104341-A016
2026-09-16 16:07:55 INFO [397] Duplicate created: new id=119783 sku=C00104341-A016-M7YMU
2026-09-16 16:07:55 INFO [398] Creating duplicate for product id=108746 sku=C00003147-DBD8 replacement_sku=C00051435
2026-09-16 16:07:59 INFO [398] Duplicate created: new id=119784 sku=C00051435-O2JLU
2026-09-16 16:07:59 INFO [399] Creating duplicate for product id=108794 sku=C00005003-7FFE replacement_sku=C00131434
2026-09-16 16:08:02 INFO [399] Duplicate created: new id=119785 sku=C00131434-CU8KI
2026-09-16 16:08:02 INFO [400] Creating duplicate for product id=108774 sku=C00038065-FAF5 replacement_sku=C00650725
2026-09-16 16:08:06 INFO [400] Duplicate created: new id=119786 sku=C00650725-8LGHV
2026-09-16 16:08:07 INFO Fetched page 5/28: 100 products (reported total: 2726)
2026-09-16 16:08:07 INFO [401] Creating duplicate for product id=108729 sku=C00004662-B-2379 replacement_sku=C00110528
2026-09-16 16:08:10 INFO [401] Duplicate created: new id=119787 sku=C00110528-1ZV6E
2026-09-16 16:08:10 INFO [402] Creating duplicate for product id=108710 sku=C00030748-870D replacement_sku=C00104265
2026-09-16 16:08:14 INFO [402] Duplicate created: new id=119788 sku=C00104265-N93SS
2026-09-16 16:08:14 INFO [403] Creating duplicate for product id=108685 sku=C00060206-9740 replacement_sku=C00111771
2026-09-16 16:08:17 INFO [403] Duplicate created: new id=119789 sku=C00111771-1HBFU
2026-09-16 16:08:17 INFO [404] Creating duplicate for product id=108644 sku=C00037525-5E87 replacement_sku=C00379649
2026-09-16 16:08:21 INFO [404] Duplicate created: new id=119790 sku=C00379649-GTXJA
2026-09-16 16:08:21 INFO [405] Creating duplicate for product id=108661 sku=C00014552-13AF replacement_sku=C00033960
2026-09-16 16:08:24 INFO [405] Duplicate created: new id=119791 sku=C00033960-G9I95
2026-09-16 16:08:24 INFO [406] Creating duplicate for product id=108629 sku=C00059316-4100-1E79 replacement_sku=C00215646-4100
2026-09-16 16:08:27 INFO [406] Duplicate created: new id=119792 sku=C00215646-4100-9IX6A
2026-09-16 16:08:27 INFO [407] Creating duplicate for product id=108674 sku=C00027904-0EB8 replacement_sku=C00015200
2026-09-16 16:08:30 INFO [407] Duplicate created: new id=119793 sku=C00015200-T4XR8
2026-09-16 16:08:30 INFO [408] Creating duplicate for product id=108624 sku=C00037390-72C7 replacement_sku=C00157144
2026-09-16 16:08:34 INFO [408] Duplicate created: new id=119794 sku=C00157144-V4EST
2026-09-16 16:08:34 INFO [409] Creating duplicate for product id=108652 sku=C00035752-255B replacement_sku=C00087878
2026-09-16 16:08:37 INFO [409] Duplicate created: new id=119795 sku=C00087878-RAS08
2026-09-16 16:08:37 INFO [410] Creating duplicate for product id=108657 sku=C00001271-C7DD replacement_sku=C00211221
2026-09-16 16:08:40 INFO [410] Duplicate created: new id=119796 sku=C00211221-OVC7W
2026-09-16 16:08:40 INFO [411] Creating duplicate for product id=108650 sku=C00030711-2A6E replacement_sku=C00099612
2026-09-16 16:08:43 INFO [411] Duplicate created: new id=119797 sku=C00099612-E0SEG
2026-09-16 16:08:43 INFO [412] Creating duplicate for product id=108605 sku=C00003101-9FA6 replacement_sku=C00071311
2026-09-16 16:08:46 INFO [412] Duplicate created: new id=119798 sku=C00071311-YEC7I
2026-09-16 16:08:46 INFO [413] Creating duplicate for product id=108574 sku=C00016145-2D1F replacement_sku=C00177415
2026-09-16 16:08:50 INFO [413] Duplicate created: new id=119799 sku=C00177415-5J2G4
2026-09-16 16:08:50 INFO [414] Creating duplicate for product id=108622 sku=C00014687-4D6B replacement_sku=C00320921
2026-09-16 16:08:53 INFO [414] Duplicate created: new id=119800 sku=C00320921-3OWZ1
2026-09-16 16:08:53 INFO [415] Creating duplicate for product id=108591 sku=C00035740-7AA3 replacement_sku=C00087875
2026-09-16 16:08:57 INFO [415] Duplicate created: new id=119801 sku=C00087875-PJKWS
2026-09-16 16:08:57 INFO [416] Creating duplicate for product id=108520 sku=C00002284-6FF8 replacement_sku=C00069009
2026-09-16 16:09:00 INFO [416] Duplicate created: new id=119802 sku=C00069009-E01Q9
2026-09-16 16:09:00 INFO [417] Creating duplicate for product id=108557 sku=C00014547-F66D replacement_sku=C00116963
2026-09-16 16:09:04 INFO [417] Duplicate created: new id=119803 sku=C00116963-LQ00W
2026-09-16 16:09:04 INFO [418] Creating duplicate for product id=108521 sku=C00036515-0EC6 replacement_sku=C00079109
2026-09-16 16:09:07 INFO [418] Duplicate created: new id=119804 sku=C00079109-C6HDW
2026-09-16 16:09:07 INFO [419] Creating duplicate for product id=108504 sku=C00057211-5C53 replacement_sku=C00102530
2026-09-16 16:09:10 INFO [419] Duplicate created: new id=119805 sku=C00102530-Q30ER
2026-09-16 16:09:10 INFO [420] Creating duplicate for product id=108528 sku=C00057211-8EEF replacement_sku=C00102530
2026-09-16 16:09:14 INFO [420] Duplicate created: new id=119806 sku=C00102530-HDQ1R
2026-09-16 16:09:14 INFO [421] Creating duplicate for product id=108497 sku=C00027693-BA8A replacement_sku=C00044731
2026-09-16 16:09:18 INFO [421] Duplicate created: new id=119807 sku=C00044731-1UQTM
2026-09-16 16:09:18 INFO [422] Creating duplicate for product id=108471 sku=B00004274-8512 replacement_sku=B00004041
2026-09-16 16:09:21 INFO [422] Duplicate created: new id=119808 sku=B00004041-5UNFC
2026-09-16 16:09:21 INFO [423] Creating duplicate for product id=108501 sku=C00036515-DEAE replacement_sku=C00079109
2026-09-16 16:09:25 INFO [423] Duplicate created: new id=119809 sku=C00079109-FZ115
2026-09-16 16:09:25 INFO [424] Creating duplicate for product id=108491 sku=B00004274-593E replacement_sku=B00004041
2026-09-16 16:09:28 INFO [424] Duplicate created: new id=119810 sku=B00004041-SHVSU
2026-09-16 16:09:28 INFO [425] Creating duplicate for product id=108452 sku=C00004452-4100-D4BC replacement_sku=C00173328-4100
2026-09-16 16:09:31 INFO [425] Duplicate created: new id=119811 sku=C00173328-4100-NC1SP
2026-09-16 16:09:31 INFO [426] Creating duplicate for product id=108472 sku=C00004452-4100-17F3 replacement_sku=C00173328-4100
2026-09-16 16:09:35 INFO [426] Duplicate created: new id=119812 sku=C00173328-4100-OF002
2026-09-16 16:09:35 INFO [427] Creating duplicate for product id=108460 sku=C00007138-7EA4 replacement_sku=C00059675
2026-09-16 16:09:38 INFO [427] Duplicate created: new id=119813 sku=C00059675-0WO99
2026-09-16 16:09:38 INFO [428] Creating duplicate for product id=108495 sku=C00001208-F272 replacement_sku=C00107680
2026-09-16 16:09:41 INFO [428] Duplicate created: new id=119814 sku=C00107680-XFIAE
2026-09-16 16:09:41 INFO [429] Creating duplicate for product id=108490 sku=C00004458-4100-A9D6 replacement_sku=C00173329-4100
2026-09-16 16:09:45 INFO [429] Duplicate created: new id=119815 sku=C00173329-4100-K53HZ
2026-09-16 16:09:45 INFO [430] Creating duplicate for product id=108479 sku=C00007272-A006-F86C replacement_sku=C00103530-A006
2026-09-16 16:09:48 INFO [430] Duplicate created: new id=119816 sku=C00103530-A006-8WW9G
2026-09-16 16:09:48 INFO [431] Creating duplicate for product id=108459 sku=C00036351-B-A907 replacement_sku=C00313281
2026-09-16 16:09:51 INFO [431] Duplicate created: new id=119817 sku=C00313281-997B2
2026-09-16 16:09:51 INFO [432] Creating duplicate for product id=108409 sku=C00017160-B807 replacement_sku=C00037483
2026-09-16 16:09:55 INFO [432] Duplicate created: new id=119818 sku=C00037483-KWBUA
2026-09-16 16:09:55 INFO [433] Creating duplicate for product id=108388 sku=C00030502-783B replacement_sku=C00090526
2026-09-16 16:09:59 INFO [433] Duplicate created: new id=119819 sku=C00090526-5F3DY
2026-09-16 16:09:59 INFO [434] Creating duplicate for product id=108404 sku=C00055570-A0DA replacement_sku=C00086974
2026-09-16 16:10:02 INFO [434] Duplicate created: new id=119820 sku=C00086974-T4341
2026-09-16 16:10:02 INFO [435] Creating duplicate for product id=108397 sku=B00004084-C933 replacement_sku=B00004035
2026-09-16 16:10:06 INFO [435] Duplicate created: new id=119821 sku=B00004035-0LJZ8
2026-09-16 16:10:06 INFO [436] Creating duplicate for product id=108368 sku=C00030501-C1B2 replacement_sku=C00090525
2026-09-16 16:10:09 INFO [436] Duplicate created: new id=119822 sku=C00090525-EZ99U
2026-09-16 16:10:09 INFO [437] Creating duplicate for product id=108334 sku=C00024702-F61E replacement_sku=C00051137
2026-09-16 16:10:12 INFO [437] Duplicate created: new id=119823 sku=C00051137-AASKN
2026-09-16 16:10:12 INFO [438] Creating duplicate for product id=108347 sku=C00034998-B40E replacement_sku=C00014566
2026-09-16 16:10:15 INFO [438] Duplicate created: new id=119824 sku=C00014566-ZZZBV
2026-09-16 16:10:15 INFO [439] Creating duplicate for product id=108377 sku=B00004084-4BEF replacement_sku=B00004035
2026-09-16 16:10:19 INFO [439] Duplicate created: new id=119825 sku=B00004035-K0MYU
2026-09-16 16:10:19 INFO [440] Creating duplicate for product id=108328 sku=C00030190-B067 replacement_sku=C00118984
2026-09-16 16:10:22 INFO [440] Duplicate created: new id=119826 sku=C00118984-VLIOH
2026-09-16 16:10:22 INFO [441] Creating duplicate for product id=108355 sku=C00016137-0EE0 replacement_sku=C00028136
2026-09-16 16:10:26 INFO [441] Duplicate created: new id=119827 sku=C00028136-R2XGA
2026-09-16 16:10:26 INFO [442] Creating duplicate for product id=108349 sku=C00030232-BB41 replacement_sku=C00030232-AP
2026-09-16 16:10:29 INFO [442] Duplicate created: new id=119828 sku=C00030232-AP-VS36Y
2026-09-16 16:10:29 INFO [443] Creating duplicate for product id=108320 sku=C00014527-F654 replacement_sku=C00103694
2026-09-16 16:10:32 INFO [443] Duplicate created: new id=119829 sku=C00103694-YAD40
2026-09-16 16:10:32 INFO [444] Creating duplicate for product id=108306 sku=C00054181-7596 replacement_sku=C00104447
2026-09-16 16:10:35 INFO [444] Duplicate created: new id=119830 sku=C00104447-UDDCR
2026-09-16 16:10:35 INFO [445] Creating duplicate for product id=108321 sku=C00002265-63A9 replacement_sku=C00069007
2026-09-16 16:10:39 INFO [445] Duplicate created: new id=119831 sku=C00069007-7WQVV
2026-09-16 16:10:39 INFO [446] Creating duplicate for product id=108274 sku=C00024561-6E0B replacement_sku=C00256098
2026-09-16 16:10:42 INFO [446] Duplicate created: new id=119832 sku=C00256098-7N66C
2026-09-16 16:10:42 INFO [447] Creating duplicate for product id=108289 sku=C00034520-8641 replacement_sku=C00002920
2026-09-16 16:10:46 INFO [447] Duplicate created: new id=119833 sku=C00002920-36LW0
2026-09-16 16:10:46 INFO [448] Creating duplicate for product id=108230 sku=C00000130-4483 replacement_sku=C00104697
2026-09-16 16:10:50 INFO [448] Duplicate created: new id=119834 sku=C00104697-54ZNG
2026-09-16 16:10:50 INFO [449] Creating duplicate for product id=108250 sku=C00000536-CA34 replacement_sku=C00108830
2026-09-16 16:10:53 INFO [449] Duplicate created: new id=119835 sku=C00108830-2L0VL
2026-09-16 16:10:53 INFO [450] Creating duplicate for product id=108252 sku=C00046361-5DCA replacement_sku=C00271393
2026-09-16 16:10:57 INFO [450] Duplicate created: new id=119836 sku=C00271393-K6PDY
2026-09-16 16:10:57 INFO [451] Creating duplicate for product id=108248 sku=C00016243-4E66 replacement_sku=C00632136
2026-09-16 16:11:01 INFO [451] Duplicate created: new id=119837 sku=C00632136-YJDFU
2026-09-16 16:11:01 INFO [452] Creating duplicate for product id=108246 sku=C00004225-4100-2C16 replacement_sku=C00066216-4100
2026-09-16 16:11:05 INFO [452] Duplicate created: new id=119838 sku=C00066216-4100-LH6KB
2026-09-16 16:11:05 INFO [453] Creating duplicate for product id=108244 sku=C00025934-B72F replacement_sku=C00162798
2026-09-16 16:11:08 INFO [453] Duplicate created: new id=119839 sku=C00162798-MW732
2026-09-16 16:11:08 INFO [454] Creating duplicate for product id=108249 sku=C00034286-3D1E replacement_sku=C00046477
2026-09-16 16:11:12 INFO [454] Duplicate created: new id=119840 sku=C00046477-YOQV2
2026-09-16 16:11:12 INFO [455] Creating duplicate for product id=108251 sku=C00029724-FA87 replacement_sku=C00089416
2026-09-16 16:11:16 INFO [455] Duplicate created: new id=119841 sku=C00089416-EH9FZ
2026-09-16 16:11:16 INFO [456] Creating duplicate for product id=108209 sku=C00000129-D5AB replacement_sku=C00104696
2026-09-16 16:11:19 INFO [456] Duplicate created: new id=119842 sku=C00104696-43GJG
2026-09-16 16:11:19 INFO [457] Creating duplicate for product id=108190 sku=C00034175-43AF replacement_sku=C00156996
2026-09-16 16:11:23 INFO [457] Duplicate created: new id=119843 sku=C00156996-OUDXD
2026-09-16 16:11:23 INFO [458] Creating duplicate for product id=108195 sku=C00006544-A005-D5E9 replacement_sku=C00104740-A005
2026-09-16 16:11:26 INFO [458] Duplicate created: new id=119844 sku=C00104740-A005-EBT10
2026-09-16 16:11:26 INFO [459] Creating duplicate for product id=108167 sku=C00000119-F67E replacement_sku=C00104691
2026-09-16 16:11:30 INFO [459] Duplicate created: new id=119845 sku=C00104691-BOLCN
2026-09-16 16:11:30 INFO [460] Creating duplicate for product id=108203 sku=C00002248-F632 replacement_sku=C00116888
2026-09-16 16:11:34 INFO [460] Duplicate created: new id=119846 sku=C00116888-J2GZ3
2026-09-16 16:11:34 INFO [461] Creating duplicate for product id=108189 sku=C00000120-DC45 replacement_sku=C00104693
2026-09-16 16:11:37 INFO [461] Duplicate created: new id=119847 sku=C00104693-IGWIX
2026-09-16 16:11:37 INFO [462] Creating duplicate for product id=108151 sku=C00045545-4100-CF05 replacement_sku=C00102656-4100
2026-09-16 16:11:40 INFO [462] Duplicate created: new id=119848 sku=C00102656-4100-L8QVX
2026-09-16 16:11:40 INFO [463] Creating duplicate for product id=108128 sku=C00004163-4100-2B0E replacement_sku=C00322249-4100
2026-09-16 16:11:44 INFO [463] Duplicate created: new id=119849 sku=C00322249-4100-9SB83
2026-09-16 16:11:44 INFO [464] Creating duplicate for product id=108149 sku=C00004177-4100-BC20 replacement_sku=C00175365-4100
2026-09-16 16:11:49 INFO [464] Duplicate created: new id=119850 sku=C00175365-4100-IFRGK
2026-09-16 16:11:49 INFO [465] Creating duplicate for product id=108116 sku=C00028799-7B87 replacement_sku=C00330873
2026-09-16 16:11:53 INFO [465] Duplicate created: new id=119851 sku=C00330873-4M4G0
2026-09-16 16:11:53 INFO [466] Creating duplicate for product id=108112 sku=C00045481-F2ED replacement_sku=C00108801
2026-09-16 16:11:56 INFO [466] Duplicate created: new id=119852 sku=C00108801-R0O9H
2026-09-16 16:11:56 INFO [467] Creating duplicate for product id=108132 sku=C00034129-2008-3ABF replacement_sku=C00034129-2142
2026-09-16 16:11:59 INFO [467] Duplicate created: new id=119853 sku=C00034129-2142-QJXTN
2026-09-16 16:11:59 INFO [468] Creating duplicate for product id=108086 sku=C00000076-9C36 replacement_sku=C00213320
2026-09-16 16:12:02 INFO [468] Duplicate created: new id=119854 sku=C00213320-MM5YH
2026-09-16 16:12:02 INFO [469] Creating duplicate for product id=107989 sku=C00044988-2759 replacement_sku=C00120608
2026-09-16 16:12:06 INFO [469] Duplicate created: new id=119855 sku=C00120608-H4M9T
2026-09-16 16:12:06 INFO [470] Creating duplicate for product id=108013 sku=C00044989-461C replacement_sku=C00120609
2026-09-16 16:12:09 INFO [470] Duplicate created: new id=119856 sku=C00120609-HHE75
2026-09-16 16:12:09 INFO [471] Creating duplicate for product id=107996 sku=C00051516-A6E8 replacement_sku=C00051516-F041
2026-09-16 16:12:12 INFO [471] Duplicate created: new id=119857 sku=C00051516-F041-I58B5
2026-09-16 16:12:12 INFO [472] Creating duplicate for product id=108015 sku=C00051517-6264 replacement_sku=C00051517-F041
2026-09-16 16:12:16 INFO [472] Duplicate created: new id=119858 sku=C00051517-F041-U1KFZ
2026-09-16 16:12:16 INFO [473] Creating duplicate for product id=108007 sku=C00003003-A006-4A8F replacement_sku=C00104767-A006
2026-09-16 16:12:19 INFO [473] Duplicate created: new id=119859 sku=C00104767-A006-UGIM4
2026-09-16 16:12:19 INFO [474] Creating duplicate for product id=108024 sku=C00003003-A006-008C replacement_sku=C00104767-A006
2026-09-16 16:12:23 INFO [474] Duplicate created: new id=119860 sku=C00104767-A006-JAZ45
2026-09-16 16:12:23 INFO [475] Creating duplicate for product id=108001 sku=C00002136-54C7 replacement_sku=C00062935
2026-09-16 16:12:26 INFO [475] Duplicate created: new id=119861 sku=C00062935-U0O4D
2026-09-16 16:12:26 INFO [476] Creating duplicate for product id=107971 sku=C00023693-7107 replacement_sku=C00266399
2026-09-16 16:12:29 INFO [476] Duplicate created: new id=119862 sku=C00266399-6XHEK
2026-09-16 16:12:29 INFO [477] Creating duplicate for product id=107948 sku=C00028230-C04D replacement_sku=C00073964
2026-09-16 16:12:33 INFO [477] Duplicate created: new id=119863 sku=C00073964-VORZY
2026-09-16 16:12:33 INFO [478] Creating duplicate for product id=107969 sku=C00028231-813F replacement_sku=C00073965
2026-09-16 16:12:37 INFO [478] Duplicate created: new id=119864 sku=C00073965-8V71N
2026-09-16 16:12:37 INFO [479] Creating duplicate for product id=107980 sku=C00002129-E1D6 replacement_sku=C00154978
2026-09-16 16:12:40 INFO [479] Duplicate created: new id=119865 sku=C00154978-BSME8
2026-09-16 16:12:40 INFO [480] Creating duplicate for product id=107950 sku=C00023693-C7D8 replacement_sku=C00266399
2026-09-16 16:12:43 INFO [480] Duplicate created: new id=119866 sku=C00266399-IQ2XY
2026-09-16 16:12:43 INFO [481] Creating duplicate for product id=107929 sku=C00028229-15C2 replacement_sku=C00073961
2026-09-16 16:12:47 INFO [481] Duplicate created: new id=119867 sku=C00073961-V9KMH
2026-09-16 16:12:47 INFO [482] Creating duplicate for product id=107879 sku=C00044214-A618 replacement_sku=C00101832
2026-09-16 16:12:50 INFO [482] Duplicate created: new id=119868 sku=C00101832-DAT3L
2026-09-16 16:12:50 INFO [483] Creating duplicate for product id=107881 sku=C00036036-090C replacement_sku=C00028131
2026-09-16 16:12:54 INFO [483] Duplicate created: new id=119869 sku=C00028131-7F1TI
2026-09-16 16:12:54 INFO [484] Creating duplicate for product id=107917 sku=C00006171-A015-FFEF replacement_sku=C00104770-A015
2026-09-16 16:12:57 INFO [484] Duplicate created: new id=119870 sku=C00104770-A015-LN9XT
2026-09-16 16:12:57 INFO [485] Creating duplicate for product id=107905 sku=C00023677-B863 replacement_sku=C00266398
2026-09-16 16:13:01 INFO [485] Duplicate created: new id=119871 sku=C00266398-R8HNH
2026-09-16 16:13:01 INFO [486] Creating duplicate for product id=107875 sku=C00050836-DAF3 replacement_sku=C00192726
2026-09-16 16:13:04 INFO [486] Duplicate created: new id=119872 sku=C00192726-OAADU
2026-09-16 16:13:04 INFO [487] Creating duplicate for product id=107928 sku=C00023677-23BB replacement_sku=C00266398
2026-09-16 16:13:08 INFO [487] Duplicate created: new id=119873 sku=C00266398-6WWP9
2026-09-16 16:13:08 INFO [488] Creating duplicate for product id=107817 sku=C00036036-7AFA replacement_sku=C00028131
2026-09-16 16:13:11 INFO [488] Duplicate created: new id=119874 sku=C00028131-FLNCI
2026-09-16 16:13:11 INFO [489] Creating duplicate for product id=107845 sku=C00003975-4100-000C replacement_sku=C00358128-4100
2026-09-16 16:13:15 INFO [489] Duplicate created: new id=119875 sku=C00358128-4100-OL110
2026-09-16 16:13:15 INFO [490] Creating duplicate for product id=107838 sku=C00036036-3910 replacement_sku=C00028131
2026-09-16 16:13:18 INFO [490] Duplicate created: new id=119876 sku=C00028131-75ZVI
2026-09-16 16:13:18 INFO [491] Creating duplicate for product id=107812 sku=C00050730-ADE8 replacement_sku=C00104268
2026-09-16 16:13:21 INFO [491] Duplicate created: new id=119877 sku=C00104268-RFO7Q
2026-09-16 16:13:21 INFO [492] Creating duplicate for product id=107860 sku=C00036036-520B replacement_sku=C00028131
2026-09-16 16:13:24 INFO [492] Duplicate created: new id=119878 sku=C00028131-ZIMCL
2026-09-16 16:13:24 INFO [493] Creating duplicate for product id=107837 sku=C00023597-E1C1 replacement_sku=C00092058
2026-09-16 16:13:28 INFO [493] Duplicate created: new id=119879 sku=C00092058-XF92H
2026-09-16 16:13:28 INFO [494] Creating duplicate for product id=107865 sku=C00003982-4100-896F replacement_sku=C00322248-4100
2026-09-16 16:13:31 INFO [494] Duplicate created: new id=119880 sku=C00322248-4100-8CISN
2026-09-16 16:13:31 INFO [495] Creating duplicate for product id=107820 sku=C00014637-63C4 replacement_sku=C00093495
2026-09-16 16:13:35 INFO [495] Duplicate created: new id=119881 sku=C00093495-B6CER
2026-09-16 16:13:35 INFO [496] Creating duplicate for product id=107843 sku=C00014637-4C52 replacement_sku=C00093495
2026-09-16 16:13:38 INFO [496] Duplicate created: new id=119882 sku=C00093495-AA5DL
2026-09-16 16:13:38 INFO [497] Creating duplicate for product id=107808 sku=C00000019-A007-282E replacement_sku=C00086144-A007
2026-09-16 16:13:41 INFO [497] Duplicate created: new id=119883 sku=C00086144-A007-NXEVF
2026-09-16 16:13:41 INFO [498] Creating duplicate for product id=107809 sku=C00015461-FF47 replacement_sku=C00104450
2026-09-16 16:13:45 INFO [498] Duplicate created: new id=119884 sku=C00104450-VA9YZ
2026-09-16 16:13:45 INFO [499] Creating duplicate for product id=107786 sku=C00002920-91D4 replacement_sku=C00233501
2026-09-16 16:13:48 INFO [499] Duplicate created: new id=119885 sku=C00233501-VDGA7
2026-09-16 16:13:48 INFO [500] Creating duplicate for product id=107772 sku=C00005948-93D3 replacement_sku=C00104448
2026-09-16 16:13:51 INFO [500] Duplicate created: new id=119886 sku=C00104448-NLK6J
2026-09-16 16:13:52 INFO Fetched page 6/28: 100 products (reported total: 2726)
2026-09-16 16:13:52 INFO [501] Creating duplicate for product id=107765 sku=C00002920-C6B0 replacement_sku=C00233501
2026-09-16 16:13:56 INFO [501] Duplicate created: new id=119887 sku=C00233501-Y8K7U
2026-09-16 16:13:56 INFO [502] Creating duplicate for product id=107796 sku=C00036036-28D6 replacement_sku=C00028131
2026-09-16 16:13:59 INFO [502] Duplicate created: new id=119888 sku=C00028131-C50P8
2026-09-16 16:13:59 INFO [503] Creating duplicate for product id=107786 sku=C00002920-91D4 replacement_sku=C00233501
2026-09-16 16:14:02 INFO [503] Duplicate created: new id=119889 sku=C00233501-55BFM
2026-09-16 16:14:02 INFO [504] Creating duplicate for product id=107772 sku=C00005948-93D3 replacement_sku=C00104448
2026-09-16 16:14:05 INFO [504] Duplicate created: new id=119890 sku=C00104448-K3BKN
2026-09-16 16:14:05 INFO [505] Creating duplicate for product id=107761 sku=C00003838-8494 replacement_sku=C00084609
2026-09-16 16:14:09 INFO [505] Duplicate created: new id=119891 sku=C00084609-9OPOM
2026-09-16 16:14:09 INFO [506] Creating duplicate for product id=107767 sku=C00015460-C315 replacement_sku=C00104449
2026-09-16 16:14:12 INFO [506] Duplicate created: new id=119892 sku=C00104449-NFSGV
2026-09-16 16:14:12 INFO [507] Creating duplicate for product id=107790 sku=C00015461-0725 replacement_sku=C00104450
2026-09-16 16:14:15 INFO [507] Duplicate created: new id=119893 sku=C00104450-T8XV8
2026-09-16 16:14:15 INFO [508] Creating duplicate for product id=107738 sku=C00043430-7D76 replacement_sku=C00072225
2026-09-16 16:14:18 INFO [508] Duplicate created: new id=119894 sku=C00072225-3HA1R
2026-09-16 16:14:18 INFO [509] Creating duplicate for product id=107720 sku=C00023500-D439 replacement_sku=C00089415
2026-09-16 16:14:22 INFO [509] Duplicate created: new id=119895 sku=C00089415-KYC2W
2026-09-16 16:14:22 INFO [510] Creating duplicate for product id=107749 sku=C00015460-CF70 replacement_sku=C00104449
2026-09-16 16:14:26 INFO [510] Duplicate created: new id=119896 sku=C00104449-OY1C6
2026-09-16 16:14:26 INFO [511] Creating duplicate for product id=107669 sku=C00001729-EE9A replacement_sku=C00370949
2026-09-16 16:14:29 INFO [511] Duplicate created: new id=119897 sku=C00370949-X7BPY
2026-09-16 16:14:29 INFO [512] Creating duplicate for product id=107697 sku=C00001882-4100-ABC0 replacement_sku=C00185139-4100
2026-09-16 16:14:32 INFO [512] Duplicate created: new id=119898 sku=C00185139-4100-2U7XS
2026-09-16 16:14:32 INFO [513] Creating duplicate for product id=107663 sku=C00002899-9DCA replacement_sku=C00278949
2026-09-16 16:14:35 INFO [513] Duplicate created: new id=119899 sku=C00278949-82KFO
2026-09-16 16:14:35 INFO [514] Creating duplicate for product id=107676 sku=C00002901-A72D replacement_sku=C00210713
2026-09-16 16:14:38 INFO [514] Duplicate created: new id=119900 sku=C00210713-WWBF3
2026-09-16 16:14:38 INFO [515] Creating duplicate for product id=107621 sku=C00002886-0F9E replacement_sku=C00210709
2026-09-16 16:14:42 INFO [515] Duplicate created: new id=119901 sku=C00210709-PDZFY
2026-09-16 16:14:42 INFO [516] Creating duplicate for product id=107639 sku=C00002890-5C9B replacement_sku=C00210711
2026-09-16 16:14:45 INFO [516] Duplicate created: new id=119902 sku=C00210711-XL622
2026-09-16 16:14:45 INFO [517] Creating duplicate for product id=107636 sku=C00042972-EC4B replacement_sku=C00112946
2026-09-16 16:14:48 INFO [517] Duplicate created: new id=119903 sku=C00112946-G707G
2026-09-16 16:14:48 INFO [518] Creating duplicate for product id=107646 sku=C00043167-7D37 replacement_sku=C00101847
2026-09-16 16:14:52 INFO [518] Duplicate created: new id=119904 sku=C00101847-I4T5N
2026-09-16 16:14:52 INFO [519] Creating duplicate for product id=107554 sku=C00083576-8BFC replacement_sku=C00139860
2026-09-16 16:14:55 INFO [519] Duplicate created: new id=119905 sku=C00139860-XU9AR
2026-09-16 16:14:55 INFO [520] Creating duplicate for product id=107542 sku=C00028121-210C replacement_sku=C00036012
2026-09-16 16:14:58 INFO [520] Duplicate created: new id=119906 sku=C00036012-80HA5
2026-09-16 16:14:58 INFO [521] Creating duplicate for product id=107541 sku=C00037525-BD3C replacement_sku=C00379649
2026-09-16 16:15:02 INFO [521] Duplicate created: new id=119907 sku=C00379649-07CHJ
2026-09-16 16:15:02 INFO [522] Creating duplicate for product id=107537 sku=C00005555-21DF replacement_sku=C00105615
2026-09-16 16:15:05 INFO [522] Duplicate created: new id=119908 sku=C00105615-259FA
2026-09-16 16:15:05 INFO [523] Creating duplicate for product id=107518 sku=C00005118-4100-D8C3 replacement_sku=C00289598-4100
2026-09-16 16:15:09 INFO [523] Duplicate created: new id=119909 sku=C00289598-4100-2MK9Z
2026-09-16 16:15:09 INFO [524] Creating duplicate for product id=107519 sku=C00069368-8B7C replacement_sku=C00131619
2026-09-16 16:15:12 INFO [524] Duplicate created: new id=119910 sku=C00131619-FNKVD
2026-09-16 16:15:12 INFO [525] Creating duplicate for product id=107522 sku=C00013619-54A5 replacement_sku=F00000365
2026-09-16 16:15:16 INFO [525] Duplicate created: new id=119911 sku=F00000365-GFYW2
2026-09-16 16:15:16 INFO [526] Creating duplicate for product id=107504 sku=C00001271-2C15 replacement_sku=C00211221
2026-09-16 16:15:22 INFO [526] Duplicate created: new id=119912 sku=C00211221-U0WMF
2026-09-16 16:15:22 INFO [527] Creating duplicate for product id=107507 sku=C00005118-4100-45F8 replacement_sku=C00289598-4100
2026-09-16 16:15:25 INFO [527] Duplicate created: new id=119913 sku=C00289598-4100-JGCTV
2026-09-16 16:15:25 INFO [528] Creating duplicate for product id=107500 sku=C00013618-3C6F replacement_sku=C00224488
2026-09-16 16:15:28 INFO [528] Duplicate created: new id=119914 sku=C00224488-CL6T0
2026-09-16 16:15:28 INFO [529] Creating duplicate for product id=107512 sku=C00013618-8B1A replacement_sku=C00224488
2026-09-16 16:15:31 INFO [529] Duplicate created: new id=119915 sku=C00224488-RLWXU
2026-09-16 16:15:31 INFO [530] Creating duplicate for product id=107453 sku=C00125013-5517 replacement_sku=C00159938
2026-09-16 16:15:34 INFO [530] Duplicate created: new id=119916 sku=C00159938-8V4XZ
2026-09-16 16:15:34 INFO [531] Creating duplicate for product id=107457 sku=C00027904-FB3C replacement_sku=C00015200
2026-09-16 16:15:38 INFO [531] Duplicate created: new id=119917 sku=C00015200-BCPMZ
2026-09-16 16:15:38 INFO [532] Creating duplicate for product id=107454 sku=C00013604-A4AC replacement_sku=C00472287
2026-09-16 16:15:41 INFO [532] Duplicate created: new id=119918 sku=C00472287-N3VEZ
2026-09-16 16:15:41 INFO [533] Creating duplicate for product id=107442 sku=C00034520-6075 replacement_sku=C00002920
2026-09-16 16:15:44 INFO [533] Duplicate created: new id=119919 sku=C00002920-BSXLB
2026-09-16 16:15:44 INFO [534] Creating duplicate for product id=107386 sku=C00004037-4100-EF3F replacement_sku=C00337909-4100
2026-09-16 16:15:48 INFO [534] Duplicate created: new id=119920 sku=C00337909-4100-WPY6C
2026-09-16 16:15:48 INFO [535] Creating duplicate for product id=107407 sku=C00004037-4100-9169 replacement_sku=C00337909-4100
2026-09-16 16:15:51 INFO [535] Duplicate created: new id=119921 sku=C00337909-4100-BKIJ5
2026-09-16 16:15:51 INFO [536] Creating duplicate for product id=107436 sku=C00013603-D1D0 replacement_sku=C00472286
2026-09-16 16:15:54 INFO [536] Duplicate created: new id=119922 sku=C00472286-PD0CD
2026-09-16 16:15:54 INFO [537] Creating duplicate for product id=107403 sku=C00034286-B2CF replacement_sku=C00046477
2026-09-16 16:15:58 INFO [537] Duplicate created: new id=119923 sku=C00046477-7CS4T
2026-09-16 16:15:58 INFO [538] Creating duplicate for product id=107385 sku=C00001208-A5E9 replacement_sku=C00107680
2026-09-16 16:16:01 INFO [538] Duplicate created: new id=119924 sku=C00107680-BCJY3
2026-09-16 16:16:01 INFO [539] Creating duplicate for product id=107389 sku=C00069009-BA39 replacement_sku=C00242629
2026-09-16 16:16:04 INFO [539] Duplicate created: new id=119925 sku=C00242629-JDIMA
2026-09-16 16:16:04 INFO [540] Creating duplicate for product id=107331 sku=C00014581-5E51 replacement_sku=C00033961
2026-09-16 16:16:07 INFO [540] Duplicate created: new id=119926 sku=C00033961-RCVHR
2026-09-16 16:16:07 INFO [541] Creating duplicate for product id=107377 sku=C00027693-AB29 replacement_sku=C00044731
2026-09-16 16:16:11 INFO [541] Duplicate created: new id=119927 sku=C00044731-WJ0RA
2026-09-16 16:16:11 INFO [542] Creating duplicate for product id=107326 sku=C00003982-4100-BB1C replacement_sku=C00322248-4100
2026-09-16 16:16:14 INFO [542] Duplicate created: new id=119928 sku=C00322248-4100-92AU5
2026-09-16 16:16:14 INFO [543] Creating duplicate for product id=107348 sku=C00068904-D3AB replacement_sku=C00198584
2026-09-16 16:16:18 INFO [543] Duplicate created: new id=119929 sku=C00198584-T32JN
2026-09-16 16:16:18 INFO [544] Creating duplicate for product id=107368 sku=C00069007-B2DF replacement_sku=C00178066
2026-09-16 16:16:21 INFO [544] Duplicate created: new id=119930 sku=C00178066-WQQ9C
2026-09-16 16:16:21 INFO [545] Creating duplicate for product id=107261 sku=C00003975-4100-417A replacement_sku=C00358128-4100
2026-09-16 16:16:24 INFO [545] Duplicate created: new id=119931 sku=C00358128-4100-X2C9U
2026-09-16 16:16:24 INFO [546] Creating duplicate for product id=107282 sku=C00003975-4100-C9EC replacement_sku=C00358128-4100
2026-09-16 16:16:27 INFO [546] Duplicate created: new id=119932 sku=C00358128-4100-76ROU
2026-09-16 16:16:27 INFO [547] Creating duplicate for product id=107315 sku=C00120609-A64B replacement_sku=C00165107
2026-09-16 16:16:31 INFO [547] Duplicate created: new id=119933 sku=C00165107-1YJJU
2026-09-16 16:16:31 INFO [548] Creating duplicate for product id=107303 sku=C00003982-4100-CA89 replacement_sku=C00322248-4100
2026-09-16 16:16:34 INFO [548] Duplicate created: new id=119934 sku=C00322248-4100-V6L20
2026-09-16 16:16:34 INFO [549] Creating duplicate for product id=107314 sku=C00034175-3440 replacement_sku=C00156996
2026-09-16 16:16:37 INFO [549] Duplicate created: new id=119935 sku=C00156996-P99JD
2026-09-16 16:16:37 INFO [550] Creating duplicate for product id=107296 sku=C00016243-E5E9 replacement_sku=C00632136
2026-09-16 16:16:41 INFO [550] Duplicate created: new id=119936 sku=C00632136-0OJEK
2026-09-16 16:16:41 INFO [551] Creating duplicate for product id=107304 sku=C00096231-D5C7 replacement_sku=C00120368
2026-09-16 16:16:44 INFO [551] Duplicate created: new id=119937 sku=C00120368-BBFLX
2026-09-16 16:16:44 INFO [552] Creating duplicate for product id=107203 sku=C00067867-03E7 replacement_sku=C00016134
2026-09-16 16:16:47 INFO [552] Duplicate created: new id=119938 sku=C00016134-A1T3G
2026-09-16 16:16:47 INFO [553] Creating duplicate for product id=107251 sku=C00120419-8F70 replacement_sku=C00152804
2026-09-16 16:16:50 INFO [553] Duplicate created: new id=119939 sku=C00152804-LUUOO
2026-09-16 16:16:50 INFO [554] Creating duplicate for product id=107228 sku=C00120206-A520 replacement_sku=C00201040
2026-09-16 16:16:54 INFO [554] Duplicate created: new id=119940 sku=C00201040-FUTUA
2026-09-16 16:16:54 INFO [555] Creating duplicate for product id=107218 sku=C00003900-4100-7B4A replacement_sku=C00211838-4100
2026-09-16 16:16:57 INFO [555] Duplicate created: new id=119941 sku=C00211838-4100-M3YW7
2026-09-16 16:16:57 INFO [556] Creating duplicate for product id=107153 sku=C00050147-E1A0 replacement_sku=C00245942
2026-09-16 16:17:00 INFO [556] Duplicate created: new id=119942 sku=C00245942-LI6XC
2026-09-16 16:17:00 INFO [557] Creating duplicate for product id=107168 sku=C00005003-8278 replacement_sku=C00131434
2026-09-16 16:17:04 INFO [557] Duplicate created: new id=119943 sku=C00131434-7MW9U
2026-09-16 16:17:04 INFO [558] Creating duplicate for product id=107167 sku=C00104448-8A2E replacement_sku=C00162968
2026-09-16 16:17:07 INFO [558] Duplicate created: new id=119944 sku=C00162968-OSK02
2026-09-16 16:17:07 INFO [559] Creating duplicate for product id=107170 sku=C00006963-4100-93CC replacement_sku=C00294838-4100
2026-09-16 16:17:11 INFO [559] Duplicate created: new id=119945 sku=C00294838-4100-3HZ6D
2026-09-16 16:17:11 INFO [560] Creating duplicate for product id=107184 sku=C00005004-FEB2 replacement_sku=C00131542
2026-09-16 16:17:14 INFO [560] Duplicate created: new id=119946 sku=C00131542-A7DYM
2026-09-16 16:17:14 INFO [561] Creating duplicate for product id=107176 sku=C00003838-F708 replacement_sku=C00084609
2026-09-16 16:17:18 INFO [561] Duplicate created: new id=119947 sku=C00084609-POC5I
2026-09-16 16:17:18 INFO [562] Creating duplicate for product id=107151 sku=C00014564-9099 replacement_sku=C00177418
2026-09-16 16:17:21 INFO [562] Duplicate created: new id=119948 sku=C00177418-V7KG5
2026-09-16 16:17:21 INFO [563] Creating duplicate for product id=107197 sku=C00003900-4100-07ED replacement_sku=C00211838-4100
2026-09-16 16:17:24 INFO [563] Duplicate created: new id=119949 sku=C00211838-4100-YGAFH
2026-09-16 16:17:24 INFO [564] Creating duplicate for product id=107117 sku=C00037390-E642 replacement_sku=C00157144
2026-09-16 17:53:36 ERROR [564] Unexpected error duplicating product id=107117
Traceback (most recent call last):
  File "C:\pythonstuff\wpimport\env\Lib\site-packages\urllib3\connectionpool.py", line 787, in urlopen
    response = self._make_request(
               ^^^^^^^^^^^^^^^^^^^
  File "C:\pythonstuff\wpimport\env\Lib\site-packages\urllib3\connectionpool.py", line 534, in _make_request
    response = conn.getresponse()
               ^^^^^^^^^^^^^^^^^^
  File "C:\pythonstuff\wpimport\env\Lib\site-packages\urllib3\connection.py", line 571, in getresponse
    httplib_response = super().getresponse()
                       ^^^^^^^^^^^^^^^^^^^^^
  File "C:\Users\User\AppData\Local\Programs\Python\Python312\Lib\http\client.py", line 1428, in getresponse
    response.begin()
  File "C:\Users\User\AppData\Local\Programs\Python\Python312\Lib\http\client.py", line 331, in begin
    version, status, reason = self._read_status()
                              ^^^^^^^^^^^^^^^^^^^
  File "C:\Users\User\AppData\Local\Programs\Python\Python312\Lib\http\client.py", line 300, in _read_status
    raise RemoteDisconnected("Remote end closed connection without"
http.client.RemoteDisconnected: Remote end closed connection without response

During handling of the above exception, another exception occurred:

Traceback (most recent call last):
  File "C:\pythonstuff\wpimport\env\Lib\site-packages\requests\adapters.py", line 486, in send
    resp = conn.urlopen(
           ^^^^^^^^^^^^^
  File "C:\pythonstuff\wpimport\env\Lib\site-packages\urllib3\connectionpool.py", line 841, in urlopen
    retries = retries.increment(
              ^^^^^^^^^^^^^^^^^^
  File "C:\pythonstuff\wpimport\env\Lib\site-packages\urllib3\util\retry.py", line 474, in increment
    raise reraise(type(error), error, _stacktrace)
          ^^^^^^^^^^^^^^^^^^^^^^^^^^^^^^^^^^^^^^^^
  File "C:\pythonstuff\wpimport\env\Lib\site-packages\urllib3\util\util.py", line 38, in reraise
    raise value.with_traceback(tb)
  File "C:\pythonstuff\wpimport\env\Lib\site-packages\urllib3\connectionpool.py", line 787, in urlopen
    response = self._make_request(
               ^^^^^^^^^^^^^^^^^^^
  File "C:\pythonstuff\wpimport\env\Lib\site-packages\urllib3\connectionpool.py", line 534, in _make_request
    response = conn.getresponse()
               ^^^^^^^^^^^^^^^^^^
  File "C:\pythonstuff\wpimport\env\Lib\site-packages\urllib3\connection.py", line 571, in getresponse
    httplib_response = super().getresponse()
                       ^^^^^^^^^^^^^^^^^^^^^
  File "C:\Users\User\AppData\Local\Programs\Python\Python312\Lib\http\client.py", line 1428, in getresponse
    response.begin()
  File "C:\Users\User\AppData\Local\Programs\Python\Python312\Lib\http\client.py", line 331, in begin
    version, status, reason = self._read_status()
                              ^^^^^^^^^^^^^^^^^^^
  File "C:\Users\User\AppData\Local\Programs\Python\Python312\Lib\http\client.py", line 300, in _read_status
    raise RemoteDisconnected("Remote end closed connection without"
urllib3.exceptions.ProtocolError: ('Connection aborted.', RemoteDisconnected('Remote end closed connection without response'))

During handling of the above exception, another exception occurred:

Traceback (most recent call last):
  File "C:\pythonstuff\wpimport\create_all_duplicates.py", line 226, in main
    new_product = duplicate_product(product_id)
                  ^^^^^^^^^^^^^^^^^^^^^^^^^^^^^
  File "C:\pythonstuff\wpimport\createduplicates.py", line 206, in duplicate_product
    create_resp = wcapi.post("products", duplicated_data)
                  ^^^^^^^^^^^^^^^^^^^^^^^^^^^^^^^^^^^^^^^
  File "C:\pythonstuff\wpimport\env\Lib\site-packages\woocommerce\api.py", line 110, in post
    return self.__request("POST", endpoint, data, **kwargs)
           ^^^^^^^^^^^^^^^^^^^^^^^^^^^^^^^^^^^^^^^^^^^^^^^^
  File "C:\pythonstuff\wpimport\env\Lib\site-packages\woocommerce\api.py", line 92, in __request
    return request(
           ^^^^^^^^
  File "C:\pythonstuff\wpimport\env\Lib\site-packages\requests\api.py", line 59, in request
    return session.request(method=method, url=url, **kwargs)
           ^^^^^^^^^^^^^^^^^^^^^^^^^^^^^^^^^^^^^^^^^^^^^^^^^
  File "C:\pythonstuff\wpimport\env\Lib\site-packages\requests\sessions.py", line 589, in request
    resp = self.send(prep, **send_kwargs)
           ^^^^^^^^^^^^^^^^^^^^^^^^^^^^^^
  File "C:\pythonstuff\wpimport\env\Lib\site-packages\requests\sessions.py", line 703, in send
    r = adapter.send(request, **kwargs)
        ^^^^^^^^^^^^^^^^^^^^^^^^^^^^^^^
  File "C:\pythonstuff\wpimport\env\Lib\site-packages\requests\adapters.py", line 501, in send
    raise ConnectionError(err, request=request)
requests.exceptions.ConnectionError: ('Connection aborted.', RemoteDisconnected('Remote end closed connection without response'))
2026-09-16 17:53:38 INFO [565] Creating duplicate for product id=107122 sku=C00025934-15EB replacement_sku=C00162798
2026-09-16 17:53:38 ERROR [565] Unexpected error duplicating product id=107122
Traceback (most recent call last):
  File "C:\pythonstuff\wpimport\env\Lib\site-packages\urllib3\connection.py", line 204, in _new_conn
    sock = connection.create_connection(
           ^^^^^^^^^^^^^^^^^^^^^^^^^^^^^
  File "C:\pythonstuff\wpimport\env\Lib\site-packages\urllib3\util\connection.py", line 60, in create_connection
    for res in socket.getaddrinfo(host, port, family, socket.SOCK_STREAM):
               ^^^^^^^^^^^^^^^^^^^^^^^^^^^^^^^^^^^^^^^^^^^^^^^^^^^^^^^^^^
  File "C:\Users\User\AppData\Local\Programs\Python\Python312\Lib\socket.py", line 976, in getaddrinfo
    for res in _socket.getaddrinfo(host, port, family, type, proto, flags):
               ^^^^^^^^^^^^^^^^^^^^^^^^^^^^^^^^^^^^^^^^^^^^^^^^^^^^^^^^^^^
socket.gaierror: [Errno 11001] getaddrinfo failed

The above exception was the direct cause of the following exception:

Traceback (most recent call last):
  File "C:\pythonstuff\wpimport\env\Lib\site-packages\urllib3\connectionpool.py", line 787, in urlopen
    response = self._make_request(
               ^^^^^^^^^^^^^^^^^^^
  File "C:\pythonstuff\wpimport\env\Lib\site-packages\urllib3\connectionpool.py", line 488, in _make_request
    raise new_e
  File "C:\pythonstuff\wpimport\env\Lib\site-packages\urllib3\connectionpool.py", line 464, in _make_request
    self._validate_conn(conn)
  File "C:\pythonstuff\wpimport\env\Lib\site-packages\urllib3\connectionpool.py", line 1093, in _validate_conn
    conn.connect()
  File "C:\pythonstuff\wpimport\env\Lib\site-packages\urllib3\connection.py", line 759, in connect
    self.sock = sock = self._new_conn()
                       ^^^^^^^^^^^^^^^^
  File "C:\pythonstuff\wpimport\env\Lib\site-packages\urllib3\connection.py", line 211, in _new_conn
    raise NameResolutionError(self.host, self, e) from e
urllib3.exceptions.NameResolutionError: HTTPSConnection(host='shane.maxusvanparts.co.uk', port=443): Failed to resolve 'shane.maxusvanparts.co.uk' ([Errno 11001] getaddrinfo failed)

The above exception was the direct cause of the following exception:

Traceback (most recent call last):
  File "C:\pythonstuff\wpimport\env\Lib\site-packages\requests\adapters.py", line 486, in send
    resp = conn.urlopen(
           ^^^^^^^^^^^^^
  File "C:\pythonstuff\wpimport\env\Lib\site-packages\urllib3\connectionpool.py", line 841, in urlopen
    retries = retries.increment(
              ^^^^^^^^^^^^^^^^^^
  File "C:\pythonstuff\wpimport\env\Lib\site-packages\urllib3\util\retry.py", line 519, in increment
    raise MaxRetryError(_pool, url, reason) from reason  # type: ignore[arg-type]
    ^^^^^^^^^^^^^^^^^^^^^^^^^^^^^^^^^^^^^^^^^^^^^^^^^^^
urllib3.exceptions.MaxRetryError: HTTPSConnectionPool(host='shane.maxusvanparts.co.uk', port=443): Max retries exceeded with url: /wp-json/wc/v3/products/107122 (Caused by NameResolutionError("HTTPSConnection(host='shane.maxusvanparts.co.uk', port=443): Failed to resolve 'shane.maxusvanparts.co.uk' ([Errno 11001] getaddrinfo failed)"))

During handling of the above exception, another exception occurred:

Traceback (most recent call last):
  File "C:\pythonstuff\wpimport\create_all_duplicates.py", line 226, in main
    new_product = duplicate_product(product_id)
                  ^^^^^^^^^^^^^^^^^^^^^^^^^^^^^
  File "C:\pythonstuff\wpimport\createduplicates.py", line 86, in duplicate_product
    resp = wcapi.get(f"products/{product_id}")
           ^^^^^^^^^^^^^^^^^^^^^^^^^^^^^^^^^^^
  File "C:\pythonstuff\wpimport\env\Lib\site-packages\woocommerce\api.py", line 106, in get
    return self.__request("GET", endpoint, None, **kwargs)
           ^^^^^^^^^^^^^^^^^^^^^^^^^^^^^^^^^^^^^^^^^^^^^^^
  File "C:\pythonstuff\wpimport\env\Lib\site-packages\woocommerce\api.py", line 92, in __request
    return request(
           ^^^^^^^^
  File "C:\pythonstuff\wpimport\env\Lib\site-packages\requests\api.py", line 59, in request
    return session.request(method=method, url=url, **kwargs)
           ^^^^^^^^^^^^^^^^^^^^^^^^^^^^^^^^^^^^^^^^^^^^^^^^^
  File "C:\pythonstuff\wpimport\env\Lib\site-packages\requests\sessions.py", line 589, in request
    resp = self.send(prep, **send_kwargs)
           ^^^^^^^^^^^^^^^^^^^^^^^^^^^^^^
  File "C:\pythonstuff\wpimport\env\Lib\site-packages\requests\sessions.py", line 703, in send
    r = adapter.send(request, **kwargs)
        ^^^^^^^^^^^^^^^^^^^^^^^^^^^^^^^
  File "C:\pythonstuff\wpimport\env\Lib\site-packages\requests\adapters.py", line 519, in send
    raise ConnectionError(e, request=request)
requests.exceptions.ConnectionError: HTTPSConnectionPool(host='shane.maxusvanparts.co.uk', port=443): Max retries exceeded with url: /wp-json/wc/v3/products/107122 (Caused by NameResolutionError("HTTPSConnection(host='shane.maxusvanparts.co.uk', port=443): Failed to resolve 'shane.maxusvanparts.co.uk' ([Errno 11001] getaddrinfo failed)"))
2026-09-16 17:53:38 INFO [566] Creating duplicate for product id=107089 sku=C00000076-3DA0 replacement_sku=C00213320
2026-09-16 17:53:38 ERROR [566] Unexpected error duplicating product id=107089
Traceback (most recent call last):
  File "C:\pythonstuff\wpimport\env\Lib\site-packages\urllib3\connection.py", line 204, in _new_conn
    sock = connection.create_connection(
           ^^^^^^^^^^^^^^^^^^^^^^^^^^^^^
  File "C:\pythonstuff\wpimport\env\Lib\site-packages\urllib3\util\connection.py", line 60, in create_connection
    for res in socket.getaddrinfo(host, port, family, socket.SOCK_STREAM):
               ^^^^^^^^^^^^^^^^^^^^^^^^^^^^^^^^^^^^^^^^^^^^^^^^^^^^^^^^^^
  File "C:\Users\User\AppData\Local\Programs\Python\Python312\Lib\socket.py", line 976, in getaddrinfo
    for res in _socket.getaddrinfo(host, port, family, type, proto, flags):
               ^^^^^^^^^^^^^^^^^^^^^^^^^^^^^^^^^^^^^^^^^^^^^^^^^^^^^^^^^^^
socket.gaierror: [Errno 11001] getaddrinfo failed

The above exception was the direct cause of the following exception:

Traceback (most recent call last):
  File "C:\pythonstuff\wpimport\env\Lib\site-packages\urllib3\connectionpool.py", line 787, in urlopen
    response = self._make_request(
               ^^^^^^^^^^^^^^^^^^^
  File "C:\pythonstuff\wpimport\env\Lib\site-packages\urllib3\connectionpool.py", line 488, in _make_request
    raise new_e
  File "C:\pythonstuff\wpimport\env\Lib\site-packages\urllib3\connectionpool.py", line 464, in _make_request
    self._validate_conn(conn)
  File "C:\pythonstuff\wpimport\env\Lib\site-packages\urllib3\connectionpool.py", line 1093, in _validate_conn
    conn.connect()
  File "C:\pythonstuff\wpimport\env\Lib\site-packages\urllib3\connection.py", line 759, in connect
    self.sock = sock = self._new_conn()
                       ^^^^^^^^^^^^^^^^
  File "C:\pythonstuff\wpimport\env\Lib\site-packages\urllib3\connection.py", line 211, in _new_conn
    raise NameResolutionError(self.host, self, e) from e
urllib3.exceptions.NameResolutionError: HTTPSConnection(host='shane.maxusvanparts.co.uk', port=443): Failed to resolve 'shane.maxusvanparts.co.uk' ([Errno 11001] getaddrinfo failed)

The above exception was the direct cause of the following exception:

Traceback (most recent call last):
  File "C:\pythonstuff\wpimport\env\Lib\site-packages\requests\adapters.py", line 486, in send
    resp = conn.urlopen(
           ^^^^^^^^^^^^^
  File "C:\pythonstuff\wpimport\env\Lib\site-packages\urllib3\connectionpool.py", line 841, in urlopen
    retries = retries.increment(
              ^^^^^^^^^^^^^^^^^^
  File "C:\pythonstuff\wpimport\env\Lib\site-packages\urllib3\util\retry.py", line 519, in increment
    raise MaxRetryError(_pool, url, reason) from reason  # type: ignore[arg-type]
    ^^^^^^^^^^^^^^^^^^^^^^^^^^^^^^^^^^^^^^^^^^^^^^^^^^^
urllib3.exceptions.MaxRetryError: HTTPSConnectionPool(host='shane.maxusvanparts.co.uk', port=443): Max retries exceeded with url: /wp-json/wc/v3/products/107089 (Caused by NameResolutionError("HTTPSConnection(host='shane.maxusvanparts.co.uk', port=443): Failed to resolve 'shane.maxusvanparts.co.uk' ([Errno 11001] getaddrinfo failed)"))

During handling of the above exception, another exception occurred:

Traceback (most recent call last):
  File "C:\pythonstuff\wpimport\create_all_duplicates.py", line 226, in main
    new_product = duplicate_product(product_id)
                  ^^^^^^^^^^^^^^^^^^^^^^^^^^^^^
  File "C:\pythonstuff\wpimport\createduplicates.py", line 86, in duplicate_product
    resp = wcapi.get(f"products/{product_id}")
           ^^^^^^^^^^^^^^^^^^^^^^^^^^^^^^^^^^^
  File "C:\pythonstuff\wpimport\env\Lib\site-packages\woocommerce\api.py", line 106, in get
    return self.__request("GET", endpoint, None, **kwargs)
           ^^^^^^^^^^^^^^^^^^^^^^^^^^^^^^^^^^^^^^^^^^^^^^^
  File "C:\pythonstuff\wpimport\env\Lib\site-packages\woocommerce\api.py", line 92, in __request
    return request(
           ^^^^^^^^
  File "C:\pythonstuff\wpimport\env\Lib\site-packages\requests\api.py", line 59, in request
    return session.request(method=method, url=url, **kwargs)
           ^^^^^^^^^^^^^^^^^^^^^^^^^^^^^^^^^^^^^^^^^^^^^^^^^
  File "C:\pythonstuff\wpimport\env\Lib\site-packages\requests\sessions.py", line 589, in request
    resp = self.send(prep, **send_kwargs)
           ^^^^^^^^^^^^^^^^^^^^^^^^^^^^^^
  File "C:\pythonstuff\wpimport\env\Lib\site-packages\requests\sessions.py", line 703, in send
    r = adapter.send(request, **kwargs)
        ^^^^^^^^^^^^^^^^^^^^^^^^^^^^^^^
  File "C:\pythonstuff\wpimport\env\Lib\site-packages\requests\adapters.py", line 519, in send
    raise ConnectionError(e, request=request)
requests.exceptions.ConnectionError: HTTPSConnectionPool(host='shane.maxusvanparts.co.uk', port=443): Max retries exceeded with url: /wp-json/wc/v3/products/107089 (Caused by NameResolutionError("HTTPSConnection(host='shane.maxusvanparts.co.uk', port=443): Failed to resolve 'shane.maxusvanparts.co.uk' ([Errno 11001] getaddrinfo failed)"))
2026-09-16 17:53:38 INFO [567] Creating duplicate for product id=107060 sku=C00036515-2F64 replacement_sku=C00079109
2026-09-16 17:53:38 ERROR [567] Unexpected error duplicating product id=107060
Traceback (most recent call last):
  File "C:\pythonstuff\wpimport\env\Lib\site-packages\urllib3\connection.py", line 204, in _new_conn
    sock = connection.create_connection(
           ^^^^^^^^^^^^^^^^^^^^^^^^^^^^^
  File "C:\pythonstuff\wpimport\env\Lib\site-packages\urllib3\util\connection.py", line 60, in create_connection
    for res in socket.getaddrinfo(host, port, family, socket.SOCK_STREAM):
               ^^^^^^^^^^^^^^^^^^^^^^^^^^^^^^^^^^^^^^^^^^^^^^^^^^^^^^^^^^
  File "C:\Users\User\AppData\Local\Programs\Python\Python312\Lib\socket.py", line 976, in getaddrinfo
    for res in _socket.getaddrinfo(host, port, family, type, proto, flags):
               ^^^^^^^^^^^^^^^^^^^^^^^^^^^^^^^^^^^^^^^^^^^^^^^^^^^^^^^^^^^
socket.gaierror: [Errno 11001] getaddrinfo failed

The above exception was the direct cause of the following exception:

Traceback (most recent call last):
  File "C:\pythonstuff\wpimport\env\Lib\site-packages\urllib3\connectionpool.py", line 787, in urlopen
    response = self._make_request(
               ^^^^^^^^^^^^^^^^^^^
  File "C:\pythonstuff\wpimport\env\Lib\site-packages\urllib3\connectionpool.py", line 488, in _make_request
    raise new_e
  File "C:\pythonstuff\wpimport\env\Lib\site-packages\urllib3\connectionpool.py", line 464, in _make_request
    self._validate_conn(conn)
  File "C:\pythonstuff\wpimport\env\Lib\site-packages\urllib3\connectionpool.py", line 1093, in _validate_conn
    conn.connect()
  File "C:\pythonstuff\wpimport\env\Lib\site-packages\urllib3\connection.py", line 759, in connect
    self.sock = sock = self._new_conn()
                       ^^^^^^^^^^^^^^^^
  File "C:\pythonstuff\wpimport\env\Lib\site-packages\urllib3\connection.py", line 211, in _new_conn
    raise NameResolutionError(self.host, self, e) from e
urllib3.exceptions.NameResolutionError: HTTPSConnection(host='shane.maxusvanparts.co.uk', port=443): Failed to resolve 'shane.maxusvanparts.co.uk' ([Errno 11001] getaddrinfo failed)

The above exception was the direct cause of the following exception:

Traceback (most recent call last):
  File "C:\pythonstuff\wpimport\env\Lib\site-packages\requests\adapters.py", line 486, in send
    resp = conn.urlopen(
           ^^^^^^^^^^^^^
  File "C:\pythonstuff\wpimport\env\Lib\site-packages\urllib3\connectionpool.py", line 841, in urlopen
    retries = retries.increment(
              ^^^^^^^^^^^^^^^^^^
  File "C:\pythonstuff\wpimport\env\Lib\site-packages\urllib3\util\retry.py", line 519, in increment
    raise MaxRetryError(_pool, url, reason) from reason  # type: ignore[arg-type]
    ^^^^^^^^^^^^^^^^^^^^^^^^^^^^^^^^^^^^^^^^^^^^^^^^^^^
urllib3.exceptions.MaxRetryError: HTTPSConnectionPool(host='shane.maxusvanparts.co.uk', port=443): Max retries exceeded with url: /wp-json/wc/v3/products/107060 (Caused by NameResolutionError("HTTPSConnection(host='shane.maxusvanparts.co.uk', port=443): Failed to resolve 'shane.maxusvanparts.co.uk' ([Errno 11001] getaddrinfo failed)"))

During handling of the above exception, another exception occurred:

Traceback (most recent call last):
  File "C:\pythonstuff\wpimport\create_all_duplicates.py", line 226, in main
    new_product = duplicate_product(product_id)
                  ^^^^^^^^^^^^^^^^^^^^^^^^^^^^^
  File "C:\pythonstuff\wpimport\createduplicates.py", line 86, in duplicate_product
    resp = wcapi.get(f"products/{product_id}")
           ^^^^^^^^^^^^^^^^^^^^^^^^^^^^^^^^^^^
  File "C:\pythonstuff\wpimport\env\Lib\site-packages\woocommerce\api.py", line 106, in get
    return self.__request("GET", endpoint, None, **kwargs)
           ^^^^^^^^^^^^^^^^^^^^^^^^^^^^^^^^^^^^^^^^^^^^^^^
  File "C:\pythonstuff\wpimport\env\Lib\site-packages\woocommerce\api.py", line 92, in __request
    return request(
           ^^^^^^^^
  File "C:\pythonstuff\wpimport\env\Lib\site-packages\requests\api.py", line 59, in request
    return session.request(method=method, url=url, **kwargs)
           ^^^^^^^^^^^^^^^^^^^^^^^^^^^^^^^^^^^^^^^^^^^^^^^^^
  File "C:\pythonstuff\wpimport\env\Lib\site-packages\requests\sessions.py", line 589, in request
    resp = self.send(prep, **send_kwargs)
           ^^^^^^^^^^^^^^^^^^^^^^^^^^^^^^
  File "C:\pythonstuff\wpimport\env\Lib\site-packages\requests\sessions.py", line 703, in send
    r = adapter.send(request, **kwargs)
        ^^^^^^^^^^^^^^^^^^^^^^^^^^^^^^^
  File "C:\pythonstuff\wpimport\env\Lib\site-packages\requests\adapters.py", line 519, in send
    raise ConnectionError(e, request=request)
requests.exceptions.ConnectionError: HTTPSConnectionPool(host='shane.maxusvanparts.co.uk', port=443): Max retries exceeded with url: /wp-json/wc/v3/products/107060 (Caused by NameResolutionError("HTTPSConnection(host='shane.maxusvanparts.co.uk', port=443): Failed to resolve 'shane.maxusvanparts.co.uk' ([Errno 11001] getaddrinfo failed)"))
2026-09-16 17:53:38 INFO [568] Creating duplicate for product id=106978 sku=C00046361-BBEC replacement_sku=C00271393
2026-09-16 17:53:38 ERROR [568] Unexpected error duplicating product id=106978
Traceback (most recent call last):
  File "C:\pythonstuff\wpimport\env\Lib\site-packages\urllib3\connection.py", line 204, in _new_conn
    sock = connection.create_connection(
           ^^^^^^^^^^^^^^^^^^^^^^^^^^^^^
  File "C:\pythonstuff\wpimport\env\Lib\site-packages\urllib3\util\connection.py", line 60, in create_connection
    for res in socket.getaddrinfo(host, port, family, socket.SOCK_STREAM):
               ^^^^^^^^^^^^^^^^^^^^^^^^^^^^^^^^^^^^^^^^^^^^^^^^^^^^^^^^^^
  File "C:\Users\User\AppData\Local\Programs\Python\Python312\Lib\socket.py", line 976, in getaddrinfo
    for res in _socket.getaddrinfo(host, port, family, type, proto, flags):
               ^^^^^^^^^^^^^^^^^^^^^^^^^^^^^^^^^^^^^^^^^^^^^^^^^^^^^^^^^^^
socket.gaierror: [Errno 11001] getaddrinfo failed

The above exception was the direct cause of the following exception:

Traceback (most recent call last):
  File "C:\pythonstuff\wpimport\env\Lib\site-packages\urllib3\connectionpool.py", line 787, in urlopen
    response = self._make_request(
               ^^^^^^^^^^^^^^^^^^^
  File "C:\pythonstuff\wpimport\env\Lib\site-packages\urllib3\connectionpool.py", line 488, in _make_request
    raise new_e
  File "C:\pythonstuff\wpimport\env\Lib\site-packages\urllib3\connectionpool.py", line 464, in _make_request
    self._validate_conn(conn)
  File "C:\pythonstuff\wpimport\env\Lib\site-packages\urllib3\connectionpool.py", line 1093, in _validate_conn
    conn.connect()
  File "C:\pythonstuff\wpimport\env\Lib\site-packages\urllib3\connection.py", line 759, in connect
    self.sock = sock = self._new_conn()
                       ^^^^^^^^^^^^^^^^
  File "C:\pythonstuff\wpimport\env\Lib\site-packages\urllib3\connection.py", line 211, in _new_conn
    raise NameResolutionError(self.host, self, e) from e
urllib3.exceptions.NameResolutionError: HTTPSConnection(host='shane.maxusvanparts.co.uk', port=443): Failed to resolve 'shane.maxusvanparts.co.uk' ([Errno 11001] getaddrinfo failed)

The above exception was the direct cause of the following exception:

Traceback (most recent call last):
  File "C:\pythonstuff\wpimport\env\Lib\site-packages\requests\adapters.py", line 486, in send
    resp = conn.urlopen(
           ^^^^^^^^^^^^^
  File "C:\pythonstuff\wpimport\env\Lib\site-packages\urllib3\connectionpool.py", line 841, in urlopen
    retries = retries.increment(
              ^^^^^^^^^^^^^^^^^^
  File "C:\pythonstuff\wpimport\env\Lib\site-packages\urllib3\util\retry.py", line 519, in increment
    raise MaxRetryError(_pool, url, reason) from reason  # type: ignore[arg-type]
    ^^^^^^^^^^^^^^^^^^^^^^^^^^^^^^^^^^^^^^^^^^^^^^^^^^^
urllib3.exceptions.MaxRetryError: HTTPSConnectionPool(host='shane.maxusvanparts.co.uk', port=443): Max retries exceeded with url: /wp-json/wc/v3/products/106978 (Caused by NameResolutionError("HTTPSConnection(host='shane.maxusvanparts.co.uk', port=443): Failed to resolve 'shane.maxusvanparts.co.uk' ([Errno 11001] getaddrinfo failed)"))

During handling of the above exception, another exception occurred:

Traceback (most recent call last):
  File "C:\pythonstuff\wpimport\create_all_duplicates.py", line 226, in main
    new_product = duplicate_product(product_id)
                  ^^^^^^^^^^^^^^^^^^^^^^^^^^^^^
  File "C:\pythonstuff\wpimport\createduplicates.py", line 86, in duplicate_product
    resp = wcapi.get(f"products/{product_id}")
           ^^^^^^^^^^^^^^^^^^^^^^^^^^^^^^^^^^^
  File "C:\pythonstuff\wpimport\env\Lib\site-packages\woocommerce\api.py", line 106, in get
    return self.__request("GET", endpoint, None, **kwargs)
           ^^^^^^^^^^^^^^^^^^^^^^^^^^^^^^^^^^^^^^^^^^^^^^^
  File "C:\pythonstuff\wpimport\env\Lib\site-packages\woocommerce\api.py", line 92, in __request
    return request(
           ^^^^^^^^
  File "C:\pythonstuff\wpimport\env\Lib\site-packages\requests\api.py", line 59, in request
    return session.request(method=method, url=url, **kwargs)
           ^^^^^^^^^^^^^^^^^^^^^^^^^^^^^^^^^^^^^^^^^^^^^^^^^
  File "C:\pythonstuff\wpimport\env\Lib\site-packages\requests\sessions.py", line 589, in request
    resp = self.send(prep, **send_kwargs)
           ^^^^^^^^^^^^^^^^^^^^^^^^^^^^^^
  File "C:\pythonstuff\wpimport\env\Lib\site-packages\requests\sessions.py", line 703, in send
    r = adapter.send(request, **kwargs)
        ^^^^^^^^^^^^^^^^^^^^^^^^^^^^^^^
  File "C:\pythonstuff\wpimport\env\Lib\site-packages\requests\adapters.py", line 519, in send
    raise ConnectionError(e, request=request)
requests.exceptions.ConnectionError: HTTPSConnectionPool(host='shane.maxusvanparts.co.uk', port=443): Max retries exceeded with url: /wp-json/wc/v3/products/106978 (Caused by NameResolutionError("HTTPSConnection(host='shane.maxusvanparts.co.uk', port=443): Failed to resolve 'shane.maxusvanparts.co.uk' ([Errno 11001] getaddrinfo failed)"))
2026-09-16 17:53:38 INFO [569] Creating duplicate for product id=106975 sku=C00088001-9079 replacement_sku=C00066126
2026-09-16 17:53:38 ERROR [569] Unexpected error duplicating product id=106975
Traceback (most recent call last):
  File "C:\pythonstuff\wpimport\env\Lib\site-packages\urllib3\connection.py", line 204, in _new_conn
    sock = connection.create_connection(
           ^^^^^^^^^^^^^^^^^^^^^^^^^^^^^
  File "C:\pythonstuff\wpimport\env\Lib\site-packages\urllib3\util\connection.py", line 60, in create_connection
    for res in socket.getaddrinfo(host, port, family, socket.SOCK_STREAM):
               ^^^^^^^^^^^^^^^^^^^^^^^^^^^^^^^^^^^^^^^^^^^^^^^^^^^^^^^^^^
  File "C:\Users\User\AppData\Local\Programs\Python\Python312\Lib\socket.py", line 976, in getaddrinfo
    for res in _socket.getaddrinfo(host, port, family, type, proto, flags):
               ^^^^^^^^^^^^^^^^^^^^^^^^^^^^^^^^^^^^^^^^^^^^^^^^^^^^^^^^^^^
socket.gaierror: [Errno 11001] getaddrinfo failed

The above exception was the direct cause of the following exception:

Traceback (most recent call last):
  File "C:\pythonstuff\wpimport\env\Lib\site-packages\urllib3\connectionpool.py", line 787, in urlopen
    response = self._make_request(
               ^^^^^^^^^^^^^^^^^^^
  File "C:\pythonstuff\wpimport\env\Lib\site-packages\urllib3\connectionpool.py", line 488, in _make_request
    raise new_e
  File "C:\pythonstuff\wpimport\env\Lib\site-packages\urllib3\connectionpool.py", line 464, in _make_request
    self._validate_conn(conn)
  File "C:\pythonstuff\wpimport\env\Lib\site-packages\urllib3\connectionpool.py", line 1093, in _validate_conn
    conn.connect()
  File "C:\pythonstuff\wpimport\env\Lib\site-packages\urllib3\connection.py", line 759, in connect
    self.sock = sock = self._new_conn()
                       ^^^^^^^^^^^^^^^^
  File "C:\pythonstuff\wpimport\env\Lib\site-packages\urllib3\connection.py", line 211, in _new_conn
    raise NameResolutionError(self.host, self, e) from e
urllib3.exceptions.NameResolutionError: HTTPSConnection(host='shane.maxusvanparts.co.uk', port=443): Failed to resolve 'shane.maxusvanparts.co.uk' ([Errno 11001] getaddrinfo failed)

The above exception was the direct cause of the following exception:

Traceback (most recent call last):
  File "C:\pythonstuff\wpimport\env\Lib\site-packages\requests\adapters.py", line 486, in send
    resp = conn.urlopen(
           ^^^^^^^^^^^^^
  File "C:\pythonstuff\wpimport\env\Lib\site-packages\urllib3\connectionpool.py", line 841, in urlopen
    retries = retries.increment(
              ^^^^^^^^^^^^^^^^^^
  File "C:\pythonstuff\wpimport\env\Lib\site-packages\urllib3\util\retry.py", line 519, in increment
    raise MaxRetryError(_pool, url, reason) from reason  # type: ignore[arg-type]
    ^^^^^^^^^^^^^^^^^^^^^^^^^^^^^^^^^^^^^^^^^^^^^^^^^^^
urllib3.exceptions.MaxRetryError: HTTPSConnectionPool(host='shane.maxusvanparts.co.uk', port=443): Max retries exceeded with url: /wp-json/wc/v3/products/106975 (Caused by NameResolutionError("HTTPSConnection(host='shane.maxusvanparts.co.uk', port=443): Failed to resolve 'shane.maxusvanparts.co.uk' ([Errno 11001] getaddrinfo failed)"))

During handling of the above exception, another exception occurred:

Traceback (most recent call last):
  File "C:\pythonstuff\wpimport\create_all_duplicates.py", line 226, in main
    new_product = duplicate_product(product_id)
                  ^^^^^^^^^^^^^^^^^^^^^^^^^^^^^
  File "C:\pythonstuff\wpimport\createduplicates.py", line 86, in duplicate_product
    resp = wcapi.get(f"products/{product_id}")
           ^^^^^^^^^^^^^^^^^^^^^^^^^^^^^^^^^^^
  File "C:\pythonstuff\wpimport\env\Lib\site-packages\woocommerce\api.py", line 106, in get
    return self.__request("GET", endpoint, None, **kwargs)
           ^^^^^^^^^^^^^^^^^^^^^^^^^^^^^^^^^^^^^^^^^^^^^^^
  File "C:\pythonstuff\wpimport\env\Lib\site-packages\woocommerce\api.py", line 92, in __request
    return request(
           ^^^^^^^^
  File "C:\pythonstuff\wpimport\env\Lib\site-packages\requests\api.py", line 59, in request
    return session.request(method=method, url=url, **kwargs)
           ^^^^^^^^^^^^^^^^^^^^^^^^^^^^^^^^^^^^^^^^^^^^^^^^^
  File "C:\pythonstuff\wpimport\env\Lib\site-packages\requests\sessions.py", line 589, in request
    resp = self.send(prep, **send_kwargs)
           ^^^^^^^^^^^^^^^^^^^^^^^^^^^^^^
  File "C:\pythonstuff\wpimport\env\Lib\site-packages\requests\sessions.py", line 703, in send
    r = adapter.send(request, **kwargs)
        ^^^^^^^^^^^^^^^^^^^^^^^^^^^^^^^
  File "C:\pythonstuff\wpimport\env\Lib\site-packages\requests\adapters.py", line 519, in send
    raise ConnectionError(e, request=request)
requests.exceptions.ConnectionError: HTTPSConnectionPool(host='shane.maxusvanparts.co.uk', port=443): Max retries exceeded with url: /wp-json/wc/v3/products/106975 (Caused by NameResolutionError("HTTPSConnection(host='shane.maxusvanparts.co.uk', port=443): Failed to resolve 'shane.maxusvanparts.co.uk' ([Errno 11001] getaddrinfo failed)"))
2026-09-16 17:53:38 INFO [570] Creating duplicate for product id=107013 sku=C00054397-CC34 replacement_sku=C00104624
2026-09-16 17:53:38 ERROR [570] Unexpected error duplicating product id=107013
Traceback (most recent call last):
  File "C:\pythonstuff\wpimport\env\Lib\site-packages\urllib3\connection.py", line 204, in _new_conn
    sock = connection.create_connection(
           ^^^^^^^^^^^^^^^^^^^^^^^^^^^^^
  File "C:\pythonstuff\wpimport\env\Lib\site-packages\urllib3\util\connection.py", line 60, in create_connection
    for res in socket.getaddrinfo(host, port, family, socket.SOCK_STREAM):
               ^^^^^^^^^^^^^^^^^^^^^^^^^^^^^^^^^^^^^^^^^^^^^^^^^^^^^^^^^^
  File "C:\Users\User\AppData\Local\Programs\Python\Python312\Lib\socket.py", line 976, in getaddrinfo
    for res in _socket.getaddrinfo(host, port, family, type, proto, flags):
               ^^^^^^^^^^^^^^^^^^^^^^^^^^^^^^^^^^^^^^^^^^^^^^^^^^^^^^^^^^^
socket.gaierror: [Errno 11001] getaddrinfo failed

The above exception was the direct cause of the following exception:

Traceback (most recent call last):
  File "C:\pythonstuff\wpimport\env\Lib\site-packages\urllib3\connectionpool.py", line 787, in urlopen
    response = self._make_request(
               ^^^^^^^^^^^^^^^^^^^
  File "C:\pythonstuff\wpimport\env\Lib\site-packages\urllib3\connectionpool.py", line 488, in _make_request
    raise new_e
  File "C:\pythonstuff\wpimport\env\Lib\site-packages\urllib3\connectionpool.py", line 464, in _make_request
    self._validate_conn(conn)
  File "C:\pythonstuff\wpimport\env\Lib\site-packages\urllib3\connectionpool.py", line 1093, in _validate_conn
    conn.connect()
  File "C:\pythonstuff\wpimport\env\Lib\site-packages\urllib3\connection.py", line 759, in connect
    self.sock = sock = self._new_conn()
                       ^^^^^^^^^^^^^^^^
  File "C:\pythonstuff\wpimport\env\Lib\site-packages\urllib3\connection.py", line 211, in _new_conn
    raise NameResolutionError(self.host, self, e) from e
urllib3.exceptions.NameResolutionError: HTTPSConnection(host='shane.maxusvanparts.co.uk', port=443): Failed to resolve 'shane.maxusvanparts.co.uk' ([Errno 11001] getaddrinfo failed)

The above exception was the direct cause of the following exception:

Traceback (most recent call last):
  File "C:\pythonstuff\wpimport\env\Lib\site-packages\requests\adapters.py", line 486, in send
    resp = conn.urlopen(
           ^^^^^^^^^^^^^
  File "C:\pythonstuff\wpimport\env\Lib\site-packages\urllib3\connectionpool.py", line 841, in urlopen
    retries = retries.increment(
              ^^^^^^^^^^^^^^^^^^
  File "C:\pythonstuff\wpimport\env\Lib\site-packages\urllib3\util\retry.py", line 519, in increment
    raise MaxRetryError(_pool, url, reason) from reason  # type: ignore[arg-type]
    ^^^^^^^^^^^^^^^^^^^^^^^^^^^^^^^^^^^^^^^^^^^^^^^^^^^
urllib3.exceptions.MaxRetryError: HTTPSConnectionPool(host='shane.maxusvanparts.co.uk', port=443): Max retries exceeded with url: /wp-json/wc/v3/products/107013 (Caused by NameResolutionError("HTTPSConnection(host='shane.maxusvanparts.co.uk', port=443): Failed to resolve 'shane.maxusvanparts.co.uk' ([Errno 11001] getaddrinfo failed)"))

During handling of the above exception, another exception occurred:

Traceback (most recent call last):
  File "C:\pythonstuff\wpimport\create_all_duplicates.py", line 226, in main
    new_product = duplicate_product(product_id)
                  ^^^^^^^^^^^^^^^^^^^^^^^^^^^^^
  File "C:\pythonstuff\wpimport\createduplicates.py", line 86, in duplicate_product
    resp = wcapi.get(f"products/{product_id}")
           ^^^^^^^^^^^^^^^^^^^^^^^^^^^^^^^^^^^
  File "C:\pythonstuff\wpimport\env\Lib\site-packages\woocommerce\api.py", line 106, in get
    return self.__request("GET", endpoint, None, **kwargs)
           ^^^^^^^^^^^^^^^^^^^^^^^^^^^^^^^^^^^^^^^^^^^^^^^
  File "C:\pythonstuff\wpimport\env\Lib\site-packages\woocommerce\api.py", line 92, in __request
    return request(
           ^^^^^^^^
  File "C:\pythonstuff\wpimport\env\Lib\site-packages\requests\api.py", line 59, in request
    return session.request(method=method, url=url, **kwargs)
           ^^^^^^^^^^^^^^^^^^^^^^^^^^^^^^^^^^^^^^^^^^^^^^^^^
  File "C:\pythonstuff\wpimport\env\Lib\site-packages\requests\sessions.py", line 589, in request
    resp = self.send(prep, **send_kwargs)
           ^^^^^^^^^^^^^^^^^^^^^^^^^^^^^^
  File "C:\pythonstuff\wpimport\env\Lib\site-packages\requests\sessions.py", line 703, in send
    r = adapter.send(request, **kwargs)
        ^^^^^^^^^^^^^^^^^^^^^^^^^^^^^^^
  File "C:\pythonstuff\wpimport\env\Lib\site-packages\requests\adapters.py", line 519, in send
    raise ConnectionError(e, request=request)
requests.exceptions.ConnectionError: HTTPSConnectionPool(host='shane.maxusvanparts.co.uk', port=443): Max retries exceeded with url: /wp-json/wc/v3/products/107013 (Caused by NameResolutionError("HTTPSConnection(host='shane.maxusvanparts.co.uk', port=443): Failed to resolve 'shane.maxusvanparts.co.uk' ([Errno 11001] getaddrinfo failed)"))
2026-09-16 17:53:38 INFO [571] Creating duplicate for product id=107018 sku=C00036351-B-B6B8 replacement_sku=C00313281
2026-09-16 17:53:38 ERROR [571] Unexpected error duplicating product id=107018
Traceback (most recent call last):
  File "C:\pythonstuff\wpimport\env\Lib\site-packages\urllib3\connection.py", line 204, in _new_conn
    sock = connection.create_connection(
           ^^^^^^^^^^^^^^^^^^^^^^^^^^^^^
  File "C:\pythonstuff\wpimport\env\Lib\site-packages\urllib3\util\connection.py", line 60, in create_connection
    for res in socket.getaddrinfo(host, port, family, socket.SOCK_STREAM):
               ^^^^^^^^^^^^^^^^^^^^^^^^^^^^^^^^^^^^^^^^^^^^^^^^^^^^^^^^^^
  File "C:\Users\User\AppData\Local\Programs\Python\Python312\Lib\socket.py", line 976, in getaddrinfo
    for res in _socket.getaddrinfo(host, port, family, type, proto, flags):
               ^^^^^^^^^^^^^^^^^^^^^^^^^^^^^^^^^^^^^^^^^^^^^^^^^^^^^^^^^^^
socket.gaierror: [Errno 11001] getaddrinfo failed

The above exception was the direct cause of the following exception:

Traceback (most recent call last):
  File "C:\pythonstuff\wpimport\env\Lib\site-packages\urllib3\connectionpool.py", line 787, in urlopen
    response = self._make_request(
               ^^^^^^^^^^^^^^^^^^^
  File "C:\pythonstuff\wpimport\env\Lib\site-packages\urllib3\connectionpool.py", line 488, in _make_request
    raise new_e
  File "C:\pythonstuff\wpimport\env\Lib\site-packages\urllib3\connectionpool.py", line 464, in _make_request
    self._validate_conn(conn)
  File "C:\pythonstuff\wpimport\env\Lib\site-packages\urllib3\connectionpool.py", line 1093, in _validate_conn
    conn.connect()
  File "C:\pythonstuff\wpimport\env\Lib\site-packages\urllib3\connection.py", line 759, in connect
    self.sock = sock = self._new_conn()
                       ^^^^^^^^^^^^^^^^
  File "C:\pythonstuff\wpimport\env\Lib\site-packages\urllib3\connection.py", line 211, in _new_conn
    raise NameResolutionError(self.host, self, e) from e
urllib3.exceptions.NameResolutionError: HTTPSConnection(host='shane.maxusvanparts.co.uk', port=443): Failed to resolve 'shane.maxusvanparts.co.uk' ([Errno 11001] getaddrinfo failed)

The above exception was the direct cause of the following exception:

Traceback (most recent call last):
  File "C:\pythonstuff\wpimport\env\Lib\site-packages\requests\adapters.py", line 486, in send
    resp = conn.urlopen(
           ^^^^^^^^^^^^^
  File "C:\pythonstuff\wpimport\env\Lib\site-packages\urllib3\connectionpool.py", line 841, in urlopen
    retries = retries.increment(
              ^^^^^^^^^^^^^^^^^^
  File "C:\pythonstuff\wpimport\env\Lib\site-packages\urllib3\util\retry.py", line 519, in increment
    raise MaxRetryError(_pool, url, reason) from reason  # type: ignore[arg-type]
    ^^^^^^^^^^^^^^^^^^^^^^^^^^^^^^^^^^^^^^^^^^^^^^^^^^^
urllib3.exceptions.MaxRetryError: HTTPSConnectionPool(host='shane.maxusvanparts.co.uk', port=443): Max retries exceeded with url: /wp-json/wc/v3/products/107018 (Caused by NameResolutionError("HTTPSConnection(host='shane.maxusvanparts.co.uk', port=443): Failed to resolve 'shane.maxusvanparts.co.uk' ([Errno 11001] getaddrinfo failed)"))

During handling of the above exception, another exception occurred:

Traceback (most recent call last):
  File "C:\pythonstuff\wpimport\create_all_duplicates.py", line 226, in main
    new_product = duplicate_product(product_id)
                  ^^^^^^^^^^^^^^^^^^^^^^^^^^^^^
  File "C:\pythonstuff\wpimport\createduplicates.py", line 86, in duplicate_product
    resp = wcapi.get(f"products/{product_id}")
           ^^^^^^^^^^^^^^^^^^^^^^^^^^^^^^^^^^^
  File "C:\pythonstuff\wpimport\env\Lib\site-packages\woocommerce\api.py", line 106, in get
    return self.__request("GET", endpoint, None, **kwargs)
           ^^^^^^^^^^^^^^^^^^^^^^^^^^^^^^^^^^^^^^^^^^^^^^^
  File "C:\pythonstuff\wpimport\env\Lib\site-packages\woocommerce\api.py", line 92, in __request
    return request(
           ^^^^^^^^
  File "C:\pythonstuff\wpimport\env\Lib\site-packages\requests\api.py", line 59, in request
    return session.request(method=method, url=url, **kwargs)
           ^^^^^^^^^^^^^^^^^^^^^^^^^^^^^^^^^^^^^^^^^^^^^^^^^
  File "C:\pythonstuff\wpimport\env\Lib\site-packages\requests\sessions.py", line 589, in request
    resp = self.send(prep, **send_kwargs)
           ^^^^^^^^^^^^^^^^^^^^^^^^^^^^^^
  File "C:\pythonstuff\wpimport\env\Lib\site-packages\requests\sessions.py", line 703, in send
    r = adapter.send(request, **kwargs)
        ^^^^^^^^^^^^^^^^^^^^^^^^^^^^^^^
  File "C:\pythonstuff\wpimport\env\Lib\site-packages\requests\adapters.py", line 519, in send
    raise ConnectionError(e, request=request)
requests.exceptions.ConnectionError: HTTPSConnectionPool(host='shane.maxusvanparts.co.uk', port=443): Max retries exceeded with url: /wp-json/wc/v3/products/107018 (Caused by NameResolutionError("HTTPSConnection(host='shane.maxusvanparts.co.uk', port=443): Failed to resolve 'shane.maxusvanparts.co.uk' ([Errno 11001] getaddrinfo failed)"))
2026-09-16 17:53:38 INFO [572] Creating duplicate for product id=106943 sku=C00003663-CD0B replacement_sku=C00107689
2026-09-16 17:53:38 ERROR [572] Unexpected error duplicating product id=106943
Traceback (most recent call last):
  File "C:\pythonstuff\wpimport\env\Lib\site-packages\urllib3\connection.py", line 204, in _new_conn
    sock = connection.create_connection(
           ^^^^^^^^^^^^^^^^^^^^^^^^^^^^^
  File "C:\pythonstuff\wpimport\env\Lib\site-packages\urllib3\util\connection.py", line 60, in create_connection
    for res in socket.getaddrinfo(host, port, family, socket.SOCK_STREAM):
               ^^^^^^^^^^^^^^^^^^^^^^^^^^^^^^^^^^^^^^^^^^^^^^^^^^^^^^^^^^
  File "C:\Users\User\AppData\Local\Programs\Python\Python312\Lib\socket.py", line 976, in getaddrinfo
    for res in _socket.getaddrinfo(host, port, family, type, proto, flags):
               ^^^^^^^^^^^^^^^^^^^^^^^^^^^^^^^^^^^^^^^^^^^^^^^^^^^^^^^^^^^
socket.gaierror: [Errno 11001] getaddrinfo failed

The above exception was the direct cause of the following exception:

Traceback (most recent call last):
  File "C:\pythonstuff\wpimport\env\Lib\site-packages\urllib3\connectionpool.py", line 787, in urlopen
    response = self._make_request(
               ^^^^^^^^^^^^^^^^^^^
  File "C:\pythonstuff\wpimport\env\Lib\site-packages\urllib3\connectionpool.py", line 488, in _make_request
    raise new_e
  File "C:\pythonstuff\wpimport\env\Lib\site-packages\urllib3\connectionpool.py", line 464, in _make_request
    self._validate_conn(conn)
  File "C:\pythonstuff\wpimport\env\Lib\site-packages\urllib3\connectionpool.py", line 1093, in _validate_conn
    conn.connect()
  File "C:\pythonstuff\wpimport\env\Lib\site-packages\urllib3\connection.py", line 759, in connect
    self.sock = sock = self._new_conn()
                       ^^^^^^^^^^^^^^^^
  File "C:\pythonstuff\wpimport\env\Lib\site-packages\urllib3\connection.py", line 211, in _new_conn
    raise NameResolutionError(self.host, self, e) from e
urllib3.exceptions.NameResolutionError: HTTPSConnection(host='shane.maxusvanparts.co.uk', port=443): Failed to resolve 'shane.maxusvanparts.co.uk' ([Errno 11001] getaddrinfo failed)

The above exception was the direct cause of the following exception:

Traceback (most recent call last):
  File "C:\pythonstuff\wpimport\env\Lib\site-packages\requests\adapters.py", line 486, in send
    resp = conn.urlopen(
           ^^^^^^^^^^^^^
  File "C:\pythonstuff\wpimport\env\Lib\site-packages\urllib3\connectionpool.py", line 841, in urlopen
    retries = retries.increment(
              ^^^^^^^^^^^^^^^^^^
  File "C:\pythonstuff\wpimport\env\Lib\site-packages\urllib3\util\retry.py", line 519, in increment
    raise MaxRetryError(_pool, url, reason) from reason  # type: ignore[arg-type]
    ^^^^^^^^^^^^^^^^^^^^^^^^^^^^^^^^^^^^^^^^^^^^^^^^^^^
urllib3.exceptions.MaxRetryError: HTTPSConnectionPool(host='shane.maxusvanparts.co.uk', port=443): Max retries exceeded with url: /wp-json/wc/v3/products/106943 (Caused by NameResolutionError("HTTPSConnection(host='shane.maxusvanparts.co.uk', port=443): Failed to resolve 'shane.maxusvanparts.co.uk' ([Errno 11001] getaddrinfo failed)"))

During handling of the above exception, another exception occurred:

Traceback (most recent call last):
  File "C:\pythonstuff\wpimport\create_all_duplicates.py", line 226, in main
    new_product = duplicate_product(product_id)
                  ^^^^^^^^^^^^^^^^^^^^^^^^^^^^^
  File "C:\pythonstuff\wpimport\createduplicates.py", line 86, in duplicate_product
    resp = wcapi.get(f"products/{product_id}")
           ^^^^^^^^^^^^^^^^^^^^^^^^^^^^^^^^^^^
  File "C:\pythonstuff\wpimport\env\Lib\site-packages\woocommerce\api.py", line 106, in get
    return self.__request("GET", endpoint, None, **kwargs)
           ^^^^^^^^^^^^^^^^^^^^^^^^^^^^^^^^^^^^^^^^^^^^^^^
  File "C:\pythonstuff\wpimport\env\Lib\site-packages\woocommerce\api.py", line 92, in __request
    return request(
           ^^^^^^^^
  File "C:\pythonstuff\wpimport\env\Lib\site-packages\requests\api.py", line 59, in request
    return session.request(method=method, url=url, **kwargs)
           ^^^^^^^^^^^^^^^^^^^^^^^^^^^^^^^^^^^^^^^^^^^^^^^^^
  File "C:\pythonstuff\wpimport\env\Lib\site-packages\requests\sessions.py", line 589, in request
    resp = self.send(prep, **send_kwargs)
           ^^^^^^^^^^^^^^^^^^^^^^^^^^^^^^
  File "C:\pythonstuff\wpimport\env\Lib\site-packages\requests\sessions.py", line 703, in send
    r = adapter.send(request, **kwargs)
        ^^^^^^^^^^^^^^^^^^^^^^^^^^^^^^^
  File "C:\pythonstuff\wpimport\env\Lib\site-packages\requests\adapters.py", line 519, in send
    raise ConnectionError(e, request=request)
requests.exceptions.ConnectionError: HTTPSConnectionPool(host='shane.maxusvanparts.co.uk', port=443): Max retries exceeded with url: /wp-json/wc/v3/products/106943 (Caused by NameResolutionError("HTTPSConnection(host='shane.maxusvanparts.co.uk', port=443): Failed to resolve 'shane.maxusvanparts.co.uk' ([Errno 11001] getaddrinfo failed)"))
2026-09-16 17:53:38 INFO [573] Creating duplicate for product id=106948 sku=C00117604-8D87 replacement_sku=C00217632
2026-09-16 17:53:38 ERROR [573] Unexpected error duplicating product id=106948
Traceback (most recent call last):
  File "C:\pythonstuff\wpimport\env\Lib\site-packages\urllib3\connection.py", line 204, in _new_conn
    sock = connection.create_connection(
           ^^^^^^^^^^^^^^^^^^^^^^^^^^^^^
  File "C:\pythonstuff\wpimport\env\Lib\site-packages\urllib3\util\connection.py", line 60, in create_connection
    for res in socket.getaddrinfo(host, port, family, socket.SOCK_STREAM):
               ^^^^^^^^^^^^^^^^^^^^^^^^^^^^^^^^^^^^^^^^^^^^^^^^^^^^^^^^^^
  File "C:\Users\User\AppData\Local\Programs\Python\Python312\Lib\socket.py", line 976, in getaddrinfo
    for res in _socket.getaddrinfo(host, port, family, type, proto, flags):
               ^^^^^^^^^^^^^^^^^^^^^^^^^^^^^^^^^^^^^^^^^^^^^^^^^^^^^^^^^^^
socket.gaierror: [Errno 11001] getaddrinfo failed

The above exception was the direct cause of the following exception:

Traceback (most recent call last):
  File "C:\pythonstuff\wpimport\env\Lib\site-packages\urllib3\connectionpool.py", line 787, in urlopen
    response = self._make_request(
               ^^^^^^^^^^^^^^^^^^^
  File "C:\pythonstuff\wpimport\env\Lib\site-packages\urllib3\connectionpool.py", line 488, in _make_request
    raise new_e
  File "C:\pythonstuff\wpimport\env\Lib\site-packages\urllib3\connectionpool.py", line 464, in _make_request
    self._validate_conn(conn)
  File "C:\pythonstuff\wpimport\env\Lib\site-packages\urllib3\connectionpool.py", line 1093, in _validate_conn
    conn.connect()
  File "C:\pythonstuff\wpimport\env\Lib\site-packages\urllib3\connection.py", line 759, in connect
    self.sock = sock = self._new_conn()
                       ^^^^^^^^^^^^^^^^
  File "C:\pythonstuff\wpimport\env\Lib\site-packages\urllib3\connection.py", line 211, in _new_conn
    raise NameResolutionError(self.host, self, e) from e
urllib3.exceptions.NameResolutionError: HTTPSConnection(host='shane.maxusvanparts.co.uk', port=443): Failed to resolve 'shane.maxusvanparts.co.uk' ([Errno 11001] getaddrinfo failed)

The above exception was the direct cause of the following exception:

Traceback (most recent call last):
  File "C:\pythonstuff\wpimport\env\Lib\site-packages\requests\adapters.py", line 486, in send
    resp = conn.urlopen(
           ^^^^^^^^^^^^^
  File "C:\pythonstuff\wpimport\env\Lib\site-packages\urllib3\connectionpool.py", line 841, in urlopen
    retries = retries.increment(
              ^^^^^^^^^^^^^^^^^^
  File "C:\pythonstuff\wpimport\env\Lib\site-packages\urllib3\util\retry.py", line 519, in increment
    raise MaxRetryError(_pool, url, reason) from reason  # type: ignore[arg-type]
    ^^^^^^^^^^^^^^^^^^^^^^^^^^^^^^^^^^^^^^^^^^^^^^^^^^^
urllib3.exceptions.MaxRetryError: HTTPSConnectionPool(host='shane.maxusvanparts.co.uk', port=443): Max retries exceeded with url: /wp-json/wc/v3/products/106948 (Caused by NameResolutionError("HTTPSConnection(host='shane.maxusvanparts.co.uk', port=443): Failed to resolve 'shane.maxusvanparts.co.uk' ([Errno 11001] getaddrinfo failed)"))

During handling of the above exception, another exception occurred:

Traceback (most recent call last):
  File "C:\pythonstuff\wpimport\create_all_duplicates.py", line 226, in main
    new_product = duplicate_product(product_id)
                  ^^^^^^^^^^^^^^^^^^^^^^^^^^^^^
  File "C:\pythonstuff\wpimport\createduplicates.py", line 86, in duplicate_product
    resp = wcapi.get(f"products/{product_id}")
           ^^^^^^^^^^^^^^^^^^^^^^^^^^^^^^^^^^^
  File "C:\pythonstuff\wpimport\env\Lib\site-packages\woocommerce\api.py", line 106, in get
    return self.__request("GET", endpoint, None, **kwargs)
           ^^^^^^^^^^^^^^^^^^^^^^^^^^^^^^^^^^^^^^^^^^^^^^^
  File "C:\pythonstuff\wpimport\env\Lib\site-packages\woocommerce\api.py", line 92, in __request
    return request(
           ^^^^^^^^
  File "C:\pythonstuff\wpimport\env\Lib\site-packages\requests\api.py", line 59, in request
    return session.request(method=method, url=url, **kwargs)
           ^^^^^^^^^^^^^^^^^^^^^^^^^^^^^^^^^^^^^^^^^^^^^^^^^
  File "C:\pythonstuff\wpimport\env\Lib\site-packages\requests\sessions.py", line 589, in request
    resp = self.send(prep, **send_kwargs)
           ^^^^^^^^^^^^^^^^^^^^^^^^^^^^^^
  File "C:\pythonstuff\wpimport\env\Lib\site-packages\requests\sessions.py", line 703, in send
    r = adapter.send(request, **kwargs)
        ^^^^^^^^^^^^^^^^^^^^^^^^^^^^^^^
  File "C:\pythonstuff\wpimport\env\Lib\site-packages\requests\adapters.py", line 519, in send
    raise ConnectionError(e, request=request)
requests.exceptions.ConnectionError: HTTPSConnectionPool(host='shane.maxusvanparts.co.uk', port=443): Max retries exceeded with url: /wp-json/wc/v3/products/106948 (Caused by NameResolutionError("HTTPSConnection(host='shane.maxusvanparts.co.uk', port=443): Failed to resolve 'shane.maxusvanparts.co.uk' ([Errno 11001] getaddrinfo failed)"))
2026-09-16 17:53:38 INFO [574] Creating duplicate for product id=106932 sku=C00014552-4393 replacement_sku=C00033960
2026-09-16 17:53:38 ERROR [574] Unexpected error duplicating product id=106932
Traceback (most recent call last):
  File "C:\pythonstuff\wpimport\env\Lib\site-packages\urllib3\connection.py", line 204, in _new_conn
    sock = connection.create_connection(
           ^^^^^^^^^^^^^^^^^^^^^^^^^^^^^
  File "C:\pythonstuff\wpimport\env\Lib\site-packages\urllib3\util\connection.py", line 60, in create_connection
    for res in socket.getaddrinfo(host, port, family, socket.SOCK_STREAM):
               ^^^^^^^^^^^^^^^^^^^^^^^^^^^^^^^^^^^^^^^^^^^^^^^^^^^^^^^^^^
  File "C:\Users\User\AppData\Local\Programs\Python\Python312\Lib\socket.py", line 976, in getaddrinfo
    for res in _socket.getaddrinfo(host, port, family, type, proto, flags):
               ^^^^^^^^^^^^^^^^^^^^^^^^^^^^^^^^^^^^^^^^^^^^^^^^^^^^^^^^^^^
socket.gaierror: [Errno 11001] getaddrinfo failed

The above exception was the direct cause of the following exception:

Traceback (most recent call last):
  File "C:\pythonstuff\wpimport\env\Lib\site-packages\urllib3\connectionpool.py", line 787, in urlopen
    response = self._make_request(
               ^^^^^^^^^^^^^^^^^^^
  File "C:\pythonstuff\wpimport\env\Lib\site-packages\urllib3\connectionpool.py", line 488, in _make_request
    raise new_e
  File "C:\pythonstuff\wpimport\env\Lib\site-packages\urllib3\connectionpool.py", line 464, in _make_request
    self._validate_conn(conn)
  File "C:\pythonstuff\wpimport\env\Lib\site-packages\urllib3\connectionpool.py", line 1093, in _validate_conn
    conn.connect()
  File "C:\pythonstuff\wpimport\env\Lib\site-packages\urllib3\connection.py", line 759, in connect
    self.sock = sock = self._new_conn()
                       ^^^^^^^^^^^^^^^^
  File "C:\pythonstuff\wpimport\env\Lib\site-packages\urllib3\connection.py", line 211, in _new_conn
    raise NameResolutionError(self.host, self, e) from e
urllib3.exceptions.NameResolutionError: HTTPSConnection(host='shane.maxusvanparts.co.uk', port=443): Failed to resolve 'shane.maxusvanparts.co.uk' ([Errno 11001] getaddrinfo failed)

The above exception was the direct cause of the following exception:

Traceback (most recent call last):
  File "C:\pythonstuff\wpimport\env\Lib\site-packages\requests\adapters.py", line 486, in send
    resp = conn.urlopen(
           ^^^^^^^^^^^^^
  File "C:\pythonstuff\wpimport\env\Lib\site-packages\urllib3\connectionpool.py", line 841, in urlopen
    retries = retries.increment(
              ^^^^^^^^^^^^^^^^^^
  File "C:\pythonstuff\wpimport\env\Lib\site-packages\urllib3\util\retry.py", line 519, in increment
    raise MaxRetryError(_pool, url, reason) from reason  # type: ignore[arg-type]
    ^^^^^^^^^^^^^^^^^^^^^^^^^^^^^^^^^^^^^^^^^^^^^^^^^^^
urllib3.exceptions.MaxRetryError: HTTPSConnectionPool(host='shane.maxusvanparts.co.uk', port=443): Max retries exceeded with url: /wp-json/wc/v3/products/106932 (Caused by NameResolutionError("HTTPSConnection(host='shane.maxusvanparts.co.uk', port=443): Failed to resolve 'shane.maxusvanparts.co.uk' ([Errno 11001] getaddrinfo failed)"))

During handling of the above exception, another exception occurred:

Traceback (most recent call last):
  File "C:\pythonstuff\wpimport\create_all_duplicates.py", line 226, in main
    new_product = duplicate_product(product_id)
                  ^^^^^^^^^^^^^^^^^^^^^^^^^^^^^
  File "C:\pythonstuff\wpimport\createduplicates.py", line 86, in duplicate_product
    resp = wcapi.get(f"products/{product_id}")
           ^^^^^^^^^^^^^^^^^^^^^^^^^^^^^^^^^^^
  File "C:\pythonstuff\wpimport\env\Lib\site-packages\woocommerce\api.py", line 106, in get
    return self.__request("GET", endpoint, None, **kwargs)
           ^^^^^^^^^^^^^^^^^^^^^^^^^^^^^^^^^^^^^^^^^^^^^^^
  File "C:\pythonstuff\wpimport\env\Lib\site-packages\woocommerce\api.py", line 92, in __request
    return request(
           ^^^^^^^^
  File "C:\pythonstuff\wpimport\env\Lib\site-packages\requests\api.py", line 59, in request
    return session.request(method=method, url=url, **kwargs)
           ^^^^^^^^^^^^^^^^^^^^^^^^^^^^^^^^^^^^^^^^^^^^^^^^^
  File "C:\pythonstuff\wpimport\env\Lib\site-packages\requests\sessions.py", line 589, in request
    resp = self.send(prep, **send_kwargs)
           ^^^^^^^^^^^^^^^^^^^^^^^^^^^^^^
  File "C:\pythonstuff\wpimport\env\Lib\site-packages\requests\sessions.py", line 703, in send
    r = adapter.send(request, **kwargs)
        ^^^^^^^^^^^^^^^^^^^^^^^^^^^^^^^
  File "C:\pythonstuff\wpimport\env\Lib\site-packages\requests\adapters.py", line 519, in send
    raise ConnectionError(e, request=request)
requests.exceptions.ConnectionError: HTTPSConnectionPool(host='shane.maxusvanparts.co.uk', port=443): Max retries exceeded with url: /wp-json/wc/v3/products/106932 (Caused by NameResolutionError("HTTPSConnection(host='shane.maxusvanparts.co.uk', port=443): Failed to resolve 'shane.maxusvanparts.co.uk' ([Errno 11001] getaddrinfo failed)"))
2026-09-16 17:53:38 INFO [575] Creating duplicate for product id=106882 sku=C00054392-8168 replacement_sku=C00524986
2026-09-16 17:53:38 ERROR [575] Unexpected error duplicating product id=106882
Traceback (most recent call last):
  File "C:\pythonstuff\wpimport\env\Lib\site-packages\urllib3\connection.py", line 204, in _new_conn
    sock = connection.create_connection(
           ^^^^^^^^^^^^^^^^^^^^^^^^^^^^^
  File "C:\pythonstuff\wpimport\env\Lib\site-packages\urllib3\util\connection.py", line 60, in create_connection
    for res in socket.getaddrinfo(host, port, family, socket.SOCK_STREAM):
               ^^^^^^^^^^^^^^^^^^^^^^^^^^^^^^^^^^^^^^^^^^^^^^^^^^^^^^^^^^
  File "C:\Users\User\AppData\Local\Programs\Python\Python312\Lib\socket.py", line 976, in getaddrinfo
    for res in _socket.getaddrinfo(host, port, family, type, proto, flags):
               ^^^^^^^^^^^^^^^^^^^^^^^^^^^^^^^^^^^^^^^^^^^^^^^^^^^^^^^^^^^
socket.gaierror: [Errno 11001] getaddrinfo failed

The above exception was the direct cause of the following exception:

Traceback (most recent call last):
  File "C:\pythonstuff\wpimport\env\Lib\site-packages\urllib3\connectionpool.py", line 787, in urlopen
    response = self._make_request(
               ^^^^^^^^^^^^^^^^^^^
  File "C:\pythonstuff\wpimport\env\Lib\site-packages\urllib3\connectionpool.py", line 488, in _make_request
    raise new_e
  File "C:\pythonstuff\wpimport\env\Lib\site-packages\urllib3\connectionpool.py", line 464, in _make_request
    self._validate_conn(conn)
  File "C:\pythonstuff\wpimport\env\Lib\site-packages\urllib3\connectionpool.py", line 1093, in _validate_conn
    conn.connect()
  File "C:\pythonstuff\wpimport\env\Lib\site-packages\urllib3\connection.py", line 759, in connect
    self.sock = sock = self._new_conn()
                       ^^^^^^^^^^^^^^^^
  File "C:\pythonstuff\wpimport\env\Lib\site-packages\urllib3\connection.py", line 211, in _new_conn
    raise NameResolutionError(self.host, self, e) from e
urllib3.exceptions.NameResolutionError: HTTPSConnection(host='shane.maxusvanparts.co.uk', port=443): Failed to resolve 'shane.maxusvanparts.co.uk' ([Errno 11001] getaddrinfo failed)

The above exception was the direct cause of the following exception:

Traceback (most recent call last):
  File "C:\pythonstuff\wpimport\env\Lib\site-packages\requests\adapters.py", line 486, in send
    resp = conn.urlopen(
           ^^^^^^^^^^^^^
  File "C:\pythonstuff\wpimport\env\Lib\site-packages\urllib3\connectionpool.py", line 841, in urlopen
    retries = retries.increment(
              ^^^^^^^^^^^^^^^^^^
  File "C:\pythonstuff\wpimport\env\Lib\site-packages\urllib3\util\retry.py", line 519, in increment
    raise MaxRetryError(_pool, url, reason) from reason  # type: ignore[arg-type]
    ^^^^^^^^^^^^^^^^^^^^^^^^^^^^^^^^^^^^^^^^^^^^^^^^^^^
urllib3.exceptions.MaxRetryError: HTTPSConnectionPool(host='shane.maxusvanparts.co.uk', port=443): Max retries exceeded with url: /wp-json/wc/v3/products/106882 (Caused by NameResolutionError("HTTPSConnection(host='shane.maxusvanparts.co.uk', port=443): Failed to resolve 'shane.maxusvanparts.co.uk' ([Errno 11001] getaddrinfo failed)"))

During handling of the above exception, another exception occurred:

Traceback (most recent call last):
  File "C:\pythonstuff\wpimport\create_all_duplicates.py", line 226, in main
    new_product = duplicate_product(product_id)
                  ^^^^^^^^^^^^^^^^^^^^^^^^^^^^^
  File "C:\pythonstuff\wpimport\createduplicates.py", line 86, in duplicate_product
    resp = wcapi.get(f"products/{product_id}")
           ^^^^^^^^^^^^^^^^^^^^^^^^^^^^^^^^^^^
  File "C:\pythonstuff\wpimport\env\Lib\site-packages\woocommerce\api.py", line 106, in get
    return self.__request("GET", endpoint, None, **kwargs)
           ^^^^^^^^^^^^^^^^^^^^^^^^^^^^^^^^^^^^^^^^^^^^^^^
  File "C:\pythonstuff\wpimport\env\Lib\site-packages\woocommerce\api.py", line 92, in __request
    return request(
           ^^^^^^^^
  File "C:\pythonstuff\wpimport\env\Lib\site-packages\requests\api.py", line 59, in request
    return session.request(method=method, url=url, **kwargs)
           ^^^^^^^^^^^^^^^^^^^^^^^^^^^^^^^^^^^^^^^^^^^^^^^^^
  File "C:\pythonstuff\wpimport\env\Lib\site-packages\requests\sessions.py", line 589, in request
    resp = self.send(prep, **send_kwargs)
           ^^^^^^^^^^^^^^^^^^^^^^^^^^^^^^
  File "C:\pythonstuff\wpimport\env\Lib\site-packages\requests\sessions.py", line 703, in send
    r = adapter.send(request, **kwargs)
        ^^^^^^^^^^^^^^^^^^^^^^^^^^^^^^^
  File "C:\pythonstuff\wpimport\env\Lib\site-packages\requests\adapters.py", line 519, in send
    raise ConnectionError(e, request=request)
requests.exceptions.ConnectionError: HTTPSConnectionPool(host='shane.maxusvanparts.co.uk', port=443): Max retries exceeded with url: /wp-json/wc/v3/products/106882 (Caused by NameResolutionError("HTTPSConnection(host='shane.maxusvanparts.co.uk', port=443): Failed to resolve 'shane.maxusvanparts.co.uk' ([Errno 11001] getaddrinfo failed)"))
2026-09-16 17:53:38 INFO [576] Creating duplicate for product id=106889 sku=C00087878-2092 replacement_sku=C00306972
2026-09-16 17:53:38 ERROR [576] Unexpected error duplicating product id=106889
Traceback (most recent call last):
  File "C:\pythonstuff\wpimport\env\Lib\site-packages\urllib3\connection.py", line 204, in _new_conn
    sock = connection.create_connection(
           ^^^^^^^^^^^^^^^^^^^^^^^^^^^^^
  File "C:\pythonstuff\wpimport\env\Lib\site-packages\urllib3\util\connection.py", line 60, in create_connection
    for res in socket.getaddrinfo(host, port, family, socket.SOCK_STREAM):
               ^^^^^^^^^^^^^^^^^^^^^^^^^^^^^^^^^^^^^^^^^^^^^^^^^^^^^^^^^^
  File "C:\Users\User\AppData\Local\Programs\Python\Python312\Lib\socket.py", line 976, in getaddrinfo
    for res in _socket.getaddrinfo(host, port, family, type, proto, flags):
               ^^^^^^^^^^^^^^^^^^^^^^^^^^^^^^^^^^^^^^^^^^^^^^^^^^^^^^^^^^^
socket.gaierror: [Errno 11001] getaddrinfo failed

The above exception was the direct cause of the following exception:

Traceback (most recent call last):
  File "C:\pythonstuff\wpimport\env\Lib\site-packages\urllib3\connectionpool.py", line 787, in urlopen
    response = self._make_request(
               ^^^^^^^^^^^^^^^^^^^
  File "C:\pythonstuff\wpimport\env\Lib\site-packages\urllib3\connectionpool.py", line 488, in _make_request
    raise new_e
  File "C:\pythonstuff\wpimport\env\Lib\site-packages\urllib3\connectionpool.py", line 464, in _make_request
    self._validate_conn(conn)
  File "C:\pythonstuff\wpimport\env\Lib\site-packages\urllib3\connectionpool.py", line 1093, in _validate_conn
    conn.connect()
  File "C:\pythonstuff\wpimport\env\Lib\site-packages\urllib3\connection.py", line 759, in connect
    self.sock = sock = self._new_conn()
                       ^^^^^^^^^^^^^^^^
  File "C:\pythonstuff\wpimport\env\Lib\site-packages\urllib3\connection.py", line 211, in _new_conn
    raise NameResolutionError(self.host, self, e) from e
urllib3.exceptions.NameResolutionError: HTTPSConnection(host='shane.maxusvanparts.co.uk', port=443): Failed to resolve 'shane.maxusvanparts.co.uk' ([Errno 11001] getaddrinfo failed)

The above exception was the direct cause of the following exception:

Traceback (most recent call last):
  File "C:\pythonstuff\wpimport\env\Lib\site-packages\requests\adapters.py", line 486, in send
    resp = conn.urlopen(
           ^^^^^^^^^^^^^
  File "C:\pythonstuff\wpimport\env\Lib\site-packages\urllib3\connectionpool.py", line 841, in urlopen
    retries = retries.increment(
              ^^^^^^^^^^^^^^^^^^
  File "C:\pythonstuff\wpimport\env\Lib\site-packages\urllib3\util\retry.py", line 519, in increment
    raise MaxRetryError(_pool, url, reason) from reason  # type: ignore[arg-type]
    ^^^^^^^^^^^^^^^^^^^^^^^^^^^^^^^^^^^^^^^^^^^^^^^^^^^
urllib3.exceptions.MaxRetryError: HTTPSConnectionPool(host='shane.maxusvanparts.co.uk', port=443): Max retries exceeded with url: /wp-json/wc/v3/products/106889 (Caused by NameResolutionError("HTTPSConnection(host='shane.maxusvanparts.co.uk', port=443): Failed to resolve 'shane.maxusvanparts.co.uk' ([Errno 11001] getaddrinfo failed)"))

During handling of the above exception, another exception occurred:

Traceback (most recent call last):
  File "C:\pythonstuff\wpimport\create_all_duplicates.py", line 226, in main
    new_product = duplicate_product(product_id)
                  ^^^^^^^^^^^^^^^^^^^^^^^^^^^^^
  File "C:\pythonstuff\wpimport\createduplicates.py", line 86, in duplicate_product
    resp = wcapi.get(f"products/{product_id}")
           ^^^^^^^^^^^^^^^^^^^^^^^^^^^^^^^^^^^
  File "C:\pythonstuff\wpimport\env\Lib\site-packages\woocommerce\api.py", line 106, in get
    return self.__request("GET", endpoint, None, **kwargs)
           ^^^^^^^^^^^^^^^^^^^^^^^^^^^^^^^^^^^^^^^^^^^^^^^
  File "C:\pythonstuff\wpimport\env\Lib\site-packages\woocommerce\api.py", line 92, in __request
    return request(
           ^^^^^^^^
  File "C:\pythonstuff\wpimport\env\Lib\site-packages\requests\api.py", line 59, in request
    return session.request(method=method, url=url, **kwargs)
           ^^^^^^^^^^^^^^^^^^^^^^^^^^^^^^^^^^^^^^^^^^^^^^^^^
  File "C:\pythonstuff\wpimport\env\Lib\site-packages\requests\sessions.py", line 589, in request
    resp = self.send(prep, **send_kwargs)
           ^^^^^^^^^^^^^^^^^^^^^^^^^^^^^^
  File "C:\pythonstuff\wpimport\env\Lib\site-packages\requests\sessions.py", line 703, in send
    r = adapter.send(request, **kwargs)
        ^^^^^^^^^^^^^^^^^^^^^^^^^^^^^^^
  File "C:\pythonstuff\wpimport\env\Lib\site-packages\requests\adapters.py", line 519, in send
    raise ConnectionError(e, request=request)
requests.exceptions.ConnectionError: HTTPSConnectionPool(host='shane.maxusvanparts.co.uk', port=443): Max retries exceeded with url: /wp-json/wc/v3/products/106889 (Caused by NameResolutionError("HTTPSConnection(host='shane.maxusvanparts.co.uk', port=443): Failed to resolve 'shane.maxusvanparts.co.uk' ([Errno 11001] getaddrinfo failed)"))
2026-09-16 17:53:38 INFO [577] Creating duplicate for product id=106859 sku=C00006672-CF61 replacement_sku=C00003285
2026-09-16 17:53:38 ERROR [577] Unexpected error duplicating product id=106859
Traceback (most recent call last):
  File "C:\pythonstuff\wpimport\env\Lib\site-packages\urllib3\connection.py", line 204, in _new_conn
    sock = connection.create_connection(
           ^^^^^^^^^^^^^^^^^^^^^^^^^^^^^
  File "C:\pythonstuff\wpimport\env\Lib\site-packages\urllib3\util\connection.py", line 60, in create_connection
    for res in socket.getaddrinfo(host, port, family, socket.SOCK_STREAM):
               ^^^^^^^^^^^^^^^^^^^^^^^^^^^^^^^^^^^^^^^^^^^^^^^^^^^^^^^^^^
  File "C:\Users\User\AppData\Local\Programs\Python\Python312\Lib\socket.py", line 976, in getaddrinfo
    for res in _socket.getaddrinfo(host, port, family, type, proto, flags):
               ^^^^^^^^^^^^^^^^^^^^^^^^^^^^^^^^^^^^^^^^^^^^^^^^^^^^^^^^^^^
socket.gaierror: [Errno 11001] getaddrinfo failed

The above exception was the direct cause of the following exception:

Traceback (most recent call last):
  File "C:\pythonstuff\wpimport\env\Lib\site-packages\urllib3\connectionpool.py", line 787, in urlopen
    response = self._make_request(
               ^^^^^^^^^^^^^^^^^^^
  File "C:\pythonstuff\wpimport\env\Lib\site-packages\urllib3\connectionpool.py", line 488, in _make_request
    raise new_e
  File "C:\pythonstuff\wpimport\env\Lib\site-packages\urllib3\connectionpool.py", line 464, in _make_request
    self._validate_conn(conn)
  File "C:\pythonstuff\wpimport\env\Lib\site-packages\urllib3\connectionpool.py", line 1093, in _validate_conn
    conn.connect()
  File "C:\pythonstuff\wpimport\env\Lib\site-packages\urllib3\connection.py", line 759, in connect
    self.sock = sock = self._new_conn()
                       ^^^^^^^^^^^^^^^^
  File "C:\pythonstuff\wpimport\env\Lib\site-packages\urllib3\connection.py", line 211, in _new_conn
    raise NameResolutionError(self.host, self, e) from e
urllib3.exceptions.NameResolutionError: HTTPSConnection(host='shane.maxusvanparts.co.uk', port=443): Failed to resolve 'shane.maxusvanparts.co.uk' ([Errno 11001] getaddrinfo failed)

The above exception was the direct cause of the following exception:

Traceback (most recent call last):
  File "C:\pythonstuff\wpimport\env\Lib\site-packages\requests\adapters.py", line 486, in send
    resp = conn.urlopen(
           ^^^^^^^^^^^^^
  File "C:\pythonstuff\wpimport\env\Lib\site-packages\urllib3\connectionpool.py", line 841, in urlopen
    retries = retries.increment(
              ^^^^^^^^^^^^^^^^^^
  File "C:\pythonstuff\wpimport\env\Lib\site-packages\urllib3\util\retry.py", line 519, in increment
    raise MaxRetryError(_pool, url, reason) from reason  # type: ignore[arg-type]
    ^^^^^^^^^^^^^^^^^^^^^^^^^^^^^^^^^^^^^^^^^^^^^^^^^^^
urllib3.exceptions.MaxRetryError: HTTPSConnectionPool(host='shane.maxusvanparts.co.uk', port=443): Max retries exceeded with url: /wp-json/wc/v3/products/106859 (Caused by NameResolutionError("HTTPSConnection(host='shane.maxusvanparts.co.uk', port=443): Failed to resolve 'shane.maxusvanparts.co.uk' ([Errno 11001] getaddrinfo failed)"))

During handling of the above exception, another exception occurred:

Traceback (most recent call last):
  File "C:\pythonstuff\wpimport\create_all_duplicates.py", line 226, in main
    new_product = duplicate_product(product_id)
                  ^^^^^^^^^^^^^^^^^^^^^^^^^^^^^
  File "C:\pythonstuff\wpimport\createduplicates.py", line 86, in duplicate_product
    resp = wcapi.get(f"products/{product_id}")
           ^^^^^^^^^^^^^^^^^^^^^^^^^^^^^^^^^^^
  File "C:\pythonstuff\wpimport\env\Lib\site-packages\woocommerce\api.py", line 106, in get
    return self.__request("GET", endpoint, None, **kwargs)
           ^^^^^^^^^^^^^^^^^^^^^^^^^^^^^^^^^^^^^^^^^^^^^^^
  File "C:\pythonstuff\wpimport\env\Lib\site-packages\woocommerce\api.py", line 92, in __request
    return request(
           ^^^^^^^^
  File "C:\pythonstuff\wpimport\env\Lib\site-packages\requests\api.py", line 59, in request
    return session.request(method=method, url=url, **kwargs)
           ^^^^^^^^^^^^^^^^^^^^^^^^^^^^^^^^^^^^^^^^^^^^^^^^^
  File "C:\pythonstuff\wpimport\env\Lib\site-packages\requests\sessions.py", line 589, in request
    resp = self.send(prep, **send_kwargs)
           ^^^^^^^^^^^^^^^^^^^^^^^^^^^^^^
  File "C:\pythonstuff\wpimport\env\Lib\site-packages\requests\sessions.py", line 703, in send
    r = adapter.send(request, **kwargs)
        ^^^^^^^^^^^^^^^^^^^^^^^^^^^^^^^
  File "C:\pythonstuff\wpimport\env\Lib\site-packages\requests\adapters.py", line 519, in send
    raise ConnectionError(e, request=request)
requests.exceptions.ConnectionError: HTTPSConnectionPool(host='shane.maxusvanparts.co.uk', port=443): Max retries exceeded with url: /wp-json/wc/v3/products/106859 (Caused by NameResolutionError("HTTPSConnection(host='shane.maxusvanparts.co.uk', port=443): Failed to resolve 'shane.maxusvanparts.co.uk' ([Errno 11001] getaddrinfo failed)"))
2026-09-16 17:53:38 INFO [578] Creating duplicate for product id=106827 sku=C00014547-2D1E replacement_sku=C00116963
2026-09-16 17:53:38 ERROR [578] Unexpected error duplicating product id=106827
Traceback (most recent call last):
  File "C:\pythonstuff\wpimport\env\Lib\site-packages\urllib3\connection.py", line 204, in _new_conn
    sock = connection.create_connection(
           ^^^^^^^^^^^^^^^^^^^^^^^^^^^^^
  File "C:\pythonstuff\wpimport\env\Lib\site-packages\urllib3\util\connection.py", line 60, in create_connection
    for res in socket.getaddrinfo(host, port, family, socket.SOCK_STREAM):
               ^^^^^^^^^^^^^^^^^^^^^^^^^^^^^^^^^^^^^^^^^^^^^^^^^^^^^^^^^^
  File "C:\Users\User\AppData\Local\Programs\Python\Python312\Lib\socket.py", line 976, in getaddrinfo
    for res in _socket.getaddrinfo(host, port, family, type, proto, flags):
               ^^^^^^^^^^^^^^^^^^^^^^^^^^^^^^^^^^^^^^^^^^^^^^^^^^^^^^^^^^^
socket.gaierror: [Errno 11001] getaddrinfo failed

The above exception was the direct cause of the following exception:

Traceback (most recent call last):
  File "C:\pythonstuff\wpimport\env\Lib\site-packages\urllib3\connectionpool.py", line 787, in urlopen
    response = self._make_request(
               ^^^^^^^^^^^^^^^^^^^
  File "C:\pythonstuff\wpimport\env\Lib\site-packages\urllib3\connectionpool.py", line 488, in _make_request
    raise new_e
  File "C:\pythonstuff\wpimport\env\Lib\site-packages\urllib3\connectionpool.py", line 464, in _make_request
    self._validate_conn(conn)
  File "C:\pythonstuff\wpimport\env\Lib\site-packages\urllib3\connectionpool.py", line 1093, in _validate_conn
    conn.connect()
  File "C:\pythonstuff\wpimport\env\Lib\site-packages\urllib3\connection.py", line 759, in connect
    self.sock = sock = self._new_conn()
                       ^^^^^^^^^^^^^^^^
  File "C:\pythonstuff\wpimport\env\Lib\site-packages\urllib3\connection.py", line 211, in _new_conn
    raise NameResolutionError(self.host, self, e) from e
urllib3.exceptions.NameResolutionError: HTTPSConnection(host='shane.maxusvanparts.co.uk', port=443): Failed to resolve 'shane.maxusvanparts.co.uk' ([Errno 11001] getaddrinfo failed)

The above exception was the direct cause of the following exception:

Traceback (most recent call last):
  File "C:\pythonstuff\wpimport\env\Lib\site-packages\requests\adapters.py", line 486, in send
    resp = conn.urlopen(
           ^^^^^^^^^^^^^
  File "C:\pythonstuff\wpimport\env\Lib\site-packages\urllib3\connectionpool.py", line 841, in urlopen
    retries = retries.increment(
              ^^^^^^^^^^^^^^^^^^
  File "C:\pythonstuff\wpimport\env\Lib\site-packages\urllib3\util\retry.py", line 519, in increment
    raise MaxRetryError(_pool, url, reason) from reason  # type: ignore[arg-type]
    ^^^^^^^^^^^^^^^^^^^^^^^^^^^^^^^^^^^^^^^^^^^^^^^^^^^
urllib3.exceptions.MaxRetryError: HTTPSConnectionPool(host='shane.maxusvanparts.co.uk', port=443): Max retries exceeded with url: /wp-json/wc/v3/products/106827 (Caused by NameResolutionError("HTTPSConnection(host='shane.maxusvanparts.co.uk', port=443): Failed to resolve 'shane.maxusvanparts.co.uk' ([Errno 11001] getaddrinfo failed)"))

During handling of the above exception, another exception occurred:

Traceback (most recent call last):
  File "C:\pythonstuff\wpimport\create_all_duplicates.py", line 226, in main
    new_product = duplicate_product(product_id)
                  ^^^^^^^^^^^^^^^^^^^^^^^^^^^^^
  File "C:\pythonstuff\wpimport\createduplicates.py", line 86, in duplicate_product
    resp = wcapi.get(f"products/{product_id}")
           ^^^^^^^^^^^^^^^^^^^^^^^^^^^^^^^^^^^
  File "C:\pythonstuff\wpimport\env\Lib\site-packages\woocommerce\api.py", line 106, in get
    return self.__request("GET", endpoint, None, **kwargs)
           ^^^^^^^^^^^^^^^^^^^^^^^^^^^^^^^^^^^^^^^^^^^^^^^
  File "C:\pythonstuff\wpimport\env\Lib\site-packages\woocommerce\api.py", line 92, in __request
    return request(
           ^^^^^^^^
  File "C:\pythonstuff\wpimport\env\Lib\site-packages\requests\api.py", line 59, in request
    return session.request(method=method, url=url, **kwargs)
           ^^^^^^^^^^^^^^^^^^^^^^^^^^^^^^^^^^^^^^^^^^^^^^^^^
  File "C:\pythonstuff\wpimport\env\Lib\site-packages\requests\sessions.py", line 589, in request
    resp = self.send(prep, **send_kwargs)
           ^^^^^^^^^^^^^^^^^^^^^^^^^^^^^^
  File "C:\pythonstuff\wpimport\env\Lib\site-packages\requests\sessions.py", line 703, in send
    r = adapter.send(request, **kwargs)
        ^^^^^^^^^^^^^^^^^^^^^^^^^^^^^^^
  File "C:\pythonstuff\wpimport\env\Lib\site-packages\requests\adapters.py", line 519, in send
    raise ConnectionError(e, request=request)
requests.exceptions.ConnectionError: HTTPSConnectionPool(host='shane.maxusvanparts.co.uk', port=443): Max retries exceeded with url: /wp-json/wc/v3/products/106827 (Caused by NameResolutionError("HTTPSConnection(host='shane.maxusvanparts.co.uk', port=443): Failed to resolve 'shane.maxusvanparts.co.uk' ([Errno 11001] getaddrinfo failed)"))
2026-09-16 17:53:38 INFO [579] Creating duplicate for product id=106753 sku=C00004580-4100-D60A replacement_sku=C00320178-4100
2026-09-16 17:53:38 ERROR [579] Unexpected error duplicating product id=106753
Traceback (most recent call last):
  File "C:\pythonstuff\wpimport\env\Lib\site-packages\urllib3\connection.py", line 204, in _new_conn
    sock = connection.create_connection(
           ^^^^^^^^^^^^^^^^^^^^^^^^^^^^^
  File "C:\pythonstuff\wpimport\env\Lib\site-packages\urllib3\util\connection.py", line 60, in create_connection
    for res in socket.getaddrinfo(host, port, family, socket.SOCK_STREAM):
               ^^^^^^^^^^^^^^^^^^^^^^^^^^^^^^^^^^^^^^^^^^^^^^^^^^^^^^^^^^
  File "C:\Users\User\AppData\Local\Programs\Python\Python312\Lib\socket.py", line 976, in getaddrinfo
    for res in _socket.getaddrinfo(host, port, family, type, proto, flags):
               ^^^^^^^^^^^^^^^^^^^^^^^^^^^^^^^^^^^^^^^^^^^^^^^^^^^^^^^^^^^
socket.gaierror: [Errno 11001] getaddrinfo failed

The above exception was the direct cause of the following exception:

Traceback (most recent call last):
  File "C:\pythonstuff\wpimport\env\Lib\site-packages\urllib3\connectionpool.py", line 787, in urlopen
    response = self._make_request(
               ^^^^^^^^^^^^^^^^^^^
  File "C:\pythonstuff\wpimport\env\Lib\site-packages\urllib3\connectionpool.py", line 488, in _make_request
    raise new_e
  File "C:\pythonstuff\wpimport\env\Lib\site-packages\urllib3\connectionpool.py", line 464, in _make_request
    self._validate_conn(conn)
  File "C:\pythonstuff\wpimport\env\Lib\site-packages\urllib3\connectionpool.py", line 1093, in _validate_conn
    conn.connect()
  File "C:\pythonstuff\wpimport\env\Lib\site-packages\urllib3\connection.py", line 759, in connect
    self.sock = sock = self._new_conn()
                       ^^^^^^^^^^^^^^^^
  File "C:\pythonstuff\wpimport\env\Lib\site-packages\urllib3\connection.py", line 211, in _new_conn
    raise NameResolutionError(self.host, self, e) from e
urllib3.exceptions.NameResolutionError: HTTPSConnection(host='shane.maxusvanparts.co.uk', port=443): Failed to resolve 'shane.maxusvanparts.co.uk' ([Errno 11001] getaddrinfo failed)

The above exception was the direct cause of the following exception:

Traceback (most recent call last):
  File "C:\pythonstuff\wpimport\env\Lib\site-packages\requests\adapters.py", line 486, in send
    resp = conn.urlopen(
           ^^^^^^^^^^^^^
  File "C:\pythonstuff\wpimport\env\Lib\site-packages\urllib3\connectionpool.py", line 841, in urlopen
    retries = retries.increment(
              ^^^^^^^^^^^^^^^^^^
  File "C:\pythonstuff\wpimport\env\Lib\site-packages\urllib3\util\retry.py", line 519, in increment
    raise MaxRetryError(_pool, url, reason) from reason  # type: ignore[arg-type]
    ^^^^^^^^^^^^^^^^^^^^^^^^^^^^^^^^^^^^^^^^^^^^^^^^^^^
urllib3.exceptions.MaxRetryError: HTTPSConnectionPool(host='shane.maxusvanparts.co.uk', port=443): Max retries exceeded with url: /wp-json/wc/v3/products/106753 (Caused by NameResolutionError("HTTPSConnection(host='shane.maxusvanparts.co.uk', port=443): Failed to resolve 'shane.maxusvanparts.co.uk' ([Errno 11001] getaddrinfo failed)"))

During handling of the above exception, another exception occurred:

Traceback (most recent call last):
  File "C:\pythonstuff\wpimport\create_all_duplicates.py", line 226, in main
    new_product = duplicate_product(product_id)
                  ^^^^^^^^^^^^^^^^^^^^^^^^^^^^^
  File "C:\pythonstuff\wpimport\createduplicates.py", line 86, in duplicate_product
    resp = wcapi.get(f"products/{product_id}")
           ^^^^^^^^^^^^^^^^^^^^^^^^^^^^^^^^^^^
  File "C:\pythonstuff\wpimport\env\Lib\site-packages\woocommerce\api.py", line 106, in get
    return self.__request("GET", endpoint, None, **kwargs)
           ^^^^^^^^^^^^^^^^^^^^^^^^^^^^^^^^^^^^^^^^^^^^^^^
  File "C:\pythonstuff\wpimport\env\Lib\site-packages\woocommerce\api.py", line 92, in __request
    return request(
           ^^^^^^^^
  File "C:\pythonstuff\wpimport\env\Lib\site-packages\requests\api.py", line 59, in request
    return session.request(method=method, url=url, **kwargs)
           ^^^^^^^^^^^^^^^^^^^^^^^^^^^^^^^^^^^^^^^^^^^^^^^^^
  File "C:\pythonstuff\wpimport\env\Lib\site-packages\requests\sessions.py", line 589, in request
    resp = self.send(prep, **send_kwargs)
           ^^^^^^^^^^^^^^^^^^^^^^^^^^^^^^
  File "C:\pythonstuff\wpimport\env\Lib\site-packages\requests\sessions.py", line 703, in send
    r = adapter.send(request, **kwargs)
        ^^^^^^^^^^^^^^^^^^^^^^^^^^^^^^^
  File "C:\pythonstuff\wpimport\env\Lib\site-packages\requests\adapters.py", line 519, in send
    raise ConnectionError(e, request=request)
requests.exceptions.ConnectionError: HTTPSConnectionPool(host='shane.maxusvanparts.co.uk', port=443): Max retries exceeded with url: /wp-json/wc/v3/products/106753 (Caused by NameResolutionError("HTTPSConnection(host='shane.maxusvanparts.co.uk', port=443): Failed to resolve 'shane.maxusvanparts.co.uk' ([Errno 11001] getaddrinfo failed)"))
2026-09-16 17:53:38 INFO [580] Creating duplicate for product id=106774 sku=C00004580-4100-1FDD replacement_sku=C00320178-4100
2026-09-16 17:53:38 ERROR [580] Unexpected error duplicating product id=106774
Traceback (most recent call last):
  File "C:\pythonstuff\wpimport\env\Lib\site-packages\urllib3\connection.py", line 204, in _new_conn
    sock = connection.create_connection(
           ^^^^^^^^^^^^^^^^^^^^^^^^^^^^^
  File "C:\pythonstuff\wpimport\env\Lib\site-packages\urllib3\util\connection.py", line 60, in create_connection
    for res in socket.getaddrinfo(host, port, family, socket.SOCK_STREAM):
               ^^^^^^^^^^^^^^^^^^^^^^^^^^^^^^^^^^^^^^^^^^^^^^^^^^^^^^^^^^
  File "C:\Users\User\AppData\Local\Programs\Python\Python312\Lib\socket.py", line 976, in getaddrinfo
    for res in _socket.getaddrinfo(host, port, family, type, proto, flags):
               ^^^^^^^^^^^^^^^^^^^^^^^^^^^^^^^^^^^^^^^^^^^^^^^^^^^^^^^^^^^
socket.gaierror: [Errno 11001] getaddrinfo failed

The above exception was the direct cause of the following exception:

Traceback (most recent call last):
  File "C:\pythonstuff\wpimport\env\Lib\site-packages\urllib3\connectionpool.py", line 787, in urlopen
    response = self._make_request(
               ^^^^^^^^^^^^^^^^^^^
  File "C:\pythonstuff\wpimport\env\Lib\site-packages\urllib3\connectionpool.py", line 488, in _make_request
    raise new_e
  File "C:\pythonstuff\wpimport\env\Lib\site-packages\urllib3\connectionpool.py", line 464, in _make_request
    self._validate_conn(conn)
  File "C:\pythonstuff\wpimport\env\Lib\site-packages\urllib3\connectionpool.py", line 1093, in _validate_conn
    conn.connect()
  File "C:\pythonstuff\wpimport\env\Lib\site-packages\urllib3\connection.py", line 759, in connect
    self.sock = sock = self._new_conn()
                       ^^^^^^^^^^^^^^^^
  File "C:\pythonstuff\wpimport\env\Lib\site-packages\urllib3\connection.py", line 211, in _new_conn
    raise NameResolutionError(self.host, self, e) from e
urllib3.exceptions.NameResolutionError: HTTPSConnection(host='shane.maxusvanparts.co.uk', port=443): Failed to resolve 'shane.maxusvanparts.co.uk' ([Errno 11001] getaddrinfo failed)

The above exception was the direct cause of the following exception:

Traceback (most recent call last):
  File "C:\pythonstuff\wpimport\env\Lib\site-packages\requests\adapters.py", line 486, in send
    resp = conn.urlopen(
           ^^^^^^^^^^^^^
  File "C:\pythonstuff\wpimport\env\Lib\site-packages\urllib3\connectionpool.py", line 841, in urlopen
    retries = retries.increment(
              ^^^^^^^^^^^^^^^^^^
  File "C:\pythonstuff\wpimport\env\Lib\site-packages\urllib3\util\retry.py", line 519, in increment
    raise MaxRetryError(_pool, url, reason) from reason  # type: ignore[arg-type]
    ^^^^^^^^^^^^^^^^^^^^^^^^^^^^^^^^^^^^^^^^^^^^^^^^^^^
urllib3.exceptions.MaxRetryError: HTTPSConnectionPool(host='shane.maxusvanparts.co.uk', port=443): Max retries exceeded with url: /wp-json/wc/v3/products/106774 (Caused by NameResolutionError("HTTPSConnection(host='shane.maxusvanparts.co.uk', port=443): Failed to resolve 'shane.maxusvanparts.co.uk' ([Errno 11001] getaddrinfo failed)"))

During handling of the above exception, another exception occurred:

Traceback (most recent call last):
  File "C:\pythonstuff\wpimport\create_all_duplicates.py", line 226, in main
    new_product = duplicate_product(product_id)
                  ^^^^^^^^^^^^^^^^^^^^^^^^^^^^^
  File "C:\pythonstuff\wpimport\createduplicates.py", line 86, in duplicate_product
    resp = wcapi.get(f"products/{product_id}")
           ^^^^^^^^^^^^^^^^^^^^^^^^^^^^^^^^^^^
  File "C:\pythonstuff\wpimport\env\Lib\site-packages\woocommerce\api.py", line 106, in get
    return self.__request("GET", endpoint, None, **kwargs)
           ^^^^^^^^^^^^^^^^^^^^^^^^^^^^^^^^^^^^^^^^^^^^^^^
  File "C:\pythonstuff\wpimport\env\Lib\site-packages\woocommerce\api.py", line 92, in __request
    return request(
           ^^^^^^^^
  File "C:\pythonstuff\wpimport\env\Lib\site-packages\requests\api.py", line 59, in request
    return session.request(method=method, url=url, **kwargs)
           ^^^^^^^^^^^^^^^^^^^^^^^^^^^^^^^^^^^^^^^^^^^^^^^^^
  File "C:\pythonstuff\wpimport\env\Lib\site-packages\requests\sessions.py", line 589, in request
    resp = self.send(prep, **send_kwargs)
           ^^^^^^^^^^^^^^^^^^^^^^^^^^^^^^
  File "C:\pythonstuff\wpimport\env\Lib\site-packages\requests\sessions.py", line 703, in send
    r = adapter.send(request, **kwargs)
        ^^^^^^^^^^^^^^^^^^^^^^^^^^^^^^^
  File "C:\pythonstuff\wpimport\env\Lib\site-packages\requests\adapters.py", line 519, in send
    raise ConnectionError(e, request=request)
requests.exceptions.ConnectionError: HTTPSConnectionPool(host='shane.maxusvanparts.co.uk', port=443): Max retries exceeded with url: /wp-json/wc/v3/products/106774 (Caused by NameResolutionError("HTTPSConnection(host='shane.maxusvanparts.co.uk', port=443): Failed to resolve 'shane.maxusvanparts.co.uk' ([Errno 11001] getaddrinfo failed)"))
2026-09-16 17:53:38 INFO [581] Creating duplicate for product id=106790 sku=C00045470-1C91 replacement_sku=C00177669
2026-09-16 17:53:38 ERROR [581] Unexpected error duplicating product id=106790
Traceback (most recent call last):
  File "C:\pythonstuff\wpimport\env\Lib\site-packages\urllib3\connection.py", line 204, in _new_conn
    sock = connection.create_connection(
           ^^^^^^^^^^^^^^^^^^^^^^^^^^^^^
  File "C:\pythonstuff\wpimport\env\Lib\site-packages\urllib3\util\connection.py", line 60, in create_connection
    for res in socket.getaddrinfo(host, port, family, socket.SOCK_STREAM):
               ^^^^^^^^^^^^^^^^^^^^^^^^^^^^^^^^^^^^^^^^^^^^^^^^^^^^^^^^^^
  File "C:\Users\User\AppData\Local\Programs\Python\Python312\Lib\socket.py", line 976, in getaddrinfo
    for res in _socket.getaddrinfo(host, port, family, type, proto, flags):
               ^^^^^^^^^^^^^^^^^^^^^^^^^^^^^^^^^^^^^^^^^^^^^^^^^^^^^^^^^^^
socket.gaierror: [Errno 11001] getaddrinfo failed

The above exception was the direct cause of the following exception:

Traceback (most recent call last):
  File "C:\pythonstuff\wpimport\env\Lib\site-packages\urllib3\connectionpool.py", line 787, in urlopen
    response = self._make_request(
               ^^^^^^^^^^^^^^^^^^^
  File "C:\pythonstuff\wpimport\env\Lib\site-packages\urllib3\connectionpool.py", line 488, in _make_request
    raise new_e
  File "C:\pythonstuff\wpimport\env\Lib\site-packages\urllib3\connectionpool.py", line 464, in _make_request
    self._validate_conn(conn)
  File "C:\pythonstuff\wpimport\env\Lib\site-packages\urllib3\connectionpool.py", line 1093, in _validate_conn
    conn.connect()
  File "C:\pythonstuff\wpimport\env\Lib\site-packages\urllib3\connection.py", line 759, in connect
    self.sock = sock = self._new_conn()
                       ^^^^^^^^^^^^^^^^
  File "C:\pythonstuff\wpimport\env\Lib\site-packages\urllib3\connection.py", line 211, in _new_conn
    raise NameResolutionError(self.host, self, e) from e
urllib3.exceptions.NameResolutionError: HTTPSConnection(host='shane.maxusvanparts.co.uk', port=443): Failed to resolve 'shane.maxusvanparts.co.uk' ([Errno 11001] getaddrinfo failed)

The above exception was the direct cause of the following exception:

Traceback (most recent call last):
  File "C:\pythonstuff\wpimport\env\Lib\site-packages\requests\adapters.py", line 486, in send
    resp = conn.urlopen(
           ^^^^^^^^^^^^^
  File "C:\pythonstuff\wpimport\env\Lib\site-packages\urllib3\connectionpool.py", line 841, in urlopen
    retries = retries.increment(
              ^^^^^^^^^^^^^^^^^^
  File "C:\pythonstuff\wpimport\env\Lib\site-packages\urllib3\util\retry.py", line 519, in increment
    raise MaxRetryError(_pool, url, reason) from reason  # type: ignore[arg-type]
    ^^^^^^^^^^^^^^^^^^^^^^^^^^^^^^^^^^^^^^^^^^^^^^^^^^^
urllib3.exceptions.MaxRetryError: HTTPSConnectionPool(host='shane.maxusvanparts.co.uk', port=443): Max retries exceeded with url: /wp-json/wc/v3/products/106790 (Caused by NameResolutionError("HTTPSConnection(host='shane.maxusvanparts.co.uk', port=443): Failed to resolve 'shane.maxusvanparts.co.uk' ([Errno 11001] getaddrinfo failed)"))

During handling of the above exception, another exception occurred:

Traceback (most recent call last):
  File "C:\pythonstuff\wpimport\create_all_duplicates.py", line 226, in main
    new_product = duplicate_product(product_id)
                  ^^^^^^^^^^^^^^^^^^^^^^^^^^^^^
  File "C:\pythonstuff\wpimport\createduplicates.py", line 86, in duplicate_product
    resp = wcapi.get(f"products/{product_id}")
           ^^^^^^^^^^^^^^^^^^^^^^^^^^^^^^^^^^^
  File "C:\pythonstuff\wpimport\env\Lib\site-packages\woocommerce\api.py", line 106, in get
    return self.__request("GET", endpoint, None, **kwargs)
           ^^^^^^^^^^^^^^^^^^^^^^^^^^^^^^^^^^^^^^^^^^^^^^^
  File "C:\pythonstuff\wpimport\env\Lib\site-packages\woocommerce\api.py", line 92, in __request
    return request(
           ^^^^^^^^
  File "C:\pythonstuff\wpimport\env\Lib\site-packages\requests\api.py", line 59, in request
    return session.request(method=method, url=url, **kwargs)
           ^^^^^^^^^^^^^^^^^^^^^^^^^^^^^^^^^^^^^^^^^^^^^^^^^
  File "C:\pythonstuff\wpimport\env\Lib\site-packages\requests\sessions.py", line 589, in request
    resp = self.send(prep, **send_kwargs)
           ^^^^^^^^^^^^^^^^^^^^^^^^^^^^^^
  File "C:\pythonstuff\wpimport\env\Lib\site-packages\requests\sessions.py", line 703, in send
    r = adapter.send(request, **kwargs)
        ^^^^^^^^^^^^^^^^^^^^^^^^^^^^^^^
  File "C:\pythonstuff\wpimport\env\Lib\site-packages\requests\adapters.py", line 519, in send
    raise ConnectionError(e, request=request)
requests.exceptions.ConnectionError: HTTPSConnectionPool(host='shane.maxusvanparts.co.uk', port=443): Max retries exceeded with url: /wp-json/wc/v3/products/106790 (Caused by NameResolutionError("HTTPSConnection(host='shane.maxusvanparts.co.uk', port=443): Failed to resolve 'shane.maxusvanparts.co.uk' ([Errno 11001] getaddrinfo failed)"))
2026-09-16 17:53:38 INFO [582] Creating duplicate for product id=106787 sku=C00050128-56EC replacement_sku=C00211152
2026-09-16 17:53:38 ERROR [582] Unexpected error duplicating product id=106787
Traceback (most recent call last):
  File "C:\pythonstuff\wpimport\env\Lib\site-packages\urllib3\connection.py", line 204, in _new_conn
    sock = connection.create_connection(
           ^^^^^^^^^^^^^^^^^^^^^^^^^^^^^
  File "C:\pythonstuff\wpimport\env\Lib\site-packages\urllib3\util\connection.py", line 60, in create_connection
    for res in socket.getaddrinfo(host, port, family, socket.SOCK_STREAM):
               ^^^^^^^^^^^^^^^^^^^^^^^^^^^^^^^^^^^^^^^^^^^^^^^^^^^^^^^^^^
  File "C:\Users\User\AppData\Local\Programs\Python\Python312\Lib\socket.py", line 976, in getaddrinfo
    for res in _socket.getaddrinfo(host, port, family, type, proto, flags):
               ^^^^^^^^^^^^^^^^^^^^^^^^^^^^^^^^^^^^^^^^^^^^^^^^^^^^^^^^^^^
socket.gaierror: [Errno 11001] getaddrinfo failed

The above exception was the direct cause of the following exception:

Traceback (most recent call last):
  File "C:\pythonstuff\wpimport\env\Lib\site-packages\urllib3\connectionpool.py", line 787, in urlopen
    response = self._make_request(
               ^^^^^^^^^^^^^^^^^^^
  File "C:\pythonstuff\wpimport\env\Lib\site-packages\urllib3\connectionpool.py", line 488, in _make_request
    raise new_e
  File "C:\pythonstuff\wpimport\env\Lib\site-packages\urllib3\connectionpool.py", line 464, in _make_request
    self._validate_conn(conn)
  File "C:\pythonstuff\wpimport\env\Lib\site-packages\urllib3\connectionpool.py", line 1093, in _validate_conn
    conn.connect()
  File "C:\pythonstuff\wpimport\env\Lib\site-packages\urllib3\connection.py", line 759, in connect
    self.sock = sock = self._new_conn()
                       ^^^^^^^^^^^^^^^^
  File "C:\pythonstuff\wpimport\env\Lib\site-packages\urllib3\connection.py", line 211, in _new_conn
    raise NameResolutionError(self.host, self, e) from e
urllib3.exceptions.NameResolutionError: HTTPSConnection(host='shane.maxusvanparts.co.uk', port=443): Failed to resolve 'shane.maxusvanparts.co.uk' ([Errno 11001] getaddrinfo failed)

The above exception was the direct cause of the following exception:

Traceback (most recent call last):
  File "C:\pythonstuff\wpimport\env\Lib\site-packages\requests\adapters.py", line 486, in send
    resp = conn.urlopen(
           ^^^^^^^^^^^^^
  File "C:\pythonstuff\wpimport\env\Lib\site-packages\urllib3\connectionpool.py", line 841, in urlopen
    retries = retries.increment(
              ^^^^^^^^^^^^^^^^^^
  File "C:\pythonstuff\wpimport\env\Lib\site-packages\urllib3\util\retry.py", line 519, in increment
    raise MaxRetryError(_pool, url, reason) from reason  # type: ignore[arg-type]
    ^^^^^^^^^^^^^^^^^^^^^^^^^^^^^^^^^^^^^^^^^^^^^^^^^^^
urllib3.exceptions.MaxRetryError: HTTPSConnectionPool(host='shane.maxusvanparts.co.uk', port=443): Max retries exceeded with url: /wp-json/wc/v3/products/106787 (Caused by NameResolutionError("HTTPSConnection(host='shane.maxusvanparts.co.uk', port=443): Failed to resolve 'shane.maxusvanparts.co.uk' ([Errno 11001] getaddrinfo failed)"))

During handling of the above exception, another exception occurred:

Traceback (most recent call last):
  File "C:\pythonstuff\wpimport\create_all_duplicates.py", line 226, in main
    new_product = duplicate_product(product_id)
                  ^^^^^^^^^^^^^^^^^^^^^^^^^^^^^
  File "C:\pythonstuff\wpimport\createduplicates.py", line 86, in duplicate_product
    resp = wcapi.get(f"products/{product_id}")
           ^^^^^^^^^^^^^^^^^^^^^^^^^^^^^^^^^^^
  File "C:\pythonstuff\wpimport\env\Lib\site-packages\woocommerce\api.py", line 106, in get
    return self.__request("GET", endpoint, None, **kwargs)
           ^^^^^^^^^^^^^^^^^^^^^^^^^^^^^^^^^^^^^^^^^^^^^^^
  File "C:\pythonstuff\wpimport\env\Lib\site-packages\woocommerce\api.py", line 92, in __request
    return request(
           ^^^^^^^^
  File "C:\pythonstuff\wpimport\env\Lib\site-packages\requests\api.py", line 59, in request
    return session.request(method=method, url=url, **kwargs)
           ^^^^^^^^^^^^^^^^^^^^^^^^^^^^^^^^^^^^^^^^^^^^^^^^^
  File "C:\pythonstuff\wpimport\env\Lib\site-packages\requests\sessions.py", line 589, in request
    resp = self.send(prep, **send_kwargs)
           ^^^^^^^^^^^^^^^^^^^^^^^^^^^^^^
  File "C:\pythonstuff\wpimport\env\Lib\site-packages\requests\sessions.py", line 703, in send
    r = adapter.send(request, **kwargs)
        ^^^^^^^^^^^^^^^^^^^^^^^^^^^^^^^
  File "C:\pythonstuff\wpimport\env\Lib\site-packages\requests\adapters.py", line 519, in send
    raise ConnectionError(e, request=request)
requests.exceptions.ConnectionError: HTTPSConnectionPool(host='shane.maxusvanparts.co.uk', port=443): Max retries exceeded with url: /wp-json/wc/v3/products/106787 (Caused by NameResolutionError("HTTPSConnection(host='shane.maxusvanparts.co.uk', port=443): Failed to resolve 'shane.maxusvanparts.co.uk' ([Errno 11001] getaddrinfo failed)"))
2026-09-16 17:53:38 INFO [583] Creating duplicate for product id=106691 sku=C00004546-4100-1E66 replacement_sku=C00320205-4100
2026-09-16 17:53:38 ERROR [583] Unexpected error duplicating product id=106691
Traceback (most recent call last):
  File "C:\pythonstuff\wpimport\env\Lib\site-packages\urllib3\connection.py", line 204, in _new_conn
    sock = connection.create_connection(
           ^^^^^^^^^^^^^^^^^^^^^^^^^^^^^
  File "C:\pythonstuff\wpimport\env\Lib\site-packages\urllib3\util\connection.py", line 60, in create_connection
    for res in socket.getaddrinfo(host, port, family, socket.SOCK_STREAM):
               ^^^^^^^^^^^^^^^^^^^^^^^^^^^^^^^^^^^^^^^^^^^^^^^^^^^^^^^^^^
  File "C:\Users\User\AppData\Local\Programs\Python\Python312\Lib\socket.py", line 976, in getaddrinfo
    for res in _socket.getaddrinfo(host, port, family, type, proto, flags):
               ^^^^^^^^^^^^^^^^^^^^^^^^^^^^^^^^^^^^^^^^^^^^^^^^^^^^^^^^^^^
socket.gaierror: [Errno 11001] getaddrinfo failed

The above exception was the direct cause of the following exception:

Traceback (most recent call last):
  File "C:\pythonstuff\wpimport\env\Lib\site-packages\urllib3\connectionpool.py", line 787, in urlopen
    response = self._make_request(
               ^^^^^^^^^^^^^^^^^^^
  File "C:\pythonstuff\wpimport\env\Lib\site-packages\urllib3\connectionpool.py", line 488, in _make_request
    raise new_e
  File "C:\pythonstuff\wpimport\env\Lib\site-packages\urllib3\connectionpool.py", line 464, in _make_request
    self._validate_conn(conn)
  File "C:\pythonstuff\wpimport\env\Lib\site-packages\urllib3\connectionpool.py", line 1093, in _validate_conn
    conn.connect()
  File "C:\pythonstuff\wpimport\env\Lib\site-packages\urllib3\connection.py", line 759, in connect
    self.sock = sock = self._new_conn()
                       ^^^^^^^^^^^^^^^^
  File "C:\pythonstuff\wpimport\env\Lib\site-packages\urllib3\connection.py", line 211, in _new_conn
    raise NameResolutionError(self.host, self, e) from e
urllib3.exceptions.NameResolutionError: HTTPSConnection(host='shane.maxusvanparts.co.uk', port=443): Failed to resolve 'shane.maxusvanparts.co.uk' ([Errno 11001] getaddrinfo failed)

The above exception was the direct cause of the following exception:

Traceback (most recent call last):
  File "C:\pythonstuff\wpimport\env\Lib\site-packages\requests\adapters.py", line 486, in send
    resp = conn.urlopen(
           ^^^^^^^^^^^^^
  File "C:\pythonstuff\wpimport\env\Lib\site-packages\urllib3\connectionpool.py", line 841, in urlopen
    retries = retries.increment(
              ^^^^^^^^^^^^^^^^^^
  File "C:\pythonstuff\wpimport\env\Lib\site-packages\urllib3\util\retry.py", line 519, in increment
    raise MaxRetryError(_pool, url, reason) from reason  # type: ignore[arg-type]
    ^^^^^^^^^^^^^^^^^^^^^^^^^^^^^^^^^^^^^^^^^^^^^^^^^^^
urllib3.exceptions.MaxRetryError: HTTPSConnectionPool(host='shane.maxusvanparts.co.uk', port=443): Max retries exceeded with url: /wp-json/wc/v3/products/106691 (Caused by NameResolutionError("HTTPSConnection(host='shane.maxusvanparts.co.uk', port=443): Failed to resolve 'shane.maxusvanparts.co.uk' ([Errno 11001] getaddrinfo failed)"))

During handling of the above exception, another exception occurred:

Traceback (most recent call last):
  File "C:\pythonstuff\wpimport\create_all_duplicates.py", line 226, in main
    new_product = duplicate_product(product_id)
                  ^^^^^^^^^^^^^^^^^^^^^^^^^^^^^
  File "C:\pythonstuff\wpimport\createduplicates.py", line 86, in duplicate_product
    resp = wcapi.get(f"products/{product_id}")
           ^^^^^^^^^^^^^^^^^^^^^^^^^^^^^^^^^^^
  File "C:\pythonstuff\wpimport\env\Lib\site-packages\woocommerce\api.py", line 106, in get
    return self.__request("GET", endpoint, None, **kwargs)
           ^^^^^^^^^^^^^^^^^^^^^^^^^^^^^^^^^^^^^^^^^^^^^^^
  File "C:\pythonstuff\wpimport\env\Lib\site-packages\woocommerce\api.py", line 92, in __request
    return request(
           ^^^^^^^^
  File "C:\pythonstuff\wpimport\env\Lib\site-packages\requests\api.py", line 59, in request
    return session.request(method=method, url=url, **kwargs)
           ^^^^^^^^^^^^^^^^^^^^^^^^^^^^^^^^^^^^^^^^^^^^^^^^^
  File "C:\pythonstuff\wpimport\env\Lib\site-packages\requests\sessions.py", line 589, in request
    resp = self.send(prep, **send_kwargs)
           ^^^^^^^^^^^^^^^^^^^^^^^^^^^^^^
  File "C:\pythonstuff\wpimport\env\Lib\site-packages\requests\sessions.py", line 703, in send
    r = adapter.send(request, **kwargs)
        ^^^^^^^^^^^^^^^^^^^^^^^^^^^^^^^
  File "C:\pythonstuff\wpimport\env\Lib\site-packages\requests\adapters.py", line 519, in send
    raise ConnectionError(e, request=request)
requests.exceptions.ConnectionError: HTTPSConnectionPool(host='shane.maxusvanparts.co.uk', port=443): Max retries exceeded with url: /wp-json/wc/v3/products/106691 (Caused by NameResolutionError("HTTPSConnection(host='shane.maxusvanparts.co.uk', port=443): Failed to resolve 'shane.maxusvanparts.co.uk' ([Errno 11001] getaddrinfo failed)"))
2026-09-16 17:53:38 INFO [584] Creating duplicate for product id=106686 sku=C00045030-F092-1EE0 replacement_sku=C00177119-F092
2026-09-16 17:53:38 ERROR [584] Unexpected error duplicating product id=106686
Traceback (most recent call last):
  File "C:\pythonstuff\wpimport\env\Lib\site-packages\urllib3\connection.py", line 204, in _new_conn
    sock = connection.create_connection(
           ^^^^^^^^^^^^^^^^^^^^^^^^^^^^^
  File "C:\pythonstuff\wpimport\env\Lib\site-packages\urllib3\util\connection.py", line 60, in create_connection
    for res in socket.getaddrinfo(host, port, family, socket.SOCK_STREAM):
               ^^^^^^^^^^^^^^^^^^^^^^^^^^^^^^^^^^^^^^^^^^^^^^^^^^^^^^^^^^
  File "C:\Users\User\AppData\Local\Programs\Python\Python312\Lib\socket.py", line 976, in getaddrinfo
    for res in _socket.getaddrinfo(host, port, family, type, proto, flags):
               ^^^^^^^^^^^^^^^^^^^^^^^^^^^^^^^^^^^^^^^^^^^^^^^^^^^^^^^^^^^
socket.gaierror: [Errno 11001] getaddrinfo failed

The above exception was the direct cause of the following exception:

Traceback (most recent call last):
  File "C:\pythonstuff\wpimport\env\Lib\site-packages\urllib3\connectionpool.py", line 787, in urlopen
    response = self._make_request(
               ^^^^^^^^^^^^^^^^^^^
  File "C:\pythonstuff\wpimport\env\Lib\site-packages\urllib3\connectionpool.py", line 488, in _make_request
    raise new_e
  File "C:\pythonstuff\wpimport\env\Lib\site-packages\urllib3\connectionpool.py", line 464, in _make_request
    self._validate_conn(conn)
  File "C:\pythonstuff\wpimport\env\Lib\site-packages\urllib3\connectionpool.py", line 1093, in _validate_conn
    conn.connect()
  File "C:\pythonstuff\wpimport\env\Lib\site-packages\urllib3\connection.py", line 759, in connect
    self.sock = sock = self._new_conn()
                       ^^^^^^^^^^^^^^^^
  File "C:\pythonstuff\wpimport\env\Lib\site-packages\urllib3\connection.py", line 211, in _new_conn
    raise NameResolutionError(self.host, self, e) from e
urllib3.exceptions.NameResolutionError: HTTPSConnection(host='shane.maxusvanparts.co.uk', port=443): Failed to resolve 'shane.maxusvanparts.co.uk' ([Errno 11001] getaddrinfo failed)

The above exception was the direct cause of the following exception:

Traceback (most recent call last):
  File "C:\pythonstuff\wpimport\env\Lib\site-packages\requests\adapters.py", line 486, in send
    resp = conn.urlopen(
           ^^^^^^^^^^^^^
  File "C:\pythonstuff\wpimport\env\Lib\site-packages\urllib3\connectionpool.py", line 841, in urlopen
    retries = retries.increment(
              ^^^^^^^^^^^^^^^^^^
  File "C:\pythonstuff\wpimport\env\Lib\site-packages\urllib3\util\retry.py", line 519, in increment
    raise MaxRetryError(_pool, url, reason) from reason  # type: ignore[arg-type]
    ^^^^^^^^^^^^^^^^^^^^^^^^^^^^^^^^^^^^^^^^^^^^^^^^^^^
urllib3.exceptions.MaxRetryError: HTTPSConnectionPool(host='shane.maxusvanparts.co.uk', port=443): Max retries exceeded with url: /wp-json/wc/v3/products/106686 (Caused by NameResolutionError("HTTPSConnection(host='shane.maxusvanparts.co.uk', port=443): Failed to resolve 'shane.maxusvanparts.co.uk' ([Errno 11001] getaddrinfo failed)"))

During handling of the above exception, another exception occurred:

Traceback (most recent call last):
  File "C:\pythonstuff\wpimport\create_all_duplicates.py", line 226, in main
    new_product = duplicate_product(product_id)
                  ^^^^^^^^^^^^^^^^^^^^^^^^^^^^^
  File "C:\pythonstuff\wpimport\createduplicates.py", line 86, in duplicate_product
    resp = wcapi.get(f"products/{product_id}")
           ^^^^^^^^^^^^^^^^^^^^^^^^^^^^^^^^^^^
  File "C:\pythonstuff\wpimport\env\Lib\site-packages\woocommerce\api.py", line 106, in get
    return self.__request("GET", endpoint, None, **kwargs)
           ^^^^^^^^^^^^^^^^^^^^^^^^^^^^^^^^^^^^^^^^^^^^^^^
  File "C:\pythonstuff\wpimport\env\Lib\site-packages\woocommerce\api.py", line 92, in __request
    return request(
           ^^^^^^^^
  File "C:\pythonstuff\wpimport\env\Lib\site-packages\requests\api.py", line 59, in request
    return session.request(method=method, url=url, **kwargs)
           ^^^^^^^^^^^^^^^^^^^^^^^^^^^^^^^^^^^^^^^^^^^^^^^^^
  File "C:\pythonstuff\wpimport\env\Lib\site-packages\requests\sessions.py", line 589, in request
    resp = self.send(prep, **send_kwargs)
           ^^^^^^^^^^^^^^^^^^^^^^^^^^^^^^
  File "C:\pythonstuff\wpimport\env\Lib\site-packages\requests\sessions.py", line 703, in send
    r = adapter.send(request, **kwargs)
        ^^^^^^^^^^^^^^^^^^^^^^^^^^^^^^^
  File "C:\pythonstuff\wpimport\env\Lib\site-packages\requests\adapters.py", line 519, in send
    raise ConnectionError(e, request=request)
requests.exceptions.ConnectionError: HTTPSConnectionPool(host='shane.maxusvanparts.co.uk', port=443): Max retries exceeded with url: /wp-json/wc/v3/products/106686 (Caused by NameResolutionError("HTTPSConnection(host='shane.maxusvanparts.co.uk', port=443): Failed to resolve 'shane.maxusvanparts.co.uk' ([Errno 11001] getaddrinfo failed)"))
2026-09-16 17:53:38 INFO [585] Creating duplicate for product id=106614 sku=C00016176-D798 replacement_sku=C00121105
2026-09-16 17:53:38 ERROR [585] Unexpected error duplicating product id=106614
Traceback (most recent call last):
  File "C:\pythonstuff\wpimport\env\Lib\site-packages\urllib3\connection.py", line 204, in _new_conn
    sock = connection.create_connection(
           ^^^^^^^^^^^^^^^^^^^^^^^^^^^^^
  File "C:\pythonstuff\wpimport\env\Lib\site-packages\urllib3\util\connection.py", line 60, in create_connection
    for res in socket.getaddrinfo(host, port, family, socket.SOCK_STREAM):
               ^^^^^^^^^^^^^^^^^^^^^^^^^^^^^^^^^^^^^^^^^^^^^^^^^^^^^^^^^^
  File "C:\Users\User\AppData\Local\Programs\Python\Python312\Lib\socket.py", line 976, in getaddrinfo
    for res in _socket.getaddrinfo(host, port, family, type, proto, flags):
               ^^^^^^^^^^^^^^^^^^^^^^^^^^^^^^^^^^^^^^^^^^^^^^^^^^^^^^^^^^^
socket.gaierror: [Errno 11001] getaddrinfo failed

The above exception was the direct cause of the following exception:

Traceback (most recent call last):
  File "C:\pythonstuff\wpimport\env\Lib\site-packages\urllib3\connectionpool.py", line 787, in urlopen
    response = self._make_request(
               ^^^^^^^^^^^^^^^^^^^
  File "C:\pythonstuff\wpimport\env\Lib\site-packages\urllib3\connectionpool.py", line 488, in _make_request
    raise new_e
  File "C:\pythonstuff\wpimport\env\Lib\site-packages\urllib3\connectionpool.py", line 464, in _make_request
    self._validate_conn(conn)
  File "C:\pythonstuff\wpimport\env\Lib\site-packages\urllib3\connectionpool.py", line 1093, in _validate_conn
    conn.connect()
  File "C:\pythonstuff\wpimport\env\Lib\site-packages\urllib3\connection.py", line 759, in connect
    self.sock = sock = self._new_conn()
                       ^^^^^^^^^^^^^^^^
  File "C:\pythonstuff\wpimport\env\Lib\site-packages\urllib3\connection.py", line 211, in _new_conn
    raise NameResolutionError(self.host, self, e) from e
urllib3.exceptions.NameResolutionError: HTTPSConnection(host='shane.maxusvanparts.co.uk', port=443): Failed to resolve 'shane.maxusvanparts.co.uk' ([Errno 11001] getaddrinfo failed)

The above exception was the direct cause of the following exception:

Traceback (most recent call last):
  File "C:\pythonstuff\wpimport\env\Lib\site-packages\requests\adapters.py", line 486, in send
    resp = conn.urlopen(
           ^^^^^^^^^^^^^
  File "C:\pythonstuff\wpimport\env\Lib\site-packages\urllib3\connectionpool.py", line 841, in urlopen
    retries = retries.increment(
              ^^^^^^^^^^^^^^^^^^
  File "C:\pythonstuff\wpimport\env\Lib\site-packages\urllib3\util\retry.py", line 519, in increment
    raise MaxRetryError(_pool, url, reason) from reason  # type: ignore[arg-type]
    ^^^^^^^^^^^^^^^^^^^^^^^^^^^^^^^^^^^^^^^^^^^^^^^^^^^
urllib3.exceptions.MaxRetryError: HTTPSConnectionPool(host='shane.maxusvanparts.co.uk', port=443): Max retries exceeded with url: /wp-json/wc/v3/products/106614 (Caused by NameResolutionError("HTTPSConnection(host='shane.maxusvanparts.co.uk', port=443): Failed to resolve 'shane.maxusvanparts.co.uk' ([Errno 11001] getaddrinfo failed)"))

During handling of the above exception, another exception occurred:

Traceback (most recent call last):
  File "C:\pythonstuff\wpimport\create_all_duplicates.py", line 226, in main
    new_product = duplicate_product(product_id)
                  ^^^^^^^^^^^^^^^^^^^^^^^^^^^^^
  File "C:\pythonstuff\wpimport\createduplicates.py", line 86, in duplicate_product
    resp = wcapi.get(f"products/{product_id}")
           ^^^^^^^^^^^^^^^^^^^^^^^^^^^^^^^^^^^
  File "C:\pythonstuff\wpimport\env\Lib\site-packages\woocommerce\api.py", line 106, in get
    return self.__request("GET", endpoint, None, **kwargs)
           ^^^^^^^^^^^^^^^^^^^^^^^^^^^^^^^^^^^^^^^^^^^^^^^
  File "C:\pythonstuff\wpimport\env\Lib\site-packages\woocommerce\api.py", line 92, in __request
    return request(
           ^^^^^^^^
  File "C:\pythonstuff\wpimport\env\Lib\site-packages\requests\api.py", line 59, in request
    return session.request(method=method, url=url, **kwargs)
           ^^^^^^^^^^^^^^^^^^^^^^^^^^^^^^^^^^^^^^^^^^^^^^^^^
  File "C:\pythonstuff\wpimport\env\Lib\site-packages\requests\sessions.py", line 589, in request
    resp = self.send(prep, **send_kwargs)
           ^^^^^^^^^^^^^^^^^^^^^^^^^^^^^^
  File "C:\pythonstuff\wpimport\env\Lib\site-packages\requests\sessions.py", line 703, in send
    r = adapter.send(request, **kwargs)
        ^^^^^^^^^^^^^^^^^^^^^^^^^^^^^^^
  File "C:\pythonstuff\wpimport\env\Lib\site-packages\requests\adapters.py", line 519, in send
    raise ConnectionError(e, request=request)
requests.exceptions.ConnectionError: HTTPSConnectionPool(host='shane.maxusvanparts.co.uk', port=443): Max retries exceeded with url: /wp-json/wc/v3/products/106614 (Caused by NameResolutionError("HTTPSConnection(host='shane.maxusvanparts.co.uk', port=443): Failed to resolve 'shane.maxusvanparts.co.uk' ([Errno 11001] getaddrinfo failed)"))
2026-09-16 17:53:38 INFO [586] Creating duplicate for product id=106617 sku=C00112709-10E5 replacement_sku=C00156855
2026-09-16 17:53:38 ERROR [586] Unexpected error duplicating product id=106617
Traceback (most recent call last):
  File "C:\pythonstuff\wpimport\env\Lib\site-packages\urllib3\connection.py", line 204, in _new_conn
    sock = connection.create_connection(
           ^^^^^^^^^^^^^^^^^^^^^^^^^^^^^
  File "C:\pythonstuff\wpimport\env\Lib\site-packages\urllib3\util\connection.py", line 60, in create_connection
    for res in socket.getaddrinfo(host, port, family, socket.SOCK_STREAM):
               ^^^^^^^^^^^^^^^^^^^^^^^^^^^^^^^^^^^^^^^^^^^^^^^^^^^^^^^^^^
  File "C:\Users\User\AppData\Local\Programs\Python\Python312\Lib\socket.py", line 976, in getaddrinfo
    for res in _socket.getaddrinfo(host, port, family, type, proto, flags):
               ^^^^^^^^^^^^^^^^^^^^^^^^^^^^^^^^^^^^^^^^^^^^^^^^^^^^^^^^^^^
socket.gaierror: [Errno 11001] getaddrinfo failed

The above exception was the direct cause of the following exception:

Traceback (most recent call last):
  File "C:\pythonstuff\wpimport\env\Lib\site-packages\urllib3\connectionpool.py", line 787, in urlopen
    response = self._make_request(
               ^^^^^^^^^^^^^^^^^^^
  File "C:\pythonstuff\wpimport\env\Lib\site-packages\urllib3\connectionpool.py", line 488, in _make_request
    raise new_e
  File "C:\pythonstuff\wpimport\env\Lib\site-packages\urllib3\connectionpool.py", line 464, in _make_request
    self._validate_conn(conn)
  File "C:\pythonstuff\wpimport\env\Lib\site-packages\urllib3\connectionpool.py", line 1093, in _validate_conn
    conn.connect()
  File "C:\pythonstuff\wpimport\env\Lib\site-packages\urllib3\connection.py", line 759, in connect
    self.sock = sock = self._new_conn()
                       ^^^^^^^^^^^^^^^^
  File "C:\pythonstuff\wpimport\env\Lib\site-packages\urllib3\connection.py", line 211, in _new_conn
    raise NameResolutionError(self.host, self, e) from e
urllib3.exceptions.NameResolutionError: HTTPSConnection(host='shane.maxusvanparts.co.uk', port=443): Failed to resolve 'shane.maxusvanparts.co.uk' ([Errno 11001] getaddrinfo failed)

The above exception was the direct cause of the following exception:

Traceback (most recent call last):
  File "C:\pythonstuff\wpimport\env\Lib\site-packages\requests\adapters.py", line 486, in send
    resp = conn.urlopen(
           ^^^^^^^^^^^^^
  File "C:\pythonstuff\wpimport\env\Lib\site-packages\urllib3\connectionpool.py", line 841, in urlopen
    retries = retries.increment(
              ^^^^^^^^^^^^^^^^^^
  File "C:\pythonstuff\wpimport\env\Lib\site-packages\urllib3\util\retry.py", line 519, in increment
    raise MaxRetryError(_pool, url, reason) from reason  # type: ignore[arg-type]
    ^^^^^^^^^^^^^^^^^^^^^^^^^^^^^^^^^^^^^^^^^^^^^^^^^^^
urllib3.exceptions.MaxRetryError: HTTPSConnectionPool(host='shane.maxusvanparts.co.uk', port=443): Max retries exceeded with url: /wp-json/wc/v3/products/106617 (Caused by NameResolutionError("HTTPSConnection(host='shane.maxusvanparts.co.uk', port=443): Failed to resolve 'shane.maxusvanparts.co.uk' ([Errno 11001] getaddrinfo failed)"))

During handling of the above exception, another exception occurred:

Traceback (most recent call last):
  File "C:\pythonstuff\wpimport\create_all_duplicates.py", line 226, in main
    new_product = duplicate_product(product_id)
                  ^^^^^^^^^^^^^^^^^^^^^^^^^^^^^
  File "C:\pythonstuff\wpimport\createduplicates.py", line 86, in duplicate_product
    resp = wcapi.get(f"products/{product_id}")
           ^^^^^^^^^^^^^^^^^^^^^^^^^^^^^^^^^^^
  File "C:\pythonstuff\wpimport\env\Lib\site-packages\woocommerce\api.py", line 106, in get
    return self.__request("GET", endpoint, None, **kwargs)
           ^^^^^^^^^^^^^^^^^^^^^^^^^^^^^^^^^^^^^^^^^^^^^^^
  File "C:\pythonstuff\wpimport\env\Lib\site-packages\woocommerce\api.py", line 92, in __request
    return request(
           ^^^^^^^^
  File "C:\pythonstuff\wpimport\env\Lib\site-packages\requests\api.py", line 59, in request
    return session.request(method=method, url=url, **kwargs)
           ^^^^^^^^^^^^^^^^^^^^^^^^^^^^^^^^^^^^^^^^^^^^^^^^^
  File "C:\pythonstuff\wpimport\env\Lib\site-packages\requests\sessions.py", line 589, in request
    resp = self.send(prep, **send_kwargs)
           ^^^^^^^^^^^^^^^^^^^^^^^^^^^^^^
  File "C:\pythonstuff\wpimport\env\Lib\site-packages\requests\sessions.py", line 703, in send
    r = adapter.send(request, **kwargs)
        ^^^^^^^^^^^^^^^^^^^^^^^^^^^^^^^
  File "C:\pythonstuff\wpimport\env\Lib\site-packages\requests\adapters.py", line 519, in send
    raise ConnectionError(e, request=request)
requests.exceptions.ConnectionError: HTTPSConnectionPool(host='shane.maxusvanparts.co.uk', port=443): Max retries exceeded with url: /wp-json/wc/v3/products/106617 (Caused by NameResolutionError("HTTPSConnection(host='shane.maxusvanparts.co.uk', port=443): Failed to resolve 'shane.maxusvanparts.co.uk' ([Errno 11001] getaddrinfo failed)"))
2026-09-16 17:53:38 INFO [587] Creating duplicate for product id=106651 sku=C00083576-4EE7 replacement_sku=C00139860
2026-09-16 17:53:38 ERROR [587] Unexpected error duplicating product id=106651
Traceback (most recent call last):
  File "C:\pythonstuff\wpimport\env\Lib\site-packages\urllib3\connection.py", line 204, in _new_conn
    sock = connection.create_connection(
           ^^^^^^^^^^^^^^^^^^^^^^^^^^^^^
  File "C:\pythonstuff\wpimport\env\Lib\site-packages\urllib3\util\connection.py", line 60, in create_connection
    for res in socket.getaddrinfo(host, port, family, socket.SOCK_STREAM):
               ^^^^^^^^^^^^^^^^^^^^^^^^^^^^^^^^^^^^^^^^^^^^^^^^^^^^^^^^^^
  File "C:\Users\User\AppData\Local\Programs\Python\Python312\Lib\socket.py", line 976, in getaddrinfo
    for res in _socket.getaddrinfo(host, port, family, type, proto, flags):
               ^^^^^^^^^^^^^^^^^^^^^^^^^^^^^^^^^^^^^^^^^^^^^^^^^^^^^^^^^^^
socket.gaierror: [Errno 11001] getaddrinfo failed

The above exception was the direct cause of the following exception:

Traceback (most recent call last):
  File "C:\pythonstuff\wpimport\env\Lib\site-packages\urllib3\connectionpool.py", line 787, in urlopen
    response = self._make_request(
               ^^^^^^^^^^^^^^^^^^^
  File "C:\pythonstuff\wpimport\env\Lib\site-packages\urllib3\connectionpool.py", line 488, in _make_request
    raise new_e
  File "C:\pythonstuff\wpimport\env\Lib\site-packages\urllib3\connectionpool.py", line 464, in _make_request
    self._validate_conn(conn)
  File "C:\pythonstuff\wpimport\env\Lib\site-packages\urllib3\connectionpool.py", line 1093, in _validate_conn
    conn.connect()
  File "C:\pythonstuff\wpimport\env\Lib\site-packages\urllib3\connection.py", line 759, in connect
    self.sock = sock = self._new_conn()
                       ^^^^^^^^^^^^^^^^
  File "C:\pythonstuff\wpimport\env\Lib\site-packages\urllib3\connection.py", line 211, in _new_conn
    raise NameResolutionError(self.host, self, e) from e
urllib3.exceptions.NameResolutionError: HTTPSConnection(host='shane.maxusvanparts.co.uk', port=443): Failed to resolve 'shane.maxusvanparts.co.uk' ([Errno 11001] getaddrinfo failed)

The above exception was the direct cause of the following exception:

Traceback (most recent call last):
  File "C:\pythonstuff\wpimport\env\Lib\site-packages\requests\adapters.py", line 486, in send
    resp = conn.urlopen(
           ^^^^^^^^^^^^^
  File "C:\pythonstuff\wpimport\env\Lib\site-packages\urllib3\connectionpool.py", line 841, in urlopen
    retries = retries.increment(
              ^^^^^^^^^^^^^^^^^^
  File "C:\pythonstuff\wpimport\env\Lib\site-packages\urllib3\util\retry.py", line 519, in increment
    raise MaxRetryError(_pool, url, reason) from reason  # type: ignore[arg-type]
    ^^^^^^^^^^^^^^^^^^^^^^^^^^^^^^^^^^^^^^^^^^^^^^^^^^^
urllib3.exceptions.MaxRetryError: HTTPSConnectionPool(host='shane.maxusvanparts.co.uk', port=443): Max retries exceeded with url: /wp-json/wc/v3/products/106651 (Caused by NameResolutionError("HTTPSConnection(host='shane.maxusvanparts.co.uk', port=443): Failed to resolve 'shane.maxusvanparts.co.uk' ([Errno 11001] getaddrinfo failed)"))

During handling of the above exception, another exception occurred:

Traceback (most recent call last):
  File "C:\pythonstuff\wpimport\create_all_duplicates.py", line 226, in main
    new_product = duplicate_product(product_id)
                  ^^^^^^^^^^^^^^^^^^^^^^^^^^^^^
  File "C:\pythonstuff\wpimport\createduplicates.py", line 86, in duplicate_product
    resp = wcapi.get(f"products/{product_id}")
           ^^^^^^^^^^^^^^^^^^^^^^^^^^^^^^^^^^^
  File "C:\pythonstuff\wpimport\env\Lib\site-packages\woocommerce\api.py", line 106, in get
    return self.__request("GET", endpoint, None, **kwargs)
           ^^^^^^^^^^^^^^^^^^^^^^^^^^^^^^^^^^^^^^^^^^^^^^^
  File "C:\pythonstuff\wpimport\env\Lib\site-packages\woocommerce\api.py", line 92, in __request
    return request(
           ^^^^^^^^
  File "C:\pythonstuff\wpimport\env\Lib\site-packages\requests\api.py", line 59, in request
    return session.request(method=method, url=url, **kwargs)
           ^^^^^^^^^^^^^^^^^^^^^^^^^^^^^^^^^^^^^^^^^^^^^^^^^
  File "C:\pythonstuff\wpimport\env\Lib\site-packages\requests\sessions.py", line 589, in request
    resp = self.send(prep, **send_kwargs)
           ^^^^^^^^^^^^^^^^^^^^^^^^^^^^^^
  File "C:\pythonstuff\wpimport\env\Lib\site-packages\requests\sessions.py", line 703, in send
    r = adapter.send(request, **kwargs)
        ^^^^^^^^^^^^^^^^^^^^^^^^^^^^^^^
  File "C:\pythonstuff\wpimport\env\Lib\site-packages\requests\adapters.py", line 519, in send
    raise ConnectionError(e, request=request)
requests.exceptions.ConnectionError: HTTPSConnectionPool(host='shane.maxusvanparts.co.uk', port=443): Max retries exceeded with url: /wp-json/wc/v3/products/106651 (Caused by NameResolutionError("HTTPSConnection(host='shane.maxusvanparts.co.uk', port=443): Failed to resolve 'shane.maxusvanparts.co.uk' ([Errno 11001] getaddrinfo failed)"))
2026-09-16 17:53:38 INFO [588] Creating duplicate for product id=106611 sku=C00178003-4319 replacement_sku=C00178003-A
2026-09-16 17:53:38 ERROR [588] Unexpected error duplicating product id=106611
Traceback (most recent call last):
  File "C:\pythonstuff\wpimport\env\Lib\site-packages\urllib3\connection.py", line 204, in _new_conn
    sock = connection.create_connection(
           ^^^^^^^^^^^^^^^^^^^^^^^^^^^^^
  File "C:\pythonstuff\wpimport\env\Lib\site-packages\urllib3\util\connection.py", line 60, in create_connection
    for res in socket.getaddrinfo(host, port, family, socket.SOCK_STREAM):
               ^^^^^^^^^^^^^^^^^^^^^^^^^^^^^^^^^^^^^^^^^^^^^^^^^^^^^^^^^^
  File "C:\Users\User\AppData\Local\Programs\Python\Python312\Lib\socket.py", line 976, in getaddrinfo
    for res in _socket.getaddrinfo(host, port, family, type, proto, flags):
               ^^^^^^^^^^^^^^^^^^^^^^^^^^^^^^^^^^^^^^^^^^^^^^^^^^^^^^^^^^^
socket.gaierror: [Errno 11001] getaddrinfo failed

The above exception was the direct cause of the following exception:

Traceback (most recent call last):
  File "C:\pythonstuff\wpimport\env\Lib\site-packages\urllib3\connectionpool.py", line 787, in urlopen
    response = self._make_request(
               ^^^^^^^^^^^^^^^^^^^
  File "C:\pythonstuff\wpimport\env\Lib\site-packages\urllib3\connectionpool.py", line 488, in _make_request
    raise new_e
  File "C:\pythonstuff\wpimport\env\Lib\site-packages\urllib3\connectionpool.py", line 464, in _make_request
    self._validate_conn(conn)
  File "C:\pythonstuff\wpimport\env\Lib\site-packages\urllib3\connectionpool.py", line 1093, in _validate_conn
    conn.connect()
  File "C:\pythonstuff\wpimport\env\Lib\site-packages\urllib3\connection.py", line 759, in connect
    self.sock = sock = self._new_conn()
                       ^^^^^^^^^^^^^^^^
  File "C:\pythonstuff\wpimport\env\Lib\site-packages\urllib3\connection.py", line 211, in _new_conn
    raise NameResolutionError(self.host, self, e) from e
urllib3.exceptions.NameResolutionError: HTTPSConnection(host='shane.maxusvanparts.co.uk', port=443): Failed to resolve 'shane.maxusvanparts.co.uk' ([Errno 11001] getaddrinfo failed)

The above exception was the direct cause of the following exception:

Traceback (most recent call last):
  File "C:\pythonstuff\wpimport\env\Lib\site-packages\requests\adapters.py", line 486, in send
    resp = conn.urlopen(
           ^^^^^^^^^^^^^
  File "C:\pythonstuff\wpimport\env\Lib\site-packages\urllib3\connectionpool.py", line 841, in urlopen
    retries = retries.increment(
              ^^^^^^^^^^^^^^^^^^
  File "C:\pythonstuff\wpimport\env\Lib\site-packages\urllib3\util\retry.py", line 519, in increment
    raise MaxRetryError(_pool, url, reason) from reason  # type: ignore[arg-type]
    ^^^^^^^^^^^^^^^^^^^^^^^^^^^^^^^^^^^^^^^^^^^^^^^^^^^
urllib3.exceptions.MaxRetryError: HTTPSConnectionPool(host='shane.maxusvanparts.co.uk', port=443): Max retries exceeded with url: /wp-json/wc/v3/products/106611 (Caused by NameResolutionError("HTTPSConnection(host='shane.maxusvanparts.co.uk', port=443): Failed to resolve 'shane.maxusvanparts.co.uk' ([Errno 11001] getaddrinfo failed)"))

During handling of the above exception, another exception occurred:

Traceback (most recent call last):
  File "C:\pythonstuff\wpimport\create_all_duplicates.py", line 226, in main
    new_product = duplicate_product(product_id)
                  ^^^^^^^^^^^^^^^^^^^^^^^^^^^^^
  File "C:\pythonstuff\wpimport\createduplicates.py", line 86, in duplicate_product
    resp = wcapi.get(f"products/{product_id}")
           ^^^^^^^^^^^^^^^^^^^^^^^^^^^^^^^^^^^
  File "C:\pythonstuff\wpimport\env\Lib\site-packages\woocommerce\api.py", line 106, in get
    return self.__request("GET", endpoint, None, **kwargs)
           ^^^^^^^^^^^^^^^^^^^^^^^^^^^^^^^^^^^^^^^^^^^^^^^
  File "C:\pythonstuff\wpimport\env\Lib\site-packages\woocommerce\api.py", line 92, in __request
    return request(
           ^^^^^^^^
  File "C:\pythonstuff\wpimport\env\Lib\site-packages\requests\api.py", line 59, in request
    return session.request(method=method, url=url, **kwargs)
           ^^^^^^^^^^^^^^^^^^^^^^^^^^^^^^^^^^^^^^^^^^^^^^^^^
  File "C:\pythonstuff\wpimport\env\Lib\site-packages\requests\sessions.py", line 589, in request
    resp = self.send(prep, **send_kwargs)
           ^^^^^^^^^^^^^^^^^^^^^^^^^^^^^^
  File "C:\pythonstuff\wpimport\env\Lib\site-packages\requests\sessions.py", line 703, in send
    r = adapter.send(request, **kwargs)
        ^^^^^^^^^^^^^^^^^^^^^^^^^^^^^^^
  File "C:\pythonstuff\wpimport\env\Lib\site-packages\requests\adapters.py", line 519, in send
    raise ConnectionError(e, request=request)
requests.exceptions.ConnectionError: HTTPSConnectionPool(host='shane.maxusvanparts.co.uk', port=443): Max retries exceeded with url: /wp-json/wc/v3/products/106611 (Caused by NameResolutionError("HTTPSConnection(host='shane.maxusvanparts.co.uk', port=443): Failed to resolve 'shane.maxusvanparts.co.uk' ([Errno 11001] getaddrinfo failed)"))
2026-09-16 17:53:38 INFO [589] Creating duplicate for product id=106636 sku=C00112713-4100-E328 replacement_sku=C00231876-4100
2026-09-16 17:53:38 ERROR [589] Unexpected error duplicating product id=106636
Traceback (most recent call last):
  File "C:\pythonstuff\wpimport\env\Lib\site-packages\urllib3\connection.py", line 204, in _new_conn
    sock = connection.create_connection(
           ^^^^^^^^^^^^^^^^^^^^^^^^^^^^^
  File "C:\pythonstuff\wpimport\env\Lib\site-packages\urllib3\util\connection.py", line 60, in create_connection
    for res in socket.getaddrinfo(host, port, family, socket.SOCK_STREAM):
               ^^^^^^^^^^^^^^^^^^^^^^^^^^^^^^^^^^^^^^^^^^^^^^^^^^^^^^^^^^
  File "C:\Users\User\AppData\Local\Programs\Python\Python312\Lib\socket.py", line 976, in getaddrinfo
    for res in _socket.getaddrinfo(host, port, family, type, proto, flags):
               ^^^^^^^^^^^^^^^^^^^^^^^^^^^^^^^^^^^^^^^^^^^^^^^^^^^^^^^^^^^
socket.gaierror: [Errno 11001] getaddrinfo failed

The above exception was the direct cause of the following exception:

Traceback (most recent call last):
  File "C:\pythonstuff\wpimport\env\Lib\site-packages\urllib3\connectionpool.py", line 787, in urlopen
    response = self._make_request(
               ^^^^^^^^^^^^^^^^^^^
  File "C:\pythonstuff\wpimport\env\Lib\site-packages\urllib3\connectionpool.py", line 488, in _make_request
    raise new_e
  File "C:\pythonstuff\wpimport\env\Lib\site-packages\urllib3\connectionpool.py", line 464, in _make_request
    self._validate_conn(conn)
  File "C:\pythonstuff\wpimport\env\Lib\site-packages\urllib3\connectionpool.py", line 1093, in _validate_conn
    conn.connect()
  File "C:\pythonstuff\wpimport\env\Lib\site-packages\urllib3\connection.py", line 759, in connect
    self.sock = sock = self._new_conn()
                       ^^^^^^^^^^^^^^^^
  File "C:\pythonstuff\wpimport\env\Lib\site-packages\urllib3\connection.py", line 211, in _new_conn
    raise NameResolutionError(self.host, self, e) from e
urllib3.exceptions.NameResolutionError: HTTPSConnection(host='shane.maxusvanparts.co.uk', port=443): Failed to resolve 'shane.maxusvanparts.co.uk' ([Errno 11001] getaddrinfo failed)

The above exception was the direct cause of the following exception:

Traceback (most recent call last):
  File "C:\pythonstuff\wpimport\env\Lib\site-packages\requests\adapters.py", line 486, in send
    resp = conn.urlopen(
           ^^^^^^^^^^^^^
  File "C:\pythonstuff\wpimport\env\Lib\site-packages\urllib3\connectionpool.py", line 841, in urlopen
    retries = retries.increment(
              ^^^^^^^^^^^^^^^^^^
  File "C:\pythonstuff\wpimport\env\Lib\site-packages\urllib3\util\retry.py", line 519, in increment
    raise MaxRetryError(_pool, url, reason) from reason  # type: ignore[arg-type]
    ^^^^^^^^^^^^^^^^^^^^^^^^^^^^^^^^^^^^^^^^^^^^^^^^^^^
urllib3.exceptions.MaxRetryError: HTTPSConnectionPool(host='shane.maxusvanparts.co.uk', port=443): Max retries exceeded with url: /wp-json/wc/v3/products/106636 (Caused by NameResolutionError("HTTPSConnection(host='shane.maxusvanparts.co.uk', port=443): Failed to resolve 'shane.maxusvanparts.co.uk' ([Errno 11001] getaddrinfo failed)"))

During handling of the above exception, another exception occurred:

Traceback (most recent call last):
  File "C:\pythonstuff\wpimport\create_all_duplicates.py", line 226, in main
    new_product = duplicate_product(product_id)
                  ^^^^^^^^^^^^^^^^^^^^^^^^^^^^^
  File "C:\pythonstuff\wpimport\createduplicates.py", line 86, in duplicate_product
    resp = wcapi.get(f"products/{product_id}")
           ^^^^^^^^^^^^^^^^^^^^^^^^^^^^^^^^^^^
  File "C:\pythonstuff\wpimport\env\Lib\site-packages\woocommerce\api.py", line 106, in get
    return self.__request("GET", endpoint, None, **kwargs)
           ^^^^^^^^^^^^^^^^^^^^^^^^^^^^^^^^^^^^^^^^^^^^^^^
  File "C:\pythonstuff\wpimport\env\Lib\site-packages\woocommerce\api.py", line 92, in __request
    return request(
           ^^^^^^^^
  File "C:\pythonstuff\wpimport\env\Lib\site-packages\requests\api.py", line 59, in request
    return session.request(method=method, url=url, **kwargs)
           ^^^^^^^^^^^^^^^^^^^^^^^^^^^^^^^^^^^^^^^^^^^^^^^^^
  File "C:\pythonstuff\wpimport\env\Lib\site-packages\requests\sessions.py", line 589, in request
    resp = self.send(prep, **send_kwargs)
           ^^^^^^^^^^^^^^^^^^^^^^^^^^^^^^
  File "C:\pythonstuff\wpimport\env\Lib\site-packages\requests\sessions.py", line 703, in send
    r = adapter.send(request, **kwargs)
        ^^^^^^^^^^^^^^^^^^^^^^^^^^^^^^^
  File "C:\pythonstuff\wpimport\env\Lib\site-packages\requests\adapters.py", line 519, in send
    raise ConnectionError(e, request=request)
requests.exceptions.ConnectionError: HTTPSConnectionPool(host='shane.maxusvanparts.co.uk', port=443): Max retries exceeded with url: /wp-json/wc/v3/products/106636 (Caused by NameResolutionError("HTTPSConnection(host='shane.maxusvanparts.co.uk', port=443): Failed to resolve 'shane.maxusvanparts.co.uk' ([Errno 11001] getaddrinfo failed)"))
2026-09-16 17:53:38 INFO [590] Creating duplicate for product id=106615 sku=C00024009-8524 replacement_sku=C00219874
2026-09-16 17:53:38 ERROR [590] Unexpected error duplicating product id=106615
Traceback (most recent call last):
  File "C:\pythonstuff\wpimport\env\Lib\site-packages\urllib3\connection.py", line 204, in _new_conn
    sock = connection.create_connection(
           ^^^^^^^^^^^^^^^^^^^^^^^^^^^^^
  File "C:\pythonstuff\wpimport\env\Lib\site-packages\urllib3\util\connection.py", line 60, in create_connection
    for res in socket.getaddrinfo(host, port, family, socket.SOCK_STREAM):
               ^^^^^^^^^^^^^^^^^^^^^^^^^^^^^^^^^^^^^^^^^^^^^^^^^^^^^^^^^^
  File "C:\Users\User\AppData\Local\Programs\Python\Python312\Lib\socket.py", line 976, in getaddrinfo
    for res in _socket.getaddrinfo(host, port, family, type, proto, flags):
               ^^^^^^^^^^^^^^^^^^^^^^^^^^^^^^^^^^^^^^^^^^^^^^^^^^^^^^^^^^^
socket.gaierror: [Errno 11001] getaddrinfo failed

The above exception was the direct cause of the following exception:

Traceback (most recent call last):
  File "C:\pythonstuff\wpimport\env\Lib\site-packages\urllib3\connectionpool.py", line 787, in urlopen
    response = self._make_request(
               ^^^^^^^^^^^^^^^^^^^
  File "C:\pythonstuff\wpimport\env\Lib\site-packages\urllib3\connectionpool.py", line 488, in _make_request
    raise new_e
  File "C:\pythonstuff\wpimport\env\Lib\site-packages\urllib3\connectionpool.py", line 464, in _make_request
    self._validate_conn(conn)
  File "C:\pythonstuff\wpimport\env\Lib\site-packages\urllib3\connectionpool.py", line 1093, in _validate_conn
    conn.connect()
  File "C:\pythonstuff\wpimport\env\Lib\site-packages\urllib3\connection.py", line 759, in connect
    self.sock = sock = self._new_conn()
                       ^^^^^^^^^^^^^^^^
  File "C:\pythonstuff\wpimport\env\Lib\site-packages\urllib3\connection.py", line 211, in _new_conn
    raise NameResolutionError(self.host, self, e) from e
urllib3.exceptions.NameResolutionError: HTTPSConnection(host='shane.maxusvanparts.co.uk', port=443): Failed to resolve 'shane.maxusvanparts.co.uk' ([Errno 11001] getaddrinfo failed)

The above exception was the direct cause of the following exception:

Traceback (most recent call last):
  File "C:\pythonstuff\wpimport\env\Lib\site-packages\requests\adapters.py", line 486, in send
    resp = conn.urlopen(
           ^^^^^^^^^^^^^
  File "C:\pythonstuff\wpimport\env\Lib\site-packages\urllib3\connectionpool.py", line 841, in urlopen
    retries = retries.increment(
              ^^^^^^^^^^^^^^^^^^
  File "C:\pythonstuff\wpimport\env\Lib\site-packages\urllib3\util\retry.py", line 519, in increment
    raise MaxRetryError(_pool, url, reason) from reason  # type: ignore[arg-type]
    ^^^^^^^^^^^^^^^^^^^^^^^^^^^^^^^^^^^^^^^^^^^^^^^^^^^
urllib3.exceptions.MaxRetryError: HTTPSConnectionPool(host='shane.maxusvanparts.co.uk', port=443): Max retries exceeded with url: /wp-json/wc/v3/products/106615 (Caused by NameResolutionError("HTTPSConnection(host='shane.maxusvanparts.co.uk', port=443): Failed to resolve 'shane.maxusvanparts.co.uk' ([Errno 11001] getaddrinfo failed)"))

During handling of the above exception, another exception occurred:

Traceback (most recent call last):
  File "C:\pythonstuff\wpimport\create_all_duplicates.py", line 226, in main
    new_product = duplicate_product(product_id)
                  ^^^^^^^^^^^^^^^^^^^^^^^^^^^^^
  File "C:\pythonstuff\wpimport\createduplicates.py", line 86, in duplicate_product
    resp = wcapi.get(f"products/{product_id}")
           ^^^^^^^^^^^^^^^^^^^^^^^^^^^^^^^^^^^
  File "C:\pythonstuff\wpimport\env\Lib\site-packages\woocommerce\api.py", line 106, in get
    return self.__request("GET", endpoint, None, **kwargs)
           ^^^^^^^^^^^^^^^^^^^^^^^^^^^^^^^^^^^^^^^^^^^^^^^
  File "C:\pythonstuff\wpimport\env\Lib\site-packages\woocommerce\api.py", line 92, in __request
    return request(
           ^^^^^^^^
  File "C:\pythonstuff\wpimport\env\Lib\site-packages\requests\api.py", line 59, in request
    return session.request(method=method, url=url, **kwargs)
           ^^^^^^^^^^^^^^^^^^^^^^^^^^^^^^^^^^^^^^^^^^^^^^^^^
  File "C:\pythonstuff\wpimport\env\Lib\site-packages\requests\sessions.py", line 589, in request
    resp = self.send(prep, **send_kwargs)
           ^^^^^^^^^^^^^^^^^^^^^^^^^^^^^^
  File "C:\pythonstuff\wpimport\env\Lib\site-packages\requests\sessions.py", line 703, in send
    r = adapter.send(request, **kwargs)
        ^^^^^^^^^^^^^^^^^^^^^^^^^^^^^^^
  File "C:\pythonstuff\wpimport\env\Lib\site-packages\requests\adapters.py", line 519, in send
    raise ConnectionError(e, request=request)
requests.exceptions.ConnectionError: HTTPSConnectionPool(host='shane.maxusvanparts.co.uk', port=443): Max retries exceeded with url: /wp-json/wc/v3/products/106615 (Caused by NameResolutionError("HTTPSConnection(host='shane.maxusvanparts.co.uk', port=443): Failed to resolve 'shane.maxusvanparts.co.uk' ([Errno 11001] getaddrinfo failed)"))
2026-09-16 17:53:38 INFO [591] Creating duplicate for product id=106593 sku=C00064221-1D38 replacement_sku=C00198201
2026-09-16 17:53:38 ERROR [591] Unexpected error duplicating product id=106593
Traceback (most recent call last):
  File "C:\pythonstuff\wpimport\env\Lib\site-packages\urllib3\connection.py", line 204, in _new_conn
    sock = connection.create_connection(
           ^^^^^^^^^^^^^^^^^^^^^^^^^^^^^
  File "C:\pythonstuff\wpimport\env\Lib\site-packages\urllib3\util\connection.py", line 60, in create_connection
    for res in socket.getaddrinfo(host, port, family, socket.SOCK_STREAM):
               ^^^^^^^^^^^^^^^^^^^^^^^^^^^^^^^^^^^^^^^^^^^^^^^^^^^^^^^^^^
  File "C:\Users\User\AppData\Local\Programs\Python\Python312\Lib\socket.py", line 976, in getaddrinfo
    for res in _socket.getaddrinfo(host, port, family, type, proto, flags):
               ^^^^^^^^^^^^^^^^^^^^^^^^^^^^^^^^^^^^^^^^^^^^^^^^^^^^^^^^^^^
socket.gaierror: [Errno 11001] getaddrinfo failed

The above exception was the direct cause of the following exception:

Traceback (most recent call last):
  File "C:\pythonstuff\wpimport\env\Lib\site-packages\urllib3\connectionpool.py", line 787, in urlopen
    response = self._make_request(
               ^^^^^^^^^^^^^^^^^^^
  File "C:\pythonstuff\wpimport\env\Lib\site-packages\urllib3\connectionpool.py", line 488, in _make_request
    raise new_e
  File "C:\pythonstuff\wpimport\env\Lib\site-packages\urllib3\connectionpool.py", line 464, in _make_request
    self._validate_conn(conn)
  File "C:\pythonstuff\wpimport\env\Lib\site-packages\urllib3\connectionpool.py", line 1093, in _validate_conn
    conn.connect()
  File "C:\pythonstuff\wpimport\env\Lib\site-packages\urllib3\connection.py", line 759, in connect
    self.sock = sock = self._new_conn()
                       ^^^^^^^^^^^^^^^^
  File "C:\pythonstuff\wpimport\env\Lib\site-packages\urllib3\connection.py", line 211, in _new_conn
    raise NameResolutionError(self.host, self, e) from e
urllib3.exceptions.NameResolutionError: HTTPSConnection(host='shane.maxusvanparts.co.uk', port=443): Failed to resolve 'shane.maxusvanparts.co.uk' ([Errno 11001] getaddrinfo failed)

The above exception was the direct cause of the following exception:

Traceback (most recent call last):
  File "C:\pythonstuff\wpimport\env\Lib\site-packages\requests\adapters.py", line 486, in send
    resp = conn.urlopen(
           ^^^^^^^^^^^^^
  File "C:\pythonstuff\wpimport\env\Lib\site-packages\urllib3\connectionpool.py", line 841, in urlopen
    retries = retries.increment(
              ^^^^^^^^^^^^^^^^^^
  File "C:\pythonstuff\wpimport\env\Lib\site-packages\urllib3\util\retry.py", line 519, in increment
    raise MaxRetryError(_pool, url, reason) from reason  # type: ignore[arg-type]
    ^^^^^^^^^^^^^^^^^^^^^^^^^^^^^^^^^^^^^^^^^^^^^^^^^^^
urllib3.exceptions.MaxRetryError: HTTPSConnectionPool(host='shane.maxusvanparts.co.uk', port=443): Max retries exceeded with url: /wp-json/wc/v3/products/106593 (Caused by NameResolutionError("HTTPSConnection(host='shane.maxusvanparts.co.uk', port=443): Failed to resolve 'shane.maxusvanparts.co.uk' ([Errno 11001] getaddrinfo failed)"))

During handling of the above exception, another exception occurred:

Traceback (most recent call last):
  File "C:\pythonstuff\wpimport\create_all_duplicates.py", line 226, in main
    new_product = duplicate_product(product_id)
                  ^^^^^^^^^^^^^^^^^^^^^^^^^^^^^
  File "C:\pythonstuff\wpimport\createduplicates.py", line 86, in duplicate_product
    resp = wcapi.get(f"products/{product_id}")
           ^^^^^^^^^^^^^^^^^^^^^^^^^^^^^^^^^^^
  File "C:\pythonstuff\wpimport\env\Lib\site-packages\woocommerce\api.py", line 106, in get
    return self.__request("GET", endpoint, None, **kwargs)
           ^^^^^^^^^^^^^^^^^^^^^^^^^^^^^^^^^^^^^^^^^^^^^^^
  File "C:\pythonstuff\wpimport\env\Lib\site-packages\woocommerce\api.py", line 92, in __request
    return request(
           ^^^^^^^^
  File "C:\pythonstuff\wpimport\env\Lib\site-packages\requests\api.py", line 59, in request
    return session.request(method=method, url=url, **kwargs)
           ^^^^^^^^^^^^^^^^^^^^^^^^^^^^^^^^^^^^^^^^^^^^^^^^^
  File "C:\pythonstuff\wpimport\env\Lib\site-packages\requests\sessions.py", line 589, in request
    resp = self.send(prep, **send_kwargs)
           ^^^^^^^^^^^^^^^^^^^^^^^^^^^^^^
  File "C:\pythonstuff\wpimport\env\Lib\site-packages\requests\sessions.py", line 703, in send
    r = adapter.send(request, **kwargs)
        ^^^^^^^^^^^^^^^^^^^^^^^^^^^^^^^
  File "C:\pythonstuff\wpimport\env\Lib\site-packages\requests\adapters.py", line 519, in send
    raise ConnectionError(e, request=request)
requests.exceptions.ConnectionError: HTTPSConnectionPool(host='shane.maxusvanparts.co.uk', port=443): Max retries exceeded with url: /wp-json/wc/v3/products/106593 (Caused by NameResolutionError("HTTPSConnection(host='shane.maxusvanparts.co.uk', port=443): Failed to resolve 'shane.maxusvanparts.co.uk' ([Errno 11001] getaddrinfo failed)"))
2026-09-16 17:53:38 INFO [592] Creating duplicate for product id=106596 sku=C00014527-2B6B replacement_sku=C00103694
2026-09-16 17:53:38 ERROR [592] Unexpected error duplicating product id=106596
Traceback (most recent call last):
  File "C:\pythonstuff\wpimport\env\Lib\site-packages\urllib3\connection.py", line 204, in _new_conn
    sock = connection.create_connection(
           ^^^^^^^^^^^^^^^^^^^^^^^^^^^^^
  File "C:\pythonstuff\wpimport\env\Lib\site-packages\urllib3\util\connection.py", line 60, in create_connection
    for res in socket.getaddrinfo(host, port, family, socket.SOCK_STREAM):
               ^^^^^^^^^^^^^^^^^^^^^^^^^^^^^^^^^^^^^^^^^^^^^^^^^^^^^^^^^^
  File "C:\Users\User\AppData\Local\Programs\Python\Python312\Lib\socket.py", line 976, in getaddrinfo
    for res in _socket.getaddrinfo(host, port, family, type, proto, flags):
               ^^^^^^^^^^^^^^^^^^^^^^^^^^^^^^^^^^^^^^^^^^^^^^^^^^^^^^^^^^^
socket.gaierror: [Errno 11001] getaddrinfo failed

The above exception was the direct cause of the following exception:

Traceback (most recent call last):
  File "C:\pythonstuff\wpimport\env\Lib\site-packages\urllib3\connectionpool.py", line 787, in urlopen
    response = self._make_request(
               ^^^^^^^^^^^^^^^^^^^
  File "C:\pythonstuff\wpimport\env\Lib\site-packages\urllib3\connectionpool.py", line 488, in _make_request
    raise new_e
  File "C:\pythonstuff\wpimport\env\Lib\site-packages\urllib3\connectionpool.py", line 464, in _make_request
    self._validate_conn(conn)
  File "C:\pythonstuff\wpimport\env\Lib\site-packages\urllib3\connectionpool.py", line 1093, in _validate_conn
    conn.connect()
  File "C:\pythonstuff\wpimport\env\Lib\site-packages\urllib3\connection.py", line 759, in connect
    self.sock = sock = self._new_conn()
                       ^^^^^^^^^^^^^^^^
  File "C:\pythonstuff\wpimport\env\Lib\site-packages\urllib3\connection.py", line 211, in _new_conn
    raise NameResolutionError(self.host, self, e) from e
urllib3.exceptions.NameResolutionError: HTTPSConnection(host='shane.maxusvanparts.co.uk', port=443): Failed to resolve 'shane.maxusvanparts.co.uk' ([Errno 11001] getaddrinfo failed)

The above exception was the direct cause of the following exception:

Traceback (most recent call last):
  File "C:\pythonstuff\wpimport\env\Lib\site-packages\requests\adapters.py", line 486, in send
    resp = conn.urlopen(
           ^^^^^^^^^^^^^
  File "C:\pythonstuff\wpimport\env\Lib\site-packages\urllib3\connectionpool.py", line 841, in urlopen
    retries = retries.increment(
              ^^^^^^^^^^^^^^^^^^
  File "C:\pythonstuff\wpimport\env\Lib\site-packages\urllib3\util\retry.py", line 519, in increment
    raise MaxRetryError(_pool, url, reason) from reason  # type: ignore[arg-type]
    ^^^^^^^^^^^^^^^^^^^^^^^^^^^^^^^^^^^^^^^^^^^^^^^^^^^
urllib3.exceptions.MaxRetryError: HTTPSConnectionPool(host='shane.maxusvanparts.co.uk', port=443): Max retries exceeded with url: /wp-json/wc/v3/products/106596 (Caused by NameResolutionError("HTTPSConnection(host='shane.maxusvanparts.co.uk', port=443): Failed to resolve 'shane.maxusvanparts.co.uk' ([Errno 11001] getaddrinfo failed)"))

During handling of the above exception, another exception occurred:

Traceback (most recent call last):
  File "C:\pythonstuff\wpimport\create_all_duplicates.py", line 226, in main
    new_product = duplicate_product(product_id)
                  ^^^^^^^^^^^^^^^^^^^^^^^^^^^^^
  File "C:\pythonstuff\wpimport\createduplicates.py", line 86, in duplicate_product
    resp = wcapi.get(f"products/{product_id}")
           ^^^^^^^^^^^^^^^^^^^^^^^^^^^^^^^^^^^
  File "C:\pythonstuff\wpimport\env\Lib\site-packages\woocommerce\api.py", line 106, in get
    return self.__request("GET", endpoint, None, **kwargs)
           ^^^^^^^^^^^^^^^^^^^^^^^^^^^^^^^^^^^^^^^^^^^^^^^
  File "C:\pythonstuff\wpimport\env\Lib\site-packages\woocommerce\api.py", line 92, in __request
    return request(
           ^^^^^^^^
  File "C:\pythonstuff\wpimport\env\Lib\site-packages\requests\api.py", line 59, in request
    return session.request(method=method, url=url, **kwargs)
           ^^^^^^^^^^^^^^^^^^^^^^^^^^^^^^^^^^^^^^^^^^^^^^^^^
  File "C:\pythonstuff\wpimport\env\Lib\site-packages\requests\sessions.py", line 589, in request
    resp = self.send(prep, **send_kwargs)
           ^^^^^^^^^^^^^^^^^^^^^^^^^^^^^^
  File "C:\pythonstuff\wpimport\env\Lib\site-packages\requests\sessions.py", line 703, in send
    r = adapter.send(request, **kwargs)
        ^^^^^^^^^^^^^^^^^^^^^^^^^^^^^^^
  File "C:\pythonstuff\wpimport\env\Lib\site-packages\requests\adapters.py", line 519, in send
    raise ConnectionError(e, request=request)
requests.exceptions.ConnectionError: HTTPSConnectionPool(host='shane.maxusvanparts.co.uk', port=443): Max retries exceeded with url: /wp-json/wc/v3/products/106596 (Caused by NameResolutionError("HTTPSConnection(host='shane.maxusvanparts.co.uk', port=443): Failed to resolve 'shane.maxusvanparts.co.uk' ([Errno 11001] getaddrinfo failed)"))
2026-09-16 17:53:38 INFO [593] Creating duplicate for product id=106595 sku=C00024008-685D replacement_sku=C00219873
2026-09-16 17:53:38 ERROR [593] Unexpected error duplicating product id=106595
Traceback (most recent call last):
  File "C:\pythonstuff\wpimport\env\Lib\site-packages\urllib3\connection.py", line 204, in _new_conn
    sock = connection.create_connection(
           ^^^^^^^^^^^^^^^^^^^^^^^^^^^^^
  File "C:\pythonstuff\wpimport\env\Lib\site-packages\urllib3\util\connection.py", line 60, in create_connection
    for res in socket.getaddrinfo(host, port, family, socket.SOCK_STREAM):
               ^^^^^^^^^^^^^^^^^^^^^^^^^^^^^^^^^^^^^^^^^^^^^^^^^^^^^^^^^^
  File "C:\Users\User\AppData\Local\Programs\Python\Python312\Lib\socket.py", line 976, in getaddrinfo
    for res in _socket.getaddrinfo(host, port, family, type, proto, flags):
               ^^^^^^^^^^^^^^^^^^^^^^^^^^^^^^^^^^^^^^^^^^^^^^^^^^^^^^^^^^^
socket.gaierror: [Errno 11001] getaddrinfo failed

The above exception was the direct cause of the following exception:

Traceback (most recent call last):
  File "C:\pythonstuff\wpimport\env\Lib\site-packages\urllib3\connectionpool.py", line 787, in urlopen
    response = self._make_request(
               ^^^^^^^^^^^^^^^^^^^
  File "C:\pythonstuff\wpimport\env\Lib\site-packages\urllib3\connectionpool.py", line 488, in _make_request
    raise new_e
  File "C:\pythonstuff\wpimport\env\Lib\site-packages\urllib3\connectionpool.py", line 464, in _make_request
    self._validate_conn(conn)
  File "C:\pythonstuff\wpimport\env\Lib\site-packages\urllib3\connectionpool.py", line 1093, in _validate_conn
    conn.connect()
  File "C:\pythonstuff\wpimport\env\Lib\site-packages\urllib3\connection.py", line 759, in connect
    self.sock = sock = self._new_conn()
                       ^^^^^^^^^^^^^^^^
  File "C:\pythonstuff\wpimport\env\Lib\site-packages\urllib3\connection.py", line 211, in _new_conn
    raise NameResolutionError(self.host, self, e) from e
urllib3.exceptions.NameResolutionError: HTTPSConnection(host='shane.maxusvanparts.co.uk', port=443): Failed to resolve 'shane.maxusvanparts.co.uk' ([Errno 11001] getaddrinfo failed)

The above exception was the direct cause of the following exception:

Traceback (most recent call last):
  File "C:\pythonstuff\wpimport\env\Lib\site-packages\requests\adapters.py", line 486, in send
    resp = conn.urlopen(
           ^^^^^^^^^^^^^
  File "C:\pythonstuff\wpimport\env\Lib\site-packages\urllib3\connectionpool.py", line 841, in urlopen
    retries = retries.increment(
              ^^^^^^^^^^^^^^^^^^
  File "C:\pythonstuff\wpimport\env\Lib\site-packages\urllib3\util\retry.py", line 519, in increment
    raise MaxRetryError(_pool, url, reason) from reason  # type: ignore[arg-type]
    ^^^^^^^^^^^^^^^^^^^^^^^^^^^^^^^^^^^^^^^^^^^^^^^^^^^
urllib3.exceptions.MaxRetryError: HTTPSConnectionPool(host='shane.maxusvanparts.co.uk', port=443): Max retries exceeded with url: /wp-json/wc/v3/products/106595 (Caused by NameResolutionError("HTTPSConnection(host='shane.maxusvanparts.co.uk', port=443): Failed to resolve 'shane.maxusvanparts.co.uk' ([Errno 11001] getaddrinfo failed)"))

During handling of the above exception, another exception occurred:

Traceback (most recent call last):
  File "C:\pythonstuff\wpimport\create_all_duplicates.py", line 226, in main
    new_product = duplicate_product(product_id)
                  ^^^^^^^^^^^^^^^^^^^^^^^^^^^^^
  File "C:\pythonstuff\wpimport\createduplicates.py", line 86, in duplicate_product
    resp = wcapi.get(f"products/{product_id}")
           ^^^^^^^^^^^^^^^^^^^^^^^^^^^^^^^^^^^
  File "C:\pythonstuff\wpimport\env\Lib\site-packages\woocommerce\api.py", line 106, in get
    return self.__request("GET", endpoint, None, **kwargs)
           ^^^^^^^^^^^^^^^^^^^^^^^^^^^^^^^^^^^^^^^^^^^^^^^
  File "C:\pythonstuff\wpimport\env\Lib\site-packages\woocommerce\api.py", line 92, in __request
    return request(
           ^^^^^^^^
  File "C:\pythonstuff\wpimport\env\Lib\site-packages\requests\api.py", line 59, in request
    return session.request(method=method, url=url, **kwargs)
           ^^^^^^^^^^^^^^^^^^^^^^^^^^^^^^^^^^^^^^^^^^^^^^^^^
  File "C:\pythonstuff\wpimport\env\Lib\site-packages\requests\sessions.py", line 589, in request
    resp = self.send(prep, **send_kwargs)
           ^^^^^^^^^^^^^^^^^^^^^^^^^^^^^^
  File "C:\pythonstuff\wpimport\env\Lib\site-packages\requests\sessions.py", line 703, in send
    r = adapter.send(request, **kwargs)
        ^^^^^^^^^^^^^^^^^^^^^^^^^^^^^^^
  File "C:\pythonstuff\wpimport\env\Lib\site-packages\requests\adapters.py", line 519, in send
    raise ConnectionError(e, request=request)
requests.exceptions.ConnectionError: HTTPSConnectionPool(host='shane.maxusvanparts.co.uk', port=443): Max retries exceeded with url: /wp-json/wc/v3/products/106595 (Caused by NameResolutionError("HTTPSConnection(host='shane.maxusvanparts.co.uk', port=443): Failed to resolve 'shane.maxusvanparts.co.uk' ([Errno 11001] getaddrinfo failed)"))
2026-09-16 17:53:38 INFO [594] Creating duplicate for product id=106553 sku=C00036036-EDC4 replacement_sku=C00028131
2026-09-16 17:53:38 ERROR [594] Unexpected error duplicating product id=106553
Traceback (most recent call last):
  File "C:\pythonstuff\wpimport\env\Lib\site-packages\urllib3\connection.py", line 204, in _new_conn
    sock = connection.create_connection(
           ^^^^^^^^^^^^^^^^^^^^^^^^^^^^^
  File "C:\pythonstuff\wpimport\env\Lib\site-packages\urllib3\util\connection.py", line 60, in create_connection
    for res in socket.getaddrinfo(host, port, family, socket.SOCK_STREAM):
               ^^^^^^^^^^^^^^^^^^^^^^^^^^^^^^^^^^^^^^^^^^^^^^^^^^^^^^^^^^
  File "C:\Users\User\AppData\Local\Programs\Python\Python312\Lib\socket.py", line 976, in getaddrinfo
    for res in _socket.getaddrinfo(host, port, family, type, proto, flags):
               ^^^^^^^^^^^^^^^^^^^^^^^^^^^^^^^^^^^^^^^^^^^^^^^^^^^^^^^^^^^
socket.gaierror: [Errno 11001] getaddrinfo failed

The above exception was the direct cause of the following exception:

Traceback (most recent call last):
  File "C:\pythonstuff\wpimport\env\Lib\site-packages\urllib3\connectionpool.py", line 787, in urlopen
    response = self._make_request(
               ^^^^^^^^^^^^^^^^^^^
  File "C:\pythonstuff\wpimport\env\Lib\site-packages\urllib3\connectionpool.py", line 488, in _make_request
    raise new_e
  File "C:\pythonstuff\wpimport\env\Lib\site-packages\urllib3\connectionpool.py", line 464, in _make_request
    self._validate_conn(conn)
  File "C:\pythonstuff\wpimport\env\Lib\site-packages\urllib3\connectionpool.py", line 1093, in _validate_conn
    conn.connect()
  File "C:\pythonstuff\wpimport\env\Lib\site-packages\urllib3\connection.py", line 759, in connect
    self.sock = sock = self._new_conn()
                       ^^^^^^^^^^^^^^^^
  File "C:\pythonstuff\wpimport\env\Lib\site-packages\urllib3\connection.py", line 211, in _new_conn
    raise NameResolutionError(self.host, self, e) from e
urllib3.exceptions.NameResolutionError: HTTPSConnection(host='shane.maxusvanparts.co.uk', port=443): Failed to resolve 'shane.maxusvanparts.co.uk' ([Errno 11001] getaddrinfo failed)

The above exception was the direct cause of the following exception:

Traceback (most recent call last):
  File "C:\pythonstuff\wpimport\env\Lib\site-packages\requests\adapters.py", line 486, in send
    resp = conn.urlopen(
           ^^^^^^^^^^^^^
  File "C:\pythonstuff\wpimport\env\Lib\site-packages\urllib3\connectionpool.py", line 841, in urlopen
    retries = retries.increment(
              ^^^^^^^^^^^^^^^^^^
  File "C:\pythonstuff\wpimport\env\Lib\site-packages\urllib3\util\retry.py", line 519, in increment
    raise MaxRetryError(_pool, url, reason) from reason  # type: ignore[arg-type]
    ^^^^^^^^^^^^^^^^^^^^^^^^^^^^^^^^^^^^^^^^^^^^^^^^^^^
urllib3.exceptions.MaxRetryError: HTTPSConnectionPool(host='shane.maxusvanparts.co.uk', port=443): Max retries exceeded with url: /wp-json/wc/v3/products/106553 (Caused by NameResolutionError("HTTPSConnection(host='shane.maxusvanparts.co.uk', port=443): Failed to resolve 'shane.maxusvanparts.co.uk' ([Errno 11001] getaddrinfo failed)"))

During handling of the above exception, another exception occurred:

Traceback (most recent call last):
  File "C:\pythonstuff\wpimport\create_all_duplicates.py", line 226, in main
    new_product = duplicate_product(product_id)
                  ^^^^^^^^^^^^^^^^^^^^^^^^^^^^^
  File "C:\pythonstuff\wpimport\createduplicates.py", line 86, in duplicate_product
    resp = wcapi.get(f"products/{product_id}")
           ^^^^^^^^^^^^^^^^^^^^^^^^^^^^^^^^^^^
  File "C:\pythonstuff\wpimport\env\Lib\site-packages\woocommerce\api.py", line 106, in get
    return self.__request("GET", endpoint, None, **kwargs)
           ^^^^^^^^^^^^^^^^^^^^^^^^^^^^^^^^^^^^^^^^^^^^^^^
  File "C:\pythonstuff\wpimport\env\Lib\site-packages\woocommerce\api.py", line 92, in __request
    return request(
           ^^^^^^^^
  File "C:\pythonstuff\wpimport\env\Lib\site-packages\requests\api.py", line 59, in request
    return session.request(method=method, url=url, **kwargs)
           ^^^^^^^^^^^^^^^^^^^^^^^^^^^^^^^^^^^^^^^^^^^^^^^^^
  File "C:\pythonstuff\wpimport\env\Lib\site-packages\requests\sessions.py", line 589, in request
    resp = self.send(prep, **send_kwargs)
           ^^^^^^^^^^^^^^^^^^^^^^^^^^^^^^
  File "C:\pythonstuff\wpimport\env\Lib\site-packages\requests\sessions.py", line 703, in send
    r = adapter.send(request, **kwargs)
        ^^^^^^^^^^^^^^^^^^^^^^^^^^^^^^^
  File "C:\pythonstuff\wpimport\env\Lib\site-packages\requests\adapters.py", line 519, in send
    raise ConnectionError(e, request=request)
requests.exceptions.ConnectionError: HTTPSConnectionPool(host='shane.maxusvanparts.co.uk', port=443): Max retries exceeded with url: /wp-json/wc/v3/products/106553 (Caused by NameResolutionError("HTTPSConnection(host='shane.maxusvanparts.co.uk', port=443): Failed to resolve 'shane.maxusvanparts.co.uk' ([Errno 11001] getaddrinfo failed)"))
2026-09-16 17:53:38 INFO [595] Creating duplicate for product id=106500 sku=C00103707-7D5D replacement_sku=C00155051
2026-09-16 17:53:38 ERROR [595] Unexpected error duplicating product id=106500
Traceback (most recent call last):
  File "C:\pythonstuff\wpimport\env\Lib\site-packages\urllib3\connection.py", line 204, in _new_conn
    sock = connection.create_connection(
           ^^^^^^^^^^^^^^^^^^^^^^^^^^^^^
  File "C:\pythonstuff\wpimport\env\Lib\site-packages\urllib3\util\connection.py", line 60, in create_connection
    for res in socket.getaddrinfo(host, port, family, socket.SOCK_STREAM):
               ^^^^^^^^^^^^^^^^^^^^^^^^^^^^^^^^^^^^^^^^^^^^^^^^^^^^^^^^^^
  File "C:\Users\User\AppData\Local\Programs\Python\Python312\Lib\socket.py", line 976, in getaddrinfo
    for res in _socket.getaddrinfo(host, port, family, type, proto, flags):
               ^^^^^^^^^^^^^^^^^^^^^^^^^^^^^^^^^^^^^^^^^^^^^^^^^^^^^^^^^^^
socket.gaierror: [Errno 11001] getaddrinfo failed

The above exception was the direct cause of the following exception:

Traceback (most recent call last):
  File "C:\pythonstuff\wpimport\env\Lib\site-packages\urllib3\connectionpool.py", line 787, in urlopen
    response = self._make_request(
               ^^^^^^^^^^^^^^^^^^^
  File "C:\pythonstuff\wpimport\env\Lib\site-packages\urllib3\connectionpool.py", line 488, in _make_request
    raise new_e
  File "C:\pythonstuff\wpimport\env\Lib\site-packages\urllib3\connectionpool.py", line 464, in _make_request
    self._validate_conn(conn)
  File "C:\pythonstuff\wpimport\env\Lib\site-packages\urllib3\connectionpool.py", line 1093, in _validate_conn
    conn.connect()
  File "C:\pythonstuff\wpimport\env\Lib\site-packages\urllib3\connection.py", line 759, in connect
    self.sock = sock = self._new_conn()
                       ^^^^^^^^^^^^^^^^
  File "C:\pythonstuff\wpimport\env\Lib\site-packages\urllib3\connection.py", line 211, in _new_conn
    raise NameResolutionError(self.host, self, e) from e
urllib3.exceptions.NameResolutionError: HTTPSConnection(host='shane.maxusvanparts.co.uk', port=443): Failed to resolve 'shane.maxusvanparts.co.uk' ([Errno 11001] getaddrinfo failed)

The above exception was the direct cause of the following exception:

Traceback (most recent call last):
  File "C:\pythonstuff\wpimport\env\Lib\site-packages\requests\adapters.py", line 486, in send
    resp = conn.urlopen(
           ^^^^^^^^^^^^^
  File "C:\pythonstuff\wpimport\env\Lib\site-packages\urllib3\connectionpool.py", line 841, in urlopen
    retries = retries.increment(
              ^^^^^^^^^^^^^^^^^^
  File "C:\pythonstuff\wpimport\env\Lib\site-packages\urllib3\util\retry.py", line 519, in increment
    raise MaxRetryError(_pool, url, reason) from reason  # type: ignore[arg-type]
    ^^^^^^^^^^^^^^^^^^^^^^^^^^^^^^^^^^^^^^^^^^^^^^^^^^^
urllib3.exceptions.MaxRetryError: HTTPSConnectionPool(host='shane.maxusvanparts.co.uk', port=443): Max retries exceeded with url: /wp-json/wc/v3/products/106500 (Caused by NameResolutionError("HTTPSConnection(host='shane.maxusvanparts.co.uk', port=443): Failed to resolve 'shane.maxusvanparts.co.uk' ([Errno 11001] getaddrinfo failed)"))

During handling of the above exception, another exception occurred:

Traceback (most recent call last):
  File "C:\pythonstuff\wpimport\create_all_duplicates.py", line 226, in main
    new_product = duplicate_product(product_id)
                  ^^^^^^^^^^^^^^^^^^^^^^^^^^^^^
  File "C:\pythonstuff\wpimport\createduplicates.py", line 86, in duplicate_product
    resp = wcapi.get(f"products/{product_id}")
           ^^^^^^^^^^^^^^^^^^^^^^^^^^^^^^^^^^^
  File "C:\pythonstuff\wpimport\env\Lib\site-packages\woocommerce\api.py", line 106, in get
    return self.__request("GET", endpoint, None, **kwargs)
           ^^^^^^^^^^^^^^^^^^^^^^^^^^^^^^^^^^^^^^^^^^^^^^^
  File "C:\pythonstuff\wpimport\env\Lib\site-packages\woocommerce\api.py", line 92, in __request
    return request(
           ^^^^^^^^
  File "C:\pythonstuff\wpimport\env\Lib\site-packages\requests\api.py", line 59, in request
    return session.request(method=method, url=url, **kwargs)
           ^^^^^^^^^^^^^^^^^^^^^^^^^^^^^^^^^^^^^^^^^^^^^^^^^
  File "C:\pythonstuff\wpimport\env\Lib\site-packages\requests\sessions.py", line 589, in request
    resp = self.send(prep, **send_kwargs)
           ^^^^^^^^^^^^^^^^^^^^^^^^^^^^^^
  File "C:\pythonstuff\wpimport\env\Lib\site-packages\requests\sessions.py", line 703, in send
    r = adapter.send(request, **kwargs)
        ^^^^^^^^^^^^^^^^^^^^^^^^^^^^^^^
  File "C:\pythonstuff\wpimport\env\Lib\site-packages\requests\adapters.py", line 519, in send
    raise ConnectionError(e, request=request)
requests.exceptions.ConnectionError: HTTPSConnectionPool(host='shane.maxusvanparts.co.uk', port=443): Max retries exceeded with url: /wp-json/wc/v3/products/106500 (Caused by NameResolutionError("HTTPSConnection(host='shane.maxusvanparts.co.uk', port=443): Failed to resolve 'shane.maxusvanparts.co.uk' ([Errno 11001] getaddrinfo failed)"))
2026-09-16 17:53:38 INFO [596] Creating duplicate for product id=106504 sku=C00036036-BF7F replacement_sku=C00028131
2026-09-16 17:53:38 ERROR [596] Unexpected error duplicating product id=106504
Traceback (most recent call last):
  File "C:\pythonstuff\wpimport\env\Lib\site-packages\urllib3\connection.py", line 204, in _new_conn
    sock = connection.create_connection(
           ^^^^^^^^^^^^^^^^^^^^^^^^^^^^^
  File "C:\pythonstuff\wpimport\env\Lib\site-packages\urllib3\util\connection.py", line 60, in create_connection
    for res in socket.getaddrinfo(host, port, family, socket.SOCK_STREAM):
               ^^^^^^^^^^^^^^^^^^^^^^^^^^^^^^^^^^^^^^^^^^^^^^^^^^^^^^^^^^
  File "C:\Users\User\AppData\Local\Programs\Python\Python312\Lib\socket.py", line 976, in getaddrinfo
    for res in _socket.getaddrinfo(host, port, family, type, proto, flags):
               ^^^^^^^^^^^^^^^^^^^^^^^^^^^^^^^^^^^^^^^^^^^^^^^^^^^^^^^^^^^
socket.gaierror: [Errno 11001] getaddrinfo failed

The above exception was the direct cause of the following exception:

Traceback (most recent call last):
  File "C:\pythonstuff\wpimport\env\Lib\site-packages\urllib3\connectionpool.py", line 787, in urlopen
    response = self._make_request(
               ^^^^^^^^^^^^^^^^^^^
  File "C:\pythonstuff\wpimport\env\Lib\site-packages\urllib3\connectionpool.py", line 488, in _make_request
    raise new_e
  File "C:\pythonstuff\wpimport\env\Lib\site-packages\urllib3\connectionpool.py", line 464, in _make_request
    self._validate_conn(conn)
  File "C:\pythonstuff\wpimport\env\Lib\site-packages\urllib3\connectionpool.py", line 1093, in _validate_conn
    conn.connect()
  File "C:\pythonstuff\wpimport\env\Lib\site-packages\urllib3\connection.py", line 759, in connect
    self.sock = sock = self._new_conn()
                       ^^^^^^^^^^^^^^^^
  File "C:\pythonstuff\wpimport\env\Lib\site-packages\urllib3\connection.py", line 211, in _new_conn
    raise NameResolutionError(self.host, self, e) from e
urllib3.exceptions.NameResolutionError: HTTPSConnection(host='shane.maxusvanparts.co.uk', port=443): Failed to resolve 'shane.maxusvanparts.co.uk' ([Errno 11001] getaddrinfo failed)

The above exception was the direct cause of the following exception:

Traceback (most recent call last):
  File "C:\pythonstuff\wpimport\env\Lib\site-packages\requests\adapters.py", line 486, in send
    resp = conn.urlopen(
           ^^^^^^^^^^^^^
  File "C:\pythonstuff\wpimport\env\Lib\site-packages\urllib3\connectionpool.py", line 841, in urlopen
    retries = retries.increment(
              ^^^^^^^^^^^^^^^^^^
  File "C:\pythonstuff\wpimport\env\Lib\site-packages\urllib3\util\retry.py", line 519, in increment
    raise MaxRetryError(_pool, url, reason) from reason  # type: ignore[arg-type]
    ^^^^^^^^^^^^^^^^^^^^^^^^^^^^^^^^^^^^^^^^^^^^^^^^^^^
urllib3.exceptions.MaxRetryError: HTTPSConnectionPool(host='shane.maxusvanparts.co.uk', port=443): Max retries exceeded with url: /wp-json/wc/v3/products/106504 (Caused by NameResolutionError("HTTPSConnection(host='shane.maxusvanparts.co.uk', port=443): Failed to resolve 'shane.maxusvanparts.co.uk' ([Errno 11001] getaddrinfo failed)"))

During handling of the above exception, another exception occurred:

Traceback (most recent call last):
  File "C:\pythonstuff\wpimport\create_all_duplicates.py", line 226, in main
    new_product = duplicate_product(product_id)
                  ^^^^^^^^^^^^^^^^^^^^^^^^^^^^^
  File "C:\pythonstuff\wpimport\createduplicates.py", line 86, in duplicate_product
    resp = wcapi.get(f"products/{product_id}")
           ^^^^^^^^^^^^^^^^^^^^^^^^^^^^^^^^^^^
  File "C:\pythonstuff\wpimport\env\Lib\site-packages\woocommerce\api.py", line 106, in get
    return self.__request("GET", endpoint, None, **kwargs)
           ^^^^^^^^^^^^^^^^^^^^^^^^^^^^^^^^^^^^^^^^^^^^^^^
  File "C:\pythonstuff\wpimport\env\Lib\site-packages\woocommerce\api.py", line 92, in __request
    return request(
           ^^^^^^^^
  File "C:\pythonstuff\wpimport\env\Lib\site-packages\requests\api.py", line 59, in request
    return session.request(method=method, url=url, **kwargs)
           ^^^^^^^^^^^^^^^^^^^^^^^^^^^^^^^^^^^^^^^^^^^^^^^^^
  File "C:\pythonstuff\wpimport\env\Lib\site-packages\requests\sessions.py", line 589, in request
    resp = self.send(prep, **send_kwargs)
           ^^^^^^^^^^^^^^^^^^^^^^^^^^^^^^
  File "C:\pythonstuff\wpimport\env\Lib\site-packages\requests\sessions.py", line 703, in send
    r = adapter.send(request, **kwargs)
        ^^^^^^^^^^^^^^^^^^^^^^^^^^^^^^^
  File "C:\pythonstuff\wpimport\env\Lib\site-packages\requests\adapters.py", line 519, in send
    raise ConnectionError(e, request=request)
requests.exceptions.ConnectionError: HTTPSConnectionPool(host='shane.maxusvanparts.co.uk', port=443): Max retries exceeded with url: /wp-json/wc/v3/products/106504 (Caused by NameResolutionError("HTTPSConnection(host='shane.maxusvanparts.co.uk', port=443): Failed to resolve 'shane.maxusvanparts.co.uk' ([Errno 11001] getaddrinfo failed)"))
2026-09-16 17:53:38 INFO [597] Creating duplicate for product id=106525 sku=C00036036-13C5 replacement_sku=C00028131
2026-09-16 17:53:38 ERROR [597] Unexpected error duplicating product id=106525
Traceback (most recent call last):
  File "C:\pythonstuff\wpimport\env\Lib\site-packages\urllib3\connection.py", line 204, in _new_conn
    sock = connection.create_connection(
           ^^^^^^^^^^^^^^^^^^^^^^^^^^^^^
  File "C:\pythonstuff\wpimport\env\Lib\site-packages\urllib3\util\connection.py", line 60, in create_connection
    for res in socket.getaddrinfo(host, port, family, socket.SOCK_STREAM):
               ^^^^^^^^^^^^^^^^^^^^^^^^^^^^^^^^^^^^^^^^^^^^^^^^^^^^^^^^^^
  File "C:\Users\User\AppData\Local\Programs\Python\Python312\Lib\socket.py", line 976, in getaddrinfo
    for res in _socket.getaddrinfo(host, port, family, type, proto, flags):
               ^^^^^^^^^^^^^^^^^^^^^^^^^^^^^^^^^^^^^^^^^^^^^^^^^^^^^^^^^^^
socket.gaierror: [Errno 11001] getaddrinfo failed

The above exception was the direct cause of the following exception:

Traceback (most recent call last):
  File "C:\pythonstuff\wpimport\env\Lib\site-packages\urllib3\connectionpool.py", line 787, in urlopen
    response = self._make_request(
               ^^^^^^^^^^^^^^^^^^^
  File "C:\pythonstuff\wpimport\env\Lib\site-packages\urllib3\connectionpool.py", line 488, in _make_request
    raise new_e
  File "C:\pythonstuff\wpimport\env\Lib\site-packages\urllib3\connectionpool.py", line 464, in _make_request
    self._validate_conn(conn)
  File "C:\pythonstuff\wpimport\env\Lib\site-packages\urllib3\connectionpool.py", line 1093, in _validate_conn
    conn.connect()
  File "C:\pythonstuff\wpimport\env\Lib\site-packages\urllib3\connection.py", line 759, in connect
    self.sock = sock = self._new_conn()
                       ^^^^^^^^^^^^^^^^
  File "C:\pythonstuff\wpimport\env\Lib\site-packages\urllib3\connection.py", line 211, in _new_conn
    raise NameResolutionError(self.host, self, e) from e
urllib3.exceptions.NameResolutionError: HTTPSConnection(host='shane.maxusvanparts.co.uk', port=443): Failed to resolve 'shane.maxusvanparts.co.uk' ([Errno 11001] getaddrinfo failed)

The above exception was the direct cause of the following exception:

Traceback (most recent call last):
  File "C:\pythonstuff\wpimport\env\Lib\site-packages\requests\adapters.py", line 486, in send
    resp = conn.urlopen(
           ^^^^^^^^^^^^^
  File "C:\pythonstuff\wpimport\env\Lib\site-packages\urllib3\connectionpool.py", line 841, in urlopen
    retries = retries.increment(
              ^^^^^^^^^^^^^^^^^^
  File "C:\pythonstuff\wpimport\env\Lib\site-packages\urllib3\util\retry.py", line 519, in increment
    raise MaxRetryError(_pool, url, reason) from reason  # type: ignore[arg-type]
    ^^^^^^^^^^^^^^^^^^^^^^^^^^^^^^^^^^^^^^^^^^^^^^^^^^^
urllib3.exceptions.MaxRetryError: HTTPSConnectionPool(host='shane.maxusvanparts.co.uk', port=443): Max retries exceeded with url: /wp-json/wc/v3/products/106525 (Caused by NameResolutionError("HTTPSConnection(host='shane.maxusvanparts.co.uk', port=443): Failed to resolve 'shane.maxusvanparts.co.uk' ([Errno 11001] getaddrinfo failed)"))

During handling of the above exception, another exception occurred:

Traceback (most recent call last):
  File "C:\pythonstuff\wpimport\create_all_duplicates.py", line 226, in main
    new_product = duplicate_product(product_id)
                  ^^^^^^^^^^^^^^^^^^^^^^^^^^^^^
  File "C:\pythonstuff\wpimport\createduplicates.py", line 86, in duplicate_product
    resp = wcapi.get(f"products/{product_id}")
           ^^^^^^^^^^^^^^^^^^^^^^^^^^^^^^^^^^^
  File "C:\pythonstuff\wpimport\env\Lib\site-packages\woocommerce\api.py", line 106, in get
    return self.__request("GET", endpoint, None, **kwargs)
           ^^^^^^^^^^^^^^^^^^^^^^^^^^^^^^^^^^^^^^^^^^^^^^^
  File "C:\pythonstuff\wpimport\env\Lib\site-packages\woocommerce\api.py", line 92, in __request
    return request(
           ^^^^^^^^
  File "C:\pythonstuff\wpimport\env\Lib\site-packages\requests\api.py", line 59, in request
    return session.request(method=method, url=url, **kwargs)
           ^^^^^^^^^^^^^^^^^^^^^^^^^^^^^^^^^^^^^^^^^^^^^^^^^
  File "C:\pythonstuff\wpimport\env\Lib\site-packages\requests\sessions.py", line 589, in request
    resp = self.send(prep, **send_kwargs)
           ^^^^^^^^^^^^^^^^^^^^^^^^^^^^^^
  File "C:\pythonstuff\wpimport\env\Lib\site-packages\requests\sessions.py", line 703, in send
    r = adapter.send(request, **kwargs)
        ^^^^^^^^^^^^^^^^^^^^^^^^^^^^^^^
  File "C:\pythonstuff\wpimport\env\Lib\site-packages\requests\adapters.py", line 519, in send
    raise ConnectionError(e, request=request)
requests.exceptions.ConnectionError: HTTPSConnectionPool(host='shane.maxusvanparts.co.uk', port=443): Max retries exceeded with url: /wp-json/wc/v3/products/106525 (Caused by NameResolutionError("HTTPSConnection(host='shane.maxusvanparts.co.uk', port=443): Failed to resolve 'shane.maxusvanparts.co.uk' ([Errno 11001] getaddrinfo failed)"))
2026-09-16 17:53:38 INFO [598] Creating duplicate for product id=106452 sku=C00043430-9BD3 replacement_sku=C00072225
2026-09-16 17:53:38 ERROR [598] Unexpected error duplicating product id=106452
Traceback (most recent call last):
  File "C:\pythonstuff\wpimport\env\Lib\site-packages\urllib3\connection.py", line 204, in _new_conn
    sock = connection.create_connection(
           ^^^^^^^^^^^^^^^^^^^^^^^^^^^^^
  File "C:\pythonstuff\wpimport\env\Lib\site-packages\urllib3\util\connection.py", line 60, in create_connection
    for res in socket.getaddrinfo(host, port, family, socket.SOCK_STREAM):
               ^^^^^^^^^^^^^^^^^^^^^^^^^^^^^^^^^^^^^^^^^^^^^^^^^^^^^^^^^^
  File "C:\Users\User\AppData\Local\Programs\Python\Python312\Lib\socket.py", line 976, in getaddrinfo
    for res in _socket.getaddrinfo(host, port, family, type, proto, flags):
               ^^^^^^^^^^^^^^^^^^^^^^^^^^^^^^^^^^^^^^^^^^^^^^^^^^^^^^^^^^^
socket.gaierror: [Errno 11001] getaddrinfo failed

The above exception was the direct cause of the following exception:

Traceback (most recent call last):
  File "C:\pythonstuff\wpimport\env\Lib\site-packages\urllib3\connectionpool.py", line 787, in urlopen
    response = self._make_request(
               ^^^^^^^^^^^^^^^^^^^
  File "C:\pythonstuff\wpimport\env\Lib\site-packages\urllib3\connectionpool.py", line 488, in _make_request
    raise new_e
  File "C:\pythonstuff\wpimport\env\Lib\site-packages\urllib3\connectionpool.py", line 464, in _make_request
    self._validate_conn(conn)
  File "C:\pythonstuff\wpimport\env\Lib\site-packages\urllib3\connectionpool.py", line 1093, in _validate_conn
    conn.connect()
  File "C:\pythonstuff\wpimport\env\Lib\site-packages\urllib3\connection.py", line 759, in connect
    self.sock = sock = self._new_conn()
                       ^^^^^^^^^^^^^^^^
  File "C:\pythonstuff\wpimport\env\Lib\site-packages\urllib3\connection.py", line 211, in _new_conn
    raise NameResolutionError(self.host, self, e) from e
urllib3.exceptions.NameResolutionError: HTTPSConnection(host='shane.maxusvanparts.co.uk', port=443): Failed to resolve 'shane.maxusvanparts.co.uk' ([Errno 11001] getaddrinfo failed)

The above exception was the direct cause of the following exception:

Traceback (most recent call last):
  File "C:\pythonstuff\wpimport\env\Lib\site-packages\requests\adapters.py", line 486, in send
    resp = conn.urlopen(
           ^^^^^^^^^^^^^
  File "C:\pythonstuff\wpimport\env\Lib\site-packages\urllib3\connectionpool.py", line 841, in urlopen
    retries = retries.increment(
              ^^^^^^^^^^^^^^^^^^
  File "C:\pythonstuff\wpimport\env\Lib\site-packages\urllib3\util\retry.py", line 519, in increment
    raise MaxRetryError(_pool, url, reason) from reason  # type: ignore[arg-type]
    ^^^^^^^^^^^^^^^^^^^^^^^^^^^^^^^^^^^^^^^^^^^^^^^^^^^
urllib3.exceptions.MaxRetryError: HTTPSConnectionPool(host='shane.maxusvanparts.co.uk', port=443): Max retries exceeded with url: /wp-json/wc/v3/products/106452 (Caused by NameResolutionError("HTTPSConnection(host='shane.maxusvanparts.co.uk', port=443): Failed to resolve 'shane.maxusvanparts.co.uk' ([Errno 11001] getaddrinfo failed)"))

During handling of the above exception, another exception occurred:

Traceback (most recent call last):
  File "C:\pythonstuff\wpimport\create_all_duplicates.py", line 226, in main
    new_product = duplicate_product(product_id)
                  ^^^^^^^^^^^^^^^^^^^^^^^^^^^^^
  File "C:\pythonstuff\wpimport\createduplicates.py", line 86, in duplicate_product
    resp = wcapi.get(f"products/{product_id}")
           ^^^^^^^^^^^^^^^^^^^^^^^^^^^^^^^^^^^
  File "C:\pythonstuff\wpimport\env\Lib\site-packages\woocommerce\api.py", line 106, in get
    return self.__request("GET", endpoint, None, **kwargs)
           ^^^^^^^^^^^^^^^^^^^^^^^^^^^^^^^^^^^^^^^^^^^^^^^
  File "C:\pythonstuff\wpimport\env\Lib\site-packages\woocommerce\api.py", line 92, in __request
    return request(
           ^^^^^^^^
  File "C:\pythonstuff\wpimport\env\Lib\site-packages\requests\api.py", line 59, in request
    return session.request(method=method, url=url, **kwargs)
           ^^^^^^^^^^^^^^^^^^^^^^^^^^^^^^^^^^^^^^^^^^^^^^^^^
  File "C:\pythonstuff\wpimport\env\Lib\site-packages\requests\sessions.py", line 589, in request
    resp = self.send(prep, **send_kwargs)
           ^^^^^^^^^^^^^^^^^^^^^^^^^^^^^^
  File "C:\pythonstuff\wpimport\env\Lib\site-packages\requests\sessions.py", line 703, in send
    r = adapter.send(request, **kwargs)
        ^^^^^^^^^^^^^^^^^^^^^^^^^^^^^^^
  File "C:\pythonstuff\wpimport\env\Lib\site-packages\requests\adapters.py", line 519, in send
    raise ConnectionError(e, request=request)
requests.exceptions.ConnectionError: HTTPSConnectionPool(host='shane.maxusvanparts.co.uk', port=443): Max retries exceeded with url: /wp-json/wc/v3/products/106452 (Caused by NameResolutionError("HTTPSConnection(host='shane.maxusvanparts.co.uk', port=443): Failed to resolve 'shane.maxusvanparts.co.uk' ([Errno 11001] getaddrinfo failed)"))
2026-09-16 17:53:38 INFO [599] Creating duplicate for product id=106458 sku=C00032311-47D5 replacement_sku=C00157139
2026-09-16 17:53:38 ERROR [599] Unexpected error duplicating product id=106458
Traceback (most recent call last):
  File "C:\pythonstuff\wpimport\env\Lib\site-packages\urllib3\connection.py", line 204, in _new_conn
    sock = connection.create_connection(
           ^^^^^^^^^^^^^^^^^^^^^^^^^^^^^
  File "C:\pythonstuff\wpimport\env\Lib\site-packages\urllib3\util\connection.py", line 60, in create_connection
    for res in socket.getaddrinfo(host, port, family, socket.SOCK_STREAM):
               ^^^^^^^^^^^^^^^^^^^^^^^^^^^^^^^^^^^^^^^^^^^^^^^^^^^^^^^^^^
  File "C:\Users\User\AppData\Local\Programs\Python\Python312\Lib\socket.py", line 976, in getaddrinfo
    for res in _socket.getaddrinfo(host, port, family, type, proto, flags):
               ^^^^^^^^^^^^^^^^^^^^^^^^^^^^^^^^^^^^^^^^^^^^^^^^^^^^^^^^^^^
socket.gaierror: [Errno 11001] getaddrinfo failed

The above exception was the direct cause of the following exception:

Traceback (most recent call last):
  File "C:\pythonstuff\wpimport\env\Lib\site-packages\urllib3\connectionpool.py", line 787, in urlopen
    response = self._make_request(
               ^^^^^^^^^^^^^^^^^^^
  File "C:\pythonstuff\wpimport\env\Lib\site-packages\urllib3\connectionpool.py", line 488, in _make_request
    raise new_e
  File "C:\pythonstuff\wpimport\env\Lib\site-packages\urllib3\connectionpool.py", line 464, in _make_request
    self._validate_conn(conn)
  File "C:\pythonstuff\wpimport\env\Lib\site-packages\urllib3\connectionpool.py", line 1093, in _validate_conn
    conn.connect()
  File "C:\pythonstuff\wpimport\env\Lib\site-packages\urllib3\connection.py", line 759, in connect
    self.sock = sock = self._new_conn()
                       ^^^^^^^^^^^^^^^^
  File "C:\pythonstuff\wpimport\env\Lib\site-packages\urllib3\connection.py", line 211, in _new_conn
    raise NameResolutionError(self.host, self, e) from e
urllib3.exceptions.NameResolutionError: HTTPSConnection(host='shane.maxusvanparts.co.uk', port=443): Failed to resolve 'shane.maxusvanparts.co.uk' ([Errno 11001] getaddrinfo failed)

The above exception was the direct cause of the following exception:

Traceback (most recent call last):
  File "C:\pythonstuff\wpimport\env\Lib\site-packages\requests\adapters.py", line 486, in send
    resp = conn.urlopen(
           ^^^^^^^^^^^^^
  File "C:\pythonstuff\wpimport\env\Lib\site-packages\urllib3\connectionpool.py", line 841, in urlopen
    retries = retries.increment(
              ^^^^^^^^^^^^^^^^^^
  File "C:\pythonstuff\wpimport\env\Lib\site-packages\urllib3\util\retry.py", line 519, in increment
    raise MaxRetryError(_pool, url, reason) from reason  # type: ignore[arg-type]
    ^^^^^^^^^^^^^^^^^^^^^^^^^^^^^^^^^^^^^^^^^^^^^^^^^^^
urllib3.exceptions.MaxRetryError: HTTPSConnectionPool(host='shane.maxusvanparts.co.uk', port=443): Max retries exceeded with url: /wp-json/wc/v3/products/106458 (Caused by NameResolutionError("HTTPSConnection(host='shane.maxusvanparts.co.uk', port=443): Failed to resolve 'shane.maxusvanparts.co.uk' ([Errno 11001] getaddrinfo failed)"))

During handling of the above exception, another exception occurred:

Traceback (most recent call last):
  File "C:\pythonstuff\wpimport\create_all_duplicates.py", line 226, in main
    new_product = duplicate_product(product_id)
                  ^^^^^^^^^^^^^^^^^^^^^^^^^^^^^
  File "C:\pythonstuff\wpimport\createduplicates.py", line 86, in duplicate_product
    resp = wcapi.get(f"products/{product_id}")
           ^^^^^^^^^^^^^^^^^^^^^^^^^^^^^^^^^^^
  File "C:\pythonstuff\wpimport\env\Lib\site-packages\woocommerce\api.py", line 106, in get
    return self.__request("GET", endpoint, None, **kwargs)
           ^^^^^^^^^^^^^^^^^^^^^^^^^^^^^^^^^^^^^^^^^^^^^^^
  File "C:\pythonstuff\wpimport\env\Lib\site-packages\woocommerce\api.py", line 92, in __request
    return request(
           ^^^^^^^^
  File "C:\pythonstuff\wpimport\env\Lib\site-packages\requests\api.py", line 59, in request
    return session.request(method=method, url=url, **kwargs)
           ^^^^^^^^^^^^^^^^^^^^^^^^^^^^^^^^^^^^^^^^^^^^^^^^^
  File "C:\pythonstuff\wpimport\env\Lib\site-packages\requests\sessions.py", line 589, in request
    resp = self.send(prep, **send_kwargs)
           ^^^^^^^^^^^^^^^^^^^^^^^^^^^^^^
  File "C:\pythonstuff\wpimport\env\Lib\site-packages\requests\sessions.py", line 703, in send
    r = adapter.send(request, **kwargs)
        ^^^^^^^^^^^^^^^^^^^^^^^^^^^^^^^
  File "C:\pythonstuff\wpimport\env\Lib\site-packages\requests\adapters.py", line 519, in send
    raise ConnectionError(e, request=request)
requests.exceptions.ConnectionError: HTTPSConnectionPool(host='shane.maxusvanparts.co.uk', port=443): Max retries exceeded with url: /wp-json/wc/v3/products/106458 (Caused by NameResolutionError("HTTPSConnection(host='shane.maxusvanparts.co.uk', port=443): Failed to resolve 'shane.maxusvanparts.co.uk' ([Errno 11001] getaddrinfo failed)"))
2026-09-16 17:53:38 INFO [600] Creating duplicate for product id=106439 sku=C00036036-143A replacement_sku=C00028131
2026-09-16 17:53:38 ERROR [600] Unexpected error duplicating product id=106439
Traceback (most recent call last):
  File "C:\pythonstuff\wpimport\env\Lib\site-packages\urllib3\connection.py", line 204, in _new_conn
    sock = connection.create_connection(
           ^^^^^^^^^^^^^^^^^^^^^^^^^^^^^
  File "C:\pythonstuff\wpimport\env\Lib\site-packages\urllib3\util\connection.py", line 60, in create_connection
    for res in socket.getaddrinfo(host, port, family, socket.SOCK_STREAM):
               ^^^^^^^^^^^^^^^^^^^^^^^^^^^^^^^^^^^^^^^^^^^^^^^^^^^^^^^^^^
  File "C:\Users\User\AppData\Local\Programs\Python\Python312\Lib\socket.py", line 976, in getaddrinfo
    for res in _socket.getaddrinfo(host, port, family, type, proto, flags):
               ^^^^^^^^^^^^^^^^^^^^^^^^^^^^^^^^^^^^^^^^^^^^^^^^^^^^^^^^^^^
socket.gaierror: [Errno 11001] getaddrinfo failed

The above exception was the direct cause of the following exception:

Traceback (most recent call last):
  File "C:\pythonstuff\wpimport\env\Lib\site-packages\urllib3\connectionpool.py", line 787, in urlopen
    response = self._make_request(
               ^^^^^^^^^^^^^^^^^^^
  File "C:\pythonstuff\wpimport\env\Lib\site-packages\urllib3\connectionpool.py", line 488, in _make_request
    raise new_e
  File "C:\pythonstuff\wpimport\env\Lib\site-packages\urllib3\connectionpool.py", line 464, in _make_request
    self._validate_conn(conn)
  File "C:\pythonstuff\wpimport\env\Lib\site-packages\urllib3\connectionpool.py", line 1093, in _validate_conn
    conn.connect()
  File "C:\pythonstuff\wpimport\env\Lib\site-packages\urllib3\connection.py", line 759, in connect
    self.sock = sock = self._new_conn()
                       ^^^^^^^^^^^^^^^^
  File "C:\pythonstuff\wpimport\env\Lib\site-packages\urllib3\connection.py", line 211, in _new_conn
    raise NameResolutionError(self.host, self, e) from e
urllib3.exceptions.NameResolutionError: HTTPSConnection(host='shane.maxusvanparts.co.uk', port=443): Failed to resolve 'shane.maxusvanparts.co.uk' ([Errno 11001] getaddrinfo failed)

The above exception was the direct cause of the following exception:

Traceback (most recent call last):
  File "C:\pythonstuff\wpimport\env\Lib\site-packages\requests\adapters.py", line 486, in send
    resp = conn.urlopen(
           ^^^^^^^^^^^^^
  File "C:\pythonstuff\wpimport\env\Lib\site-packages\urllib3\connectionpool.py", line 841, in urlopen
    retries = retries.increment(
              ^^^^^^^^^^^^^^^^^^
  File "C:\pythonstuff\wpimport\env\Lib\site-packages\urllib3\util\retry.py", line 519, in increment
    raise MaxRetryError(_pool, url, reason) from reason  # type: ignore[arg-type]
    ^^^^^^^^^^^^^^^^^^^^^^^^^^^^^^^^^^^^^^^^^^^^^^^^^^^
urllib3.exceptions.MaxRetryError: HTTPSConnectionPool(host='shane.maxusvanparts.co.uk', port=443): Max retries exceeded with url: /wp-json/wc/v3/products/106439 (Caused by NameResolutionError("HTTPSConnection(host='shane.maxusvanparts.co.uk', port=443): Failed to resolve 'shane.maxusvanparts.co.uk' ([Errno 11001] getaddrinfo failed)"))

During handling of the above exception, another exception occurred:

Traceback (most recent call last):
  File "C:\pythonstuff\wpimport\create_all_duplicates.py", line 226, in main
    new_product = duplicate_product(product_id)
                  ^^^^^^^^^^^^^^^^^^^^^^^^^^^^^
  File "C:\pythonstuff\wpimport\createduplicates.py", line 86, in duplicate_product
    resp = wcapi.get(f"products/{product_id}")
           ^^^^^^^^^^^^^^^^^^^^^^^^^^^^^^^^^^^
  File "C:\pythonstuff\wpimport\env\Lib\site-packages\woocommerce\api.py", line 106, in get
    return self.__request("GET", endpoint, None, **kwargs)
           ^^^^^^^^^^^^^^^^^^^^^^^^^^^^^^^^^^^^^^^^^^^^^^^
  File "C:\pythonstuff\wpimport\env\Lib\site-packages\woocommerce\api.py", line 92, in __request
    return request(
           ^^^^^^^^
  File "C:\pythonstuff\wpimport\env\Lib\site-packages\requests\api.py", line 59, in request
    return session.request(method=method, url=url, **kwargs)
           ^^^^^^^^^^^^^^^^^^^^^^^^^^^^^^^^^^^^^^^^^^^^^^^^^
  File "C:\pythonstuff\wpimport\env\Lib\site-packages\requests\sessions.py", line 589, in request
    resp = self.send(prep, **send_kwargs)
           ^^^^^^^^^^^^^^^^^^^^^^^^^^^^^^
  File "C:\pythonstuff\wpimport\env\Lib\site-packages\requests\sessions.py", line 703, in send
    r = adapter.send(request, **kwargs)
        ^^^^^^^^^^^^^^^^^^^^^^^^^^^^^^^
  File "C:\pythonstuff\wpimport\env\Lib\site-packages\requests\adapters.py", line 519, in send
    raise ConnectionError(e, request=request)
requests.exceptions.ConnectionError: HTTPSConnectionPool(host='shane.maxusvanparts.co.uk', port=443): Max retries exceeded with url: /wp-json/wc/v3/products/106439 (Caused by NameResolutionError("HTTPSConnection(host='shane.maxusvanparts.co.uk', port=443): Failed to resolve 'shane.maxusvanparts.co.uk' ([Errno 11001] getaddrinfo failed)"))
2026-09-16 17:53:38 WARNING Could not fetch page 7, attempt 1/3: HTTPSConnectionPool(host='shane.maxusvanparts.co.uk', port=443): Max retries exceeded with url: /wp-json/custom/v1/products-with-replacements?per_page=100&page=7 (Caused by NameResolutionError("HTTPSConnection(host='shane.maxusvanparts.co.uk', port=443): Failed to resolve 'shane.maxusvanparts.co.uk' ([Errno 11001] getaddrinfo failed)"))
2026-09-16 17:53:39 WARNING Could not fetch page 7, attempt 2/3: HTTPSConnectionPool(host='shane.maxusvanparts.co.uk', port=443): Max retries exceeded with url: /wp-json/custom/v1/products-with-replacements?per_page=100&page=7 (Caused by NameResolutionError("HTTPSConnection(host='shane.maxusvanparts.co.uk', port=443): Failed to resolve 'shane.maxusvanparts.co.uk' ([Errno 11001] getaddrinfo failed)"))
2026-09-16 17:53:43 INFO Fetched page 7/28: 100 products (reported total: 2726)
2026-09-16 17:53:43 INFO [601] Creating duplicate for product id=106448 sku=C00023677-65B3 replacement_sku=C00266398
2026-09-16 17:53:48 INFO [601] Duplicate created: new id=119952 sku=C00266398-74VIG
2026-09-16 17:53:48 INFO [602] Creating duplicate for product id=106461 sku=C00036036-0580 replacement_sku=C00028131
2026-09-16 17:53:52 INFO [602] Duplicate created: new id=119953 sku=C00028131-SWOOB
2026-09-16 17:53:52 INFO [603] Creating duplicate for product id=106482 sku=C00036036-FE13 replacement_sku=C00028131
2026-09-16 17:53:56 INFO [603] Duplicate created: new id=119954 sku=C00028131-43Y05
2026-09-16 17:53:56 INFO [604] Creating duplicate for product id=106470 sku=C00023693-932E replacement_sku=C00266399
2026-09-16 17:54:02 INFO [604] Duplicate created: new id=119955 sku=C00266399-BK0D7
2026-09-16 17:54:02 INFO [605] Creating duplicate for product id=106401 sku=C00110183-2DC5 replacement_sku=C00278950
2026-09-16 17:54:06 INFO [605] Duplicate created: new id=119956 sku=C00278950-FF9GJ
2026-09-16 17:54:06 INFO [606] Creating duplicate for product id=106424 sku=C00110528-66C2 replacement_sku=C00276234
2026-09-16 17:54:11 INFO [606] Duplicate created: new id=119957 sku=C00276234-80O3P
2026-09-16 17:54:11 INFO [607] Creating duplicate for product id=106399 sku=C00036036-F3F1 replacement_sku=C00028131
2026-09-16 17:54:16 INFO [607] Duplicate created: new id=119958 sku=C00028131-ATJTV
2026-09-16 17:54:16 INFO [608] Creating duplicate for product id=106418 sku=C00036036-3B56 replacement_sku=C00028131
2026-09-16 17:54:20 INFO [608] Duplicate created: new id=119959 sku=C00028131-NQS5I
2026-09-16 17:54:20 INFO [609] Creating duplicate for product id=106374 sku=C00103507-3CB8 replacement_sku=C00198782
2026-09-16 17:54:24 INFO [609] Duplicate created: new id=119960 sku=C00198782-RXYUG
2026-09-16 17:54:24 INFO [610] Creating duplicate for product id=106378 sku=C00036029-11D6 replacement_sku=C00028129
2026-09-16 17:54:28 INFO [610] Duplicate created: new id=119961 sku=C00028129-S5D8J
2026-09-16 17:54:28 INFO [611] Creating duplicate for product id=106422 sku=C00077892-0A88 replacement_sku=C00154806
2026-09-16 17:54:32 INFO [611] Duplicate created: new id=119962 sku=C00154806-NWKBT
2026-09-16 17:54:32 INFO [612] Creating duplicate for product id=106416 sku=C00103509-DDAE replacement_sku=C00198781
2026-09-16 17:54:36 INFO [612] Duplicate created: new id=119963 sku=C00198781-3E5CZ
2026-09-16 17:54:36 INFO [613] Creating duplicate for product id=106327 sku=C00175365-4100-16A0 replacement_sku=C00382230-4100
2026-09-16 17:54:40 INFO [613] Duplicate created: new id=119965 sku=C00382230-4100-CMO22
2026-09-16 17:54:40 INFO [614] Creating duplicate for product id=106326 sku=C00041949-F272 replacement_sku=C00275670
2026-09-16 17:54:45 INFO [614] Duplicate created: new id=119966 sku=C00275670-9SNQ9
2026-09-16 17:54:45 INFO [615] Creating duplicate for product id=106349 sku=C00003147-96FA replacement_sku=C00051435
2026-09-16 17:54:50 INFO [615] Duplicate created: new id=119967 sku=C00051435-UL7EO
2026-09-16 17:54:50 INFO [616] Creating duplicate for product id=106340 sku=C00036029-A7AD replacement_sku=C00028129
2026-09-16 17:54:54 INFO [616] Duplicate created: new id=119968 sku=C00028129-6B0FW
2026-09-16 17:54:54 INFO [617] Creating duplicate for product id=106360 sku=C00036029-086F replacement_sku=C00028129
2026-09-16 17:54:59 INFO [617] Duplicate created: new id=119969 sku=C00028129-494OE
2026-09-16 17:54:59 INFO [618] Creating duplicate for product id=106342 sku=C00014687-F93F replacement_sku=C00320921
2026-09-16 17:55:03 INFO [618] Duplicate created: new id=119970 sku=C00320921-6MHBJ
2026-09-16 17:55:03 INFO [619] Creating duplicate for product id=106339 sku=C00109314-2CEA replacement_sku=C00231809
2026-09-16 17:55:07 INFO [619] Duplicate created: new id=119971 sku=C00231809-86I6E
2026-09-16 17:55:07 INFO [620] Creating duplicate for product id=106272 sku=C00173329-4100-3742 replacement_sku=C00286925-4100
2026-09-16 17:55:11 INFO [620] Duplicate created: new id=119972 sku=C00286925-4100-PCG9U
2026-09-16 17:55:11 INFO [621] Creating duplicate for product id=106305 sku=C00041925-B3B0 replacement_sku=C00411162
2026-09-16 17:55:15 INFO [621] Duplicate created: new id=119973 sku=C00411162-GOW1H
2026-09-16 17:55:15 INFO [622] Creating duplicate for product id=106204 sku=C00073622-45B8 replacement_sku=C00112600
2026-09-16 17:55:20 INFO [622] Duplicate created: new id=119974 sku=C00112600-UH6O1
2026-09-16 17:55:20 INFO [623] Creating duplicate for product id=106200 sku=C00041182-8E66 replacement_sku=C00277217
2026-09-16 17:55:25 INFO [623] Duplicate created: new id=119975 sku=C00277217-6VKNF
2026-09-16 17:55:25 INFO [624] Creating duplicate for product id=106227 sku=C00102530-7E8C replacement_sku=C00217280
2026-09-16 17:55:30 INFO [624] Duplicate created: new id=119976 sku=C00217280-VWJVI
2026-09-16 17:55:30 INFO [625] Creating duplicate for product id=106220 sku=C00041182-873C replacement_sku=C00277217
2026-09-16 17:55:34 INFO [625] Duplicate created: new id=119977 sku=C00277217-TR7G7
2026-09-16 17:55:34 INFO [626] Creating duplicate for product id=106247 sku=C00109222-FD73 replacement_sku=C00316841
2026-09-16 17:55:44 INFO [626] Duplicate created: new id=119978 sku=C00316841-CMHJ8
2026-09-16 17:55:44 INFO [627] Creating duplicate for product id=106203 sku=C00016151-7B65 replacement_sku=C00028133
2026-09-16 17:55:53 INFO [627] Duplicate created: new id=119979 sku=C00028133-NILW2
2026-09-16 17:55:53 INFO [628] Creating duplicate for product id=106248 sku=C00173329-4100-E56D replacement_sku=C00286925-4100
2026-09-16 17:55:56 INFO [628] Duplicate created: new id=119980 sku=C00286925-4100-K9058
2026-09-16 17:55:56 INFO [629] Creating duplicate for product id=106159 sku=C00041182-BAD0 replacement_sku=C00277217
2026-09-16 17:56:01 INFO [629] Duplicate created: new id=119981 sku=C00277217-GV4EK
2026-09-16 17:56:01 INFO [630] Creating duplicate for product id=106178 sku=C00041182-2218 replacement_sku=C00277217
2026-09-16 17:56:06 INFO [630] Duplicate created: new id=119982 sku=C00277217-PBZMB
2026-09-16 17:56:06 INFO [631] Creating duplicate for product id=106153 sku=C00001729-6465 replacement_sku=C00370949
2026-09-16 17:56:10 INFO [631] Duplicate created: new id=119983 sku=C00370949-GPKKG
2026-09-16 17:56:10 INFO [632] Creating duplicate for product id=106183 sku=C00016151-715F replacement_sku=C00028133
2026-09-16 17:56:14 INFO [632] Duplicate created: new id=119984 sku=C00028133-3IDOT
2026-09-16 17:56:14 INFO [633] Creating duplicate for product id=106081 sku=C00072277-C036 replacement_sku=C00066124
2026-09-16 17:56:18 INFO [633] Duplicate created: new id=119985 sku=C00066124-0QTY4
2026-09-16 17:56:18 INFO [634] Creating duplicate for product id=106082 sku=C00108814-E566 replacement_sku=C00145176
2026-09-16 17:56:22 INFO [634] Duplicate created: new id=119986 sku=C00145176-37S09
2026-09-16 17:56:22 INFO [635] Creating duplicate for product id=106104 sku=C00108824-6250 replacement_sku=C00242683
2026-09-16 17:56:27 INFO [635] Duplicate created: new id=119987 sku=C00242683-DYY35
2026-09-16 17:56:27 INFO [636] Creating duplicate for product id=106054 sku=C00030743-B457 replacement_sku=C00599598
2026-09-16 17:56:31 INFO [636] Duplicate created: new id=119988 sku=C00599598-6J4AS
2026-09-16 17:56:31 INFO [637] Creating duplicate for product id=106035 sku=C00040464-198C replacement_sku=C00055783
2026-09-16 17:56:36 INFO [637] Duplicate created: new id=119989 sku=C00055783-A0PR8
2026-09-16 17:56:36 INFO [638] Creating duplicate for product id=106077 sku=C00163770-1B51 replacement_sku=C00218011
2026-09-16 17:56:48 INFO [638] Duplicate created: new id=119990 sku=C00218011-K93PS
2026-09-16 17:56:48 INFO [639] Creating duplicate for product id=106018 sku=C00016145-EDE8 replacement_sku=C00177415
2026-09-16 17:56:59 INFO [639] Duplicate created: new id=119991 sku=C00177415-FJAHX
2026-09-16 17:56:59 INFO [640] Creating duplicate for product id=105991 sku=C00040144-A3E6 replacement_sku=C00098284
2026-09-16 17:57:04 INFO [640] Duplicate created: new id=119992 sku=C00098284-LY55R
2026-09-16 17:57:04 INFO [641] Creating duplicate for product id=106013 sku=C00040463-70A4 replacement_sku=C00055732
2026-09-16 17:57:09 INFO [641] Duplicate created: new id=119993 sku=C00055732-SHRW9
2026-09-16 17:57:09 INFO [642] Creating duplicate for product id=105969 sku=C00004225-4100-0955 replacement_sku=C00066216-4100
2026-09-16 17:57:14 INFO [642] Duplicate created: new id=119994 sku=C00066216-4100-UB3FK
2026-09-16 17:57:14 INFO [643] Creating duplicate for product id=105990 sku=C00004225-4100-7F68 replacement_sku=C00066216-4100
2026-09-16 17:57:19 INFO [643] Duplicate created: new id=119995 sku=C00066216-4100-C94MC
2026-09-16 17:57:19 INFO [644] Creating duplicate for product id=106011 sku=C00004225-4100-C207 replacement_sku=C00066216-4100
2026-09-16 17:57:24 INFO [644] Duplicate created: new id=119996 sku=C00066216-4100-D9RQX
2026-09-16 17:57:24 INFO [645] Creating duplicate for product id=105943 sku=C00004225-4100-37D8 replacement_sku=C00066216-4100
2026-09-16 17:57:32 INFO [645] Duplicate created: new id=119997 sku=C00066216-4100-6DL1B
2026-09-16 17:57:32 INFO [646] Creating duplicate for product id=105898 sku=C00002899-77F1 replacement_sku=C00278949
2026-09-16 17:57:37 INFO [646] Duplicate created: new id=119998 sku=C00278949-6UMS9
2026-09-16 17:57:37 INFO [647] Creating duplicate for product id=105913 sku=C00099906-B83D replacement_sku=C00412877
2026-09-16 17:57:41 INFO [647] Duplicate created: new id=119999 sku=C00412877-TVDMA
2026-09-16 17:57:41 INFO [648] Creating duplicate for product id=105919 sku=C00002901-5112 replacement_sku=C00210713
2026-09-16 17:57:51 INFO [648] Duplicate created: new id=120000 sku=C00210713-6LXHT
2026-09-16 17:57:51 INFO [649] Creating duplicate for product id=105852 sku=C00016137-AD26 replacement_sku=C00028136
2026-09-16 17:57:55 INFO [649] Duplicate created: new id=120001 sku=C00028136-CN4QI
2026-09-16 17:57:55 INFO [650] Creating duplicate for product id=105863 sku=B00004274-D70B replacement_sku=B00004041
2026-09-16 17:58:06 INFO [650] Duplicate created: new id=120002 sku=B00004041-YGAJO
2026-09-16 17:58:06 INFO [651] Creating duplicate for product id=105855 sku=C00002890-71BF replacement_sku=C00210711
2026-09-16 17:58:18 INFO [651] Duplicate created: new id=120003 sku=C00210711-V4KJX
2026-09-16 17:58:18 INFO [652] Creating duplicate for product id=105866 sku=C00005555-07FE replacement_sku=C00105615
2026-09-16 17:58:21 INFO [652] Duplicate created: new id=120004 sku=C00105615-QSIDG
2026-09-16 17:58:21 INFO [653] Creating duplicate for product id=105845 sku=C00050836-B6E5 replacement_sku=C00192726
2026-09-16 17:58:25 INFO [653] Duplicate created: new id=120005 sku=C00192726-HJD6L
2026-09-16 17:58:25 INFO [654] Creating duplicate for product id=105856 sku=C00071311-4F95 replacement_sku=C00217119
2026-09-16 17:58:28 INFO [654] Duplicate created: new id=120006 sku=C00217119-G4TRL
2026-09-16 17:58:28 INFO [655] Creating duplicate for product id=105800 sku=C00002885-167D replacement_sku=C00210708
2026-09-16 17:58:32 INFO [655] Duplicate created: new id=120007 sku=C00210708-0K6TA
2026-09-16 17:58:32 INFO [656] Creating duplicate for product id=105820 sku=C00002886-2634 replacement_sku=C00210709
2026-09-16 17:58:35 INFO [656] Duplicate created: new id=120008 sku=C00210709-EC9Z6
2026-09-16 17:58:35 INFO [657] Creating duplicate for product id=105832 sku=C00004163-4100-0671 replacement_sku=C00322249-4100
2026-09-16 17:58:39 INFO [657] Duplicate created: new id=120009 sku=C00322249-4100-4IR52
2026-09-16 17:58:39 INFO [658] Creating duplicate for product id=105792 sku=C00005555-A1F5 replacement_sku=C00105615
2026-09-16 17:58:43 INFO [658] Duplicate created: new id=120010 sku=C00105615-AS9S4
2026-09-16 17:58:43 INFO [659] Creating duplicate for product id=105819 sku=C00005555-4809 replacement_sku=C00105615
2026-09-16 17:58:47 INFO [659] Duplicate created: new id=120011 sku=C00105615-UH2TO
2026-09-16 17:58:47 INFO [660] Creating duplicate for product id=105797 sku=C00011569-7F12 replacement_sku=C00367628
2026-09-16 17:58:50 INFO [660] Duplicate created: new id=120012 sku=C00367628-VGGH0
2026-09-16 17:58:50 INFO [661] Creating duplicate for product id=105837 sku=B00004274-45E5 replacement_sku=B00004041
2026-09-16 17:58:54 INFO [661] Duplicate created: new id=120013 sku=B00004041-NCFVR
2026-09-16 17:58:54 INFO [662] Creating duplicate for product id=105844 sku=C00005555-FE6B replacement_sku=C00105615
2026-09-16 17:58:58 INFO [662] Duplicate created: new id=120014 sku=C00105615-FSNEQ
2026-09-16 17:58:58 INFO [663] Creating duplicate for product id=105817 sku=C00011570-271E replacement_sku=C00367629
2026-09-16 17:59:02 INFO [663] Duplicate created: new id=120015 sku=C00367629-200RJ
2026-09-16 17:59:02 INFO [664] Creating duplicate for product id=105829 sku=C00014637-F7B6 replacement_sku=C00093495
2026-09-16 17:59:05 INFO [664] Duplicate created: new id=120016 sku=C00093495-VK3CQ
2026-09-16 17:59:05 INFO [665] Creating duplicate for product id=105835 sku=C00071310-C01D replacement_sku=C00566089
2026-09-16 17:59:08 INFO [665] Duplicate created: new id=120017 sku=C00566089-C2VGM
2026-09-16 17:59:08 INFO [666] Creating duplicate for product id=105815 sku=C00028799-28C9 replacement_sku=C00330873
2026-09-16 17:59:11 INFO [666] Duplicate created: new id=120018 sku=C00330873-RVPQ2
2026-09-16 17:59:11 INFO [667] Creating duplicate for product id=105824 sku=C00039622-4100-F86C replacement_sku=C00320200-4100
2026-09-16 17:59:15 INFO [667] Duplicate created: new id=120019 sku=C00320200-4100-OFG7J
2026-09-16 17:59:15 INFO [668] Creating duplicate for product id=105795 sku=B00004027-1985 replacement_sku=B00005234
2026-09-16 17:59:18 INFO [668] Duplicate created: new id=120020 sku=B00005234-EY725
2026-09-16 17:59:18 INFO [669] Creating duplicate for product id=105831 sku=C00016137-0A16 replacement_sku=C00028136
2026-09-16 17:59:21 INFO [669] Duplicate created: new id=120021 sku=C00028136-33W3I
2026-09-16 17:59:21 INFO [670] Creating duplicate for product id=105725 sku=C00005555-84F0 replacement_sku=C00105615
2026-09-16 17:59:25 INFO [670] Duplicate created: new id=120022 sku=C00105615-G6D19
2026-09-16 17:59:25 INFO [671] Creating duplicate for product id=105746 sku=C00005555-C6D5 replacement_sku=C00105615
2026-09-16 17:59:28 INFO [671] Duplicate created: new id=120023 sku=C00105615-S060N
2026-09-16 17:59:28 INFO [672] Creating duplicate for product id=105767 sku=C00005555-4B93 replacement_sku=C00105615
2026-09-16 17:59:32 INFO [672] Duplicate created: new id=120024 sku=C00105615-V4VYP
2026-09-16 17:59:32 INFO [673] Creating duplicate for product id=105747 sku=C00098858-4100-0BB6 replacement_sku=C00403392-4100
2026-09-16 17:59:35 INFO [673] Duplicate created: new id=120025 sku=C00403392-4100-FN0I9
2026-09-16 17:59:35 INFO [674] Creating duplicate for product id=105768 sku=C00098858-4100-DB51 replacement_sku=C00403392-4100
2026-09-16 17:59:39 INFO [674] Duplicate created: new id=120026 sku=C00403392-4100-JL48V
2026-09-16 17:59:39 INFO [675] Creating duplicate for product id=105737 sku=C00002871-DC8E replacement_sku=C00210715
2026-09-16 17:59:42 INFO [675] Duplicate created: new id=120027 sku=C00210715-VRDEA
2026-09-16 17:59:42 INFO [676] Creating duplicate for product id=105729 sku=C00028136-0586 replacement_sku=C00036041
2026-09-16 17:59:46 INFO [676] Duplicate created: new id=120028 sku=C00036041-EJR0I
2026-09-16 17:59:46 INFO [677] Creating duplicate for product id=105700 sku=C00039402-FD7A replacement_sku=C00097989
2026-09-16 17:59:49 INFO [677] Duplicate created: new id=120029 sku=C00097989-GF1IH
2026-09-16 17:59:49 INFO [678] Creating duplicate for product id=105680 sku=C00038928-2E2A replacement_sku=C00370948
2026-09-16 17:59:53 INFO [678] Duplicate created: new id=120030 sku=C00370948-P3ALS
2026-09-16 17:59:53 INFO [679] Creating duplicate for product id=105678 sku=C00005555-932B replacement_sku=C00105615
2026-09-16 17:59:57 INFO [679] Duplicate created: new id=120031 sku=C00105615-EU5BH
2026-09-16 17:59:57 INFO [680] Creating duplicate for product id=105707 sku=C00028136-0AA1 replacement_sku=C00036041
2026-09-16 18:00:00 INFO [680] Duplicate created: new id=120032 sku=C00036041-7KXRX
2026-09-16 18:00:00 INFO [681] Creating duplicate for product id=105701 sku=C00005555-E148 replacement_sku=C00105615
2026-09-16 18:00:04 INFO [681] Duplicate created: new id=120033 sku=C00105615-R1YE4
2026-09-16 18:00:04 INFO [682] Creating duplicate for product id=105637 sku=C00017160-0D7E replacement_sku=C00037483
2026-09-16 18:00:07 INFO [682] Duplicate created: new id=120034 sku=C00037483-4PE8P
2026-09-16 18:00:07 INFO [683] Creating duplicate for product id=105640 sku=C00104781-211B replacement_sku=C00593691
2026-09-16 18:00:11 INFO [683] Duplicate created: new id=120035 sku=C00593691-ZK1DH
2026-09-16 18:00:11 INFO [684] Creating duplicate for product id=105611 sku=C00005555-8C9D replacement_sku=C00105615
2026-09-16 18:00:14 INFO [684] Duplicate created: new id=120036 sku=C00105615-EOLOP
2026-09-16 18:00:14 INFO [685] Creating duplicate for product id=105633 sku=C00005555-5D4B replacement_sku=C00105615
2026-09-16 18:00:17 INFO [685] Duplicate created: new id=120037 sku=C00105615-0URN4
2026-09-16 18:00:17 INFO [686] Creating duplicate for product id=105656 sku=C00005555-3E7F replacement_sku=C00105615
2026-09-16 18:00:20 INFO [686] Duplicate created: new id=120038 sku=C00105615-WWBS4
2026-09-16 18:00:20 INFO [687] Creating duplicate for product id=105616 sku=C00038412-D125 replacement_sku=C00284356
2026-09-16 18:00:24 INFO [687] Duplicate created: new id=120039 sku=C00284356-PYJ0X
2026-09-16 18:00:24 INFO [688] Creating duplicate for product id=105626 sku=C00070330-5801 replacement_sku=C00093496
2026-09-16 18:00:27 INFO [688] Duplicate created: new id=120040 sku=C00093496-4ITHZ
2026-09-16 18:00:27 INFO [689] Creating duplicate for product id=105567 sku=C00028132-1D1C replacement_sku=C00028121
2026-09-16 18:00:31 INFO [689] Duplicate created: new id=120041 sku=C00028121-Z227Y
2026-09-16 18:00:31 INFO [690] Creating duplicate for product id=105587 sku=C00028132-0628 replacement_sku=C00028121
2026-09-16 18:00:34 INFO [690] Duplicate created: new id=120042 sku=C00028121-M3V5E
2026-09-16 18:00:34 INFO [691] Creating duplicate for product id=105604 sku=C00028132-F13B replacement_sku=C00028121
2026-09-16 18:00:37 INFO [691] Duplicate created: new id=120043 sku=C00028121-6ENTX
2026-09-16 18:00:37 INFO [692] Creating duplicate for product id=105596 sku=C00038065-D9C9 replacement_sku=C00650725
2026-09-16 18:00:41 INFO [692] Duplicate created: new id=120044 sku=C00650725-OATZL
2026-09-16 18:00:41 INFO [693] Creating duplicate for product id=105568 sku=C00005555-6A6E replacement_sku=C00105615
2026-09-16 18:00:44 INFO [693] Duplicate created: new id=120045 sku=C00105615-PBDC3
2026-09-16 18:00:44 INFO [694] Creating duplicate for product id=105590 sku=C00005555-0079 replacement_sku=C00105615
2026-09-16 18:00:48 INFO [694] Duplicate created: new id=120046 sku=C00105615-2S0QF
2026-09-16 18:00:48 INFO [695] Creating duplicate for product id=105559 sku=C00034998-2DC9 replacement_sku=C00014566
2026-09-16 18:00:53 INFO [695] Duplicate created: new id=120047 sku=C00014566-6THU8
2026-09-16 18:00:53 INFO [696] Creating duplicate for product id=105556 sku=C00002518-7C1A replacement_sku=C00142862
2026-09-16 18:00:57 INFO [696] Duplicate created: new id=120048 sku=C00142862-7DZHE
2026-09-16 18:00:57 INFO [697] Creating duplicate for product id=105513 sku=C00069782-75B8 replacement_sku=C00072319
2026-09-16 18:01:01 INFO [697] Duplicate created: new id=120049 sku=C00072319-ITZN5
2026-09-16 18:01:01 INFO [698] Creating duplicate for product id=105514 sku=C00005555-A790 replacement_sku=C00105615
2026-09-16 18:01:04 INFO [698] Duplicate created: new id=120050 sku=C00105615-BX6E4
2026-09-16 18:01:04 INFO [699] Creating duplicate for product id=105526 sku=C00013619-D1EB replacement_sku=F00000365
2026-09-16 18:01:08 INFO [699] Duplicate created: new id=120051 sku=F00000365-3LVTR
2026-09-16 18:01:08 INFO [700] Creating duplicate for product id=105531 sku=C00005555-4030 replacement_sku=C00105615
2026-09-16 18:01:11 INFO [700] Duplicate created: new id=120052 sku=C00105615-SHI03
2026-09-16 18:01:12 INFO Fetched page 8/28: 100 products (reported total: 2726)
2026-09-16 18:01:12 INFO [701] Creating duplicate for product id=105526 sku=C00013619-D1EB replacement_sku=F00000365
2026-09-16 18:01:16 INFO [701] Duplicate created: new id=120053 sku=F00000365-4IR96
2026-09-16 18:01:16 INFO [702] Creating duplicate for product id=105531 sku=C00005555-4030 replacement_sku=C00105615
2026-09-16 18:01:19 INFO [702] Duplicate created: new id=120054 sku=C00105615-G0QF0
2026-09-16 18:01:19 INFO [703] Creating duplicate for product id=105477 sku=C00005555-6F97 replacement_sku=C00105615
2026-09-16 18:01:22 INFO [703] Duplicate created: new id=120055 sku=C00105615-MO9M7
2026-09-16 18:01:22 INFO [704] Creating duplicate for product id=105487 sku=C00005555-CBBA replacement_sku=C00105615
2026-09-16 18:01:26 INFO [704] Duplicate created: new id=120056 sku=C00105615-L2VAN
2026-09-16 18:01:26 INFO [705] Creating duplicate for product id=105500 sku=C00005555-917D replacement_sku=C00105615
2026-09-16 18:01:29 INFO [705] Duplicate created: new id=120057 sku=C00105615-MWET1
2026-09-16 18:01:29 INFO [706] Creating duplicate for product id=105475 sku=C00001525-9711 replacement_sku=C00194441
2026-09-16 18:01:33 INFO [706] Duplicate created: new id=120058 sku=C00194441-KFKCM
2026-09-16 18:01:33 INFO [707] Creating duplicate for product id=105455 sku=C00005555-EEDB replacement_sku=C00105615
2026-09-16 18:01:36 INFO [707] Duplicate created: new id=120059 sku=C00105615-T7SKR
2026-09-16 18:01:36 INFO [708] Creating duplicate for product id=105461 sku=C00005555-640E replacement_sku=C00105615
2026-09-16 18:01:40 INFO [708] Duplicate created: new id=120060 sku=C00105615-D8Z4X
2026-09-16 18:01:40 INFO [709] Creating duplicate for product id=105467 sku=C00005555-19DF replacement_sku=C00105615
2026-09-16 18:01:43 INFO [709] Duplicate created: new id=120061 sku=C00105615-TPVRG
2026-09-16 18:01:43 INFO [710] Creating duplicate for product id=105456 sku=C00129394-48D6 replacement_sku=C00165995
2026-09-16 18:01:46 INFO [710] Duplicate created: new id=120062 sku=C00165995-LYQSJ
2026-09-16 18:01:46 INFO [711] Creating duplicate for product id=105449 sku=C00005555-13D6 replacement_sku=C00105615
2026-09-16 18:01:50 INFO [711] Duplicate created: new id=120063 sku=C00105615-PZNW6
2026-09-16 18:01:50 INFO [712] Creating duplicate for product id=105450 sku=C00005555-508E replacement_sku=C00105615
2026-09-16 18:01:53 INFO [712] Duplicate created: new id=120064 sku=C00105615-1Y93F
2026-09-16 18:01:53 INFO [713] Creating duplicate for product id=105451 sku=C00005555-FCA2 replacement_sku=C00105615
2026-09-16 18:01:56 INFO [713] Duplicate created: new id=120065 sku=C00105615-MM9JI
2026-09-16 18:01:56 INFO [714] Creating duplicate for product id=105342 sku=C00049743-4100-82FB replacement_sku=C00225612-4100
2026-09-16 18:02:00 INFO [714] Duplicate created: new id=120066 sku=C00225612-4100-NY4BE
2026-09-16 18:02:00 INFO [715] Creating duplicate for product id=105244 sku=C00313856-4100-2CE1 replacement_sku=C00555203-4100
2026-09-16 18:02:03 INFO [715] Duplicate created: new id=120067 sku=C00555203-4100-LW6N0
2026-09-16 18:02:03 INFO [716] Creating duplicate for product id=105107 sku=C00309558-7549 replacement_sku=C00645619
2026-09-16 18:02:07 INFO [716] Duplicate created: new id=120068 sku=C00645619-H4WJG
2026-09-16 18:02:07 INFO [717] Creating duplicate for product id=105122 sku=C00309561-C67A replacement_sku=C00645622
2026-09-16 18:02:11 INFO [717] Duplicate created: new id=120069 sku=C00645622-UGR58
2026-09-16 18:02:11 INFO [718] Creating duplicate for product id=105140 sku=C00446283-70A4 replacement_sku=C00637484
2026-09-16 18:02:15 INFO [718] Duplicate created: new id=120070 sku=C00637484-LKFUJ
2026-09-16 18:02:15 INFO [719] Creating duplicate for product id=105134 sku=C00309562-2F5C replacement_sku=C00645623
2026-09-16 18:02:18 INFO [719] Duplicate created: new id=120071 sku=C00645623-UUU08
2026-09-16 18:02:18 INFO [720] Creating duplicate for product id=105116 sku=C00131223-20AA replacement_sku=C00314448
2026-09-16 18:02:22 INFO [720] Duplicate created: new id=120072 sku=C00314448-NHY64
2026-09-16 18:02:22 INFO [721] Creating duplicate for product id=105129 sku=C00131225-7310 replacement_sku=C00314449
2026-09-16 18:02:25 INFO [721] Duplicate created: new id=120073 sku=C00314449-QRAYL
2026-09-16 18:02:25 INFO [722] Creating duplicate for product id=105096 sku=C00188175-33C5 replacement_sku=C00438210
2026-09-16 18:02:29 INFO [722] Duplicate created: new id=120074 sku=C00438210-WC63S
2026-09-16 18:02:29 INFO [723] Creating duplicate for product id=105093 sku=C00309557-A106 replacement_sku=C00645618
2026-09-16 18:02:32 INFO [723] Duplicate created: new id=120075 sku=C00645618-YUVHI
2026-09-16 18:02:32 INFO [724] Creating duplicate for product id=105017 sku=C00222050-164E replacement_sku=C00571646
2026-09-16 18:02:36 INFO [724] Duplicate created: new id=120076 sku=C00571646-KYWMF
2026-09-16 18:02:36 INFO [725] Creating duplicate for product id=104975 sku=C00079178-0B16 replacement_sku=C00446282
2026-09-16 18:02:39 INFO [725] Duplicate created: new id=120077 sku=C00446282-M3QRW
2026-09-16 18:02:39 INFO [726] Creating duplicate for product id=104913 sku=C00049001-FB02 replacement_sku=C00198091
2026-09-16 18:02:43 INFO [726] Duplicate created: new id=120078 sku=C00198091-MKF9G
2026-09-16 18:02:43 INFO [727] Creating duplicate for product id=104848 sku=C00432731-4D0C replacement_sku=C00573729
2026-09-16 18:02:47 INFO [727] Duplicate created: new id=120079 sku=C00573729-U3W4V
2026-09-16 18:02:47 INFO [728] Creating duplicate for product id=104775 sku=C00120691-DBE8 replacement_sku=C00678893
2026-09-16 18:02:50 INFO [728] Duplicate created: new id=120080 sku=C00678893-BUADK
2026-09-16 18:02:50 INFO [729] Creating duplicate for product id=104790 sku=C00120913-6605 replacement_sku=C00522959
2026-09-16 18:02:56 INFO [729] Duplicate created: new id=120081 sku=C00522959-HSGKT
2026-09-16 18:02:56 INFO [730] Creating duplicate for product id=104791 sku=C00216475-75D0 replacement_sku=C00492869
2026-09-16 18:03:01 INFO [730] Duplicate created: new id=120082 sku=C00492869-0O2XB
2026-09-16 18:03:01 INFO [731] Creating duplicate for product id=104719 sku=C00048913-2507 replacement_sku=C00198089
2026-09-16 18:03:05 INFO [731] Duplicate created: new id=120083 sku=C00198089-N7XS2
2026-09-16 18:03:05 INFO [732] Creating duplicate for product id=104687 sku=C00525877-3E35 replacement_sku=C00642739
2026-09-16 18:03:08 INFO [732] Duplicate created: new id=120084 sku=C00642739-NI4XU
2026-09-16 18:03:08 INFO [733] Creating duplicate for product id=104674 sku=C00048891-3934 replacement_sku=C00113398
2026-09-16 18:03:11 INFO [733] Duplicate created: new id=120085 sku=C00113398-Q91XA
2026-09-16 18:03:11 INFO [734] Creating duplicate for product id=104658 sku=C00048793-4100-AAF5 replacement_sku=C00636143-4100
2026-09-16 18:03:15 INFO [734] Duplicate created: new id=120086 sku=C00636143-4100-ZUK5D
2026-09-16 18:03:15 INFO [735] Creating duplicate for product id=104626 sku=C00117561-53B8 replacement_sku=C00051863
2026-09-16 18:03:18 INFO [735] Duplicate created: new id=120087 sku=C00051863-4JXQB
2026-09-16 18:03:18 INFO [736] Creating duplicate for product id=104636 sku=C00373425-9588 replacement_sku=C00652814
2026-09-16 18:03:22 INFO [736] Duplicate created: new id=120088 sku=C00652814-QQ18F
2026-09-16 18:03:22 INFO [737] Creating duplicate for product id=104638 sku=C00088303-ACC2 replacement_sku=C00480058
2026-09-16 18:03:26 INFO [737] Duplicate created: new id=120089 sku=C00480058-RNCVD
2026-09-16 18:03:26 INFO [738] Creating duplicate for product id=104622 sku=C00425320-0EB5 replacement_sku=C00342384
2026-09-16 18:03:30 INFO [738] Duplicate created: new id=120090 sku=C00342384-ZGN8Q
2026-09-16 18:03:30 INFO [739] Creating duplicate for product id=104603 sku=C00521239-D520 replacement_sku=C00593834
2026-09-16 18:03:33 INFO [739] Duplicate created: new id=120091 sku=C00593834-R303A
2026-09-16 18:03:33 INFO [740] Creating duplicate for product id=104606 sku=C00371143-1B5E replacement_sku=C00693710
2026-09-16 18:03:36 INFO [740] Duplicate created: new id=120092 sku=C00693710-0MXVQ
2026-09-16 18:03:36 INFO [741] Creating duplicate for product id=104586 sku=C00521208-D5A2 replacement_sku=C00664348
2026-09-16 18:03:39 INFO [741] Duplicate created: new id=120093 sku=C00664348-PX3QF
2026-09-16 18:03:39 INFO [742] Creating duplicate for product id=104574 sku=C00371125-355F replacement_sku=C00731125
2026-09-16 18:03:42 INFO [742] Duplicate created: new id=120094 sku=C00731125-J9RIS
2026-09-16 18:03:42 INFO [743] Creating duplicate for product id=104539 sku=C00880440-1016 replacement_sku=C00990440
2026-09-16 18:03:46 INFO [743] Duplicate created: new id=120095 sku=C00990440-0XMBY
2026-09-16 18:03:46 INFO [744] Creating duplicate for product id=104504 sku=C00075339-4100-4CA2 replacement_sku=C00773475-4100
2026-09-16 18:03:49 INFO [744] Duplicate created: new id=120096 sku=C00773475-4100-B7TMQ
2026-09-16 18:03:49 INFO [745] Creating duplicate for product id=104556 sku=C00880440-52E4 replacement_sku=C00990440
2026-09-16 18:03:52 INFO [745] Duplicate created: new id=120097 sku=C00990440-9TSRX
2026-09-16 18:03:52 INFO [746] Creating duplicate for product id=104450 sku=C00113073-B005 replacement_sku=C00570063
2026-09-16 18:03:55 INFO [746] Duplicate created: new id=120098 sku=C00570063-DYRUZ
2026-09-16 18:03:55 INFO [747] Creating duplicate for product id=104490 sku=C00590676-3AF5 replacement_sku=C00098945
2026-09-16 18:03:59 INFO [747] Duplicate created: new id=120099 sku=C00098945-OQ0XP
2026-09-16 18:03:59 INFO [748] Creating duplicate for product id=104470 sku=C00113074-21CB replacement_sku=C00570064
2026-09-16 18:04:03 INFO [748] Duplicate created: new id=120100 sku=C00570064-V5QW1
2026-09-16 18:04:03 INFO [749] Creating duplicate for product id=104442 sku=C00075227-6FE2 replacement_sku=C00518592
2026-09-16 18:04:06 INFO [749] Duplicate created: new id=120101 sku=C00518592-IGYS3
2026-09-16 18:04:06 INFO [750] Creating duplicate for product id=104434 sku=C00266855-402E replacement_sku=C00570065
2026-09-16 18:04:10 INFO [750] Duplicate created: new id=120102 sku=C00570065-MDP30
2026-09-16 18:04:10 INFO [751] Creating duplicate for product id=104415 sku=C00113071-14CE replacement_sku=C00570061
2026-09-16 18:04:14 INFO [751] Duplicate created: new id=120103 sku=C00570061-DQUI0
2026-09-16 18:04:14 INFO [752] Creating duplicate for product id=104432 sku=C00113072-B1FD replacement_sku=C00570062
2026-09-16 18:04:18 INFO [752] Duplicate created: new id=120104 sku=C00570062-50IAV
2026-09-16 18:04:18 INFO [753] Creating duplicate for product id=104428 sku=C00005715-3D6C replacement_sku=C00344232
2026-09-16 18:04:21 INFO [753] Duplicate created: new id=120105 sku=C00344232-UOBXA
2026-09-16 18:04:21 INFO [754] Creating duplicate for product id=104378 sku=C00180198-8645 replacement_sku=C00180198-E
2026-09-16 18:04:25 INFO [754] Duplicate created: new id=120106 sku=C00180198-E-ETTL2
2026-09-16 18:04:25 INFO [755] Creating duplicate for product id=104343 sku=C00693862-07B6 replacement_sku=C00734329
2026-09-16 18:04:28 INFO [755] Duplicate created: new id=120107 sku=C00734329-9NMAV
2026-09-16 18:04:28 INFO [756] Creating duplicate for product id=104387 sku=C00405963-5393 replacement_sku=C00704060
2026-09-16 18:04:32 INFO [756] Duplicate created: new id=120108 sku=C00704060-97MA4
2026-09-16 18:04:32 INFO [757] Creating duplicate for product id=104290 sku=C00403384-A-37EB replacement_sku=C00213490-A
2026-09-16 18:04:36 INFO [757] Duplicate created: new id=120109 sku=C00213490-A-37TCX
2026-09-16 18:04:36 INFO [758] Creating duplicate for product id=104321 sku=C00249340-4100-576F replacement_sku=C00188219-4100
2026-09-16 18:04:39 INFO [758] Duplicate created: new id=120110 sku=C00188219-4100-4FRX8
2026-09-16 18:04:39 INFO [759] Creating duplicate for product id=104274 sku=C00581010-0E81 replacement_sku=C00577808
2026-09-16 18:04:44 INFO [759] Duplicate created: new id=120111 sku=C00577808-HRX00
2026-09-16 18:04:44 INFO [760] Creating duplicate for product id=104129 sku=C00687739-03C1 replacement_sku=C00620198
2026-09-16 18:04:47 INFO [760] Duplicate created: new id=120112 sku=C00620198-UTUDN
2026-09-16 18:04:47 INFO [761] Creating duplicate for product id=104064 sku=C00084100-343E replacement_sku=C00585980
2026-09-16 18:04:51 INFO [761] Duplicate created: new id=120113 sku=C00585980-RV2S1
2026-09-16 18:04:51 INFO [762] Creating duplicate for product id=104084 sku=C00089344-D518 replacement_sku=F00000366
2026-09-16 18:04:56 INFO [762] Duplicate created: new id=120114 sku=F00000366-LMA2J
2026-09-16 18:04:56 INFO [763] Creating duplicate for product id=104024 sku=C00566949-7725 replacement_sku=F00000873
2026-09-16 18:04:59 INFO [763] Duplicate created: new id=120115 sku=F00000873-NGY7D
2026-09-16 18:04:59 INFO [764] Creating duplicate for product id=104002 sku=C00159353-3E62 replacement_sku=C00519028
2026-09-16 18:05:04 INFO [764] Duplicate created: new id=120116 sku=C00519028-8N4LQ
2026-09-16 18:05:04 INFO [765] Creating duplicate for product id=103989 sku=C00050803-BCDA replacement_sku=C00750803
2026-09-16 18:05:08 INFO [765] Duplicate created: new id=120117 sku=C00750803-MKSUV
2026-09-16 18:05:08 INFO [766] Creating duplicate for product id=103885 sku=C00081098-37B3 replacement_sku=C00518593
2026-09-16 18:05:13 INFO [766] Duplicate created: new id=120118 sku=C00518593-B0XNF
2026-09-16 18:05:13 INFO [767] Creating duplicate for product id=103268 sku=C00668847-119E replacement_sku=C00779676
2026-09-16 18:05:17 INFO [767] Duplicate created: new id=120119 sku=C00779676-UM7H7
2026-09-16 18:05:17 INFO [768] Creating duplicate for product id=103129 sku=C00002920-FCBD replacement_sku=C00233501
2026-09-16 18:05:21 INFO [768] Duplicate created: new id=120120 sku=C00233501-CAN5L
2026-09-16 18:05:21 INFO [769] Creating duplicate for product id=103144 sku=C00002920-01BF replacement_sku=C00233501
2026-09-16 18:05:25 INFO [769] Duplicate created: new id=120121 sku=C00233501-691BK
2026-09-16 18:05:25 INFO [770] Creating duplicate for product id=103114 sku=C00002920-12ED replacement_sku=C00233501
2026-09-16 18:05:29 INFO [770] Duplicate created: new id=120122 sku=C00233501-0YRC3
2026-09-16 18:05:29 INFO [771] Creating duplicate for product id=103044 sku=C00375251-E75C replacement_sku=C00375251-E
2026-09-16 18:05:33 INFO [771] Duplicate created: new id=120123 sku=C00375251-E-R9O79
2026-09-16 18:05:33 INFO [772] Creating duplicate for product id=102850 sku=C00482585-3CBD replacement_sku=C00482631
2026-09-16 18:05:37 INFO [772] Duplicate created: new id=120124 sku=C00482631-TLF8L
2026-09-16 18:05:37 INFO [773] Creating duplicate for product id=102401 sku=C00650840-780B replacement_sku=C00004722
2026-09-16 18:05:41 INFO [773] Duplicate created: new id=120125 sku=C00004722-BGO3M
2026-09-16 18:05:41 INFO [774] Creating duplicate for product id=102160 sku=C00501126-F041-1F58 replacement_sku=C00708319-F041
2026-09-16 18:05:45 INFO [774] Duplicate created: new id=120126 sku=C00708319-F041-MISUJ
2026-09-16 18:05:45 INFO [775] Creating duplicate for product id=102154 sku=C00245926-CE4F replacement_sku=C00051166
2026-09-16 18:05:49 INFO [775] Duplicate created: new id=120127 sku=C00051166-K2JKD
2026-09-16 18:05:49 INFO [776] Creating duplicate for product id=102134 sku=C00249247-D56F replacement_sku=C00343625
2026-09-16 18:05:53 INFO [776] Duplicate created: new id=120128 sku=C00343625-H80LA
2026-09-16 18:05:53 INFO [777] Creating duplicate for product id=102135 sku=C00245922-4CE8 replacement_sku=C00168770
2026-09-16 18:05:56 INFO [777] Duplicate created: new id=120129 sku=C00168770-0158A
2026-09-16 18:05:56 INFO [778] Creating duplicate for product id=102108 sku=C00249244-3828 replacement_sku=C00343608
2026-09-16 18:05:59 INFO [778] Duplicate created: new id=120130 sku=C00343608-TW17F
2026-09-16 18:05:59 INFO [779] Creating duplicate for product id=102121 sku=C00249245-E392 replacement_sku=C00343610
2026-09-16 18:06:03 INFO [779] Duplicate created: new id=120131 sku=C00343610-QD8ZW
2026-09-16 18:06:03 INFO [780] Creating duplicate for product id=101926 sku=C00480181-8BD0 replacement_sku=C00671001
2026-09-16 18:06:07 INFO [780] Duplicate created: new id=120132 sku=C00671001-NOWCH
2026-09-16 18:06:07 INFO [781] Creating duplicate for product id=101945 sku=C00313925-1B7B replacement_sku=C00681905
2026-09-16 18:06:10 INFO [781] Duplicate created: new id=120133 sku=C00681905-NAFIN
2026-09-16 18:06:10 INFO [782] Creating duplicate for product id=101938 sku=C00213332-1991 replacement_sku=C00670963
2026-09-16 18:06:14 INFO [782] Duplicate created: new id=120134 sku=C00670963-5WOE1
2026-09-16 18:06:14 INFO [783] Creating duplicate for product id=101876 sku=C00234027-F2C3 replacement_sku=C00650028
2026-09-16 18:06:17 INFO [783] Duplicate created: new id=120135 sku=C00650028-17MZK
2026-09-16 18:06:17 INFO [784] Creating duplicate for product id=101918 sku=C00050803-A800 replacement_sku=C00750803
2026-09-16 18:06:21 INFO [784] Duplicate created: new id=120136 sku=C00750803-GQJM4
2026-09-16 18:06:21 INFO [785] Creating duplicate for product id=101759 sku=C00120691-1EE4 replacement_sku=C00678893
2026-09-16 18:06:25 INFO [785] Duplicate created: new id=120137 sku=C00678893-O4MX3
2026-09-16 18:06:25 INFO [786] Creating duplicate for product id=101778 sku=C00120691-A03B replacement_sku=C00678893
2026-09-16 18:06:28 INFO [786] Duplicate created: new id=120138 sku=C00678893-BGA26
2026-09-16 18:06:28 INFO [787] Creating duplicate for product id=101740 sku=C00085529-0C48 replacement_sku=C00577466
2026-09-16 18:06:31 INFO [787] Duplicate created: new id=120139 sku=C00577466-FZVQB
2026-09-16 18:06:31 INFO [788] Creating duplicate for product id=101646 sku=C00076987-0D96 replacement_sku=C00267486
2026-09-16 18:06:35 INFO [788] Duplicate created: new id=120140 sku=C00267486-M6S3D
2026-09-16 18:06:35 INFO [789] Creating duplicate for product id=101680 sku=C00088303-78D6 replacement_sku=C00480058
2026-09-16 18:06:39 INFO [789] Duplicate created: new id=120141 sku=C00480058-UR7RP
2026-09-16 18:06:39 INFO [790] Creating duplicate for product id=101611 sku=C00575341-BAE8 replacement_sku=C00688991
2026-09-16 18:06:42 INFO [790] Duplicate created: new id=120142 sku=C00688991-2VZAL
2026-09-16 18:06:42 INFO [791] Creating duplicate for product id=101604 sku=C00246117-D5C2 replacement_sku=C00638000
2026-09-16 18:06:46 INFO [791] Duplicate created: new id=120143 sku=C00638000-XF0XE
2026-09-16 18:06:46 INFO [792] Creating duplicate for product id=101622 sku=C00118874-28B3 replacement_sku=C00658446
2026-09-16 18:06:49 INFO [792] Duplicate created: new id=120144 sku=C00658446-VRAKY
2026-09-16 18:06:49 INFO [793] Creating duplicate for product id=101594 sku=C00374097-5DE4 replacement_sku=C00759146
2026-09-16 18:06:53 INFO [793] Duplicate created: new id=120145 sku=C00759146-LQFVH
2026-09-16 18:06:53 INFO [794] Creating duplicate for product id=101525 sku=C00050128-12B1 replacement_sku=C00211152
2026-09-16 18:06:56 INFO [794] Duplicate created: new id=120146 sku=C00211152-ZKF5O
2026-09-16 18:06:56 INFO [795] Creating duplicate for product id=101498 sku=C00451037-38A7 replacement_sku=C00095415
2026-09-16 18:06:59 INFO [795] Duplicate created: new id=120147 sku=C00095415-KJ3D5
2026-09-16 18:06:59 INFO [796] Creating duplicate for product id=101410 sku=C00294677-4100-8DF5 replacement_sku=C00669383-4100
2026-09-16 18:07:03 INFO [796] Duplicate created: new id=120148 sku=C00669383-4100-5N8FS
2026-09-16 18:07:03 INFO [797] Creating duplicate for product id=101424 sku=C00451023-7B00 replacement_sku=C00120456
2026-09-16 18:07:06 INFO [797] Duplicate created: new id=120149 sku=C00120456-U7PKI
2026-09-16 18:07:06 INFO [798] Creating duplicate for product id=101459 sku=C00228951-40D4 replacement_sku=C00681901
2026-09-16 18:07:10 INFO [798] Duplicate created: new id=120150 sku=C00681901-A0ARL
2026-09-16 18:07:10 INFO [799] Creating duplicate for product id=101299 sku=C00286001-127F replacement_sku=C00670960
2026-09-16 18:07:13 INFO [799] Duplicate created: new id=120151 sku=C00670960-VJ201
2026-09-16 18:07:13 INFO [800] Creating duplicate for product id=101310 sku=C00246093-61CD replacement_sku=C00850266
2026-09-16 18:07:17 INFO [800] Duplicate created: new id=120152 sku=C00850266-UJE72
2026-09-16 18:07:18 INFO Fetched page 9/28: 100 products (reported total: 2726)
2026-09-16 18:07:18 INFO [801] Creating duplicate for product id=101250 sku=C00207451-C256 replacement_sku=C00671064
2026-09-16 18:07:21 INFO [801] Duplicate created: new id=120153 sku=C00671064-LR7BZ
2026-09-16 18:07:21 INFO [802] Creating duplicate for product id=101153 sku=C00099335-0902 replacement_sku=C00613411
2026-09-16 18:07:25 INFO [802] Duplicate created: new id=120154 sku=C00613411-56RIG
2026-09-16 18:07:25 INFO [803] Creating duplicate for product id=101025 sku=C00554716-475D replacement_sku=C00756152
2026-09-16 18:07:28 INFO [803] Duplicate created: new id=120155 sku=C00756152-F7NA3
2026-09-16 18:07:28 INFO [804] Creating duplicate for product id=101027 sku=C00070907-08EB replacement_sku=C00613812
2026-09-16 18:07:31 INFO [804] Duplicate created: new id=120156 sku=C00613812-IR514
2026-09-16 18:07:31 INFO [805] Creating duplicate for product id=101026 sku=C00246072-55B5 replacement_sku=C00850259
2026-09-16 18:07:35 INFO [805] Duplicate created: new id=120157 sku=C00850259-MG5D8
2026-09-16 18:07:35 INFO [806] Creating duplicate for product id=100873 sku=C00267957-6EC8 replacement_sku=C00495303
2026-09-16 18:07:39 INFO [806] Duplicate created: new id=120158 sku=C00495303-2LGP1
2026-09-16 18:07:39 INFO [807] Creating duplicate for product id=100808 sku=C00085963-854A replacement_sku=C00720093
2026-09-16 18:07:42 INFO [807] Duplicate created: new id=120159 sku=C00720093-UWHPS
2026-09-16 18:07:42 INFO [808] Creating duplicate for product id=100749 sku=C00085921-5113 replacement_sku=C00670959
2026-09-16 18:07:45 INFO [808] Duplicate created: new id=120160 sku=C00670959-A62Z3
2026-09-16 18:07:45 INFO [809] Creating duplicate for product id=100769 sku=C00085924-E308 replacement_sku=C00650029
2026-09-16 18:07:48 INFO [809] Duplicate created: new id=120161 sku=C00650029-C9I8B
2026-09-16 18:07:48 INFO [810] Creating duplicate for product id=100723 sku=C00246023-7EA5 replacement_sku=C00356278
2026-09-16 18:07:52 INFO [810] Duplicate created: new id=120162 sku=C00356278-ZEL5Y
2026-09-16 18:07:52 INFO [811] Creating duplicate for product id=100730 sku=C00085920-3183 replacement_sku=C00670958
2026-09-16 18:07:55 INFO [811] Duplicate created: new id=120163 sku=C00670958-RRW53
2026-09-16 18:07:55 INFO [812] Creating duplicate for product id=100714 sku=C00085917-0CF1 replacement_sku=C00648004
2026-09-16 18:07:58 INFO [812] Duplicate created: new id=120164 sku=C00648004-MIRCA
2026-09-16 18:07:58 INFO [813] Creating duplicate for product id=100675 sku=C00085914-C6E2 replacement_sku=C00670954
2026-09-16 18:08:01 INFO [813] Duplicate created: new id=120165 sku=C00670954-CG69W
2026-09-16 18:08:01 INFO [814] Creating duplicate for product id=100694 sku=C00085916-38CB replacement_sku=C00650030
2026-09-16 18:08:05 INFO [814] Duplicate created: new id=120166 sku=C00650030-4V0JS
2026-09-16 18:08:05 INFO [815] Creating duplicate for product id=100638 sku=C00085912-FF00 replacement_sku=C00648006
2026-09-16 18:08:09 INFO [815] Duplicate created: new id=120167 sku=C00648006-4B10A
2026-09-16 18:08:09 INFO [816] Creating duplicate for product id=100657 sku=C00085912-95A0 replacement_sku=C00648006
2026-09-16 18:08:12 INFO [816] Duplicate created: new id=120168 sku=C00648006-7XY0N
2026-09-16 18:08:12 INFO [817] Creating duplicate for product id=100618 sku=C00085911-07FB replacement_sku=C00648007
2026-09-16 18:08:15 INFO [817] Duplicate created: new id=120169 sku=C00648007-R5DMY
2026-09-16 18:08:15 INFO [818] Creating duplicate for product id=100606 sku=C00880440-1E58 replacement_sku=C00990440
2026-09-16 18:08:18 INFO [818] Duplicate created: new id=120170 sku=C00990440-BAUSK
2026-09-16 18:08:18 INFO [819] Creating duplicate for product id=100578 sku=C00085908-F7BE replacement_sku=C00670961
2026-09-16 18:08:21 INFO [819] Duplicate created: new id=120171 sku=C00670961-6NK4V
2026-09-16 18:08:21 INFO [820] Creating duplicate for product id=100538 sku=C00085895-096C replacement_sku=C00648005
2026-09-16 18:08:25 INFO [820] Duplicate created: new id=120172 sku=C00648005-MCTIS
2026-09-16 18:08:25 INFO [821] Creating duplicate for product id=100456 sku=C00245942-6C3C replacement_sku=C00245940
2026-09-16 18:08:28 INFO [821] Duplicate created: new id=120173 sku=C00245940-ABEUO
2026-09-16 18:08:28 INFO [822] Creating duplicate for product id=100440 sku=C00245941-D2CC replacement_sku=C00549131
2026-09-16 18:08:31 INFO [822] Duplicate created: new id=120174 sku=C00549131-N9VJO
2026-09-16 18:08:31 INFO [823] Creating duplicate for product id=100404 sku=C00245939-FA5D replacement_sku=C00050146
2026-09-16 18:08:34 INFO [823] Duplicate created: new id=120175 sku=C00050146-AWYCF
2026-09-16 18:08:34 INFO [824] Creating duplicate for product id=100438 sku=C00215321-CEEB replacement_sku=C00589247
2026-09-16 18:08:38 INFO [824] Duplicate created: new id=120176 sku=C00589247-QH4Y5
2026-09-16 18:08:38 INFO [825] Creating duplicate for product id=100380 sku=C00054397-3772 replacement_sku=C00104624
2026-09-16 18:08:41 INFO [825] Duplicate created: new id=120177 sku=C00104624-242NR
2026-09-16 18:08:41 INFO [826] Creating duplicate for product id=100357 sku=C00508284-5C83 replacement_sku=C00742882
2026-09-16 18:08:44 INFO [826] Duplicate created: new id=120178 sku=C00742882-T32G4
2026-09-16 18:08:44 INFO [827] Creating duplicate for product id=100338 sku=C00054392-2103 replacement_sku=C00524986
2026-09-16 18:08:48 INFO [827] Duplicate created: new id=120179 sku=C00524986-9BSC3
2026-09-16 18:08:48 INFO [828] Creating duplicate for product id=100280 sku=C00501127-M001-9ECD replacement_sku=C00708318-M001
2026-09-16 18:08:51 INFO [828] Duplicate created: new id=120180 sku=C00708318-M001-PDJCK
2026-09-16 18:08:51 INFO [829] Creating duplicate for product id=100273 sku=C00695315-E663 replacement_sku=C00787080
2026-09-16 18:08:55 INFO [829] Duplicate created: new id=120181 sku=C00787080-WQQGI
2026-09-16 18:08:55 INFO [830] Creating duplicate for product id=88652 sku=C00581010-C034 replacement_sku=C00577808
2026-09-16 18:08:58 INFO [830] Duplicate created: new id=120182 sku=C00577808-YGKN7
2026-09-16 18:08:58 INFO [831] Creating duplicate for product id=88637 sku=C00542612-DF00 replacement_sku=C00581010
2026-09-16 18:09:02 INFO [831] Duplicate created: new id=120183 sku=C00581010-WUH2Y
2026-09-16 18:09:02 INFO [832] Creating duplicate for product id=88636 sku=C00566949-DE86 replacement_sku=F00000873
2026-09-16 18:09:05 INFO [832] Duplicate created: new id=120184 sku=F00000873-WRT8U
2026-09-16 18:09:05 INFO [833] Creating duplicate for product id=88623 sku=C00525877-3ABF replacement_sku=C00642739
2026-09-16 18:09:08 INFO [833] Duplicate created: new id=120185 sku=C00642739-LD1JD
2026-09-16 18:09:08 INFO [834] Creating duplicate for product id=88594 sku=C00429557-6BA2 replacement_sku=C00502452
2026-09-16 18:09:12 INFO [834] Duplicate created: new id=120186 sku=C00502452-GGO8U
2026-09-16 18:09:12 INFO [835] Creating duplicate for product id=88583 sku=C00349003-95FC replacement_sku=V90 TIM-TENS-S/SESS
2026-09-16 18:09:16 INFO [835] Duplicate created: new id=120187 sku=V90 TIM-TENS-S/SESS-BB8CE
2026-09-16 18:09:16 INFO [836] Creating duplicate for product id=88580 sku=C00403702-95CC replacement_sku=C00473659
2026-09-16 18:09:19 INFO [836] Duplicate created: new id=120188 sku=C00473659-7WEKS
2026-09-16 18:09:19 INFO [837] Creating duplicate for product id=88563 sku=C00334135-64FA replacement_sku=C00614492
2026-09-16 18:09:23 INFO [837] Duplicate created: new id=120189 sku=C00614492-NLYPG
2026-09-16 18:09:23 INFO [838] Creating duplicate for product id=88546 sku=C00308847-7D7F replacement_sku=C00566949
2026-09-16 18:09:26 INFO [838] Duplicate created: new id=120190 sku=C00566949-H9VQM
2026-09-16 18:09:26 INFO [839] Creating duplicate for product id=88539 sku=C00288080-A136-0991 replacement_sku=C00349766-A136
2026-09-16 18:09:30 INFO [839] Duplicate created: new id=120191 sku=C00349766-A136-ZGNGW
2026-09-16 18:09:30 INFO [840] Creating duplicate for product id=88534 sku=C00303779-4E3F replacement_sku=C00374922
2026-09-16 18:09:33 INFO [840] Duplicate created: new id=120192 sku=C00374922-9MO3X
2026-09-16 18:09:33 INFO [841] Creating duplicate for product id=88528 sku=C00300179-DDAF replacement_sku=C00300495
2026-09-16 18:09:37 INFO [841] Duplicate created: new id=120193 sku=C00300495-WKCCD
2026-09-16 18:09:37 INFO [842] Creating duplicate for product id=88526 sku=C00286759-E171 replacement_sku=C00664154
2026-09-16 18:09:41 INFO [842] Duplicate created: new id=120194 sku=C00664154-EV6RF
2026-09-16 18:09:41 INFO [843] Creating duplicate for product id=88513 sku=C00294677-4100-28A3 replacement_sku=C00669383-4100
2026-09-16 18:09:44 INFO [843] Duplicate created: new id=120195 sku=C00669383-4100-U2TZB
2026-09-16 18:09:44 INFO [844] Creating duplicate for product id=88514 sku=C00283466-3C9C replacement_sku=C00229964
2026-09-16 18:09:47 INFO [844] Duplicate created: new id=120196 sku=C00229964-O88WX
2026-09-16 18:09:47 INFO [845] Creating duplicate for product id=88504 sku=C00275608-024C replacement_sku=C00346688
2026-09-16 18:09:51 INFO [845] Duplicate created: new id=120197 sku=C00346688-K8RVX
2026-09-16 18:09:51 INFO [846] Creating duplicate for product id=88503 sku=C00289080-4100-9EC8 replacement_sku=C00576705-4100
2026-09-16 18:09:55 INFO [846] Duplicate created: new id=120198 sku=C00576705-4100-JM30W
2026-09-16 18:09:55 INFO [847] Creating duplicate for product id=88496 sku=C00275713-1815 replacement_sku=C00275713-AB
2026-09-16 18:09:59 INFO [847] Duplicate created: new id=120199 sku=C00275713-AB-OIHUR
2026-09-16 18:09:59 INFO [848] Creating duplicate for product id=88485 sku=C00266855-2F3F replacement_sku=C00570065
2026-09-16 18:10:02 INFO [848] Duplicate created: new id=120200 sku=C00570065-G9SE7
2026-09-16 18:10:02 INFO [849] Creating duplicate for product id=88468 sku=C00250715-2E28 replacement_sku=C00266855
2026-09-16 18:10:06 INFO [849] Duplicate created: new id=120201 sku=C00266855-T9NH1
2026-09-16 18:10:06 INFO [850] Creating duplicate for product id=88453 sku=C00248042-C3B6 replacement_sku=C00244985
2026-09-16 18:10:09 INFO [850] Duplicate created: new id=120202 sku=C00244985-X3NVL
2026-09-16 18:10:09 INFO [851] Creating duplicate for product id=88448 sku=C00246076-0273 replacement_sku=C00520408
2026-09-16 18:10:13 INFO [851] Duplicate created: new id=120203 sku=C00520408-2JC0G
2026-09-16 18:10:13 INFO [852] Creating duplicate for product id=88437 sku=C00238591-D00F replacement_sku=C00429557
2026-09-16 18:10:16 INFO [852] Duplicate created: new id=120204 sku=C00429557-NGE9E
2026-09-16 18:10:16 INFO [853] Creating duplicate for product id=88403 sku=C00230271-CECB replacement_sku=C00245922
2026-09-16 18:10:20 INFO [853] Duplicate created: new id=120205 sku=C00245922-W3GMT
2026-09-16 18:10:20 INFO [854] Creating duplicate for product id=88399 sku=C00227566-D618 replacement_sku=C00393544
2026-09-16 18:10:23 INFO [854] Duplicate created: new id=120206 sku=C00393544-DK20K
2026-09-16 18:10:23 INFO [855] Creating duplicate for product id=88396 sku=C00225537-FB64 replacement_sku=C00671897
2026-09-16 18:10:27 INFO [855] Duplicate created: new id=120207 sku=C00671897-IK2L2
2026-09-16 18:10:27 INFO [856] Creating duplicate for product id=88401 sku=C00227567-8805 replacement_sku=C00393546
2026-09-16 18:10:31 INFO [856] Duplicate created: new id=120208 sku=C00393546-JZA2R
2026-09-16 18:10:31 INFO [857] Creating duplicate for product id=88363 sku=C00218376-2335 replacement_sku=C00227922
2026-09-16 18:10:34 INFO [857] Duplicate created: new id=120209 sku=C00227922-VWFFB
2026-09-16 18:10:34 INFO [858] Creating duplicate for product id=88364 sku=C00218377-4C72 replacement_sku=C00227925
2026-09-16 18:10:37 INFO [858] Duplicate created: new id=120210 sku=C00227925-UO5NW
2026-09-16 18:10:37 INFO [859] Creating duplicate for product id=88337 sku=C00217905-AC98 replacement_sku=C00433218
2026-09-16 18:10:41 INFO [859] Duplicate created: new id=120211 sku=C00433218-1XP4I
2026-09-16 18:10:41 INFO [860] Creating duplicate for product id=88318 sku=C00216475-DBD8 replacement_sku=C00492869
2026-09-16 18:10:44 INFO [860] Duplicate created: new id=120212 sku=C00492869-P6P5V
2026-09-16 18:10:44 INFO [861] Creating duplicate for product id=88301 sku=C00215481-FC61 replacement_sku=C00322226
2026-09-16 18:10:48 INFO [861] Duplicate created: new id=120213 sku=C00322226-R255C
2026-09-16 18:10:48 INFO [862] Creating duplicate for product id=88284 sku=C00215321-0600 replacement_sku=C00589247
2026-09-16 18:10:51 INFO [862] Duplicate created: new id=120214 sku=C00589247-HMV6I
2026-09-16 18:10:51 INFO [863] Creating duplicate for product id=88260 sku=C00215289-FB10 replacement_sku=C00334135
2026-09-16 18:10:54 INFO [863] Duplicate created: new id=120215 sku=C00334135-9RLHZ
2026-09-16 18:10:54 INFO [864] Creating duplicate for product id=88220 sku=C00210675-7A51 replacement_sku=C00228414
2026-09-16 18:10:58 INFO [864] Duplicate created: new id=120216 sku=C00228414-QAIGT
2026-09-16 18:10:58 INFO [865] Creating duplicate for product id=88200 sku=C00196977-1C08 replacement_sku=C00333977
2026-09-16 18:11:01 INFO [865] Duplicate created: new id=120217 sku=C00333977-5OQD5
2026-09-16 18:11:01 INFO [866] Creating duplicate for product id=88198 sku=C00200425-6950 replacement_sku=C00542612
2026-09-16 18:11:05 INFO [866] Duplicate created: new id=120218 sku=C00542612-YKST2
2026-09-16 18:11:05 INFO [867] Creating duplicate for product id=88158 sku=C00184433-2862 replacement_sku=C00514960
2026-09-16 18:11:08 INFO [867] Duplicate created: new id=120219 sku=C00514960-07YJQ
2026-09-16 18:11:08 INFO [868] Creating duplicate for product id=88141 sku=C00185421-D188 replacement_sku=C00295583
2026-09-16 18:11:11 INFO [868] Duplicate created: new id=120220 sku=C00295583-PFS7B
2026-09-16 18:11:11 INFO [869] Creating duplicate for product id=88144 sku=C00185422-1F44 replacement_sku=C00295584
2026-09-16 18:11:15 INFO [869] Duplicate created: new id=120221 sku=C00295584-SEKK1
2026-09-16 18:11:15 INFO [870] Creating duplicate for product id=88073 sku=C00159353-5125 replacement_sku=C00519028
2026-09-16 18:11:18 INFO [870] Duplicate created: new id=120222 sku=C00519028-0JVCX
2026-09-16 18:11:18 INFO [871] Creating duplicate for product id=88082 sku=C00178142-96AE replacement_sku=C00563460
2026-09-16 18:11:21 INFO [871] Duplicate created: new id=120223 sku=C00563460-PIWEC
2026-09-16 18:11:21 INFO [872] Creating duplicate for product id=88071 sku=C00159353-316D replacement_sku=C00519028
2026-09-16 18:11:25 INFO [872] Duplicate created: new id=120224 sku=C00519028-TWB4O
2026-09-16 18:11:25 INFO [873] Creating duplicate for product id=88066 sku=C00166467-36FE replacement_sku=C00399203
2026-09-16 18:11:28 INFO [873] Duplicate created: new id=120225 sku=C00399203-YIHXB
2026-09-16 18:11:28 INFO [874] Creating duplicate for product id=88058 sku=C00156659-F471 replacement_sku=C00285705
2026-09-16 18:11:32 INFO [874] Duplicate created: new id=120226 sku=C00285705-NR7OE
2026-09-16 18:11:32 INFO [875] Creating duplicate for product id=87997 sku=C00138386-BAD0 replacement_sku=C00346372
2026-09-16 18:11:36 INFO [875] Duplicate created: new id=120227 sku=C00346372-1N2YA
2026-09-16 18:11:36 INFO [876] Creating duplicate for product id=87955 sku=C00128180-4100-C5D0 replacement_sku=C00303875-4100
2026-09-16 18:11:39 INFO [876] Duplicate created: new id=120228 sku=C00303875-4100-8TS0Y
2026-09-16 18:11:39 INFO [877] Creating duplicate for product id=87949 sku=C00126383-F3AA replacement_sku=C00549547
2026-09-16 18:11:43 INFO [877] Duplicate created: new id=120229 sku=C00549547-KDZ5F
2026-09-16 18:11:43 INFO [878] Creating duplicate for product id=87953 sku=C00127834-2E6E replacement_sku=C00480229
2026-09-16 18:11:46 INFO [878] Duplicate created: new id=120230 sku=C00480229-8HTZI
2026-09-16 18:11:46 INFO [879] Creating duplicate for product id=87936 sku=C00120691-9557 replacement_sku=C00678893
2026-09-16 18:11:49 INFO [879] Duplicate created: new id=120231 sku=C00678893-QNIK9
2026-09-16 18:11:49 INFO [880] Creating duplicate for product id=87935 sku=C00120683-B296 replacement_sku=C00168795
2026-09-16 18:11:53 INFO [880] Duplicate created: new id=120232 sku=C00168795-PHI8E
2026-09-16 18:11:53 INFO [881] Creating duplicate for product id=87937 sku=C00120691-F5FC replacement_sku=C00678893
2026-09-16 18:11:57 INFO [881] Duplicate created: new id=120233 sku=C00678893-72XJ3
2026-09-16 18:11:57 INFO [882] Creating duplicate for product id=87922 sku=C00113072-855C replacement_sku=C00570062
2026-09-16 18:12:00 INFO [882] Duplicate created: new id=120234 sku=C00570062-V3WWA
2026-09-16 18:12:00 INFO [883] Creating duplicate for product id=87925 sku=C00113073-914E replacement_sku=C00570063
2026-09-16 18:12:04 INFO [883] Duplicate created: new id=120235 sku=C00570063-94VL3
2026-09-16 18:12:04 INFO [884] Creating duplicate for product id=87903 sku=C00112938-25B0 replacement_sku=C00260664
2026-09-16 18:12:07 INFO [884] Duplicate created: new id=120236 sku=C00260664-UZOWL
2026-09-16 18:12:07 INFO [885] Creating duplicate for product id=87918 sku=C00113071-1D76 replacement_sku=C00570061
2026-09-16 18:12:11 INFO [885] Duplicate created: new id=120237 sku=C00570061-WUFU3
2026-09-16 18:12:11 INFO [886] Creating duplicate for product id=87912 sku=C00112941-C053 replacement_sku=C00379008
2026-09-16 18:12:14 INFO [886] Duplicate created: new id=120238 sku=C00379008-83DSI
2026-09-16 18:12:14 INFO [887] Creating duplicate for product id=87900 sku=C00112937-84D4 replacement_sku=C00427459
2026-09-16 18:12:18 INFO [887] Duplicate created: new id=120239 sku=C00427459-7WS7E
2026-09-16 18:12:18 INFO [888] Creating duplicate for product id=87898 sku=C00112886-092A replacement_sku=C00404146
2026-09-16 18:12:21 INFO [888] Duplicate created: new id=120240 sku=C00404146-VN1RT
2026-09-16 18:12:21 INFO [889] Creating duplicate for product id=87884 sku=C00113074-7249 replacement_sku=C00570064
2026-09-16 18:12:24 INFO [889] Duplicate created: new id=120241 sku=C00570064-XG0H1
2026-09-16 18:12:24 INFO [890] Creating duplicate for product id=87843 sku=C00108780-A133-4828 replacement_sku=C00284425
2026-09-16 18:12:28 INFO [890] Duplicate created: new id=120242 sku=C00284425-4EDZB
2026-09-16 18:12:28 INFO [891] Creating duplicate for product id=87830 sku=C00108602-7A78 replacement_sku=C00199628
2026-09-16 18:12:32 INFO [891] Duplicate created: new id=120243 sku=C00199628-3RDLU
2026-09-16 18:12:32 INFO [892] Creating duplicate for product id=87807 sku=C00104005-F3F1 replacement_sku=C00743403
2026-09-16 18:12:35 INFO [892] Duplicate created: new id=120244 sku=C00743403-WLXOJ
2026-09-16 18:12:35 INFO [893] Creating duplicate for product id=87773 sku=C00096937-6872 replacement_sku=C00518233
2026-09-16 18:12:38 INFO [893] Duplicate created: new id=120245 sku=C00518233-FZV5B
2026-09-16 18:12:38 INFO [894] Creating duplicate for product id=87746 sku=C00093645-6DF6 replacement_sku=C00500790
2026-09-16 18:12:42 INFO [894] Duplicate created: new id=120246 sku=C00500790-XY979
2026-09-16 18:12:42 INFO [895] Creating duplicate for product id=87733 sku=C00094056-7C71 replacement_sku=C00658345
2026-09-16 18:12:45 INFO [895] Duplicate created: new id=120247 sku=C00658345-D08ZN
2026-09-16 18:12:45 INFO [896] Creating duplicate for product id=87741 sku=C00093639-BAF6 replacement_sku=C00366523
2026-09-16 18:12:49 INFO [896] Duplicate created: new id=120248 sku=C00366523-23FU3
2026-09-16 18:12:49 INFO [897] Creating duplicate for product id=87717 sku=C00093611-6C9E replacement_sku=C00500781
2026-09-16 18:12:52 INFO [897] Duplicate created: new id=120249 sku=C00500781-WDW4R
2026-09-16 18:12:52 INFO [898] Creating duplicate for product id=87711 sku=C00093567-4878 replacement_sku=C00325155
2026-09-16 18:12:55 INFO [898] Duplicate created: new id=120250 sku=C00325155-1JTFI
2026-09-16 18:12:55 INFO [899] Creating duplicate for product id=87715 sku=C00093672-6D8F replacement_sku=C00217233
2026-09-16 18:12:59 INFO [899] Duplicate created: new id=120251 sku=C00217233-P2AVS
2026-09-16 18:12:59 INFO [900] Creating duplicate for product id=87709 sku=C00093567-7621 replacement_sku=C00325155
2026-09-16 18:13:02 INFO [900] Duplicate created: new id=120252 sku=C00325155-Y0EKF
2026-09-16 18:13:03 INFO Fetched page 10/28: 100 products (reported total: 2726)
2026-09-16 18:13:03 INFO [901] Creating duplicate for product id=87699 sku=C00092653-7BD9 replacement_sku=C00308847
2026-09-16 18:13:07 INFO [901] Duplicate created: new id=120253 sku=C00308847-UXB54
2026-09-16 18:13:07 INFO [902] Creating duplicate for product id=87670 sku=C00090639-1D1C replacement_sku=C00542614
2026-09-16 18:13:10 INFO [902] Duplicate created: new id=120254 sku=C00542614-JODWY
2026-09-16 18:13:10 INFO [903] Creating duplicate for product id=87673 sku=C00090639-21BA replacement_sku=C00542614
2026-09-16 18:13:14 INFO [903] Duplicate created: new id=120255 sku=C00542614-58V39
2026-09-16 18:13:14 INFO [904] Creating duplicate for product id=87627 sku=C00086911-4100-4C27 replacement_sku=C00630787-4100
2026-09-16 18:13:17 INFO [904] Duplicate created: new id=120256 sku=C00630787-4100-DBFWL
2026-09-16 18:13:17 INFO [905] Creating duplicate for product id=87633 sku=C00086304-A90B replacement_sku=C00403702
2026-09-16 18:13:21 INFO [905] Duplicate created: new id=120257 sku=C00403702-95J8G
2026-09-16 18:13:21 INFO [906] Creating duplicate for product id=87625 sku=C00086910-4100-7992 replacement_sku=C00341701-4100
2026-09-16 18:13:24 INFO [906] Duplicate created: new id=120258 sku=C00341701-4100-QFNHZ
2026-09-16 18:13:24 INFO [907] Creating duplicate for product id=87589 sku=C00085430-4100-EEF3 replacement_sku=C00302984-4100
2026-09-16 18:13:27 INFO [907] Duplicate created: new id=120259 sku=C00302984-4100-XZE0R
2026-09-16 18:13:27 INFO [908] Creating duplicate for product id=87548 sku=C00081098-F774 replacement_sku=C00518593
2026-09-16 18:13:31 INFO [908] Duplicate created: new id=120260 sku=C00518593-CN17K
2026-09-16 18:13:31 INFO [909] Creating duplicate for product id=87562 sku=C00082170-C5F4 replacement_sku=C00631134
2026-09-16 18:13:35 INFO [909] Duplicate created: new id=120261 sku=C00631134-AISNS
2026-09-16 18:13:35 INFO [910] Creating duplicate for product id=87560 sku=C00081713-4100-DA43 replacement_sku=C00316940-4100
2026-09-16 18:13:38 INFO [910] Duplicate created: new id=120262 sku=C00316940-4100-EJP64
2026-09-16 18:13:38 INFO [911] Creating duplicate for product id=87549 sku=C00084100-B228 replacement_sku=C00585980
2026-09-16 18:13:42 INFO [911] Duplicate created: new id=120263 sku=C00585980-CZRJQ
2026-09-16 18:13:42 INFO [912] Creating duplicate for product id=87542 sku=C00080774-07AD replacement_sku=C00241034
2026-09-16 18:13:45 INFO [912] Duplicate created: new id=120264 sku=C00241034-7F4S6
2026-09-16 18:13:45 INFO [913] Creating duplicate for product id=87547 sku=C00079142-2D47 replacement_sku=C00413044
2026-09-16 18:13:49 INFO [913] Duplicate created: new id=120265 sku=C00413044-GPR7H
2026-09-16 18:13:49 INFO [914] Creating duplicate for product id=87507 sku=C00078151-DE57 replacement_sku=C00258299
2026-09-16 18:13:52 INFO [914] Duplicate created: new id=120266 sku=C00258299-XZ9UM
2026-09-16 18:13:52 INFO [915] Creating duplicate for product id=87491 sku=C00077002-4100-861D replacement_sku=C00367228-4100
2026-09-16 18:13:56 INFO [915] Duplicate created: new id=120267 sku=C00367228-4100-3PIEZ
2026-09-16 18:13:56 INFO [916] Creating duplicate for product id=87463 sku=C00076810-4100-A791 replacement_sku=C00563152-4100
2026-09-16 18:13:59 INFO [916] Duplicate created: new id=120268 sku=C00563152-4100-5LEO7
2026-09-16 18:13:59 INFO [917] Creating duplicate for product id=87459 sku=C00076753-4100-09E4 replacement_sku=C00563154-4100
2026-09-16 18:14:03 INFO [917] Duplicate created: new id=120269 sku=C00563154-4100-1GSQW
2026-09-16 18:14:03 INFO [918] Creating duplicate for product id=87456 sku=C00076739-E490 replacement_sku=C00549546
2026-09-16 18:14:07 INFO [918] Duplicate created: new id=120270 sku=C00549546-QCIK0
2026-09-16 18:14:07 INFO [919] Creating duplicate for product id=87451 sku=C00076726-4100-A881 replacement_sku=C00590044-4100
2026-09-16 18:14:11 INFO [919] Duplicate created: new id=120271 sku=C00590044-4100-A7I6N
2026-09-16 18:14:11 INFO [920] Creating duplicate for product id=87445 sku=C00076721-4100-A792 replacement_sku=C00590043-4100
2026-09-16 18:14:15 INFO [920] Duplicate created: new id=120272 sku=C00590043-4100-9JQ1V
2026-09-16 18:14:15 INFO [921] Creating duplicate for product id=87439 sku=C00076679-B708 replacement_sku=C00566654
2026-09-16 18:14:18 INFO [921] Duplicate created: new id=120273 sku=C00566654-M0PI0
2026-09-16 18:14:18 INFO [922] Creating duplicate for product id=87418 sku=C00076631-D264 replacement_sku=C00495377
2026-09-16 18:14:21 INFO [922] Duplicate created: new id=120274 sku=C00495377-S2N95
2026-09-16 18:14:21 INFO [923] Creating duplicate for product id=87424 sku=C00076594-4767 replacement_sku=C00549545
2026-09-16 18:14:25 INFO [923] Duplicate created: new id=120275 sku=C00549545-4KQT7
2026-09-16 18:14:25 INFO [924] Creating duplicate for product id=87414 sku=C00076630-C341 replacement_sku=C00495375
2026-09-16 18:14:28 INFO [924] Duplicate created: new id=120276 sku=C00495375-6KTF4
2026-09-16 18:14:28 INFO [925] Creating duplicate for product id=87420 sku=C00076659-DECE replacement_sku=C00074250
2026-09-16 18:14:32 INFO [925] Duplicate created: new id=120277 sku=C00074250-UYDB9
2026-09-16 18:14:32 INFO [926] Creating duplicate for product id=87379 sku=C00075227-E567 replacement_sku=C00518592
2026-09-16 18:14:36 INFO [926] Duplicate created: new id=120278 sku=C00518592-TM0EI
2026-09-16 18:14:36 INFO [927] Creating duplicate for product id=87377 sku=C00075224-19C3 replacement_sku=C00344866
2026-09-16 18:14:40 INFO [927] Duplicate created: new id=120279 sku=C00344866-OFJ84
2026-09-16 18:14:40 INFO [928] Creating duplicate for product id=87367 sku=C00074848-F146 replacement_sku=C00693557
2026-09-16 18:14:43 INFO [928] Duplicate created: new id=120280 sku=C00693557-T3JKX
2026-09-16 18:14:43 INFO [929] Creating duplicate for product id=87364 sku=C00074835-AD83 replacement_sku=C00590138
2026-09-16 18:14:47 INFO [929] Duplicate created: new id=120281 sku=C00590138-D2DSS
2026-09-16 18:14:47 INFO [930] Creating duplicate for product id=87348 sku=C00075266-687A replacement_sku=C00285704
2026-09-16 18:14:50 INFO [930] Duplicate created: new id=120282 sku=C00285704-MQKSO
2026-09-16 18:14:50 INFO [931] Creating duplicate for product id=87330 sku=C00073808-6D20 replacement_sku=C00421559
2026-09-16 18:14:54 INFO [931] Duplicate created: new id=120283 sku=C00421559-NFQW3
2026-09-16 18:14:54 INFO [932] Creating duplicate for product id=87331 sku=C00074543-2B76 replacement_sku=C00571681
2026-09-16 18:14:57 INFO [932] Duplicate created: new id=120284 sku=C00571681-NNAGV
2026-09-16 18:14:57 INFO [933] Creating duplicate for product id=87310 sku=C00072272-C775 replacement_sku=C00525877
2026-09-16 18:15:01 INFO [933] Duplicate created: new id=120285 sku=C00525877-IFVFL
2026-09-16 18:15:01 INFO [934] Creating duplicate for product id=87283 sku=C00071771-49A6 replacement_sku=C00345777
2026-09-16 18:15:05 INFO [934] Duplicate created: new id=120286 sku=C00345777-RPAWW
2026-09-16 18:15:05 INFO [935] Creating duplicate for product id=87282 sku=C00071769-1E31 replacement_sku=C00472950
2026-09-16 18:15:08 INFO [935] Duplicate created: new id=120287 sku=C00472950-IZ648
2026-09-16 18:15:08 INFO [936] Creating duplicate for product id=87281 sku=C00070907-3001 replacement_sku=C00613812
2026-09-16 18:15:12 INFO [936] Duplicate created: new id=120288 sku=C00613812-6QN32
2026-09-16 18:15:12 INFO [937] Creating duplicate for product id=87270 sku=C00063297-1C70 replacement_sku=C00096313
2026-09-16 18:15:15 INFO [937] Duplicate created: new id=120289 sku=C00096313-9UBGT
2026-09-16 18:15:15 INFO [938] Creating duplicate for product id=87242 sku=C00049994-6C2D replacement_sku=C00291102
2026-09-16 18:15:18 INFO [938] Duplicate created: new id=120290 sku=C00291102-G06NX
2026-09-16 18:15:18 INFO [939] Creating duplicate for product id=87219 sku=C00029566-DA64 replacement_sku=C00432683
2026-09-16 18:15:22 INFO [939] Duplicate created: new id=120291 sku=C00432683-YYEYK
2026-09-16 18:15:22 INFO [940] Creating duplicate for product id=87158 sku=C00002521-8EFF replacement_sku=C00396327
2026-09-16 18:15:25 INFO [940] Duplicate created: new id=120292 sku=C00396327-7NLVL
2026-09-16 18:15:25 INFO [941] Creating duplicate for product id=87159 sku=C00002522-0A98 replacement_sku=C00396328
2026-09-16 18:15:28 INFO [941] Duplicate created: new id=120293 sku=C00396328-GYRAP
2026-09-16 18:15:28 INFO [942] Creating duplicate for product id=87020 sku=B00004938-0608 replacement_sku=B00004957
2026-09-16 18:15:33 INFO [942] Duplicate created: new id=120294 sku=B00004957-EW2JE
2026-09-16 18:15:33 INFO [943] Creating duplicate for product id=84138 sku=C00325643-9E81 replacement_sku=C00342023
2026-09-16 18:15:36 INFO [943] Duplicate created: new id=120295 sku=C00342023-L641X
2026-09-16 18:15:36 INFO [944] Creating duplicate for product id=84127 sku=C00316733-9AC6 replacement_sku=C00168954
2026-09-16 18:15:40 INFO [944] Duplicate created: new id=120296 sku=C00168954-B3T6N
2026-09-16 18:15:40 INFO [945] Creating duplicate for product id=84115 sku=C00438411-6A9C replacement_sku=C00438412
2026-09-16 18:15:43 INFO [945] Duplicate created: new id=120297 sku=C00438412-R9TAN
2026-09-16 18:15:43 INFO [946] Creating duplicate for product id=84104 sku=C00309149-1B10 replacement_sku=C00648496
2026-09-16 18:15:47 INFO [946] Duplicate created: new id=120298 sku=C00648496-0LQMA
2026-09-16 18:15:47 INFO [947] Creating duplicate for product id=84091 sku=C00401226-F428 replacement_sku=C00507219
2026-09-16 18:15:50 INFO [947] Duplicate created: new id=120299 sku=C00507219-J8E1T
2026-09-16 18:15:50 INFO [948] Creating duplicate for product id=84089 sku=C00281102-9B98 replacement_sku=C00449563
2026-09-16 18:15:53 INFO [948] Duplicate created: new id=120300 sku=C00449563-GEPAU
2026-09-16 18:15:53 INFO [949] Creating duplicate for product id=84077 sku=C00280653-663F replacement_sku=C00472472
2026-09-16 18:15:57 INFO [949] Duplicate created: new id=120301 sku=C00472472-3Z9ZY
2026-09-16 18:15:57 INFO [950] Creating duplicate for product id=84071 sku=C00280449-4E9E replacement_sku=C00296959
2026-09-16 18:16:00 INFO [950] Duplicate created: new id=120302 sku=C00296959-9C8Z6
2026-09-16 18:16:00 INFO [951] Creating duplicate for product id=84052 sku=C00364450-628A replacement_sku=C00475151
2026-09-16 18:16:04 INFO [951] Duplicate created: new id=120303 sku=C00475151-QRONB
2026-09-16 18:16:04 INFO [952] Creating duplicate for product id=84033 sku=C00277707-4100-F4BE replacement_sku=C00303148-4100
2026-09-16 18:16:07 INFO [952] Duplicate created: new id=120304 sku=C00303148-4100-YXSG1
2026-09-16 18:16:07 INFO [953] Creating duplicate for product id=84038 sku=C00342773-702B replacement_sku=C00649942
2026-09-16 18:16:10 INFO [953] Duplicate created: new id=120305 sku=C00649942-V5AYX
2026-09-16 18:16:10 INFO [954] Creating duplicate for product id=84021 sku=C00337351-6DD0 replacement_sku=C00484352
2026-09-16 18:16:14 INFO [954] Duplicate created: new id=120306 sku=C00484352-1HL9J
2026-09-16 18:16:14 INFO [955] Creating duplicate for product id=83979 sku=C00267532-1BB4 replacement_sku=C00124686
2026-09-16 18:16:17 INFO [955] Duplicate created: new id=120307 sku=C00124686-YKUXP
2026-09-16 18:16:17 INFO [956] Creating duplicate for product id=83936 sku=C00248716-7FD4 replacement_sku=C00524563
2026-09-16 18:16:21 INFO [956] Duplicate created: new id=120308 sku=C00524563-DRZA9
2026-09-16 18:16:21 INFO [957] Creating duplicate for product id=83938 sku=C00248718-A99F replacement_sku=C00524564
2026-09-16 18:16:24 INFO [957] Duplicate created: new id=120309 sku=C00524564-53QOL
2026-09-16 18:16:24 INFO [958] Creating duplicate for product id=83902 sku=C00241090-0268 replacement_sku=C00300641
2026-09-16 18:16:28 INFO [958] Duplicate created: new id=120310 sku=C00300641-KZGQM
2026-09-16 18:16:28 INFO [959] Creating duplicate for product id=83840 sku=C00206588-4100-E705 replacement_sku=C00543507-4100
2026-09-16 18:16:31 INFO [959] Duplicate created: new id=120311 sku=C00543507-4100-67APP
2026-09-16 18:16:31 INFO [960] Creating duplicate for product id=83839 sku=C00206257-4100-8508 replacement_sku=C00543505-4100
2026-09-16 18:16:34 INFO [960] Duplicate created: new id=120312 sku=C00543505-4100-ETS6Y
2026-09-16 18:16:34 INFO [961] Creating duplicate for product id=83796 sku=C00191105-A0BE replacement_sku=C00191105-F139
2026-09-16 18:16:39 INFO [961] Duplicate created: new id=120313 sku=C00191105-F139-0KBIM
2026-09-16 18:16:39 INFO [962] Creating duplicate for product id=83798 sku=C00191105-DC76 replacement_sku=C00191105-F139
2026-09-16 18:16:42 INFO [962] Duplicate created: new id=120314 sku=C00191105-F139-7N7TS
2026-09-16 18:16:42 INFO [963] Creating duplicate for product id=83785 sku=C00191098-D6C7 replacement_sku=C00191098-F139
2026-09-16 18:16:46 INFO [963] Duplicate created: new id=120315 sku=C00191098-F139-M5MU8
2026-09-16 18:16:46 INFO [964] Creating duplicate for product id=83780 sku=C00188737-72E8 replacement_sku=C00523636
2026-09-16 18:16:50 INFO [964] Duplicate created: new id=120316 sku=C00523636-7KMO9
2026-09-16 18:16:50 INFO [965] Creating duplicate for product id=83759 sku=C00187688-4F94 replacement_sku=C00750833
2026-09-16 18:16:53 INFO [965] Duplicate created: new id=120317 sku=C00750833-8MIEQ
2026-09-16 18:16:53 INFO [966] Creating duplicate for product id=83747 sku=C00180125-176E replacement_sku=C00180126
2026-09-16 18:16:57 INFO [966] Duplicate created: new id=120318 sku=C00180126-7ZH4S
2026-09-16 18:16:57 INFO [967] Creating duplicate for product id=83713 sku=C00166016-C3DA replacement_sku=C00648498
2026-09-16 18:17:01 INFO [967] Duplicate created: new id=120319 sku=C00648498-RQSLT
2026-09-16 18:17:01 INFO [968] Creating duplicate for product id=83708 sku=C00174123-389E replacement_sku=C00288524
2026-09-16 18:17:04 INFO [968] Duplicate created: new id=120320 sku=C00288524-9BB7K
2026-09-16 18:17:04 INFO [969] Creating duplicate for product id=83668 sku=C00163843-9FEF replacement_sku=C00542555
2026-09-16 18:17:08 INFO [969] Duplicate created: new id=120321 sku=C00542555-BCO2G
2026-09-16 18:17:08 INFO [970] Creating duplicate for product id=83609 sku=C00137513-ACCF replacement_sku=C00584920
2026-09-16 18:17:12 INFO [970] Duplicate created: new id=120322 sku=C00584920-4FN2U
2026-09-16 18:17:12 INFO [971] Creating duplicate for product id=83545 sku=C00124834-3B9B replacement_sku=C00540205
2026-09-16 18:17:16 INFO [971] Duplicate created: new id=120323 sku=C00540205-LTYK4
2026-09-16 18:17:16 INFO [972] Creating duplicate for product id=83550 sku=C00122258-A76F replacement_sku=C00342361
2026-09-16 18:17:19 INFO [972] Duplicate created: new id=120324 sku=C00342361-BOCEQ
2026-09-16 18:17:19 INFO [973] Creating duplicate for product id=83536 sku=C00105133-A269 replacement_sku=C00023449
2026-09-16 18:17:23 INFO [973] Duplicate created: new id=120325 sku=C00023449-SLML1
2026-09-16 18:17:23 INFO [974] Creating duplicate for product id=83530 sku=C00103977-7EF5 replacement_sku=C00120704
2026-09-16 18:17:27 INFO [974] Duplicate created: new id=120326 sku=C00120704-6HGRW
2026-09-16 18:17:27 INFO [975] Creating duplicate for product id=83531 sku=C00103977-6BF4 replacement_sku=C00120704
2026-09-16 18:17:30 INFO [975] Duplicate created: new id=120327 sku=C00120704-U1O5P
2026-09-16 18:17:30 INFO [976] Creating duplicate for product id=83515 sku=C00081696-69DE replacement_sku=C00641520
2026-09-16 18:17:34 INFO [976] Duplicate created: new id=120328 sku=C00641520-7SCPR
2026-09-16 18:17:34 INFO [977] Creating duplicate for product id=83509 sku=C00081560-4EE0 replacement_sku=C00675221
2026-09-16 18:17:38 INFO [977] Duplicate created: new id=120329 sku=C00675221-S29Z2
2026-09-16 18:17:38 INFO [978] Creating duplicate for product id=83511 sku=C00081561-2300 replacement_sku=C00675222
2026-09-16 18:17:41 INFO [978] Duplicate created: new id=120330 sku=C00675222-V07BL
2026-09-16 18:17:41 INFO [979] Creating duplicate for product id=83508 sku=C00096065-9E49 replacement_sku=C00484328
2026-09-16 18:17:45 INFO [979] Duplicate created: new id=120331 sku=C00484328-NKCXC
2026-09-16 18:17:45 INFO [980] Creating duplicate for product id=83503 sku=C00080771-3031 replacement_sku=C00577454
2026-09-16 18:17:48 INFO [980] Duplicate created: new id=120332 sku=C00577454-HN5T9
2026-09-16 18:17:48 INFO [981] Creating duplicate for product id=83498 sku=C00092096-9E9A replacement_sku=C00699100
2026-09-16 18:17:52 INFO [981] Duplicate created: new id=120333 sku=C00699100-YLIF9
2026-09-16 18:17:52 INFO [982] Creating duplicate for product id=83384 sku=C00034840-29A1 replacement_sku=C00337187
2026-09-16 18:17:56 INFO [982] Duplicate created: new id=120334 sku=C00337187-XI41X
2026-09-16 18:17:56 INFO [983] Creating duplicate for product id=83378 sku=C00030048-DDD2 replacement_sku=C00568751
2026-09-16 18:18:00 INFO [983] Duplicate created: new id=120335 sku=C00568751-KS6OP
2026-09-16 18:18:00 INFO [984] Creating duplicate for product id=83283 sku=C00002920-109B replacement_sku=C00233501
2026-09-16 18:18:04 INFO [984] Duplicate created: new id=120336 sku=C00233501-MWKSM
2026-09-16 18:18:04 INFO [985] Creating duplicate for product id=80671 sku=C00112713-4100-AC06BE replacement_sku=C00231876-4100
2026-09-16 18:18:07 INFO [985] Duplicate created: new id=120337 sku=C00231876-4100-XN9B6
2026-09-16 18:18:07 INFO [986] Creating duplicate for product id=80667 sku=C00112709-B9AA57 replacement_sku=C00156855
2026-09-16 18:18:12 INFO [986] Duplicate created: new id=120338 sku=C00156855-AVSK2
2026-09-16 18:18:12 INFO [987] Creating duplicate for product id=80645 sku=C00178003-56A197 replacement_sku=C00178003-A
2026-09-16 18:18:15 INFO [987] Duplicate created: new id=120339 sku=C00178003-A-GXJ8Y
2026-09-16 18:18:15 INFO [988] Creating duplicate for product id=80637 sku=C00129394-C819EF replacement_sku=C00165995
2026-09-16 18:18:19 INFO [988] Duplicate created: new id=120340 sku=C00165995-507DI
2026-09-16 18:18:19 INFO [989] Creating duplicate for product id=80621 sku=C00125013-FE1FBF replacement_sku=C00159938
2026-09-16 18:18:23 INFO [989] Duplicate created: new id=120341 sku=C00159938-IXVA7
2026-09-16 18:18:23 INFO [990] Creating duplicate for product id=80624 sku=C00110183-DBC307 replacement_sku=C00278950
2026-09-16 18:18:27 INFO [990] Duplicate created: new id=120342 sku=C00278950-NXSSH
2026-09-16 18:18:27 INFO [991] Creating duplicate for product id=80628 sku=C00110528-FF8197 replacement_sku=C00276234
2026-09-16 18:18:31 INFO [991] Duplicate created: new id=120343 sku=C00276234-2NMC3
2026-09-16 18:18:31 INFO [992] Creating duplicate for product id=80597 sku=C00109222-D362AE replacement_sku=C00316841
2026-09-16 18:18:35 INFO [992] Duplicate created: new id=120344 sku=C00316841-KWHJ3
2026-09-16 18:18:35 INFO [993] Creating duplicate for product id=80612 sku=C00109314-ABFEEB replacement_sku=C00231809
2026-09-16 18:18:39 INFO [993] Duplicate created: new id=120345 sku=C00231809-EK8OO
2026-09-16 18:18:39 INFO [994] Creating duplicate for product id=80599 sku=C00173329-4100-3E531A replacement_sku=C00286925-4100
2026-09-16 18:18:43 INFO [994] Duplicate created: new id=120346 sku=C00286925-4100-23ZOQ
2026-09-16 18:18:43 INFO [995] Creating duplicate for product id=80605 sku=C00175365-4100-5ECD87 replacement_sku=C00382230-4100
2026-09-16 18:18:46 INFO [995] Duplicate created: new id=120347 sku=C00382230-4100-J1KFV
2026-09-16 18:18:46 INFO [996] Creating duplicate for product id=80583 sku=C00120419-03EC1D replacement_sku=C00152804
2026-09-16 18:18:50 INFO [996] Duplicate created: new id=120348 sku=C00152804-YM0SU
2026-09-16 18:18:50 INFO [997] Creating duplicate for product id=80595 sku=C00120609-793CC8 replacement_sku=C00165107
2026-09-16 18:18:54 INFO [997] Duplicate created: new id=120349 sku=C00165107-IPZY7
2026-09-16 18:18:54 INFO [998] Creating duplicate for product id=80579 sku=C00120206-2B3278 replacement_sku=C00201040
2026-09-16 18:18:58 INFO [998] Duplicate created: new id=120350 sku=C00201040-YVMJT
2026-09-16 18:18:58 INFO [999] Creating duplicate for product id=80572 sku=C00163770-453866 replacement_sku=C00218011
2026-09-16 18:19:02 INFO [999] Duplicate created: new id=120351 sku=C00218011-CVRTL
2026-09-16 18:19:02 INFO [1000] Creating duplicate for product id=80565 sku=C00108814-0B81F3 replacement_sku=C00145176
2026-09-16 18:19:06 INFO [1000] Duplicate created: new id=120352 sku=C00145176-W871J
2026-09-16 18:19:07 INFO Fetched page 11/28: 100 products (reported total: 2726)
2026-09-16 18:19:07 INFO [1001] Creating duplicate for product id=80569 sku=C00108824-E39403 replacement_sku=C00242683
2026-09-16 18:19:11 INFO [1001] Duplicate created: new id=120353 sku=C00242683-9ZVWG
2026-09-16 18:19:11 INFO [1002] Creating duplicate for product id=80518 sku=C00117604-A1ECAA replacement_sku=C00217632
2026-09-16 18:19:15 INFO [1002] Duplicate created: new id=120354 sku=C00217632-6DGM5
2026-09-16 18:19:15 INFO [1003] Creating duplicate for product id=80468 sku=C00104781-4AAE9B replacement_sku=C00593691
2026-09-16 18:19:19 INFO [1003] Duplicate created: new id=120355 sku=C00593691-LIQPZ
2026-09-16 18:19:19 INFO [1004] Creating duplicate for product id=80426 sku=C00069368-28D876 replacement_sku=C00131619
2026-09-16 18:19:22 INFO [1004] Duplicate created: new id=120356 sku=C00131619-RWAAA
2026-09-16 18:19:22 INFO [1005] Creating duplicate for product id=80415 sku=C00103707-360AE4 replacement_sku=C00155051
2026-09-16 18:19:26 INFO [1005] Duplicate created: new id=120357 sku=C00155051-12IZ1
2026-09-16 18:19:26 INFO [1006] Creating duplicate for product id=80394 sku=C00103509-AADBB6 replacement_sku=C00198781
2026-09-16 18:19:30 INFO [1006] Duplicate created: new id=120358 sku=C00198781-IHF3Z
2026-09-16 18:19:30 INFO [1007] Creating duplicate for product id=80381 sku=C00096231-257C4A replacement_sku=C00120368
2026-09-16 18:19:34 INFO [1007] Duplicate created: new id=120359 sku=C00120368-9KTTW
2026-09-16 18:19:34 INFO [1008] Creating duplicate for product id=80382 sku=C00103507-41601B replacement_sku=C00198782
2026-09-16 18:19:38 INFO [1008] Duplicate created: new id=120360 sku=C00198782-ABN7O
2026-09-16 18:19:38 INFO [1009] Creating duplicate for product id=80340 sku=C00102530-952087 replacement_sku=C00217280
2026-09-16 18:19:42 INFO [1009] Duplicate created: new id=120361 sku=C00217280-4T9W5
2026-09-16 18:19:42 INFO [1010] Creating duplicate for product id=80324 sku=C00104448-E2B15C replacement_sku=C00162968
2026-09-16 18:19:45 INFO [1010] Duplicate created: new id=120362 sku=C00162968-ZFGG2
2026-09-16 18:19:45 INFO [1011] Creating duplicate for product id=80290 sku=C00088303-407E50 replacement_sku=C00480058
2026-09-16 18:19:49 INFO [1011] Duplicate created: new id=120363 sku=C00480058-0IOZX
2026-09-16 18:19:49 INFO [1012] Creating duplicate for product id=80271 sku=C00072277-6F8D19 replacement_sku=C00066124
2026-09-16 18:19:52 INFO [1012] Duplicate created: new id=120364 sku=C00066124-YU551
2026-09-16 18:19:52 INFO [1013] Creating duplicate for product id=80272 sku=C00088001-DA2BBA replacement_sku=C00066126
2026-09-16 18:19:56 INFO [1013] Duplicate created: new id=120365 sku=C00066126-RFHLF
2026-09-16 18:19:56 INFO [1014] Creating duplicate for product id=80246 sku=C00099906-B8204D replacement_sku=C00412877
2026-09-16 18:20:00 INFO [1014] Duplicate created: new id=120366 sku=C00412877-XO8ZR
2026-09-16 18:20:00 INFO [1015] Creating duplicate for product id=80248 sku=C00087878-045BB4 replacement_sku=C00306972
2026-09-16 18:20:04 INFO [1015] Duplicate created: new id=120367 sku=C00306972-RV9RG
2026-09-16 18:20:04 INFO [1016] Creating duplicate for product id=80192 sku=C00098294-080656 replacement_sku=C00060702
2026-09-16 18:20:08 INFO [1016] Duplicate created: new id=120368 sku=C00060702-X9PBX
2026-09-16 18:20:08 INFO [1017] Creating duplicate for product id=80204 sku=C00098858-4100-B469C9 replacement_sku=C00403392-4100
2026-09-16 18:20:12 INFO [1017] Duplicate created: new id=120369 sku=C00403392-4100-R9UKW
2026-09-16 18:20:12 INFO [1018] Creating duplicate for product id=80043 sku=C00050147-F60F5D replacement_sku=C00245942
2026-09-16 18:20:15 INFO [1018] Duplicate created: new id=120370 sku=C00245942-B0Z8L
2026-09-16 18:20:15 INFO [1019] Creating duplicate for product id=80032 sku=C00041182-A0AE16 replacement_sku=C00277217
2026-09-16 18:20:19 INFO [1019] Duplicate created: new id=120371 sku=C00277217-1L98E
2026-09-16 18:20:19 INFO [1020] Creating duplicate for product id=80038 sku=C00041182-636C60 replacement_sku=C00277217
2026-09-16 18:20:23 INFO [1020] Duplicate created: new id=120372 sku=C00277217-E4Y6G
2026-09-16 18:20:23 INFO [1021] Creating duplicate for product id=80024 sku=C00041182-0E5FCA replacement_sku=C00277217
2026-09-16 18:20:26 INFO [1021] Duplicate created: new id=120373 sku=C00277217-YZFDR
2026-09-16 18:20:26 INFO [1022] Creating duplicate for product id=79919 sku=C00045030-F092-37A932 replacement_sku=C00177119-F092
2026-09-16 18:20:30 INFO [1022] Duplicate created: new id=120374 sku=C00177119-F092-888PU
2026-09-16 18:20:30 INFO [1023] Creating duplicate for product id=79868 sku=C00038412-F4AB69 replacement_sku=C00284356
2026-09-16 18:20:34 INFO [1023] Duplicate created: new id=120375 sku=C00284356-V7VOZ
2026-09-16 18:20:34 INFO [1024] Creating duplicate for product id=79845 sku=C00028132-E6001B replacement_sku=C00028121
2026-09-16 18:20:38 INFO [1024] Duplicate created: new id=120376 sku=C00028121-QGN96
2026-09-16 18:20:38 INFO [1025] Creating duplicate for product id=79804 sku=C00036036-E07E10 replacement_sku=C00028131
2026-09-16 18:20:41 INFO [1025] Duplicate created: new id=120377 sku=C00028131-LBRDK
2026-09-16 18:20:41 INFO [1026] Creating duplicate for product id=79809 sku=C00036036-55FE13 replacement_sku=C00028131
2026-09-16 18:20:45 INFO [1026] Duplicate created: new id=120378 sku=C00028131-19HLG
2026-09-16 18:20:45 INFO [1027] Creating duplicate for product id=79780 sku=C00036036-FFD934 replacement_sku=C00028131
2026-09-16 18:20:49 INFO [1027] Duplicate created: new id=120379 sku=C00028131-2YUT7
2026-09-16 18:20:49 INFO [1028] Creating duplicate for product id=79786 sku=C00036036-F30249 replacement_sku=C00028131
2026-09-16 18:20:54 INFO [1028] Duplicate created: new id=120380 sku=C00028131-K2YWA
2026-09-16 18:20:54 INFO [1029] Creating duplicate for product id=79791 sku=C00036036-0F2121 replacement_sku=C00028131
2026-09-16 18:20:58 INFO [1029] Duplicate created: new id=120381 sku=C00028131-4CRQZ
2026-09-16 18:20:58 INFO [1030] Creating duplicate for product id=79798 sku=C00036036-D890C7 replacement_sku=C00028131
2026-09-16 18:21:02 INFO [1030] Duplicate created: new id=120382 sku=C00028131-FZAPU
2026-09-16 18:21:02 INFO [1031] Creating duplicate for product id=79774 sku=C00036036-ACDAA9 replacement_sku=C00028131
2026-09-16 18:21:05 INFO [1031] Duplicate created: new id=120383 sku=C00028131-VTAS5
2026-09-16 18:21:05 INFO [1032] Creating duplicate for product id=79762 sku=C00036029-9134E4 replacement_sku=C00028129
2026-09-16 18:21:09 INFO [1032] Duplicate created: new id=120384 sku=C00028129-5PVXZ
2026-09-16 18:21:09 INFO [1033] Creating duplicate for product id=79756 sku=C00036029-B9BC41 replacement_sku=C00028129
2026-09-16 18:21:13 INFO [1033] Duplicate created: new id=120385 sku=C00028129-INDBL
2026-09-16 18:21:13 INFO [1034] Creating duplicate for product id=79702 sku=C00030743-3C9345 replacement_sku=C00599598
2026-09-16 18:21:16 INFO [1034] Duplicate created: new id=120386 sku=C00599598-271Z0
2026-09-16 18:21:16 INFO [1035] Creating duplicate for product id=79600 sku=C00028136-CCCE28 replacement_sku=C00036041
2026-09-16 18:21:20 INFO [1035] Duplicate created: new id=120387 sku=C00036041-7YK1Q
2026-09-16 18:21:20 INFO [1036] Creating duplicate for product id=79577 sku=C00028132-67C4A6 replacement_sku=C00028121
2026-09-16 18:21:23 INFO [1036] Duplicate created: new id=120388 sku=C00028121-BVVEG
2026-09-16 18:21:23 INFO [1037] Creating duplicate for product id=79418 sku=C00016151-902ECB replacement_sku=C00028133
2026-09-16 18:21:27 INFO [1037] Duplicate created: new id=120389 sku=C00028133-L75OQ
2026-09-16 18:21:27 INFO [1038] Creating duplicate for product id=79317 sku=C00016137-195933 replacement_sku=C00028136
2026-09-16 18:21:31 INFO [1038] Duplicate created: new id=120390 sku=C00028136-OQB17
2026-09-16 18:21:31 INFO [1039] Creating duplicate for product id=79242 sku=C00013619-A73033 replacement_sku=F00000365
2026-09-16 18:21:35 INFO [1039] Duplicate created: new id=120391 sku=F00000365-YY1P0
2026-09-16 18:21:35 INFO [1040] Creating duplicate for product id=79239 sku=C00005555-B8B526 replacement_sku=C00105615
2026-09-16 18:21:39 INFO [1040] Duplicate created: new id=120392 sku=C00105615-VGHAS
2026-09-16 18:21:39 INFO [1041] Creating duplicate for product id=79245 sku=C00005555-42795B replacement_sku=C00105615
2026-09-16 18:21:42 INFO [1041] Duplicate created: new id=120393 sku=C00105615-7OEQH
2026-09-16 18:21:42 INFO [1042] Creating duplicate for product id=79250 sku=C00005555-56F73B replacement_sku=C00105615
2026-09-16 18:21:46 INFO [1042] Duplicate created: new id=120394 sku=C00105615-6W3BX
2026-09-16 18:21:46 INFO [1043] Creating duplicate for product id=79231 sku=C00013618-FA56AD replacement_sku=C00224488
2026-09-16 18:21:50 INFO [1043] Duplicate created: new id=120395 sku=C00224488-QNEYU
2026-09-16 18:21:50 INFO [1044] Creating duplicate for product id=79220 sku=C00005555-6398DB replacement_sku=C00105615
2026-09-16 18:21:53 INFO [1044] Duplicate created: new id=120396 sku=C00105615-IMQ42
2026-09-16 18:21:53 INFO [1045] Creating duplicate for product id=79226 sku=C00005555-7F5665 replacement_sku=C00105615
2026-09-16 18:21:57 INFO [1045] Duplicate created: new id=120397 sku=C00105615-D2Q8G
2026-09-16 18:21:57 INFO [1046] Creating duplicate for product id=79233 sku=C00005555-E845F5 replacement_sku=C00105615
2026-09-16 18:22:00 INFO [1046] Duplicate created: new id=120398 sku=C00105615-99X3L
2026-09-16 18:22:00 INFO [1047] Creating duplicate for product id=79214 sku=C00013604-BDABF0 replacement_sku=C00472287
2026-09-16 18:22:04 INFO [1047] Duplicate created: new id=120399 sku=C00472287-5V6FQ
2026-09-16 18:22:04 INFO [1048] Creating duplicate for product id=79200 sku=C00005555-78E502 replacement_sku=C00105615
2026-09-16 18:22:08 INFO [1048] Duplicate created: new id=120400 sku=C00105615-6XZ7B
2026-09-16 18:22:08 INFO [1049] Creating duplicate for product id=79206 sku=C00005555-85C6C4 replacement_sku=C00105615
2026-09-16 18:22:12 INFO [1049] Duplicate created: new id=120401 sku=C00105615-SCQMH
2026-09-16 18:22:12 INFO [1050] Creating duplicate for product id=79212 sku=C00005555-5DB3D7 replacement_sku=C00105615
2026-09-16 18:22:16 INFO [1050] Duplicate created: new id=120402 sku=C00105615-8AULW
2026-09-16 18:22:16 INFO [1051] Creating duplicate for product id=79208 sku=C00013603-9581A0 replacement_sku=C00472286
2026-09-16 18:22:19 INFO [1051] Duplicate created: new id=120403 sku=C00472286-73PCV
2026-09-16 18:22:19 INFO [1052] Creating duplicate for product id=79178 sku=C00005118-4100-827501 replacement_sku=C00289598-4100
2026-09-16 18:22:23 INFO [1052] Duplicate created: new id=120404 sku=C00289598-4100-JBW04
2026-09-16 18:22:23 INFO [1053] Creating duplicate for product id=79152 sku=C00006940-4100-3FCA43 replacement_sku=C00320173-4100
2026-09-16 18:22:27 INFO [1053] Duplicate created: new id=120405 sku=C00320173-4100-98S92
2026-09-16 18:22:27 INFO [1054] Creating duplicate for product id=79070 sku=C00004225-4100-356D8D replacement_sku=C00066216-4100
2026-09-16 18:22:31 INFO [1054] Duplicate created: new id=120406 sku=C00066216-4100-GE1CX
2026-09-16 18:22:31 INFO [1055] Creating duplicate for product id=79065 sku=C00005555-5D1ED1 replacement_sku=C00105615
2026-09-16 18:22:35 INFO [1055] Duplicate created: new id=120407 sku=C00105615-NTHAV
2026-09-16 18:22:35 INFO [1056] Creating duplicate for product id=79072 sku=C00005555-C999F3 replacement_sku=C00105615
2026-09-16 18:22:39 INFO [1056] Duplicate created: new id=120408 sku=C00105615-7S5VZ
2026-09-16 18:22:39 INFO [1057] Creating duplicate for product id=79047 sku=C00005555-E5AB80 replacement_sku=C00105615
2026-09-16 18:22:42 INFO [1057] Duplicate created: new id=120409 sku=C00105615-0HP6R
2026-09-16 18:22:42 INFO [1058] Creating duplicate for product id=79053 sku=C00005555-F6F9D9 replacement_sku=C00105615
2026-09-16 18:22:46 INFO [1058] Duplicate created: new id=120410 sku=C00105615-2YO5D
2026-09-16 18:22:46 INFO [1059] Creating duplicate for product id=79059 sku=C00005555-22FCD8 replacement_sku=C00105615
2026-09-16 18:22:50 INFO [1059] Duplicate created: new id=120411 sku=C00105615-NN0RW
2026-09-16 18:22:50 INFO [1060] Creating duplicate for product id=79025 sku=C00005555-928DEA replacement_sku=C00105615
2026-09-16 18:22:54 INFO [1060] Duplicate created: new id=120412 sku=C00105615-LUP2A
2026-09-16 18:22:54 INFO [1061] Creating duplicate for product id=79033 sku=C00005555-8D5386 replacement_sku=C00105615
2026-09-16 18:23:00 INFO [1061] Duplicate created: new id=120413 sku=C00105615-FJVIW
2026-09-16 18:23:00 INFO [1062] Creating duplicate for product id=79040 sku=C00005555-0BD687 replacement_sku=C00105615
2026-09-16 18:23:05 INFO [1062] Duplicate created: new id=120414 sku=C00105615-NF7IM
2026-09-16 18:23:05 INFO [1063] Creating duplicate for product id=79019 sku=C00005555-4C711D replacement_sku=C00105615
2026-09-16 18:23:08 INFO [1063] Duplicate created: new id=120415 sku=C00105615-LQ9NM
2026-09-16 18:23:08 INFO [1064] Creating duplicate for product id=79012 sku=C00011529-4100-DD3262 replacement_sku=C00199943-4100
2026-09-16 18:23:12 INFO [1064] Duplicate created: new id=120416 sku=C00199943-4100-S8FXW
2026-09-16 18:23:12 INFO [1065] Creating duplicate for product id=79018 sku=C00011538-4100-E58483 replacement_sku=C00294499-4100
2026-09-16 18:23:16 INFO [1065] Duplicate created: new id=120417 sku=C00294499-4100-3IBON
2026-09-16 18:23:16 INFO [1066] Creating duplicate for product id=79004 sku=C00005555-8C56A6 replacement_sku=C00105615
2026-09-16 18:23:20 INFO [1066] Duplicate created: new id=120418 sku=C00105615-81374
2026-09-16 18:23:20 INFO [1067] Creating duplicate for product id=79008 sku=C00005555-63C63A replacement_sku=C00105615
2026-09-16 18:23:23 INFO [1067] Duplicate created: new id=120419 sku=C00105615-898ES
2026-09-16 18:23:23 INFO [1068] Creating duplicate for product id=79013 sku=C00005555-F7DA49 replacement_sku=C00105615
2026-09-16 18:23:28 INFO [1068] Duplicate created: new id=120420 sku=C00105615-8YSJK
2026-09-16 18:23:28 INFO [1069] Creating duplicate for product id=78978 sku=C00005555-5992F3 replacement_sku=C00105615
2026-09-16 18:23:32 INFO [1069] Duplicate created: new id=120421 sku=C00105615-21I18
2026-09-16 18:23:32 INFO [1070] Creating duplicate for product id=78984 sku=C00005555-BD8997 replacement_sku=C00105615
2026-09-16 18:23:35 INFO [1070] Duplicate created: new id=120422 sku=C00105615-IZHUU
2026-09-16 18:23:35 INFO [1071] Creating duplicate for product id=78990 sku=C00005555-A7DCBB replacement_sku=C00105615
2026-09-16 18:23:39 INFO [1071] Duplicate created: new id=120423 sku=C00105615-GFJFJ
2026-09-16 18:23:39 INFO [1072] Creating duplicate for product id=78996 sku=C00005555-17B3FA replacement_sku=C00105615
2026-09-16 18:23:43 INFO [1072] Duplicate created: new id=120424 sku=C00105615-WK5QU
2026-09-16 18:23:43 INFO [1073] Creating duplicate for product id=78973 sku=C00005555-26ED77 replacement_sku=C00105615
2026-09-16 18:23:47 INFO [1073] Duplicate created: new id=120425 sku=C00105615-J4E8E
2026-09-16 18:23:47 INFO [1074] Creating duplicate for product id=78943 sku=C00003900-4100-03AA86 replacement_sku=C00211838-4100
2026-09-16 18:23:51 INFO [1074] Duplicate created: new id=120426 sku=C00211838-4100-N6412
2026-09-16 18:23:51 INFO [1075] Creating duplicate for product id=78852 sku=C00002920-ACBAA8 replacement_sku=C00233501
2026-09-16 18:23:55 INFO [1075] Duplicate created: new id=120427 sku=C00233501-8RRI0
2026-09-16 18:23:55 INFO [1076] Creating duplicate for product id=78845 sku=C00002920-346BC1 replacement_sku=C00233501
2026-09-16 18:23:59 INFO [1076] Duplicate created: new id=120428 sku=C00233501-HMZ3S
2026-09-16 18:23:59 INFO [1077] Creating duplicate for product id=78403 sku=B00004274-B70B4A replacement_sku=B00004041
2026-09-16 18:24:03 INFO [1077] Duplicate created: new id=120429 sku=B00004041-E754A
2026-09-16 18:24:03 INFO [1078] Creating duplicate for product id=78128 sku=C00067867-2251E4 replacement_sku=C00016134
2026-09-16 18:24:07 INFO [1078] Duplicate created: new id=120430 sku=C00016134-6TGQ5
2026-09-16 18:24:07 INFO [1079] Creating duplicate for product id=78081 sku=C00046361-4E6CC4 replacement_sku=C00271393
2026-09-16 18:24:11 INFO [1079] Duplicate created: new id=120431 sku=C00271393-FDTAZ
2026-09-16 18:24:11 INFO [1080] Creating duplicate for product id=78014 sku=C00050836-31AAD9 replacement_sku=C00192726
2026-09-16 18:24:15 INFO [1080] Duplicate created: new id=120432 sku=C00192726-KUPQX
2026-09-16 18:24:15 INFO [1081] Creating duplicate for product id=77977 sku=C00083576-BECE2F replacement_sku=C00139860
2026-09-16 18:24:19 INFO [1081] Duplicate created: new id=120433 sku=C00139860-XFR21
2026-09-16 18:24:19 INFO [1082] Creating duplicate for product id=77932 sku=C00070330-6FD195 replacement_sku=C00093496
2026-09-16 18:24:23 INFO [1082] Duplicate created: new id=120434 sku=C00093496-ONPG5
2026-09-16 18:24:23 INFO [1083] Creating duplicate for product id=77931 sku=C00043430-62E965 replacement_sku=C00072225
2026-09-16 18:24:27 INFO [1083] Duplicate created: new id=120435 sku=C00072225-7C53I
2026-09-16 18:24:27 INFO [1084] Creating duplicate for product id=77918 sku=C00057211-B5229F replacement_sku=C00102530
2026-09-16 18:24:31 INFO [1084] Duplicate created: new id=120436 sku=C00102530-N5VDN
2026-09-16 18:24:31 INFO [1085] Creating duplicate for product id=77926 sku=C00070330-E6ABD3 replacement_sku=C00093496
2026-09-16 18:24:34 INFO [1085] Duplicate created: new id=120437 sku=C00093496-Q6T0E
2026-09-16 18:24:34 INFO [1086] Creating duplicate for product id=77895 sku=C00041949-3ECA5E replacement_sku=C00275670
2026-09-16 18:24:38 INFO [1086] Duplicate created: new id=120438 sku=C00275670-CV9Q5
2026-09-16 18:24:38 INFO [1087] Creating duplicate for product id=77891 sku=C00036036-6079C3 replacement_sku=C00028131
2026-09-16 18:24:42 INFO [1087] Duplicate created: new id=120439 sku=C00028131-GOXKC
2026-09-16 18:24:42 INFO [1088] Creating duplicate for product id=77894 sku=C00041925-5076BD replacement_sku=C00411162
2026-09-16 18:24:46 INFO [1088] Duplicate created: new id=120440 sku=C00411162-DMOUG
2026-09-16 18:24:46 INFO [1089] Creating duplicate for product id=77888 sku=C00038065-645C38 replacement_sku=C00650725
2026-09-16 18:24:49 INFO [1089] Duplicate created: new id=120441 sku=C00650725-HDEUJ
2026-09-16 18:24:49 INFO [1090] Creating duplicate for product id=77887 sku=C00036036-8AD89A replacement_sku=C00028131
2026-09-16 18:24:53 INFO [1090] Duplicate created: new id=120442 sku=C00028131-H3R6B
2026-09-16 18:24:53 INFO [1091] Creating duplicate for product id=77869 sku=C00036036-B7B5F6 replacement_sku=C00028131
2026-09-16 18:24:57 INFO [1091] Duplicate created: new id=120443 sku=C00028131-0WI7C
2026-09-16 18:24:57 INFO [1092] Creating duplicate for product id=77874 sku=C00036036-122519 replacement_sku=C00028131
2026-09-16 18:25:01 INFO [1092] Duplicate created: new id=120444 sku=C00028131-GMN4L
2026-09-16 18:25:01 INFO [1093] Creating duplicate for product id=77878 sku=C00036036-AF2A73 replacement_sku=C00028131
2026-09-16 18:25:05 INFO [1093] Duplicate created: new id=120445 sku=C00028131-J2H67
2026-09-16 18:25:05 INFO [1094] Creating duplicate for product id=77883 sku=C00036036-3881D4 replacement_sku=C00028131
2026-09-16 18:25:09 INFO [1094] Duplicate created: new id=120446 sku=C00028131-OBZKW
2026-09-16 18:25:09 INFO [1095] Creating duplicate for product id=77851 sku=C00037525-8EC6F0 replacement_sku=C00379649
2026-09-16 18:25:13 INFO [1095] Duplicate created: new id=120447 sku=C00379649-UXF9F
2026-09-16 18:25:13 INFO [1096] Creating duplicate for product id=77842 sku=C00036029-FC5B36 replacement_sku=C00028129
2026-09-16 18:25:17 INFO [1096] Duplicate created: new id=120448 sku=C00028129-76XR1
2026-09-16 18:25:17 INFO [1097] Creating duplicate for product id=77848 sku=C00036029-CB5E74 replacement_sku=C00028129
2026-09-16 18:25:20 INFO [1097] Duplicate created: new id=120449 sku=C00028129-LVGR9
2026-09-16 18:25:20 INFO [1098] Creating duplicate for product id=77856 sku=C00036029-36009D replacement_sku=C00028129
2026-09-16 18:25:24 INFO [1098] Duplicate created: new id=120450 sku=C00028129-ATRIC
2026-09-16 18:25:24 INFO [1099] Creating duplicate for product id=77864 sku=C00036029-8FD9EB replacement_sku=C00028129
2026-09-16 18:25:28 INFO [1099] Duplicate created: new id=120451 sku=C00028129-YKFEZ
2026-09-16 18:25:28 INFO [1100] Creating duplicate for product id=77847 sku=C00040144-EC2153 replacement_sku=C00098284
2026-09-16 18:25:31 INFO [1100] Duplicate created: new id=120452 sku=C00098284-EC9M9
2026-09-16 18:25:32 INFO Fetched page 12/28: 100 products (reported total: 2726)
2026-09-16 18:25:32 INFO [1101] Creating duplicate for product id=77844 sku=C00037390-714EE2 replacement_sku=C00157144
2026-09-16 18:25:36 INFO [1101] Duplicate created: new id=120453 sku=C00157144-T3Z0O
2026-09-16 18:25:36 INFO [1102] Creating duplicate for product id=77851 sku=C00037525-8EC6F0 replacement_sku=C00379649
2026-09-16 18:25:40 INFO [1102] Duplicate created: new id=120454 sku=C00379649-1OYAB
2026-09-16 18:25:40 INFO [1103] Creating duplicate for product id=77828 sku=C00034520-EDE49B replacement_sku=C00002920
2026-09-16 18:25:44 INFO [1103] Duplicate created: new id=120455 sku=C00002920-MHM4A
2026-09-16 18:25:44 INFO [1104] Creating duplicate for product id=77836 sku=C00036029-56EF42 replacement_sku=C00028129
2026-09-16 18:25:47 INFO [1104] Duplicate created: new id=120456 sku=C00028129-1CTY4
2026-09-16 18:25:47 INFO [1105] Creating duplicate for product id=77808 sku=C00036515-BE5441 replacement_sku=C00079109
2026-09-16 18:25:51 INFO [1105] Duplicate created: new id=120457 sku=C00079109-3E7P1
2026-09-16 18:25:51 INFO [1106] Creating duplicate for product id=77815 sku=C00036515-ACA452 replacement_sku=C00079109
2026-09-16 18:25:55 INFO [1106] Duplicate created: new id=120458 sku=C00079109-99T6H
2026-09-16 18:25:55 INFO [1107] Creating duplicate for product id=77797 sku=C00034175-4B232E replacement_sku=C00156996
2026-09-16 18:25:59 INFO [1107] Duplicate created: new id=120459 sku=C00156996-M79IH
2026-09-16 18:25:59 INFO [1108] Creating duplicate for product id=77816 sku=C00034286-D5640E replacement_sku=C00046477
2026-09-16 18:26:03 INFO [1108] Duplicate created: new id=120460 sku=C00046477-8YZTR
2026-09-16 18:26:03 INFO [1109] Creating duplicate for product id=77796 sku=C00036351-B-245740 replacement_sku=C00313281
2026-09-16 18:26:07 INFO [1109] Duplicate created: new id=120461 sku=C00313281-TAU63
2026-09-16 18:26:07 INFO [1110] Creating duplicate for product id=77786 sku=C00032877-772B8B replacement_sku=C00065566
2026-09-16 18:26:10 INFO [1110] Duplicate created: new id=120462 sku=C00065566-2FJ2N
2026-09-16 18:26:10 INFO [1111] Creating duplicate for product id=77746 sku=C00039402-5156AD replacement_sku=C00097989
2026-09-16 18:26:14 INFO [1111] Duplicate created: new id=120463 sku=C00097989-VBUK3
2026-09-16 18:26:14 INFO [1112] Creating duplicate for product id=77740 sku=C00038928-385D36 replacement_sku=C00370948
2026-09-16 18:26:18 INFO [1112] Duplicate created: new id=120464 sku=C00370948-G6V7W
2026-09-16 18:26:18 INFO [1113] Creating duplicate for product id=77711 sku=C00032311-DBE685 replacement_sku=C00157139
2026-09-16 18:26:22 INFO [1113] Duplicate created: new id=120465 sku=C00157139-1BEBV
2026-09-16 18:26:22 INFO [1114] Creating duplicate for product id=77683 sku=C00028799-72DE68 replacement_sku=C00330873
2026-09-16 18:26:28 INFO [1114] Duplicate created: new id=120466 sku=C00330873-LRVFM
2026-09-16 18:26:28 INFO [1115] Creating duplicate for product id=77624 sku=C00036036-E3727A replacement_sku=C00028131
2026-09-16 18:26:31 INFO [1115] Duplicate created: new id=120467 sku=C00028131-MSNWJ
2026-09-16 18:26:31 INFO [1116] Creating duplicate for product id=77630 sku=C00036036-81004D replacement_sku=C00028131
2026-09-16 18:26:35 INFO [1116] Duplicate created: new id=120468 sku=C00028131-VRAES
2026-09-16 18:26:35 INFO [1117] Creating duplicate for product id=77636 sku=C00036036-E4A224 replacement_sku=C00028131
2026-09-16 18:26:38 INFO [1117] Duplicate created: new id=120469 sku=C00028131-FHGII
2026-09-16 18:26:38 INFO [1118] Creating duplicate for product id=77609 sku=C00036036-C1961E replacement_sku=C00028131
2026-09-16 18:26:42 INFO [1118] Duplicate created: new id=120470 sku=C00028131-FBM24
2026-09-16 18:26:42 INFO [1119] Creating duplicate for product id=77613 sku=C00036036-2718DE replacement_sku=C00028131
2026-09-16 18:26:46 INFO [1119] Duplicate created: new id=120471 sku=C00028131-8UDNL
2026-09-16 18:26:46 INFO [1120] Creating duplicate for product id=77618 sku=C00036036-9BFAB2 replacement_sku=C00028131
2026-09-16 18:26:50 INFO [1120] Duplicate created: new id=120472 sku=C00028131-VY5CE
2026-09-16 18:26:50 INFO [1121] Creating duplicate for product id=77619 sku=C00038065-7B323D replacement_sku=C00650725
2026-09-16 18:26:54 INFO [1121] Duplicate created: new id=120473 sku=C00650725-OPB3Y
2026-09-16 18:26:54 INFO [1122] Creating duplicate for product id=77598 sku=C00028136-A8D95F replacement_sku=C00036041
2026-09-16 18:26:58 INFO [1122] Duplicate created: new id=120474 sku=C00036041-X7873
2026-09-16 18:26:58 INFO [1123] Creating duplicate for product id=77565 sku=C00028132-3D47B0 replacement_sku=C00028121
2026-09-16 18:27:01 INFO [1123] Duplicate created: new id=120475 sku=C00028121-4FUTW
2026-09-16 18:27:01 INFO [1124] Creating duplicate for product id=77570 sku=C00028132-D156E8 replacement_sku=C00028121
2026-09-16 18:27:05 INFO [1124] Duplicate created: new id=120476 sku=C00028121-UR54L
2026-09-16 18:27:05 INFO [1125] Creating duplicate for product id=77575 sku=C00028132-E24167 replacement_sku=C00028121
2026-09-16 18:27:09 INFO [1125] Duplicate created: new id=120477 sku=C00028121-8Z2Y5
2026-09-16 18:27:09 INFO [1126] Creating duplicate for product id=77560 sku=C00028132-AD318D replacement_sku=C00028121
2026-09-16 18:27:13 INFO [1126] Duplicate created: new id=120478 sku=C00028121-WLXDL
2026-09-16 18:27:13 INFO [1127] Creating duplicate for product id=77520 sku=C00017160-270D51 replacement_sku=C00037483
2026-09-16 18:27:17 INFO [1127] Duplicate created: new id=120479 sku=C00037483-C205H
2026-09-16 18:27:17 INFO [1128] Creating duplicate for product id=77528 sku=C00025934-C67DD8 replacement_sku=C00162798
2026-09-16 18:27:21 INFO [1128] Duplicate created: new id=120480 sku=C00162798-6IR11
2026-09-16 18:27:21 INFO [1129] Creating duplicate for product id=77472 sku=C00016243-84DBCE replacement_sku=C00632136
2026-09-16 18:27:25 INFO [1129] Duplicate created: new id=120481 sku=C00632136-CDVU5
2026-09-16 18:27:25 INFO [1130] Creating duplicate for product id=77434 sku=C00028121-F7F4CE replacement_sku=C00036012
2026-09-16 18:27:28 INFO [1130] Duplicate created: new id=120482 sku=C00036012-5LYVX
2026-09-16 18:27:28 INFO [1131] Creating duplicate for product id=77371 sku=C00027904-0B00C2 replacement_sku=C00015200
2026-09-16 18:27:32 INFO [1131] Duplicate created: new id=120483 sku=C00015200-AKAHJ
2026-09-16 18:27:32 INFO [1132] Creating duplicate for product id=77344 sku=C00023677-665ADA replacement_sku=C00266398
2026-09-16 18:27:36 INFO [1132] Duplicate created: new id=120484 sku=C00266398-E1O9U
2026-09-16 18:27:36 INFO [1133] Creating duplicate for product id=77351 sku=C00023677-FE66C9 replacement_sku=C00266398
2026-09-16 18:27:39 INFO [1133] Duplicate created: new id=120485 sku=C00266398-I4PAK
2026-09-16 18:27:39 INFO [1134] Creating duplicate for product id=77357 sku=C00023693-70DABB replacement_sku=C00266399
2026-09-16 18:27:44 INFO [1134] Duplicate created: new id=120486 sku=C00266399-22900
2026-09-16 18:27:44 INFO [1135] Creating duplicate for product id=77364 sku=C00023693-85D2D2 replacement_sku=C00266399
2026-09-16 18:27:47 INFO [1135] Duplicate created: new id=120487 sku=C00266399-TRGMF
2026-09-16 18:27:47 INFO [1136] Creating duplicate for product id=77320 sku=C00027693-5D68E8 replacement_sku=C00044731
2026-09-16 18:27:51 INFO [1136] Duplicate created: new id=120488 sku=C00044731-JJSP1
2026-09-16 18:27:51 INFO [1137] Creating duplicate for product id=77287 sku=C00014687-3510C4 replacement_sku=C00320921
2026-09-16 18:27:55 INFO [1137] Duplicate created: new id=120489 sku=C00320921-JVZ99
2026-09-16 18:27:55 INFO [1138] Creating duplicate for product id=77262 sku=C00016145-AC67E7 replacement_sku=C00177415
2026-09-16 18:27:58 INFO [1138] Duplicate created: new id=120490 sku=C00177415-VWSK2
2026-09-16 18:27:58 INFO [1139] Creating duplicate for product id=77250 sku=C00014552-1DD5F5 replacement_sku=C00033960
2026-09-16 18:28:02 INFO [1139] Duplicate created: new id=120491 sku=C00033960-T14M7
2026-09-16 18:28:02 INFO [1140] Creating duplicate for product id=77221 sku=C00014547-551E86 replacement_sku=C00116963
2026-09-16 18:28:06 INFO [1140] Duplicate created: new id=120492 sku=C00116963-4LMAZ
2026-09-16 18:28:06 INFO [1141] Creating duplicate for product id=77217 sku=C00014614-D77A86 replacement_sku=C00043430
2026-09-16 18:28:10 INFO [1141] Duplicate created: new id=120493 sku=C00043430-ZA9Y8
2026-09-16 18:28:10 INFO [1142] Creating duplicate for product id=77201 sku=C00016176-4D92F7 replacement_sku=C00121105
2026-09-16 18:28:14 INFO [1142] Duplicate created: new id=120494 sku=C00121105-NSCKQ
2026-09-16 18:28:14 INFO [1143] Creating duplicate for product id=77196 sku=C00016137-6EDB02 replacement_sku=C00028136
2026-09-16 18:28:17 INFO [1143] Duplicate created: new id=120495 sku=C00028136-N2V9G
2026-09-16 18:28:17 INFO [1144] Creating duplicate for product id=77145 sku=C00014527-85AFB2 replacement_sku=C00103694
2026-09-16 18:28:21 INFO [1144] Duplicate created: new id=120496 sku=C00103694-U8LRT
2026-09-16 18:28:21 INFO [1145] Creating duplicate for product id=77080 sku=C00014581-813722 replacement_sku=C00033961
2026-09-16 18:28:24 INFO [1145] Duplicate created: new id=120497 sku=C00033961-K4M7L
2026-09-16 18:28:24 INFO [1146] Creating duplicate for product id=77048 sku=C00014637-566482 replacement_sku=C00093495
2026-09-16 18:28:28 INFO [1146] Duplicate created: new id=120498 sku=C00093495-H5R02
2026-09-16 18:28:28 INFO [1147] Creating duplicate for product id=77054 sku=C00014637-F25E16 replacement_sku=C00093495
2026-09-16 18:28:32 INFO [1147] Duplicate created: new id=120499 sku=C00093495-RAV9R
2026-09-16 18:28:32 INFO [1148] Creating duplicate for product id=77023 sku=C00016151-9F2036 replacement_sku=C00028133
2026-09-16 18:28:35 INFO [1148] Duplicate created: new id=120500 sku=C00028133-J1YLF
2026-09-16 18:28:35 INFO [1149] Creating duplicate for product id=77028 sku=C00016151-138DCA replacement_sku=C00028133
2026-09-16 18:28:39 INFO [1149] Duplicate created: new id=120501 sku=C00028133-ZV9JE
2026-09-16 18:28:39 INFO [1150] Creating duplicate for product id=77034 sku=C00016151-F960D4 replacement_sku=C00028133
2026-09-16 18:28:43 INFO [1150] Duplicate created: new id=120502 sku=C00028133-QOPRH
2026-09-16 18:28:43 INFO [1151] Creating duplicate for product id=77040 sku=C00016151-A2E473 replacement_sku=C00028133
2026-09-16 18:28:46 INFO [1151] Duplicate created: new id=120503 sku=C00028133-F694J
2026-09-16 18:28:46 INFO [1152] Creating duplicate for product id=77029 sku=C00014564-8210E2 replacement_sku=C00177418
2026-09-16 18:28:50 INFO [1152] Duplicate created: new id=120504 sku=C00177418-0GSAG
2026-09-16 18:28:50 INFO [1153] Creating duplicate for product id=77026 sku=C00015461-55E0CD replacement_sku=C00104450
2026-09-16 18:28:53 INFO [1153] Duplicate created: new id=120505 sku=C00104450-FXJCD
2026-09-16 18:28:53 INFO [1154] Creating duplicate for product id=77013 sku=C00015460-96DB3A replacement_sku=C00104449
2026-09-16 18:28:57 INFO [1154] Duplicate created: new id=120506 sku=C00104449-M0I8J
2026-09-16 18:28:57 INFO [1155] Creating duplicate for product id=76945 sku=C00013830-6EDAA9 replacement_sku=C00051022
2026-09-16 18:29:01 INFO [1155] Duplicate created: new id=120507 sku=C00051022-RY93M
2026-09-16 18:29:01 INFO [1156] Creating duplicate for product id=76953 sku=C00004452-4100-AEE69B replacement_sku=C00173328-4100
2026-09-16 18:29:05 INFO [1156] Duplicate created: new id=120508 sku=C00173328-4100-KAC3X
2026-09-16 18:29:05 INFO [1157] Creating duplicate for product id=76956 sku=C00013833-D30766 replacement_sku=C00044158
2026-09-16 18:29:09 INFO [1157] Duplicate created: new id=120509 sku=C00044158-Q80GH
2026-09-16 18:29:09 INFO [1158] Creating duplicate for product id=76930 sku=C00005715-AB93AB replacement_sku=C00344232
2026-09-16 18:29:13 INFO [1158] Duplicate created: new id=120510 sku=C00344232-MLXF2
2026-09-16 18:29:13 INFO [1159] Creating duplicate for product id=76895 sku=C00004225-4100-406B6D replacement_sku=C00066216-4100
2026-09-16 18:29:17 INFO [1159] Duplicate created: new id=120511 sku=C00066216-4100-VFEHK
2026-09-16 18:29:17 INFO [1160] Creating duplicate for product id=76864 sku=C00013619-4333EF replacement_sku=F00000365
2026-09-16 18:29:21 INFO [1160] Duplicate created: new id=120512 sku=F00000365-GO0QU
2026-09-16 18:29:21 INFO [1161] Creating duplicate for product id=76861 sku=C00005555-DDBD3A replacement_sku=C00105615
2026-09-16 18:29:25 INFO [1161] Duplicate created: new id=120513 sku=C00105615-OM2PZ
2026-09-16 18:29:25 INFO [1162] Creating duplicate for product id=76859 sku=C00013618-1DABAD replacement_sku=C00224488
2026-09-16 18:29:28 INFO [1162] Duplicate created: new id=120514 sku=C00224488-A7N0H
2026-09-16 18:29:28 INFO [1163] Creating duplicate for product id=76856 sku=C00004163-4100-2CD06E replacement_sku=C00322249-4100
2026-09-16 18:29:31 INFO [1163] Duplicate created: new id=120515 sku=C00322249-4100-A8AFR
2026-09-16 18:29:31 INFO [1164] Creating duplicate for product id=76835 sku=C00011569-DDE663 replacement_sku=C00367628
2026-09-16 18:29:35 INFO [1164] Duplicate created: new id=120516 sku=C00367628-WASMA
2026-09-16 18:29:35 INFO [1165] Creating duplicate for product id=76840 sku=C00005555-ED3BBD replacement_sku=C00105615
2026-09-16 18:29:38 INFO [1165] Duplicate created: new id=120517 sku=C00105615-YSXAC
2026-09-16 18:29:38 INFO [1166] Creating duplicate for product id=76841 sku=C00011570-A650E4 replacement_sku=C00367629
2026-09-16 18:29:42 INFO [1166] Duplicate created: new id=120518 sku=C00367629-885DN
2026-09-16 18:29:42 INFO [1167] Creating duplicate for product id=76847 sku=C00005555-64C5DF replacement_sku=C00105615
2026-09-16 18:29:46 INFO [1167] Duplicate created: new id=120519 sku=C00105615-T5MIO
2026-09-16 18:29:46 INFO [1168] Creating duplicate for product id=76854 sku=C00005555-946E66 replacement_sku=C00105615
2026-09-16 18:29:49 INFO [1168] Duplicate created: new id=120520 sku=C00105615-FDHDB
2026-09-16 18:29:49 INFO [1169] Creating duplicate for product id=76809 sku=C00005118-4100-CAE1F7 replacement_sku=C00289598-4100
2026-09-16 18:29:53 INFO [1169] Duplicate created: new id=120521 sku=C00289598-4100-I7R8T
2026-09-16 18:29:53 INFO [1170] Creating duplicate for product id=76782 sku=C00005004-06728B replacement_sku=C00131542
2026-09-16 18:29:57 INFO [1170] Duplicate created: new id=120522 sku=C00131542-R3237
2026-09-16 18:29:57 INFO [1171] Creating duplicate for product id=76802 sku=C00005118-4100-07BAC7 replacement_sku=C00289598-4100
2026-09-16 18:30:01 INFO [1171] Duplicate created: new id=120523 sku=C00289598-4100-BE085
2026-09-16 18:30:01 INFO [1172] Creating duplicate for product id=76775 sku=C00003975-4100-6FCBCD replacement_sku=C00358128-4100
2026-09-16 18:30:04 INFO [1172] Duplicate created: new id=120524 sku=C00358128-4100-86L1E
2026-09-16 18:30:04 INFO [1173] Creating duplicate for product id=76781 sku=C00003982-4100-BE919D replacement_sku=C00322248-4100
2026-09-16 18:30:08 INFO [1173] Duplicate created: new id=120525 sku=C00322248-4100-WMXUM
2026-09-16 18:30:08 INFO [1174] Creating duplicate for product id=76776 sku=C00005003-11DF5F replacement_sku=C00131434
2026-09-16 18:30:12 INFO [1174] Duplicate created: new id=120526 sku=C00131434-M8OYV
2026-09-16 18:30:12 INFO [1175] Creating duplicate for product id=76751 sku=C00003838-0837AB replacement_sku=C00084609
2026-09-16 18:30:15 INFO [1175] Duplicate created: new id=120527 sku=C00084609-8I5BP
2026-09-16 18:30:15 INFO [1176] Creating duplicate for product id=76694 sku=C00003663-1E28FB replacement_sku=C00107689
2026-09-16 18:30:18 INFO [1176] Duplicate created: new id=120528 sku=C00107689-OM950
2026-09-16 18:30:18 INFO [1177] Creating duplicate for product id=76686 sku=C00002871-31CE21 replacement_sku=C00210715
2026-09-16 18:30:22 INFO [1177] Duplicate created: new id=120529 sku=C00210715-XVE8C
2026-09-16 18:30:22 INFO [1178] Creating duplicate for product id=76664 sku=C00001208-BA63F3 replacement_sku=C00107680
2026-09-16 18:30:26 INFO [1178] Duplicate created: new id=120530 sku=C00107680-3CSLR
2026-09-16 18:30:26 INFO [1179] Creating duplicate for product id=76520 sku=C00001525-71139E replacement_sku=C00194441
2026-09-16 18:30:29 INFO [1179] Duplicate created: new id=120531 sku=C00194441-5FWAE
2026-09-16 18:30:29 INFO [1180] Creating duplicate for product id=76526 sku=C00001525-1EF3FC replacement_sku=C00194441
2026-09-16 18:30:33 INFO [1180] Duplicate created: new id=120532 sku=C00194441-86VL5
2026-09-16 18:30:33 INFO [1181] Creating duplicate for product id=76540 sku=C00003003-A006-50025F replacement_sku=C00104767-A006
2026-09-16 18:30:37 INFO [1181] Duplicate created: new id=120533 sku=C00104767-A006-4EW5N
2026-09-16 18:30:37 INFO [1182] Creating duplicate for product id=76539 sku=C00000076-173384 replacement_sku=C00213320
2026-09-16 18:30:41 INFO [1182] Duplicate created: new id=120534 sku=C00213320-QU8Q8
2026-09-16 18:30:41 INFO [1183] Creating duplicate for product id=76474 sku=C00002920-2B0036 replacement_sku=C00233501
2026-09-16 18:30:44 INFO [1183] Duplicate created: new id=120535 sku=C00233501-3X015
2026-09-16 18:30:44 INFO [1184] Creating duplicate for product id=76465 sku=C00003147-8C9789 replacement_sku=C00051435
2026-09-16 18:30:48 INFO [1184] Duplicate created: new id=120536 sku=C00051435-FVT3O
2026-09-16 18:30:48 INFO [1185] Creating duplicate for product id=76466 sku=C00001729-6C1AA1 replacement_sku=C00370949
2026-09-16 18:30:52 INFO [1185] Duplicate created: new id=120537 sku=C00370949-0XM0Q
2026-09-16 18:30:52 INFO [1186] Creating duplicate for product id=76468 sku=C00002920-E935C6 replacement_sku=C00233501
2026-09-16 18:30:56 INFO [1186] Duplicate created: new id=120538 sku=C00233501-0AFXP
2026-09-16 18:30:56 INFO [1187] Creating duplicate for product id=76432 sku=C00002899-6D4D74 replacement_sku=C00278949
2026-09-16 18:30:59 INFO [1187] Duplicate created: new id=120539 sku=C00278949-ORBJA
2026-09-16 18:30:59 INFO [1188] Creating duplicate for product id=76440 sku=C00002901-F542ED replacement_sku=C00210713
2026-09-16 18:31:03 INFO [1188] Duplicate created: new id=120540 sku=C00210713-X28XK
2026-09-16 18:31:03 INFO [1189] Creating duplicate for product id=76410 sku=C00002886-283A74 replacement_sku=C00210709
2026-09-16 18:31:06 INFO [1189] Duplicate created: new id=120541 sku=C00210709-MISO4
2026-09-16 18:31:06 INFO [1190] Creating duplicate for product id=76422 sku=C00002890-1BDFE9 replacement_sku=C00210711
2026-09-16 18:31:10 INFO [1190] Duplicate created: new id=120542 sku=C00210711-CVPET
2026-09-16 18:31:10 INFO [1191] Creating duplicate for product id=76412 sku=C00001271-344B87 replacement_sku=C00211221
2026-09-16 18:31:13 INFO [1191] Duplicate created: new id=120543 sku=C00211221-VFX2K
2026-09-16 18:31:13 INFO [1192] Creating duplicate for product id=76404 sku=C00002885-1AD4D4 replacement_sku=C00210708
2026-09-16 18:31:17 INFO [1192] Duplicate created: new id=120544 sku=C00210708-1DSJA
2026-09-16 18:31:17 INFO [1193] Creating duplicate for product id=76324 sku=B00004274-77D496 replacement_sku=B00004041
2026-09-16 18:31:20 INFO [1193] Duplicate created: new id=120545 sku=B00004041-LOH4Y
2026-09-16 18:31:20 INFO [1194] Creating duplicate for product id=76331 sku=B00004274-04F9B6 replacement_sku=B00004041
2026-09-16 18:31:25 INFO [1194] Duplicate created: new id=120546 sku=B00004041-13LE9
2026-09-16 18:31:25 INFO [1195] Creating duplicate for product id=76322 sku=B00004027-8793E7 replacement_sku=B00005234
2026-09-16 18:31:28 INFO [1195] Duplicate created: new id=120547 sku=B00005234-YNJ0R
2026-09-16 18:31:28 INFO [1196] Creating duplicate for product id=76304 sku=B00004084-8208A3 replacement_sku=B00004035
2026-09-16 18:31:32 INFO [1196] Duplicate created: new id=120548 sku=B00004035-GXK6P
2026-09-16 18:31:32 INFO [1197] Creating duplicate for product id=75911 sku=C00614493-E508A9 replacement_sku=C00697791
2026-09-16 18:31:36 INFO [1197] Duplicate created: new id=120549 sku=C00697791-HL2LY
2026-09-16 18:31:36 INFO [1198] Creating duplicate for product id=75863 sku=C00254952-184DD5 replacement_sku=C00380835
2026-09-16 18:31:39 INFO [1198] Duplicate created: new id=120550 sku=C00380835-SXPBR
2026-09-16 18:31:39 INFO [1199] Creating duplicate for product id=75872 sku=C00283475-57FF52 replacement_sku=C00326352
2026-09-16 18:31:43 INFO [1199] Duplicate created: new id=120551 sku=C00326352-TYHWA
2026-09-16 18:31:43 INFO [1200] Creating duplicate for product id=75874 sku=C00283549-CD27D8 replacement_sku=C00404147
2026-09-16 18:31:47 INFO [1200] Duplicate created: new id=120552 sku=C00404147-BF1UY
2026-09-16 18:31:48 INFO Fetched page 13/28: 100 products (reported total: 2726)
2026-09-16 18:31:48 INFO [1201] Creating duplicate for product id=75819 sku=C00275613-BC667C replacement_sku=C00346691
2026-09-16 18:31:52 INFO [1201] Duplicate created: new id=120553 sku=C00346691-6K2NE
2026-09-16 18:31:52 INFO [1202] Creating duplicate for product id=75831 sku=C00278696-698DD9 replacement_sku=C00546258
2026-09-16 18:31:55 INFO [1202] Duplicate created: new id=120554 sku=C00546258-N8WHL
2026-09-16 18:31:55 INFO [1203] Creating duplicate for product id=75813 sku=C00275612-0D8A1E replacement_sku=C00346690
2026-09-16 18:31:59 INFO [1203] Duplicate created: new id=120555 sku=C00346690-NW6E4
2026-09-16 18:31:59 INFO [1204] Creating duplicate for product id=75775 sku=C00273085-8F9BBC replacement_sku=C00625610
2026-09-16 18:32:03 INFO [1204] Duplicate created: new id=120556 sku=C00625610-TLWS2
2026-09-16 18:32:03 INFO [1205] Creating duplicate for product id=75789 sku=C00313789-DE0888 replacement_sku=C00681904
2026-09-16 18:32:06 INFO [1205] Duplicate created: new id=120557 sku=C00681904-F4F35
2026-09-16 18:32:06 INFO [1206] Creating duplicate for product id=75748 sku=C00308722-4100-53FF30 replacement_sku=C00370067-4100
2026-09-16 18:32:10 INFO [1206] Duplicate created: new id=120558 sku=C00370067-4100-CU4GV
2026-09-16 18:32:10 INFO [1207] Creating duplicate for product id=75735 sku=C00307228-C88B74 replacement_sku=C00333481
2026-09-16 18:32:14 INFO [1207] Duplicate created: new id=120559 sku=C00333481-UH2FM
2026-09-16 18:32:14 INFO [1208] Creating duplicate for product id=75725 sku=C00245920-CC60E4 replacement_sku=C00229942
2026-09-16 18:32:18 INFO [1208] Duplicate created: new id=120560 sku=C00229942-3F58S
2026-09-16 18:32:18 INFO [1209] Creating duplicate for product id=75736 sku=C00245923-EABCDD replacement_sku=C00229941
2026-09-16 18:32:21 INFO [1209] Duplicate created: new id=120561 sku=C00229941-59JRE
2026-09-16 18:32:21 INFO [1210] Creating duplicate for product id=75702 sku=C00243766-4100-1DDF06 replacement_sku=C00363644-4100
2026-09-16 18:32:25 INFO [1210] Duplicate created: new id=120562 sku=C00363644-4100-12D7I
2026-09-16 18:32:25 INFO [1211] Creating duplicate for product id=75684 sku=C00368321-EFCC2C replacement_sku=C00368321-A061
2026-09-16 18:32:29 INFO [1211] Duplicate created: new id=120563 sku=C00368321-A061-TUVYX
2026-09-16 18:32:29 INFO [1212] Creating duplicate for product id=75693 sku=C00267523-35ABE9 replacement_sku=C00237675
2026-09-16 18:32:33 INFO [1212] Duplicate created: new id=120564 sku=C00237675-E213J
2026-09-16 18:32:33 INFO [1213] Creating duplicate for product id=75676 sku=C00294794-4100-F9023B replacement_sku=C00547142-4100
2026-09-16 18:32:36 INFO [1213] Duplicate created: new id=120565 sku=C00547142-4100-AXN7B
2026-09-16 18:32:36 INFO [1214] Creating duplicate for product id=75687 sku=C00300183-FDF7D3 replacement_sku=C00334137
2026-09-16 18:32:40 INFO [1214] Duplicate created: new id=120566 sku=C00334137-IUXIY
2026-09-16 18:32:40 INFO [1215] Creating duplicate for product id=75653 sku=C00261167-2A7FA5 replacement_sku=C00379670
2026-09-16 18:32:44 INFO [1215] Duplicate created: new id=120567 sku=C00379670-VFJU7
2026-09-16 18:32:44 INFO [1216] Creating duplicate for product id=75649 sku=C00238238-591E68 replacement_sku=C00200425
2026-09-16 18:32:48 INFO [1216] Duplicate created: new id=120568 sku=C00200425-Z2YR4
2026-09-16 18:32:48 INFO [1217] Creating duplicate for product id=75620 sku=C00334137-93D95A replacement_sku=C00614493
2026-09-16 18:32:52 INFO [1217] Duplicate created: new id=120569 sku=C00614493-NE3L6
2026-09-16 18:32:52 INFO [1218] Creating duplicate for product id=75605 sku=C00234027-063463 replacement_sku=C00650028
2026-09-17 05:41:30 ERROR [1218] Unexpected error duplicating product id=75605
Traceback (most recent call last):
  File "C:\pythonstuff\wpimport\env\Lib\site-packages\urllib3\connectionpool.py", line 787, in urlopen
    response = self._make_request(
               ^^^^^^^^^^^^^^^^^^^
  File "C:\pythonstuff\wpimport\env\Lib\site-packages\urllib3\connectionpool.py", line 534, in _make_request
    response = conn.getresponse()
               ^^^^^^^^^^^^^^^^^^
  File "C:\pythonstuff\wpimport\env\Lib\site-packages\urllib3\connection.py", line 571, in getresponse
    httplib_response = super().getresponse()
                       ^^^^^^^^^^^^^^^^^^^^^
  File "C:\Users\User\AppData\Local\Programs\Python\Python312\Lib\http\client.py", line 1428, in getresponse
    response.begin()
  File "C:\Users\User\AppData\Local\Programs\Python\Python312\Lib\http\client.py", line 331, in begin
    version, status, reason = self._read_status()
                              ^^^^^^^^^^^^^^^^^^^
  File "C:\Users\User\AppData\Local\Programs\Python\Python312\Lib\http\client.py", line 300, in _read_status
    raise RemoteDisconnected("Remote end closed connection without"
http.client.RemoteDisconnected: Remote end closed connection without response

During handling of the above exception, another exception occurred:

Traceback (most recent call last):
  File "C:\pythonstuff\wpimport\env\Lib\site-packages\requests\adapters.py", line 486, in send
    resp = conn.urlopen(
           ^^^^^^^^^^^^^
  File "C:\pythonstuff\wpimport\env\Lib\site-packages\urllib3\connectionpool.py", line 841, in urlopen
    retries = retries.increment(
              ^^^^^^^^^^^^^^^^^^
  File "C:\pythonstuff\wpimport\env\Lib\site-packages\urllib3\util\retry.py", line 474, in increment
    raise reraise(type(error), error, _stacktrace)
          ^^^^^^^^^^^^^^^^^^^^^^^^^^^^^^^^^^^^^^^^
  File "C:\pythonstuff\wpimport\env\Lib\site-packages\urllib3\util\util.py", line 38, in reraise
    raise value.with_traceback(tb)
  File "C:\pythonstuff\wpimport\env\Lib\site-packages\urllib3\connectionpool.py", line 787, in urlopen
    response = self._make_request(
               ^^^^^^^^^^^^^^^^^^^
  File "C:\pythonstuff\wpimport\env\Lib\site-packages\urllib3\connectionpool.py", line 534, in _make_request
    response = conn.getresponse()
               ^^^^^^^^^^^^^^^^^^
  File "C:\pythonstuff\wpimport\env\Lib\site-packages\urllib3\connection.py", line 571, in getresponse
    httplib_response = super().getresponse()
                       ^^^^^^^^^^^^^^^^^^^^^
  File "C:\Users\User\AppData\Local\Programs\Python\Python312\Lib\http\client.py", line 1428, in getresponse
    response.begin()
  File "C:\Users\User\AppData\Local\Programs\Python\Python312\Lib\http\client.py", line 331, in begin
    version, status, reason = self._read_status()
                              ^^^^^^^^^^^^^^^^^^^
  File "C:\Users\User\AppData\Local\Programs\Python\Python312\Lib\http\client.py", line 300, in _read_status
    raise RemoteDisconnected("Remote end closed connection without"
urllib3.exceptions.ProtocolError: ('Connection aborted.', RemoteDisconnected('Remote end closed connection without response'))

During handling of the above exception, another exception occurred:

Traceback (most recent call last):
  File "C:\pythonstuff\wpimport\create_all_duplicates.py", line 226, in main
    new_product = duplicate_product(product_id)
                  ^^^^^^^^^^^^^^^^^^^^^^^^^^^^^
  File "C:\pythonstuff\wpimport\createduplicates.py", line 206, in duplicate_product
    create_resp = wcapi.post("products", duplicated_data)
                  ^^^^^^^^^^^^^^^^^^^^^^^^^^^^^^^^^^^^^^^
  File "C:\pythonstuff\wpimport\env\Lib\site-packages\woocommerce\api.py", line 110, in post
    return self.__request("POST", endpoint, data, **kwargs)
           ^^^^^^^^^^^^^^^^^^^^^^^^^^^^^^^^^^^^^^^^^^^^^^^^
  File "C:\pythonstuff\wpimport\env\Lib\site-packages\woocommerce\api.py", line 92, in __request
    return request(
           ^^^^^^^^
  File "C:\pythonstuff\wpimport\env\Lib\site-packages\requests\api.py", line 59, in request
    return session.request(method=method, url=url, **kwargs)
           ^^^^^^^^^^^^^^^^^^^^^^^^^^^^^^^^^^^^^^^^^^^^^^^^^
  File "C:\pythonstuff\wpimport\env\Lib\site-packages\requests\sessions.py", line 589, in request
    resp = self.send(prep, **send_kwargs)
           ^^^^^^^^^^^^^^^^^^^^^^^^^^^^^^
  File "C:\pythonstuff\wpimport\env\Lib\site-packages\requests\sessions.py", line 703, in send
    r = adapter.send(request, **kwargs)
        ^^^^^^^^^^^^^^^^^^^^^^^^^^^^^^^
  File "C:\pythonstuff\wpimport\env\Lib\site-packages\requests\adapters.py", line 501, in send
    raise ConnectionError(err, request=request)
requests.exceptions.ConnectionError: ('Connection aborted.', RemoteDisconnected('Remote end closed connection without response'))
2026-09-17 05:41:30 INFO [1219] Creating duplicate for product id=75563 sku=C00230885-30F903 replacement_sku=C00310877
2026-09-17 05:41:30 ERROR [1219] Unexpected error duplicating product id=75563
Traceback (most recent call last):
  File "C:\pythonstuff\wpimport\env\Lib\site-packages\urllib3\connection.py", line 204, in _new_conn
    sock = connection.create_connection(
           ^^^^^^^^^^^^^^^^^^^^^^^^^^^^^
  File "C:\pythonstuff\wpimport\env\Lib\site-packages\urllib3\util\connection.py", line 60, in create_connection
    for res in socket.getaddrinfo(host, port, family, socket.SOCK_STREAM):
               ^^^^^^^^^^^^^^^^^^^^^^^^^^^^^^^^^^^^^^^^^^^^^^^^^^^^^^^^^^
  File "C:\Users\User\AppData\Local\Programs\Python\Python312\Lib\socket.py", line 976, in getaddrinfo
    for res in _socket.getaddrinfo(host, port, family, type, proto, flags):
               ^^^^^^^^^^^^^^^^^^^^^^^^^^^^^^^^^^^^^^^^^^^^^^^^^^^^^^^^^^^
socket.gaierror: [Errno 11001] getaddrinfo failed

The above exception was the direct cause of the following exception:

Traceback (most recent call last):
  File "C:\pythonstuff\wpimport\env\Lib\site-packages\urllib3\connectionpool.py", line 787, in urlopen
    response = self._make_request(
               ^^^^^^^^^^^^^^^^^^^
  File "C:\pythonstuff\wpimport\env\Lib\site-packages\urllib3\connectionpool.py", line 488, in _make_request
    raise new_e
  File "C:\pythonstuff\wpimport\env\Lib\site-packages\urllib3\connectionpool.py", line 464, in _make_request
    self._validate_conn(conn)
  File "C:\pythonstuff\wpimport\env\Lib\site-packages\urllib3\connectionpool.py", line 1093, in _validate_conn
    conn.connect()
  File "C:\pythonstuff\wpimport\env\Lib\site-packages\urllib3\connection.py", line 759, in connect
    self.sock = sock = self._new_conn()
                       ^^^^^^^^^^^^^^^^
  File "C:\pythonstuff\wpimport\env\Lib\site-packages\urllib3\connection.py", line 211, in _new_conn
    raise NameResolutionError(self.host, self, e) from e
urllib3.exceptions.NameResolutionError: HTTPSConnection(host='shane.maxusvanparts.co.uk', port=443): Failed to resolve 'shane.maxusvanparts.co.uk' ([Errno 11001] getaddrinfo failed)

The above exception was the direct cause of the following exception:

Traceback (most recent call last):
  File "C:\pythonstuff\wpimport\env\Lib\site-packages\requests\adapters.py", line 486, in send
    resp = conn.urlopen(
           ^^^^^^^^^^^^^
  File "C:\pythonstuff\wpimport\env\Lib\site-packages\urllib3\connectionpool.py", line 841, in urlopen
    retries = retries.increment(
              ^^^^^^^^^^^^^^^^^^
  File "C:\pythonstuff\wpimport\env\Lib\site-packages\urllib3\util\retry.py", line 519, in increment
    raise MaxRetryError(_pool, url, reason) from reason  # type: ignore[arg-type]
    ^^^^^^^^^^^^^^^^^^^^^^^^^^^^^^^^^^^^^^^^^^^^^^^^^^^
urllib3.exceptions.MaxRetryError: HTTPSConnectionPool(host='shane.maxusvanparts.co.uk', port=443): Max retries exceeded with url: /wp-json/wc/v3/products/75563 (Caused by NameResolutionError("HTTPSConnection(host='shane.maxusvanparts.co.uk', port=443): Failed to resolve 'shane.maxusvanparts.co.uk' ([Errno 11001] getaddrinfo failed)"))

During handling of the above exception, another exception occurred:

Traceback (most recent call last):
  File "C:\pythonstuff\wpimport\create_all_duplicates.py", line 226, in main
    new_product = duplicate_product(product_id)
                  ^^^^^^^^^^^^^^^^^^^^^^^^^^^^^
  File "C:\pythonstuff\wpimport\createduplicates.py", line 86, in duplicate_product
    resp = wcapi.get(f"products/{product_id}")
           ^^^^^^^^^^^^^^^^^^^^^^^^^^^^^^^^^^^
  File "C:\pythonstuff\wpimport\env\Lib\site-packages\woocommerce\api.py", line 106, in get
    return self.__request("GET", endpoint, None, **kwargs)
           ^^^^^^^^^^^^^^^^^^^^^^^^^^^^^^^^^^^^^^^^^^^^^^^
  File "C:\pythonstuff\wpimport\env\Lib\site-packages\woocommerce\api.py", line 92, in __request
    return request(
           ^^^^^^^^
  File "C:\pythonstuff\wpimport\env\Lib\site-packages\requests\api.py", line 59, in request
    return session.request(method=method, url=url, **kwargs)
           ^^^^^^^^^^^^^^^^^^^^^^^^^^^^^^^^^^^^^^^^^^^^^^^^^
  File "C:\pythonstuff\wpimport\env\Lib\site-packages\requests\sessions.py", line 589, in request
    resp = self.send(prep, **send_kwargs)
           ^^^^^^^^^^^^^^^^^^^^^^^^^^^^^^
  File "C:\pythonstuff\wpimport\env\Lib\site-packages\requests\sessions.py", line 703, in send
    r = adapter.send(request, **kwargs)
        ^^^^^^^^^^^^^^^^^^^^^^^^^^^^^^^
  File "C:\pythonstuff\wpimport\env\Lib\site-packages\requests\adapters.py", line 519, in send
    raise ConnectionError(e, request=request)
requests.exceptions.ConnectionError: HTTPSConnectionPool(host='shane.maxusvanparts.co.uk', port=443): Max retries exceeded with url: /wp-json/wc/v3/products/75563 (Caused by NameResolutionError("HTTPSConnection(host='shane.maxusvanparts.co.uk', port=443): Failed to resolve 'shane.maxusvanparts.co.uk' ([Errno 11001] getaddrinfo failed)"))
2026-09-17 05:41:30 INFO [1220] Creating duplicate for product id=75504 sku=C00197486-325296 replacement_sku=C00484440
2026-09-17 05:41:30 ERROR [1220] Unexpected error duplicating product id=75504
Traceback (most recent call last):
  File "C:\pythonstuff\wpimport\env\Lib\site-packages\urllib3\connection.py", line 204, in _new_conn
    sock = connection.create_connection(
           ^^^^^^^^^^^^^^^^^^^^^^^^^^^^^
  File "C:\pythonstuff\wpimport\env\Lib\site-packages\urllib3\util\connection.py", line 60, in create_connection
    for res in socket.getaddrinfo(host, port, family, socket.SOCK_STREAM):
               ^^^^^^^^^^^^^^^^^^^^^^^^^^^^^^^^^^^^^^^^^^^^^^^^^^^^^^^^^^
  File "C:\Users\User\AppData\Local\Programs\Python\Python312\Lib\socket.py", line 976, in getaddrinfo
    for res in _socket.getaddrinfo(host, port, family, type, proto, flags):
               ^^^^^^^^^^^^^^^^^^^^^^^^^^^^^^^^^^^^^^^^^^^^^^^^^^^^^^^^^^^
socket.gaierror: [Errno 11001] getaddrinfo failed

The above exception was the direct cause of the following exception:

Traceback (most recent call last):
  File "C:\pythonstuff\wpimport\env\Lib\site-packages\urllib3\connectionpool.py", line 787, in urlopen
    response = self._make_request(
               ^^^^^^^^^^^^^^^^^^^
  File "C:\pythonstuff\wpimport\env\Lib\site-packages\urllib3\connectionpool.py", line 488, in _make_request
    raise new_e
  File "C:\pythonstuff\wpimport\env\Lib\site-packages\urllib3\connectionpool.py", line 464, in _make_request
    self._validate_conn(conn)
  File "C:\pythonstuff\wpimport\env\Lib\site-packages\urllib3\connectionpool.py", line 1093, in _validate_conn
    conn.connect()
  File "C:\pythonstuff\wpimport\env\Lib\site-packages\urllib3\connection.py", line 759, in connect
    self.sock = sock = self._new_conn()
                       ^^^^^^^^^^^^^^^^
  File "C:\pythonstuff\wpimport\env\Lib\site-packages\urllib3\connection.py", line 211, in _new_conn
    raise NameResolutionError(self.host, self, e) from e
urllib3.exceptions.NameResolutionError: HTTPSConnection(host='shane.maxusvanparts.co.uk', port=443): Failed to resolve 'shane.maxusvanparts.co.uk' ([Errno 11001] getaddrinfo failed)

The above exception was the direct cause of the following exception:

Traceback (most recent call last):
  File "C:\pythonstuff\wpimport\env\Lib\site-packages\requests\adapters.py", line 486, in send
    resp = conn.urlopen(
           ^^^^^^^^^^^^^
  File "C:\pythonstuff\wpimport\env\Lib\site-packages\urllib3\connectionpool.py", line 841, in urlopen
    retries = retries.increment(
              ^^^^^^^^^^^^^^^^^^
  File "C:\pythonstuff\wpimport\env\Lib\site-packages\urllib3\util\retry.py", line 519, in increment
    raise MaxRetryError(_pool, url, reason) from reason  # type: ignore[arg-type]
    ^^^^^^^^^^^^^^^^^^^^^^^^^^^^^^^^^^^^^^^^^^^^^^^^^^^
urllib3.exceptions.MaxRetryError: HTTPSConnectionPool(host='shane.maxusvanparts.co.uk', port=443): Max retries exceeded with url: /wp-json/wc/v3/products/75504 (Caused by NameResolutionError("HTTPSConnection(host='shane.maxusvanparts.co.uk', port=443): Failed to resolve 'shane.maxusvanparts.co.uk' ([Errno 11001] getaddrinfo failed)"))

During handling of the above exception, another exception occurred:

Traceback (most recent call last):
  File "C:\pythonstuff\wpimport\create_all_duplicates.py", line 226, in main
    new_product = duplicate_product(product_id)
                  ^^^^^^^^^^^^^^^^^^^^^^^^^^^^^
  File "C:\pythonstuff\wpimport\createduplicates.py", line 86, in duplicate_product
    resp = wcapi.get(f"products/{product_id}")
           ^^^^^^^^^^^^^^^^^^^^^^^^^^^^^^^^^^^
  File "C:\pythonstuff\wpimport\env\Lib\site-packages\woocommerce\api.py", line 106, in get
    return self.__request("GET", endpoint, None, **kwargs)
           ^^^^^^^^^^^^^^^^^^^^^^^^^^^^^^^^^^^^^^^^^^^^^^^
  File "C:\pythonstuff\wpimport\env\Lib\site-packages\woocommerce\api.py", line 92, in __request
    return request(
           ^^^^^^^^
  File "C:\pythonstuff\wpimport\env\Lib\site-packages\requests\api.py", line 59, in request
    return session.request(method=method, url=url, **kwargs)
           ^^^^^^^^^^^^^^^^^^^^^^^^^^^^^^^^^^^^^^^^^^^^^^^^^
  File "C:\pythonstuff\wpimport\env\Lib\site-packages\requests\sessions.py", line 589, in request
    resp = self.send(prep, **send_kwargs)
           ^^^^^^^^^^^^^^^^^^^^^^^^^^^^^^
  File "C:\pythonstuff\wpimport\env\Lib\site-packages\requests\sessions.py", line 703, in send
    r = adapter.send(request, **kwargs)
        ^^^^^^^^^^^^^^^^^^^^^^^^^^^^^^^
  File "C:\pythonstuff\wpimport\env\Lib\site-packages\requests\adapters.py", line 519, in send
    raise ConnectionError(e, request=request)
requests.exceptions.ConnectionError: HTTPSConnectionPool(host='shane.maxusvanparts.co.uk', port=443): Max retries exceeded with url: /wp-json/wc/v3/products/75504 (Caused by NameResolutionError("HTTPSConnection(host='shane.maxusvanparts.co.uk', port=443): Failed to resolve 'shane.maxusvanparts.co.uk' ([Errno 11001] getaddrinfo failed)"))
2026-09-17 05:41:30 INFO [1221] Creating duplicate for product id=75492 sku=C00197475-2D7B2E replacement_sku=C00446283
2026-09-17 05:41:30 ERROR [1221] Unexpected error duplicating product id=75492
Traceback (most recent call last):
  File "C:\pythonstuff\wpimport\env\Lib\site-packages\urllib3\connection.py", line 204, in _new_conn
    sock = connection.create_connection(
           ^^^^^^^^^^^^^^^^^^^^^^^^^^^^^
  File "C:\pythonstuff\wpimport\env\Lib\site-packages\urllib3\util\connection.py", line 60, in create_connection
    for res in socket.getaddrinfo(host, port, family, socket.SOCK_STREAM):
               ^^^^^^^^^^^^^^^^^^^^^^^^^^^^^^^^^^^^^^^^^^^^^^^^^^^^^^^^^^
  File "C:\Users\User\AppData\Local\Programs\Python\Python312\Lib\socket.py", line 976, in getaddrinfo
    for res in _socket.getaddrinfo(host, port, family, type, proto, flags):
               ^^^^^^^^^^^^^^^^^^^^^^^^^^^^^^^^^^^^^^^^^^^^^^^^^^^^^^^^^^^
socket.gaierror: [Errno 11001] getaddrinfo failed

The above exception was the direct cause of the following exception:

Traceback (most recent call last):
  File "C:\pythonstuff\wpimport\env\Lib\site-packages\urllib3\connectionpool.py", line 787, in urlopen
    response = self._make_request(
               ^^^^^^^^^^^^^^^^^^^
  File "C:\pythonstuff\wpimport\env\Lib\site-packages\urllib3\connectionpool.py", line 488, in _make_request
    raise new_e
  File "C:\pythonstuff\wpimport\env\Lib\site-packages\urllib3\connectionpool.py", line 464, in _make_request
    self._validate_conn(conn)
  File "C:\pythonstuff\wpimport\env\Lib\site-packages\urllib3\connectionpool.py", line 1093, in _validate_conn
    conn.connect()
  File "C:\pythonstuff\wpimport\env\Lib\site-packages\urllib3\connection.py", line 759, in connect
    self.sock = sock = self._new_conn()
                       ^^^^^^^^^^^^^^^^
  File "C:\pythonstuff\wpimport\env\Lib\site-packages\urllib3\connection.py", line 211, in _new_conn
    raise NameResolutionError(self.host, self, e) from e
urllib3.exceptions.NameResolutionError: HTTPSConnection(host='shane.maxusvanparts.co.uk', port=443): Failed to resolve 'shane.maxusvanparts.co.uk' ([Errno 11001] getaddrinfo failed)

The above exception was the direct cause of the following exception:

Traceback (most recent call last):
  File "C:\pythonstuff\wpimport\env\Lib\site-packages\requests\adapters.py", line 486, in send
    resp = conn.urlopen(
           ^^^^^^^^^^^^^
  File "C:\pythonstuff\wpimport\env\Lib\site-packages\urllib3\connectionpool.py", line 841, in urlopen
    retries = retries.increment(
              ^^^^^^^^^^^^^^^^^^
  File "C:\pythonstuff\wpimport\env\Lib\site-packages\urllib3\util\retry.py", line 519, in increment
    raise MaxRetryError(_pool, url, reason) from reason  # type: ignore[arg-type]
    ^^^^^^^^^^^^^^^^^^^^^^^^^^^^^^^^^^^^^^^^^^^^^^^^^^^
urllib3.exceptions.MaxRetryError: HTTPSConnectionPool(host='shane.maxusvanparts.co.uk', port=443): Max retries exceeded with url: /wp-json/wc/v3/products/75492 (Caused by NameResolutionError("HTTPSConnection(host='shane.maxusvanparts.co.uk', port=443): Failed to resolve 'shane.maxusvanparts.co.uk' ([Errno 11001] getaddrinfo failed)"))

During handling of the above exception, another exception occurred:

Traceback (most recent call last):
  File "C:\pythonstuff\wpimport\create_all_duplicates.py", line 226, in main
    new_product = duplicate_product(product_id)
                  ^^^^^^^^^^^^^^^^^^^^^^^^^^^^^
  File "C:\pythonstuff\wpimport\createduplicates.py", line 86, in duplicate_product
    resp = wcapi.get(f"products/{product_id}")
           ^^^^^^^^^^^^^^^^^^^^^^^^^^^^^^^^^^^
  File "C:\pythonstuff\wpimport\env\Lib\site-packages\woocommerce\api.py", line 106, in get
    return self.__request("GET", endpoint, None, **kwargs)
           ^^^^^^^^^^^^^^^^^^^^^^^^^^^^^^^^^^^^^^^^^^^^^^^
  File "C:\pythonstuff\wpimport\env\Lib\site-packages\woocommerce\api.py", line 92, in __request
    return request(
           ^^^^^^^^
  File "C:\pythonstuff\wpimport\env\Lib\site-packages\requests\api.py", line 59, in request
    return session.request(method=method, url=url, **kwargs)
           ^^^^^^^^^^^^^^^^^^^^^^^^^^^^^^^^^^^^^^^^^^^^^^^^^
  File "C:\pythonstuff\wpimport\env\Lib\site-packages\requests\sessions.py", line 589, in request
    resp = self.send(prep, **send_kwargs)
           ^^^^^^^^^^^^^^^^^^^^^^^^^^^^^^
  File "C:\pythonstuff\wpimport\env\Lib\site-packages\requests\sessions.py", line 703, in send
    r = adapter.send(request, **kwargs)
        ^^^^^^^^^^^^^^^^^^^^^^^^^^^^^^^
  File "C:\pythonstuff\wpimport\env\Lib\site-packages\requests\adapters.py", line 519, in send
    raise ConnectionError(e, request=request)
requests.exceptions.ConnectionError: HTTPSConnectionPool(host='shane.maxusvanparts.co.uk', port=443): Max retries exceeded with url: /wp-json/wc/v3/products/75492 (Caused by NameResolutionError("HTTPSConnection(host='shane.maxusvanparts.co.uk', port=443): Failed to resolve 'shane.maxusvanparts.co.uk' ([Errno 11001] getaddrinfo failed)"))
2026-09-17 05:41:30 INFO [1222] Creating duplicate for product id=75463 sku=C00184646-51C223 replacement_sku=C00568188
2026-09-17 05:41:30 ERROR [1222] Unexpected error duplicating product id=75463
Traceback (most recent call last):
  File "C:\pythonstuff\wpimport\env\Lib\site-packages\urllib3\connection.py", line 204, in _new_conn
    sock = connection.create_connection(
           ^^^^^^^^^^^^^^^^^^^^^^^^^^^^^
  File "C:\pythonstuff\wpimport\env\Lib\site-packages\urllib3\util\connection.py", line 60, in create_connection
    for res in socket.getaddrinfo(host, port, family, socket.SOCK_STREAM):
               ^^^^^^^^^^^^^^^^^^^^^^^^^^^^^^^^^^^^^^^^^^^^^^^^^^^^^^^^^^
  File "C:\Users\User\AppData\Local\Programs\Python\Python312\Lib\socket.py", line 976, in getaddrinfo
    for res in _socket.getaddrinfo(host, port, family, type, proto, flags):
               ^^^^^^^^^^^^^^^^^^^^^^^^^^^^^^^^^^^^^^^^^^^^^^^^^^^^^^^^^^^
socket.gaierror: [Errno 11001] getaddrinfo failed

The above exception was the direct cause of the following exception:

Traceback (most recent call last):
  File "C:\pythonstuff\wpimport\env\Lib\site-packages\urllib3\connectionpool.py", line 787, in urlopen
    response = self._make_request(
               ^^^^^^^^^^^^^^^^^^^
  File "C:\pythonstuff\wpimport\env\Lib\site-packages\urllib3\connectionpool.py", line 488, in _make_request
    raise new_e
  File "C:\pythonstuff\wpimport\env\Lib\site-packages\urllib3\connectionpool.py", line 464, in _make_request
    self._validate_conn(conn)
  File "C:\pythonstuff\wpimport\env\Lib\site-packages\urllib3\connectionpool.py", line 1093, in _validate_conn
    conn.connect()
  File "C:\pythonstuff\wpimport\env\Lib\site-packages\urllib3\connection.py", line 759, in connect
    self.sock = sock = self._new_conn()
                       ^^^^^^^^^^^^^^^^
  File "C:\pythonstuff\wpimport\env\Lib\site-packages\urllib3\connection.py", line 211, in _new_conn
    raise NameResolutionError(self.host, self, e) from e
urllib3.exceptions.NameResolutionError: HTTPSConnection(host='shane.maxusvanparts.co.uk', port=443): Failed to resolve 'shane.maxusvanparts.co.uk' ([Errno 11001] getaddrinfo failed)

The above exception was the direct cause of the following exception:

Traceback (most recent call last):
  File "C:\pythonstuff\wpimport\env\Lib\site-packages\requests\adapters.py", line 486, in send
    resp = conn.urlopen(
           ^^^^^^^^^^^^^
  File "C:\pythonstuff\wpimport\env\Lib\site-packages\urllib3\connectionpool.py", line 841, in urlopen
    retries = retries.increment(
              ^^^^^^^^^^^^^^^^^^
  File "C:\pythonstuff\wpimport\env\Lib\site-packages\urllib3\util\retry.py", line 519, in increment
    raise MaxRetryError(_pool, url, reason) from reason  # type: ignore[arg-type]
    ^^^^^^^^^^^^^^^^^^^^^^^^^^^^^^^^^^^^^^^^^^^^^^^^^^^
urllib3.exceptions.MaxRetryError: HTTPSConnectionPool(host='shane.maxusvanparts.co.uk', port=443): Max retries exceeded with url: /wp-json/wc/v3/products/75463 (Caused by NameResolutionError("HTTPSConnection(host='shane.maxusvanparts.co.uk', port=443): Failed to resolve 'shane.maxusvanparts.co.uk' ([Errno 11001] getaddrinfo failed)"))

During handling of the above exception, another exception occurred:

Traceback (most recent call last):
  File "C:\pythonstuff\wpimport\create_all_duplicates.py", line 226, in main
    new_product = duplicate_product(product_id)
                  ^^^^^^^^^^^^^^^^^^^^^^^^^^^^^
  File "C:\pythonstuff\wpimport\createduplicates.py", line 86, in duplicate_product
    resp = wcapi.get(f"products/{product_id}")
           ^^^^^^^^^^^^^^^^^^^^^^^^^^^^^^^^^^^
  File "C:\pythonstuff\wpimport\env\Lib\site-packages\woocommerce\api.py", line 106, in get
    return self.__request("GET", endpoint, None, **kwargs)
           ^^^^^^^^^^^^^^^^^^^^^^^^^^^^^^^^^^^^^^^^^^^^^^^
  File "C:\pythonstuff\wpimport\env\Lib\site-packages\woocommerce\api.py", line 92, in __request
    return request(
           ^^^^^^^^
  File "C:\pythonstuff\wpimport\env\Lib\site-packages\requests\api.py", line 59, in request
    return session.request(method=method, url=url, **kwargs)
           ^^^^^^^^^^^^^^^^^^^^^^^^^^^^^^^^^^^^^^^^^^^^^^^^^
  File "C:\pythonstuff\wpimport\env\Lib\site-packages\requests\sessions.py", line 589, in request
    resp = self.send(prep, **send_kwargs)
           ^^^^^^^^^^^^^^^^^^^^^^^^^^^^^^
  File "C:\pythonstuff\wpimport\env\Lib\site-packages\requests\sessions.py", line 703, in send
    r = adapter.send(request, **kwargs)
        ^^^^^^^^^^^^^^^^^^^^^^^^^^^^^^^
  File "C:\pythonstuff\wpimport\env\Lib\site-packages\requests\adapters.py", line 519, in send
    raise ConnectionError(e, request=request)
requests.exceptions.ConnectionError: HTTPSConnectionPool(host='shane.maxusvanparts.co.uk', port=443): Max retries exceeded with url: /wp-json/wc/v3/products/75463 (Caused by NameResolutionError("HTTPSConnection(host='shane.maxusvanparts.co.uk', port=443): Failed to resolve 'shane.maxusvanparts.co.uk' ([Errno 11001] getaddrinfo failed)"))
2026-09-17 05:41:30 INFO [1223] Creating duplicate for product id=75468 sku=C00196745-AA8E3F replacement_sku=C00313547
2026-09-17 05:41:30 ERROR [1223] Unexpected error duplicating product id=75468
Traceback (most recent call last):
  File "C:\pythonstuff\wpimport\env\Lib\site-packages\urllib3\connection.py", line 204, in _new_conn
    sock = connection.create_connection(
           ^^^^^^^^^^^^^^^^^^^^^^^^^^^^^
  File "C:\pythonstuff\wpimport\env\Lib\site-packages\urllib3\util\connection.py", line 60, in create_connection
    for res in socket.getaddrinfo(host, port, family, socket.SOCK_STREAM):
               ^^^^^^^^^^^^^^^^^^^^^^^^^^^^^^^^^^^^^^^^^^^^^^^^^^^^^^^^^^
  File "C:\Users\User\AppData\Local\Programs\Python\Python312\Lib\socket.py", line 976, in getaddrinfo
    for res in _socket.getaddrinfo(host, port, family, type, proto, flags):
               ^^^^^^^^^^^^^^^^^^^^^^^^^^^^^^^^^^^^^^^^^^^^^^^^^^^^^^^^^^^
socket.gaierror: [Errno 11001] getaddrinfo failed

The above exception was the direct cause of the following exception:

Traceback (most recent call last):
  File "C:\pythonstuff\wpimport\env\Lib\site-packages\urllib3\connectionpool.py", line 787, in urlopen
    response = self._make_request(
               ^^^^^^^^^^^^^^^^^^^
  File "C:\pythonstuff\wpimport\env\Lib\site-packages\urllib3\connectionpool.py", line 488, in _make_request
    raise new_e
  File "C:\pythonstuff\wpimport\env\Lib\site-packages\urllib3\connectionpool.py", line 464, in _make_request
    self._validate_conn(conn)
  File "C:\pythonstuff\wpimport\env\Lib\site-packages\urllib3\connectionpool.py", line 1093, in _validate_conn
    conn.connect()
  File "C:\pythonstuff\wpimport\env\Lib\site-packages\urllib3\connection.py", line 759, in connect
    self.sock = sock = self._new_conn()
                       ^^^^^^^^^^^^^^^^
  File "C:\pythonstuff\wpimport\env\Lib\site-packages\urllib3\connection.py", line 211, in _new_conn
    raise NameResolutionError(self.host, self, e) from e
urllib3.exceptions.NameResolutionError: HTTPSConnection(host='shane.maxusvanparts.co.uk', port=443): Failed to resolve 'shane.maxusvanparts.co.uk' ([Errno 11001] getaddrinfo failed)

The above exception was the direct cause of the following exception:

Traceback (most recent call last):
  File "C:\pythonstuff\wpimport\env\Lib\site-packages\requests\adapters.py", line 486, in send
    resp = conn.urlopen(
           ^^^^^^^^^^^^^
  File "C:\pythonstuff\wpimport\env\Lib\site-packages\urllib3\connectionpool.py", line 841, in urlopen
    retries = retries.increment(
              ^^^^^^^^^^^^^^^^^^
  File "C:\pythonstuff\wpimport\env\Lib\site-packages\urllib3\util\retry.py", line 519, in increment
    raise MaxRetryError(_pool, url, reason) from reason  # type: ignore[arg-type]
    ^^^^^^^^^^^^^^^^^^^^^^^^^^^^^^^^^^^^^^^^^^^^^^^^^^^
urllib3.exceptions.MaxRetryError: HTTPSConnectionPool(host='shane.maxusvanparts.co.uk', port=443): Max retries exceeded with url: /wp-json/wc/v3/products/75468 (Caused by NameResolutionError("HTTPSConnection(host='shane.maxusvanparts.co.uk', port=443): Failed to resolve 'shane.maxusvanparts.co.uk' ([Errno 11001] getaddrinfo failed)"))

During handling of the above exception, another exception occurred:

Traceback (most recent call last):
  File "C:\pythonstuff\wpimport\create_all_duplicates.py", line 226, in main
    new_product = duplicate_product(product_id)
                  ^^^^^^^^^^^^^^^^^^^^^^^^^^^^^
  File "C:\pythonstuff\wpimport\createduplicates.py", line 86, in duplicate_product
    resp = wcapi.get(f"products/{product_id}")
           ^^^^^^^^^^^^^^^^^^^^^^^^^^^^^^^^^^^
  File "C:\pythonstuff\wpimport\env\Lib\site-packages\woocommerce\api.py", line 106, in get
    return self.__request("GET", endpoint, None, **kwargs)
           ^^^^^^^^^^^^^^^^^^^^^^^^^^^^^^^^^^^^^^^^^^^^^^^
  File "C:\pythonstuff\wpimport\env\Lib\site-packages\woocommerce\api.py", line 92, in __request
    return request(
           ^^^^^^^^
  File "C:\pythonstuff\wpimport\env\Lib\site-packages\requests\api.py", line 59, in request
    return session.request(method=method, url=url, **kwargs)
           ^^^^^^^^^^^^^^^^^^^^^^^^^^^^^^^^^^^^^^^^^^^^^^^^^
  File "C:\pythonstuff\wpimport\env\Lib\site-packages\requests\sessions.py", line 589, in request
    resp = self.send(prep, **send_kwargs)
           ^^^^^^^^^^^^^^^^^^^^^^^^^^^^^^
  File "C:\pythonstuff\wpimport\env\Lib\site-packages\requests\sessions.py", line 703, in send
    r = adapter.send(request, **kwargs)
        ^^^^^^^^^^^^^^^^^^^^^^^^^^^^^^^
  File "C:\pythonstuff\wpimport\env\Lib\site-packages\requests\adapters.py", line 519, in send
    raise ConnectionError(e, request=request)
requests.exceptions.ConnectionError: HTTPSConnectionPool(host='shane.maxusvanparts.co.uk', port=443): Max retries exceeded with url: /wp-json/wc/v3/products/75468 (Caused by NameResolutionError("HTTPSConnection(host='shane.maxusvanparts.co.uk', port=443): Failed to resolve 'shane.maxusvanparts.co.uk' ([Errno 11001] getaddrinfo failed)"))
2026-09-17 05:41:30 INFO [1224] Creating duplicate for product id=75453 sku=C00217987-344A1C replacement_sku=C00458755
2026-09-17 05:41:30 ERROR [1224] Unexpected error duplicating product id=75453
Traceback (most recent call last):
  File "C:\pythonstuff\wpimport\env\Lib\site-packages\urllib3\connection.py", line 204, in _new_conn
    sock = connection.create_connection(
           ^^^^^^^^^^^^^^^^^^^^^^^^^^^^^
  File "C:\pythonstuff\wpimport\env\Lib\site-packages\urllib3\util\connection.py", line 60, in create_connection
    for res in socket.getaddrinfo(host, port, family, socket.SOCK_STREAM):
               ^^^^^^^^^^^^^^^^^^^^^^^^^^^^^^^^^^^^^^^^^^^^^^^^^^^^^^^^^^
  File "C:\Users\User\AppData\Local\Programs\Python\Python312\Lib\socket.py", line 976, in getaddrinfo
    for res in _socket.getaddrinfo(host, port, family, type, proto, flags):
               ^^^^^^^^^^^^^^^^^^^^^^^^^^^^^^^^^^^^^^^^^^^^^^^^^^^^^^^^^^^
socket.gaierror: [Errno 11001] getaddrinfo failed

The above exception was the direct cause of the following exception:

Traceback (most recent call last):
  File "C:\pythonstuff\wpimport\env\Lib\site-packages\urllib3\connectionpool.py", line 787, in urlopen
    response = self._make_request(
               ^^^^^^^^^^^^^^^^^^^
  File "C:\pythonstuff\wpimport\env\Lib\site-packages\urllib3\connectionpool.py", line 488, in _make_request
    raise new_e
  File "C:\pythonstuff\wpimport\env\Lib\site-packages\urllib3\connectionpool.py", line 464, in _make_request
    self._validate_conn(conn)
  File "C:\pythonstuff\wpimport\env\Lib\site-packages\urllib3\connectionpool.py", line 1093, in _validate_conn
    conn.connect()
  File "C:\pythonstuff\wpimport\env\Lib\site-packages\urllib3\connection.py", line 759, in connect
    self.sock = sock = self._new_conn()
                       ^^^^^^^^^^^^^^^^
  File "C:\pythonstuff\wpimport\env\Lib\site-packages\urllib3\connection.py", line 211, in _new_conn
    raise NameResolutionError(self.host, self, e) from e
urllib3.exceptions.NameResolutionError: HTTPSConnection(host='shane.maxusvanparts.co.uk', port=443): Failed to resolve 'shane.maxusvanparts.co.uk' ([Errno 11001] getaddrinfo failed)

The above exception was the direct cause of the following exception:

Traceback (most recent call last):
  File "C:\pythonstuff\wpimport\env\Lib\site-packages\requests\adapters.py", line 486, in send
    resp = conn.urlopen(
           ^^^^^^^^^^^^^
  File "C:\pythonstuff\wpimport\env\Lib\site-packages\urllib3\connectionpool.py", line 841, in urlopen
    retries = retries.increment(
              ^^^^^^^^^^^^^^^^^^
  File "C:\pythonstuff\wpimport\env\Lib\site-packages\urllib3\util\retry.py", line 519, in increment
    raise MaxRetryError(_pool, url, reason) from reason  # type: ignore[arg-type]
    ^^^^^^^^^^^^^^^^^^^^^^^^^^^^^^^^^^^^^^^^^^^^^^^^^^^
urllib3.exceptions.MaxRetryError: HTTPSConnectionPool(host='shane.maxusvanparts.co.uk', port=443): Max retries exceeded with url: /wp-json/wc/v3/products/75453 (Caused by NameResolutionError("HTTPSConnection(host='shane.maxusvanparts.co.uk', port=443): Failed to resolve 'shane.maxusvanparts.co.uk' ([Errno 11001] getaddrinfo failed)"))

During handling of the above exception, another exception occurred:

Traceback (most recent call last):
  File "C:\pythonstuff\wpimport\create_all_duplicates.py", line 226, in main
    new_product = duplicate_product(product_id)
                  ^^^^^^^^^^^^^^^^^^^^^^^^^^^^^
  File "C:\pythonstuff\wpimport\createduplicates.py", line 86, in duplicate_product
    resp = wcapi.get(f"products/{product_id}")
           ^^^^^^^^^^^^^^^^^^^^^^^^^^^^^^^^^^^
  File "C:\pythonstuff\wpimport\env\Lib\site-packages\woocommerce\api.py", line 106, in get
    return self.__request("GET", endpoint, None, **kwargs)
           ^^^^^^^^^^^^^^^^^^^^^^^^^^^^^^^^^^^^^^^^^^^^^^^
  File "C:\pythonstuff\wpimport\env\Lib\site-packages\woocommerce\api.py", line 92, in __request
    return request(
           ^^^^^^^^
  File "C:\pythonstuff\wpimport\env\Lib\site-packages\requests\api.py", line 59, in request
    return session.request(method=method, url=url, **kwargs)
           ^^^^^^^^^^^^^^^^^^^^^^^^^^^^^^^^^^^^^^^^^^^^^^^^^
  File "C:\pythonstuff\wpimport\env\Lib\site-packages\requests\sessions.py", line 589, in request
    resp = self.send(prep, **send_kwargs)
           ^^^^^^^^^^^^^^^^^^^^^^^^^^^^^^
  File "C:\pythonstuff\wpimport\env\Lib\site-packages\requests\sessions.py", line 703, in send
    r = adapter.send(request, **kwargs)
        ^^^^^^^^^^^^^^^^^^^^^^^^^^^^^^^
  File "C:\pythonstuff\wpimport\env\Lib\site-packages\requests\adapters.py", line 519, in send
    raise ConnectionError(e, request=request)
requests.exceptions.ConnectionError: HTTPSConnectionPool(host='shane.maxusvanparts.co.uk', port=443): Max retries exceeded with url: /wp-json/wc/v3/products/75453 (Caused by NameResolutionError("HTTPSConnection(host='shane.maxusvanparts.co.uk', port=443): Failed to resolve 'shane.maxusvanparts.co.uk' ([Errno 11001] getaddrinfo failed)"))
2026-09-17 05:41:30 INFO [1225] Creating duplicate for product id=75438 sku=C00228749-49D1D6 replacement_sku=C00076284
2026-09-17 05:41:30 ERROR [1225] Unexpected error duplicating product id=75438
Traceback (most recent call last):
  File "C:\pythonstuff\wpimport\env\Lib\site-packages\urllib3\connection.py", line 204, in _new_conn
    sock = connection.create_connection(
           ^^^^^^^^^^^^^^^^^^^^^^^^^^^^^
  File "C:\pythonstuff\wpimport\env\Lib\site-packages\urllib3\util\connection.py", line 60, in create_connection
    for res in socket.getaddrinfo(host, port, family, socket.SOCK_STREAM):
               ^^^^^^^^^^^^^^^^^^^^^^^^^^^^^^^^^^^^^^^^^^^^^^^^^^^^^^^^^^
  File "C:\Users\User\AppData\Local\Programs\Python\Python312\Lib\socket.py", line 976, in getaddrinfo
    for res in _socket.getaddrinfo(host, port, family, type, proto, flags):
               ^^^^^^^^^^^^^^^^^^^^^^^^^^^^^^^^^^^^^^^^^^^^^^^^^^^^^^^^^^^
socket.gaierror: [Errno 11001] getaddrinfo failed

The above exception was the direct cause of the following exception:

Traceback (most recent call last):
  File "C:\pythonstuff\wpimport\env\Lib\site-packages\urllib3\connectionpool.py", line 787, in urlopen
    response = self._make_request(
               ^^^^^^^^^^^^^^^^^^^
  File "C:\pythonstuff\wpimport\env\Lib\site-packages\urllib3\connectionpool.py", line 488, in _make_request
    raise new_e
  File "C:\pythonstuff\wpimport\env\Lib\site-packages\urllib3\connectionpool.py", line 464, in _make_request
    self._validate_conn(conn)
  File "C:\pythonstuff\wpimport\env\Lib\site-packages\urllib3\connectionpool.py", line 1093, in _validate_conn
    conn.connect()
  File "C:\pythonstuff\wpimport\env\Lib\site-packages\urllib3\connection.py", line 759, in connect
    self.sock = sock = self._new_conn()
                       ^^^^^^^^^^^^^^^^
  File "C:\pythonstuff\wpimport\env\Lib\site-packages\urllib3\connection.py", line 211, in _new_conn
    raise NameResolutionError(self.host, self, e) from e
urllib3.exceptions.NameResolutionError: HTTPSConnection(host='shane.maxusvanparts.co.uk', port=443): Failed to resolve 'shane.maxusvanparts.co.uk' ([Errno 11001] getaddrinfo failed)

The above exception was the direct cause of the following exception:

Traceback (most recent call last):
  File "C:\pythonstuff\wpimport\env\Lib\site-packages\requests\adapters.py", line 486, in send
    resp = conn.urlopen(
           ^^^^^^^^^^^^^
  File "C:\pythonstuff\wpimport\env\Lib\site-packages\urllib3\connectionpool.py", line 841, in urlopen
    retries = retries.increment(
              ^^^^^^^^^^^^^^^^^^
  File "C:\pythonstuff\wpimport\env\Lib\site-packages\urllib3\util\retry.py", line 519, in increment
    raise MaxRetryError(_pool, url, reason) from reason  # type: ignore[arg-type]
    ^^^^^^^^^^^^^^^^^^^^^^^^^^^^^^^^^^^^^^^^^^^^^^^^^^^
urllib3.exceptions.MaxRetryError: HTTPSConnectionPool(host='shane.maxusvanparts.co.uk', port=443): Max retries exceeded with url: /wp-json/wc/v3/products/75438 (Caused by NameResolutionError("HTTPSConnection(host='shane.maxusvanparts.co.uk', port=443): Failed to resolve 'shane.maxusvanparts.co.uk' ([Errno 11001] getaddrinfo failed)"))

During handling of the above exception, another exception occurred:

Traceback (most recent call last):
  File "C:\pythonstuff\wpimport\create_all_duplicates.py", line 226, in main
    new_product = duplicate_product(product_id)
                  ^^^^^^^^^^^^^^^^^^^^^^^^^^^^^
  File "C:\pythonstuff\wpimport\createduplicates.py", line 86, in duplicate_product
    resp = wcapi.get(f"products/{product_id}")
           ^^^^^^^^^^^^^^^^^^^^^^^^^^^^^^^^^^^
  File "C:\pythonstuff\wpimport\env\Lib\site-packages\woocommerce\api.py", line 106, in get
    return self.__request("GET", endpoint, None, **kwargs)
           ^^^^^^^^^^^^^^^^^^^^^^^^^^^^^^^^^^^^^^^^^^^^^^^
  File "C:\pythonstuff\wpimport\env\Lib\site-packages\woocommerce\api.py", line 92, in __request
    return request(
           ^^^^^^^^
  File "C:\pythonstuff\wpimport\env\Lib\site-packages\requests\api.py", line 59, in request
    return session.request(method=method, url=url, **kwargs)
           ^^^^^^^^^^^^^^^^^^^^^^^^^^^^^^^^^^^^^^^^^^^^^^^^^
  File "C:\pythonstuff\wpimport\env\Lib\site-packages\requests\sessions.py", line 589, in request
    resp = self.send(prep, **send_kwargs)
           ^^^^^^^^^^^^^^^^^^^^^^^^^^^^^^
  File "C:\pythonstuff\wpimport\env\Lib\site-packages\requests\sessions.py", line 703, in send
    r = adapter.send(request, **kwargs)
        ^^^^^^^^^^^^^^^^^^^^^^^^^^^^^^^
  File "C:\pythonstuff\wpimport\env\Lib\site-packages\requests\adapters.py", line 519, in send
    raise ConnectionError(e, request=request)
requests.exceptions.ConnectionError: HTTPSConnectionPool(host='shane.maxusvanparts.co.uk', port=443): Max retries exceeded with url: /wp-json/wc/v3/products/75438 (Caused by NameResolutionError("HTTPSConnection(host='shane.maxusvanparts.co.uk', port=443): Failed to resolve 'shane.maxusvanparts.co.uk' ([Errno 11001] getaddrinfo failed)"))
2026-09-17 05:41:30 INFO [1226] Creating duplicate for product id=75448 sku=C00210672-4618EE replacement_sku=C00227699
2026-09-17 05:41:30 ERROR [1226] Unexpected error duplicating product id=75448
Traceback (most recent call last):
  File "C:\pythonstuff\wpimport\env\Lib\site-packages\urllib3\connection.py", line 204, in _new_conn
    sock = connection.create_connection(
           ^^^^^^^^^^^^^^^^^^^^^^^^^^^^^
  File "C:\pythonstuff\wpimport\env\Lib\site-packages\urllib3\util\connection.py", line 60, in create_connection
    for res in socket.getaddrinfo(host, port, family, socket.SOCK_STREAM):
               ^^^^^^^^^^^^^^^^^^^^^^^^^^^^^^^^^^^^^^^^^^^^^^^^^^^^^^^^^^
  File "C:\Users\User\AppData\Local\Programs\Python\Python312\Lib\socket.py", line 976, in getaddrinfo
    for res in _socket.getaddrinfo(host, port, family, type, proto, flags):
               ^^^^^^^^^^^^^^^^^^^^^^^^^^^^^^^^^^^^^^^^^^^^^^^^^^^^^^^^^^^
socket.gaierror: [Errno 11001] getaddrinfo failed

The above exception was the direct cause of the following exception:

Traceback (most recent call last):
  File "C:\pythonstuff\wpimport\env\Lib\site-packages\urllib3\connectionpool.py", line 787, in urlopen
    response = self._make_request(
               ^^^^^^^^^^^^^^^^^^^
  File "C:\pythonstuff\wpimport\env\Lib\site-packages\urllib3\connectionpool.py", line 488, in _make_request
    raise new_e
  File "C:\pythonstuff\wpimport\env\Lib\site-packages\urllib3\connectionpool.py", line 464, in _make_request
    self._validate_conn(conn)
  File "C:\pythonstuff\wpimport\env\Lib\site-packages\urllib3\connectionpool.py", line 1093, in _validate_conn
    conn.connect()
  File "C:\pythonstuff\wpimport\env\Lib\site-packages\urllib3\connection.py", line 759, in connect
    self.sock = sock = self._new_conn()
                       ^^^^^^^^^^^^^^^^
  File "C:\pythonstuff\wpimport\env\Lib\site-packages\urllib3\connection.py", line 211, in _new_conn
    raise NameResolutionError(self.host, self, e) from e
urllib3.exceptions.NameResolutionError: HTTPSConnection(host='shane.maxusvanparts.co.uk', port=443): Failed to resolve 'shane.maxusvanparts.co.uk' ([Errno 11001] getaddrinfo failed)

The above exception was the direct cause of the following exception:

Traceback (most recent call last):
  File "C:\pythonstuff\wpimport\env\Lib\site-packages\requests\adapters.py", line 486, in send
    resp = conn.urlopen(
           ^^^^^^^^^^^^^
  File "C:\pythonstuff\wpimport\env\Lib\site-packages\urllib3\connectionpool.py", line 841, in urlopen
    retries = retries.increment(
              ^^^^^^^^^^^^^^^^^^
  File "C:\pythonstuff\wpimport\env\Lib\site-packages\urllib3\util\retry.py", line 519, in increment
    raise MaxRetryError(_pool, url, reason) from reason  # type: ignore[arg-type]
    ^^^^^^^^^^^^^^^^^^^^^^^^^^^^^^^^^^^^^^^^^^^^^^^^^^^
urllib3.exceptions.MaxRetryError: HTTPSConnectionPool(host='shane.maxusvanparts.co.uk', port=443): Max retries exceeded with url: /wp-json/wc/v3/products/75448 (Caused by NameResolutionError("HTTPSConnection(host='shane.maxusvanparts.co.uk', port=443): Failed to resolve 'shane.maxusvanparts.co.uk' ([Errno 11001] getaddrinfo failed)"))

During handling of the above exception, another exception occurred:

Traceback (most recent call last):
  File "C:\pythonstuff\wpimport\create_all_duplicates.py", line 226, in main
    new_product = duplicate_product(product_id)
                  ^^^^^^^^^^^^^^^^^^^^^^^^^^^^^
  File "C:\pythonstuff\wpimport\createduplicates.py", line 86, in duplicate_product
    resp = wcapi.get(f"products/{product_id}")
           ^^^^^^^^^^^^^^^^^^^^^^^^^^^^^^^^^^^
  File "C:\pythonstuff\wpimport\env\Lib\site-packages\woocommerce\api.py", line 106, in get
    return self.__request("GET", endpoint, None, **kwargs)
           ^^^^^^^^^^^^^^^^^^^^^^^^^^^^^^^^^^^^^^^^^^^^^^^
  File "C:\pythonstuff\wpimport\env\Lib\site-packages\woocommerce\api.py", line 92, in __request
    return request(
           ^^^^^^^^
  File "C:\pythonstuff\wpimport\env\Lib\site-packages\requests\api.py", line 59, in request
    return session.request(method=method, url=url, **kwargs)
           ^^^^^^^^^^^^^^^^^^^^^^^^^^^^^^^^^^^^^^^^^^^^^^^^^
  File "C:\pythonstuff\wpimport\env\Lib\site-packages\requests\sessions.py", line 589, in request
    resp = self.send(prep, **send_kwargs)
           ^^^^^^^^^^^^^^^^^^^^^^^^^^^^^^
  File "C:\pythonstuff\wpimport\env\Lib\site-packages\requests\sessions.py", line 703, in send
    r = adapter.send(request, **kwargs)
        ^^^^^^^^^^^^^^^^^^^^^^^^^^^^^^^
  File "C:\pythonstuff\wpimport\env\Lib\site-packages\requests\adapters.py", line 519, in send
    raise ConnectionError(e, request=request)
requests.exceptions.ConnectionError: HTTPSConnectionPool(host='shane.maxusvanparts.co.uk', port=443): Max retries exceeded with url: /wp-json/wc/v3/products/75448 (Caused by NameResolutionError("HTTPSConnection(host='shane.maxusvanparts.co.uk', port=443): Failed to resolve 'shane.maxusvanparts.co.uk' ([Errno 11001] getaddrinfo failed)"))
2026-09-17 05:41:30 INFO [1227] Creating duplicate for product id=75430 sku=C00192755-590563 replacement_sku=C00333791
2026-09-17 05:41:30 ERROR [1227] Unexpected error duplicating product id=75430
Traceback (most recent call last):
  File "C:\pythonstuff\wpimport\env\Lib\site-packages\urllib3\connection.py", line 204, in _new_conn
    sock = connection.create_connection(
           ^^^^^^^^^^^^^^^^^^^^^^^^^^^^^
  File "C:\pythonstuff\wpimport\env\Lib\site-packages\urllib3\util\connection.py", line 60, in create_connection
    for res in socket.getaddrinfo(host, port, family, socket.SOCK_STREAM):
               ^^^^^^^^^^^^^^^^^^^^^^^^^^^^^^^^^^^^^^^^^^^^^^^^^^^^^^^^^^
  File "C:\Users\User\AppData\Local\Programs\Python\Python312\Lib\socket.py", line 976, in getaddrinfo
    for res in _socket.getaddrinfo(host, port, family, type, proto, flags):
               ^^^^^^^^^^^^^^^^^^^^^^^^^^^^^^^^^^^^^^^^^^^^^^^^^^^^^^^^^^^
socket.gaierror: [Errno 11001] getaddrinfo failed

The above exception was the direct cause of the following exception:

Traceback (most recent call last):
  File "C:\pythonstuff\wpimport\env\Lib\site-packages\urllib3\connectionpool.py", line 787, in urlopen
    response = self._make_request(
               ^^^^^^^^^^^^^^^^^^^
  File "C:\pythonstuff\wpimport\env\Lib\site-packages\urllib3\connectionpool.py", line 488, in _make_request
    raise new_e
  File "C:\pythonstuff\wpimport\env\Lib\site-packages\urllib3\connectionpool.py", line 464, in _make_request
    self._validate_conn(conn)
  File "C:\pythonstuff\wpimport\env\Lib\site-packages\urllib3\connectionpool.py", line 1093, in _validate_conn
    conn.connect()
  File "C:\pythonstuff\wpimport\env\Lib\site-packages\urllib3\connection.py", line 759, in connect
    self.sock = sock = self._new_conn()
                       ^^^^^^^^^^^^^^^^
  File "C:\pythonstuff\wpimport\env\Lib\site-packages\urllib3\connection.py", line 211, in _new_conn
    raise NameResolutionError(self.host, self, e) from e
urllib3.exceptions.NameResolutionError: HTTPSConnection(host='shane.maxusvanparts.co.uk', port=443): Failed to resolve 'shane.maxusvanparts.co.uk' ([Errno 11001] getaddrinfo failed)

The above exception was the direct cause of the following exception:

Traceback (most recent call last):
  File "C:\pythonstuff\wpimport\env\Lib\site-packages\requests\adapters.py", line 486, in send
    resp = conn.urlopen(
           ^^^^^^^^^^^^^
  File "C:\pythonstuff\wpimport\env\Lib\site-packages\urllib3\connectionpool.py", line 841, in urlopen
    retries = retries.increment(
              ^^^^^^^^^^^^^^^^^^
  File "C:\pythonstuff\wpimport\env\Lib\site-packages\urllib3\util\retry.py", line 519, in increment
    raise MaxRetryError(_pool, url, reason) from reason  # type: ignore[arg-type]
    ^^^^^^^^^^^^^^^^^^^^^^^^^^^^^^^^^^^^^^^^^^^^^^^^^^^
urllib3.exceptions.MaxRetryError: HTTPSConnectionPool(host='shane.maxusvanparts.co.uk', port=443): Max retries exceeded with url: /wp-json/wc/v3/products/75430 (Caused by NameResolutionError("HTTPSConnection(host='shane.maxusvanparts.co.uk', port=443): Failed to resolve 'shane.maxusvanparts.co.uk' ([Errno 11001] getaddrinfo failed)"))

During handling of the above exception, another exception occurred:

Traceback (most recent call last):
  File "C:\pythonstuff\wpimport\create_all_duplicates.py", line 226, in main
    new_product = duplicate_product(product_id)
                  ^^^^^^^^^^^^^^^^^^^^^^^^^^^^^
  File "C:\pythonstuff\wpimport\createduplicates.py", line 86, in duplicate_product
    resp = wcapi.get(f"products/{product_id}")
           ^^^^^^^^^^^^^^^^^^^^^^^^^^^^^^^^^^^
  File "C:\pythonstuff\wpimport\env\Lib\site-packages\woocommerce\api.py", line 106, in get
    return self.__request("GET", endpoint, None, **kwargs)
           ^^^^^^^^^^^^^^^^^^^^^^^^^^^^^^^^^^^^^^^^^^^^^^^
  File "C:\pythonstuff\wpimport\env\Lib\site-packages\woocommerce\api.py", line 92, in __request
    return request(
           ^^^^^^^^
  File "C:\pythonstuff\wpimport\env\Lib\site-packages\requests\api.py", line 59, in request
    return session.request(method=method, url=url, **kwargs)
           ^^^^^^^^^^^^^^^^^^^^^^^^^^^^^^^^^^^^^^^^^^^^^^^^^
  File "C:\pythonstuff\wpimport\env\Lib\site-packages\requests\sessions.py", line 589, in request
    resp = self.send(prep, **send_kwargs)
           ^^^^^^^^^^^^^^^^^^^^^^^^^^^^^^
  File "C:\pythonstuff\wpimport\env\Lib\site-packages\requests\sessions.py", line 703, in send
    r = adapter.send(request, **kwargs)
        ^^^^^^^^^^^^^^^^^^^^^^^^^^^^^^^
  File "C:\pythonstuff\wpimport\env\Lib\site-packages\requests\adapters.py", line 519, in send
    raise ConnectionError(e, request=request)
requests.exceptions.ConnectionError: HTTPSConnectionPool(host='shane.maxusvanparts.co.uk', port=443): Max retries exceeded with url: /wp-json/wc/v3/products/75430 (Caused by NameResolutionError("HTTPSConnection(host='shane.maxusvanparts.co.uk', port=443): Failed to resolve 'shane.maxusvanparts.co.uk' ([Errno 11001] getaddrinfo failed)"))
2026-09-17 05:41:30 INFO [1228] Creating duplicate for product id=75400 sku=C00227699-9D09C2 replacement_sku=C00542185
2026-09-17 05:41:30 ERROR [1228] Unexpected error duplicating product id=75400
Traceback (most recent call last):
  File "C:\pythonstuff\wpimport\env\Lib\site-packages\urllib3\connection.py", line 204, in _new_conn
    sock = connection.create_connection(
           ^^^^^^^^^^^^^^^^^^^^^^^^^^^^^
  File "C:\pythonstuff\wpimport\env\Lib\site-packages\urllib3\util\connection.py", line 60, in create_connection
    for res in socket.getaddrinfo(host, port, family, socket.SOCK_STREAM):
               ^^^^^^^^^^^^^^^^^^^^^^^^^^^^^^^^^^^^^^^^^^^^^^^^^^^^^^^^^^
  File "C:\Users\User\AppData\Local\Programs\Python\Python312\Lib\socket.py", line 976, in getaddrinfo
    for res in _socket.getaddrinfo(host, port, family, type, proto, flags):
               ^^^^^^^^^^^^^^^^^^^^^^^^^^^^^^^^^^^^^^^^^^^^^^^^^^^^^^^^^^^
socket.gaierror: [Errno 11001] getaddrinfo failed

The above exception was the direct cause of the following exception:

Traceback (most recent call last):
  File "C:\pythonstuff\wpimport\env\Lib\site-packages\urllib3\connectionpool.py", line 787, in urlopen
    response = self._make_request(
               ^^^^^^^^^^^^^^^^^^^
  File "C:\pythonstuff\wpimport\env\Lib\site-packages\urllib3\connectionpool.py", line 488, in _make_request
    raise new_e
  File "C:\pythonstuff\wpimport\env\Lib\site-packages\urllib3\connectionpool.py", line 464, in _make_request
    self._validate_conn(conn)
  File "C:\pythonstuff\wpimport\env\Lib\site-packages\urllib3\connectionpool.py", line 1093, in _validate_conn
    conn.connect()
  File "C:\pythonstuff\wpimport\env\Lib\site-packages\urllib3\connection.py", line 759, in connect
    self.sock = sock = self._new_conn()
                       ^^^^^^^^^^^^^^^^
  File "C:\pythonstuff\wpimport\env\Lib\site-packages\urllib3\connection.py", line 211, in _new_conn
    raise NameResolutionError(self.host, self, e) from e
urllib3.exceptions.NameResolutionError: HTTPSConnection(host='shane.maxusvanparts.co.uk', port=443): Failed to resolve 'shane.maxusvanparts.co.uk' ([Errno 11001] getaddrinfo failed)

The above exception was the direct cause of the following exception:

Traceback (most recent call last):
  File "C:\pythonstuff\wpimport\env\Lib\site-packages\requests\adapters.py", line 486, in send
    resp = conn.urlopen(
           ^^^^^^^^^^^^^
  File "C:\pythonstuff\wpimport\env\Lib\site-packages\urllib3\connectionpool.py", line 841, in urlopen
    retries = retries.increment(
              ^^^^^^^^^^^^^^^^^^
  File "C:\pythonstuff\wpimport\env\Lib\site-packages\urllib3\util\retry.py", line 519, in increment
    raise MaxRetryError(_pool, url, reason) from reason  # type: ignore[arg-type]
    ^^^^^^^^^^^^^^^^^^^^^^^^^^^^^^^^^^^^^^^^^^^^^^^^^^^
urllib3.exceptions.MaxRetryError: HTTPSConnectionPool(host='shane.maxusvanparts.co.uk', port=443): Max retries exceeded with url: /wp-json/wc/v3/products/75400 (Caused by NameResolutionError("HTTPSConnection(host='shane.maxusvanparts.co.uk', port=443): Failed to resolve 'shane.maxusvanparts.co.uk' ([Errno 11001] getaddrinfo failed)"))

During handling of the above exception, another exception occurred:

Traceback (most recent call last):
  File "C:\pythonstuff\wpimport\create_all_duplicates.py", line 226, in main
    new_product = duplicate_product(product_id)
                  ^^^^^^^^^^^^^^^^^^^^^^^^^^^^^
  File "C:\pythonstuff\wpimport\createduplicates.py", line 86, in duplicate_product
    resp = wcapi.get(f"products/{product_id}")
           ^^^^^^^^^^^^^^^^^^^^^^^^^^^^^^^^^^^
  File "C:\pythonstuff\wpimport\env\Lib\site-packages\woocommerce\api.py", line 106, in get
    return self.__request("GET", endpoint, None, **kwargs)
           ^^^^^^^^^^^^^^^^^^^^^^^^^^^^^^^^^^^^^^^^^^^^^^^
  File "C:\pythonstuff\wpimport\env\Lib\site-packages\woocommerce\api.py", line 92, in __request
    return request(
           ^^^^^^^^
  File "C:\pythonstuff\wpimport\env\Lib\site-packages\requests\api.py", line 59, in request
    return session.request(method=method, url=url, **kwargs)
           ^^^^^^^^^^^^^^^^^^^^^^^^^^^^^^^^^^^^^^^^^^^^^^^^^
  File "C:\pythonstuff\wpimport\env\Lib\site-packages\requests\sessions.py", line 589, in request
    resp = self.send(prep, **send_kwargs)
           ^^^^^^^^^^^^^^^^^^^^^^^^^^^^^^
  File "C:\pythonstuff\wpimport\env\Lib\site-packages\requests\sessions.py", line 703, in send
    r = adapter.send(request, **kwargs)
        ^^^^^^^^^^^^^^^^^^^^^^^^^^^^^^^
  File "C:\pythonstuff\wpimport\env\Lib\site-packages\requests\adapters.py", line 519, in send
    raise ConnectionError(e, request=request)
requests.exceptions.ConnectionError: HTTPSConnectionPool(host='shane.maxusvanparts.co.uk', port=443): Max retries exceeded with url: /wp-json/wc/v3/products/75400 (Caused by NameResolutionError("HTTPSConnection(host='shane.maxusvanparts.co.uk', port=443): Failed to resolve 'shane.maxusvanparts.co.uk' ([Errno 11001] getaddrinfo failed)"))
2026-09-17 05:41:30 INFO [1229] Creating duplicate for product id=75390 sku=C00188950-569EF0 replacement_sku=C00238305
2026-09-17 05:41:30 ERROR [1229] Unexpected error duplicating product id=75390
Traceback (most recent call last):
  File "C:\pythonstuff\wpimport\env\Lib\site-packages\urllib3\connection.py", line 204, in _new_conn
    sock = connection.create_connection(
           ^^^^^^^^^^^^^^^^^^^^^^^^^^^^^
  File "C:\pythonstuff\wpimport\env\Lib\site-packages\urllib3\util\connection.py", line 60, in create_connection
    for res in socket.getaddrinfo(host, port, family, socket.SOCK_STREAM):
               ^^^^^^^^^^^^^^^^^^^^^^^^^^^^^^^^^^^^^^^^^^^^^^^^^^^^^^^^^^
  File "C:\Users\User\AppData\Local\Programs\Python\Python312\Lib\socket.py", line 976, in getaddrinfo
    for res in _socket.getaddrinfo(host, port, family, type, proto, flags):
               ^^^^^^^^^^^^^^^^^^^^^^^^^^^^^^^^^^^^^^^^^^^^^^^^^^^^^^^^^^^
socket.gaierror: [Errno 11001] getaddrinfo failed

The above exception was the direct cause of the following exception:

Traceback (most recent call last):
  File "C:\pythonstuff\wpimport\env\Lib\site-packages\urllib3\connectionpool.py", line 787, in urlopen
    response = self._make_request(
               ^^^^^^^^^^^^^^^^^^^
  File "C:\pythonstuff\wpimport\env\Lib\site-packages\urllib3\connectionpool.py", line 488, in _make_request
    raise new_e
  File "C:\pythonstuff\wpimport\env\Lib\site-packages\urllib3\connectionpool.py", line 464, in _make_request
    self._validate_conn(conn)
  File "C:\pythonstuff\wpimport\env\Lib\site-packages\urllib3\connectionpool.py", line 1093, in _validate_conn
    conn.connect()
  File "C:\pythonstuff\wpimport\env\Lib\site-packages\urllib3\connection.py", line 759, in connect
    self.sock = sock = self._new_conn()
                       ^^^^^^^^^^^^^^^^
  File "C:\pythonstuff\wpimport\env\Lib\site-packages\urllib3\connection.py", line 211, in _new_conn
    raise NameResolutionError(self.host, self, e) from e
urllib3.exceptions.NameResolutionError: HTTPSConnection(host='shane.maxusvanparts.co.uk', port=443): Failed to resolve 'shane.maxusvanparts.co.uk' ([Errno 11001] getaddrinfo failed)

The above exception was the direct cause of the following exception:

Traceback (most recent call last):
  File "C:\pythonstuff\wpimport\env\Lib\site-packages\requests\adapters.py", line 486, in send
    resp = conn.urlopen(
           ^^^^^^^^^^^^^
  File "C:\pythonstuff\wpimport\env\Lib\site-packages\urllib3\connectionpool.py", line 841, in urlopen
    retries = retries.increment(
              ^^^^^^^^^^^^^^^^^^
  File "C:\pythonstuff\wpimport\env\Lib\site-packages\urllib3\util\retry.py", line 519, in increment
    raise MaxRetryError(_pool, url, reason) from reason  # type: ignore[arg-type]
    ^^^^^^^^^^^^^^^^^^^^^^^^^^^^^^^^^^^^^^^^^^^^^^^^^^^
urllib3.exceptions.MaxRetryError: HTTPSConnectionPool(host='shane.maxusvanparts.co.uk', port=443): Max retries exceeded with url: /wp-json/wc/v3/products/75390 (Caused by NameResolutionError("HTTPSConnection(host='shane.maxusvanparts.co.uk', port=443): Failed to resolve 'shane.maxusvanparts.co.uk' ([Errno 11001] getaddrinfo failed)"))

During handling of the above exception, another exception occurred:

Traceback (most recent call last):
  File "C:\pythonstuff\wpimport\create_all_duplicates.py", line 226, in main
    new_product = duplicate_product(product_id)
                  ^^^^^^^^^^^^^^^^^^^^^^^^^^^^^
  File "C:\pythonstuff\wpimport\createduplicates.py", line 86, in duplicate_product
    resp = wcapi.get(f"products/{product_id}")
           ^^^^^^^^^^^^^^^^^^^^^^^^^^^^^^^^^^^
  File "C:\pythonstuff\wpimport\env\Lib\site-packages\woocommerce\api.py", line 106, in get
    return self.__request("GET", endpoint, None, **kwargs)
           ^^^^^^^^^^^^^^^^^^^^^^^^^^^^^^^^^^^^^^^^^^^^^^^
  File "C:\pythonstuff\wpimport\env\Lib\site-packages\woocommerce\api.py", line 92, in __request
    return request(
           ^^^^^^^^
  File "C:\pythonstuff\wpimport\env\Lib\site-packages\requests\api.py", line 59, in request
    return session.request(method=method, url=url, **kwargs)
           ^^^^^^^^^^^^^^^^^^^^^^^^^^^^^^^^^^^^^^^^^^^^^^^^^
  File "C:\pythonstuff\wpimport\env\Lib\site-packages\requests\sessions.py", line 589, in request
    resp = self.send(prep, **send_kwargs)
           ^^^^^^^^^^^^^^^^^^^^^^^^^^^^^^
  File "C:\pythonstuff\wpimport\env\Lib\site-packages\requests\sessions.py", line 703, in send
    r = adapter.send(request, **kwargs)
        ^^^^^^^^^^^^^^^^^^^^^^^^^^^^^^^
  File "C:\pythonstuff\wpimport\env\Lib\site-packages\requests\adapters.py", line 519, in send
    raise ConnectionError(e, request=request)
requests.exceptions.ConnectionError: HTTPSConnectionPool(host='shane.maxusvanparts.co.uk', port=443): Max retries exceeded with url: /wp-json/wc/v3/products/75390 (Caused by NameResolutionError("HTTPSConnection(host='shane.maxusvanparts.co.uk', port=443): Failed to resolve 'shane.maxusvanparts.co.uk' ([Errno 11001] getaddrinfo failed)"))
2026-09-17 05:41:30 INFO [1230] Creating duplicate for product id=75376 sku=C00225587-9BED01 replacement_sku=C00702550
2026-09-17 05:41:30 ERROR [1230] Unexpected error duplicating product id=75376
Traceback (most recent call last):
  File "C:\pythonstuff\wpimport\env\Lib\site-packages\urllib3\connection.py", line 204, in _new_conn
    sock = connection.create_connection(
           ^^^^^^^^^^^^^^^^^^^^^^^^^^^^^
  File "C:\pythonstuff\wpimport\env\Lib\site-packages\urllib3\util\connection.py", line 60, in create_connection
    for res in socket.getaddrinfo(host, port, family, socket.SOCK_STREAM):
               ^^^^^^^^^^^^^^^^^^^^^^^^^^^^^^^^^^^^^^^^^^^^^^^^^^^^^^^^^^
  File "C:\Users\User\AppData\Local\Programs\Python\Python312\Lib\socket.py", line 976, in getaddrinfo
    for res in _socket.getaddrinfo(host, port, family, type, proto, flags):
               ^^^^^^^^^^^^^^^^^^^^^^^^^^^^^^^^^^^^^^^^^^^^^^^^^^^^^^^^^^^
socket.gaierror: [Errno 11001] getaddrinfo failed

The above exception was the direct cause of the following exception:

Traceback (most recent call last):
  File "C:\pythonstuff\wpimport\env\Lib\site-packages\urllib3\connectionpool.py", line 787, in urlopen
    response = self._make_request(
               ^^^^^^^^^^^^^^^^^^^
  File "C:\pythonstuff\wpimport\env\Lib\site-packages\urllib3\connectionpool.py", line 488, in _make_request
    raise new_e
  File "C:\pythonstuff\wpimport\env\Lib\site-packages\urllib3\connectionpool.py", line 464, in _make_request
    self._validate_conn(conn)
  File "C:\pythonstuff\wpimport\env\Lib\site-packages\urllib3\connectionpool.py", line 1093, in _validate_conn
    conn.connect()
  File "C:\pythonstuff\wpimport\env\Lib\site-packages\urllib3\connection.py", line 759, in connect
    self.sock = sock = self._new_conn()
                       ^^^^^^^^^^^^^^^^
  File "C:\pythonstuff\wpimport\env\Lib\site-packages\urllib3\connection.py", line 211, in _new_conn
    raise NameResolutionError(self.host, self, e) from e
urllib3.exceptions.NameResolutionError: HTTPSConnection(host='shane.maxusvanparts.co.uk', port=443): Failed to resolve 'shane.maxusvanparts.co.uk' ([Errno 11001] getaddrinfo failed)

The above exception was the direct cause of the following exception:

Traceback (most recent call last):
  File "C:\pythonstuff\wpimport\env\Lib\site-packages\requests\adapters.py", line 486, in send
    resp = conn.urlopen(
           ^^^^^^^^^^^^^
  File "C:\pythonstuff\wpimport\env\Lib\site-packages\urllib3\connectionpool.py", line 841, in urlopen
    retries = retries.increment(
              ^^^^^^^^^^^^^^^^^^
  File "C:\pythonstuff\wpimport\env\Lib\site-packages\urllib3\util\retry.py", line 519, in increment
    raise MaxRetryError(_pool, url, reason) from reason  # type: ignore[arg-type]
    ^^^^^^^^^^^^^^^^^^^^^^^^^^^^^^^^^^^^^^^^^^^^^^^^^^^
urllib3.exceptions.MaxRetryError: HTTPSConnectionPool(host='shane.maxusvanparts.co.uk', port=443): Max retries exceeded with url: /wp-json/wc/v3/products/75376 (Caused by NameResolutionError("HTTPSConnection(host='shane.maxusvanparts.co.uk', port=443): Failed to resolve 'shane.maxusvanparts.co.uk' ([Errno 11001] getaddrinfo failed)"))

During handling of the above exception, another exception occurred:

Traceback (most recent call last):
  File "C:\pythonstuff\wpimport\create_all_duplicates.py", line 226, in main
    new_product = duplicate_product(product_id)
                  ^^^^^^^^^^^^^^^^^^^^^^^^^^^^^
  File "C:\pythonstuff\wpimport\createduplicates.py", line 86, in duplicate_product
    resp = wcapi.get(f"products/{product_id}")
           ^^^^^^^^^^^^^^^^^^^^^^^^^^^^^^^^^^^
  File "C:\pythonstuff\wpimport\env\Lib\site-packages\woocommerce\api.py", line 106, in get
    return self.__request("GET", endpoint, None, **kwargs)
           ^^^^^^^^^^^^^^^^^^^^^^^^^^^^^^^^^^^^^^^^^^^^^^^
  File "C:\pythonstuff\wpimport\env\Lib\site-packages\woocommerce\api.py", line 92, in __request
    return request(
           ^^^^^^^^
  File "C:\pythonstuff\wpimport\env\Lib\site-packages\requests\api.py", line 59, in request
    return session.request(method=method, url=url, **kwargs)
           ^^^^^^^^^^^^^^^^^^^^^^^^^^^^^^^^^^^^^^^^^^^^^^^^^
  File "C:\pythonstuff\wpimport\env\Lib\site-packages\requests\sessions.py", line 589, in request
    resp = self.send(prep, **send_kwargs)
           ^^^^^^^^^^^^^^^^^^^^^^^^^^^^^^
  File "C:\pythonstuff\wpimport\env\Lib\site-packages\requests\sessions.py", line 703, in send
    r = adapter.send(request, **kwargs)
        ^^^^^^^^^^^^^^^^^^^^^^^^^^^^^^^
  File "C:\pythonstuff\wpimport\env\Lib\site-packages\requests\adapters.py", line 519, in send
    raise ConnectionError(e, request=request)
requests.exceptions.ConnectionError: HTTPSConnectionPool(host='shane.maxusvanparts.co.uk', port=443): Max retries exceeded with url: /wp-json/wc/v3/products/75376 (Caused by NameResolutionError("HTTPSConnection(host='shane.maxusvanparts.co.uk', port=443): Failed to resolve 'shane.maxusvanparts.co.uk' ([Errno 11001] getaddrinfo failed)"))
2026-09-17 05:41:30 INFO [1231] Creating duplicate for product id=75340 sku=C00205331-ACE6F6 replacement_sku=C00237593
2026-09-17 05:41:30 ERROR [1231] Unexpected error duplicating product id=75340
Traceback (most recent call last):
  File "C:\pythonstuff\wpimport\env\Lib\site-packages\urllib3\connection.py", line 204, in _new_conn
    sock = connection.create_connection(
           ^^^^^^^^^^^^^^^^^^^^^^^^^^^^^
  File "C:\pythonstuff\wpimport\env\Lib\site-packages\urllib3\util\connection.py", line 60, in create_connection
    for res in socket.getaddrinfo(host, port, family, socket.SOCK_STREAM):
               ^^^^^^^^^^^^^^^^^^^^^^^^^^^^^^^^^^^^^^^^^^^^^^^^^^^^^^^^^^
  File "C:\Users\User\AppData\Local\Programs\Python\Python312\Lib\socket.py", line 976, in getaddrinfo
    for res in _socket.getaddrinfo(host, port, family, type, proto, flags):
               ^^^^^^^^^^^^^^^^^^^^^^^^^^^^^^^^^^^^^^^^^^^^^^^^^^^^^^^^^^^
socket.gaierror: [Errno 11001] getaddrinfo failed

The above exception was the direct cause of the following exception:

Traceback (most recent call last):
  File "C:\pythonstuff\wpimport\env\Lib\site-packages\urllib3\connectionpool.py", line 787, in urlopen
    response = self._make_request(
               ^^^^^^^^^^^^^^^^^^^
  File "C:\pythonstuff\wpimport\env\Lib\site-packages\urllib3\connectionpool.py", line 488, in _make_request
    raise new_e
  File "C:\pythonstuff\wpimport\env\Lib\site-packages\urllib3\connectionpool.py", line 464, in _make_request
    self._validate_conn(conn)
  File "C:\pythonstuff\wpimport\env\Lib\site-packages\urllib3\connectionpool.py", line 1093, in _validate_conn
    conn.connect()
  File "C:\pythonstuff\wpimport\env\Lib\site-packages\urllib3\connection.py", line 759, in connect
    self.sock = sock = self._new_conn()
                       ^^^^^^^^^^^^^^^^
  File "C:\pythonstuff\wpimport\env\Lib\site-packages\urllib3\connection.py", line 211, in _new_conn
    raise NameResolutionError(self.host, self, e) from e
urllib3.exceptions.NameResolutionError: HTTPSConnection(host='shane.maxusvanparts.co.uk', port=443): Failed to resolve 'shane.maxusvanparts.co.uk' ([Errno 11001] getaddrinfo failed)

The above exception was the direct cause of the following exception:

Traceback (most recent call last):
  File "C:\pythonstuff\wpimport\env\Lib\site-packages\requests\adapters.py", line 486, in send
    resp = conn.urlopen(
           ^^^^^^^^^^^^^
  File "C:\pythonstuff\wpimport\env\Lib\site-packages\urllib3\connectionpool.py", line 841, in urlopen
    retries = retries.increment(
              ^^^^^^^^^^^^^^^^^^
  File "C:\pythonstuff\wpimport\env\Lib\site-packages\urllib3\util\retry.py", line 519, in increment
    raise MaxRetryError(_pool, url, reason) from reason  # type: ignore[arg-type]
    ^^^^^^^^^^^^^^^^^^^^^^^^^^^^^^^^^^^^^^^^^^^^^^^^^^^
urllib3.exceptions.MaxRetryError: HTTPSConnectionPool(host='shane.maxusvanparts.co.uk', port=443): Max retries exceeded with url: /wp-json/wc/v3/products/75340 (Caused by NameResolutionError("HTTPSConnection(host='shane.maxusvanparts.co.uk', port=443): Failed to resolve 'shane.maxusvanparts.co.uk' ([Errno 11001] getaddrinfo failed)"))

During handling of the above exception, another exception occurred:

Traceback (most recent call last):
  File "C:\pythonstuff\wpimport\create_all_duplicates.py", line 226, in main
    new_product = duplicate_product(product_id)
                  ^^^^^^^^^^^^^^^^^^^^^^^^^^^^^
  File "C:\pythonstuff\wpimport\createduplicates.py", line 86, in duplicate_product
    resp = wcapi.get(f"products/{product_id}")
           ^^^^^^^^^^^^^^^^^^^^^^^^^^^^^^^^^^^
  File "C:\pythonstuff\wpimport\env\Lib\site-packages\woocommerce\api.py", line 106, in get
    return self.__request("GET", endpoint, None, **kwargs)
           ^^^^^^^^^^^^^^^^^^^^^^^^^^^^^^^^^^^^^^^^^^^^^^^
  File "C:\pythonstuff\wpimport\env\Lib\site-packages\woocommerce\api.py", line 92, in __request
    return request(
           ^^^^^^^^
  File "C:\pythonstuff\wpimport\env\Lib\site-packages\requests\api.py", line 59, in request
    return session.request(method=method, url=url, **kwargs)
           ^^^^^^^^^^^^^^^^^^^^^^^^^^^^^^^^^^^^^^^^^^^^^^^^^
  File "C:\pythonstuff\wpimport\env\Lib\site-packages\requests\sessions.py", line 589, in request
    resp = self.send(prep, **send_kwargs)
           ^^^^^^^^^^^^^^^^^^^^^^^^^^^^^^
  File "C:\pythonstuff\wpimport\env\Lib\site-packages\requests\sessions.py", line 703, in send
    r = adapter.send(request, **kwargs)
        ^^^^^^^^^^^^^^^^^^^^^^^^^^^^^^^
  File "C:\pythonstuff\wpimport\env\Lib\site-packages\requests\adapters.py", line 519, in send
    raise ConnectionError(e, request=request)
requests.exceptions.ConnectionError: HTTPSConnectionPool(host='shane.maxusvanparts.co.uk', port=443): Max retries exceeded with url: /wp-json/wc/v3/products/75340 (Caused by NameResolutionError("HTTPSConnection(host='shane.maxusvanparts.co.uk', port=443): Failed to resolve 'shane.maxusvanparts.co.uk' ([Errno 11001] getaddrinfo failed)"))
2026-09-17 05:41:30 INFO [1232] Creating duplicate for product id=75314 sku=C00175451-E4CA38 replacement_sku=C00230885
2026-09-17 05:41:30 ERROR [1232] Unexpected error duplicating product id=75314
Traceback (most recent call last):
  File "C:\pythonstuff\wpimport\env\Lib\site-packages\urllib3\connection.py", line 204, in _new_conn
    sock = connection.create_connection(
           ^^^^^^^^^^^^^^^^^^^^^^^^^^^^^
  File "C:\pythonstuff\wpimport\env\Lib\site-packages\urllib3\util\connection.py", line 60, in create_connection
    for res in socket.getaddrinfo(host, port, family, socket.SOCK_STREAM):
               ^^^^^^^^^^^^^^^^^^^^^^^^^^^^^^^^^^^^^^^^^^^^^^^^^^^^^^^^^^
  File "C:\Users\User\AppData\Local\Programs\Python\Python312\Lib\socket.py", line 976, in getaddrinfo
    for res in _socket.getaddrinfo(host, port, family, type, proto, flags):
               ^^^^^^^^^^^^^^^^^^^^^^^^^^^^^^^^^^^^^^^^^^^^^^^^^^^^^^^^^^^
socket.gaierror: [Errno 11001] getaddrinfo failed

The above exception was the direct cause of the following exception:

Traceback (most recent call last):
  File "C:\pythonstuff\wpimport\env\Lib\site-packages\urllib3\connectionpool.py", line 787, in urlopen
    response = self._make_request(
               ^^^^^^^^^^^^^^^^^^^
  File "C:\pythonstuff\wpimport\env\Lib\site-packages\urllib3\connectionpool.py", line 488, in _make_request
    raise new_e
  File "C:\pythonstuff\wpimport\env\Lib\site-packages\urllib3\connectionpool.py", line 464, in _make_request
    self._validate_conn(conn)
  File "C:\pythonstuff\wpimport\env\Lib\site-packages\urllib3\connectionpool.py", line 1093, in _validate_conn
    conn.connect()
  File "C:\pythonstuff\wpimport\env\Lib\site-packages\urllib3\connection.py", line 759, in connect
    self.sock = sock = self._new_conn()
                       ^^^^^^^^^^^^^^^^
  File "C:\pythonstuff\wpimport\env\Lib\site-packages\urllib3\connection.py", line 211, in _new_conn
    raise NameResolutionError(self.host, self, e) from e
urllib3.exceptions.NameResolutionError: HTTPSConnection(host='shane.maxusvanparts.co.uk', port=443): Failed to resolve 'shane.maxusvanparts.co.uk' ([Errno 11001] getaddrinfo failed)

The above exception was the direct cause of the following exception:

Traceback (most recent call last):
  File "C:\pythonstuff\wpimport\env\Lib\site-packages\requests\adapters.py", line 486, in send
    resp = conn.urlopen(
           ^^^^^^^^^^^^^
  File "C:\pythonstuff\wpimport\env\Lib\site-packages\urllib3\connectionpool.py", line 841, in urlopen
    retries = retries.increment(
              ^^^^^^^^^^^^^^^^^^
  File "C:\pythonstuff\wpimport\env\Lib\site-packages\urllib3\util\retry.py", line 519, in increment
    raise MaxRetryError(_pool, url, reason) from reason  # type: ignore[arg-type]
    ^^^^^^^^^^^^^^^^^^^^^^^^^^^^^^^^^^^^^^^^^^^^^^^^^^^
urllib3.exceptions.MaxRetryError: HTTPSConnectionPool(host='shane.maxusvanparts.co.uk', port=443): Max retries exceeded with url: /wp-json/wc/v3/products/75314 (Caused by NameResolutionError("HTTPSConnection(host='shane.maxusvanparts.co.uk', port=443): Failed to resolve 'shane.maxusvanparts.co.uk' ([Errno 11001] getaddrinfo failed)"))

During handling of the above exception, another exception occurred:

Traceback (most recent call last):
  File "C:\pythonstuff\wpimport\create_all_duplicates.py", line 226, in main
    new_product = duplicate_product(product_id)
                  ^^^^^^^^^^^^^^^^^^^^^^^^^^^^^
  File "C:\pythonstuff\wpimport\createduplicates.py", line 86, in duplicate_product
    resp = wcapi.get(f"products/{product_id}")
           ^^^^^^^^^^^^^^^^^^^^^^^^^^^^^^^^^^^
  File "C:\pythonstuff\wpimport\env\Lib\site-packages\woocommerce\api.py", line 106, in get
    return self.__request("GET", endpoint, None, **kwargs)
           ^^^^^^^^^^^^^^^^^^^^^^^^^^^^^^^^^^^^^^^^^^^^^^^
  File "C:\pythonstuff\wpimport\env\Lib\site-packages\woocommerce\api.py", line 92, in __request
    return request(
           ^^^^^^^^
  File "C:\pythonstuff\wpimport\env\Lib\site-packages\requests\api.py", line 59, in request
    return session.request(method=method, url=url, **kwargs)
           ^^^^^^^^^^^^^^^^^^^^^^^^^^^^^^^^^^^^^^^^^^^^^^^^^
  File "C:\pythonstuff\wpimport\env\Lib\site-packages\requests\sessions.py", line 589, in request
    resp = self.send(prep, **send_kwargs)
           ^^^^^^^^^^^^^^^^^^^^^^^^^^^^^^
  File "C:\pythonstuff\wpimport\env\Lib\site-packages\requests\sessions.py", line 703, in send
    r = adapter.send(request, **kwargs)
        ^^^^^^^^^^^^^^^^^^^^^^^^^^^^^^^
  File "C:\pythonstuff\wpimport\env\Lib\site-packages\requests\adapters.py", line 519, in send
    raise ConnectionError(e, request=request)
requests.exceptions.ConnectionError: HTTPSConnectionPool(host='shane.maxusvanparts.co.uk', port=443): Max retries exceeded with url: /wp-json/wc/v3/products/75314 (Caused by NameResolutionError("HTTPSConnection(host='shane.maxusvanparts.co.uk', port=443): Failed to resolve 'shane.maxusvanparts.co.uk' ([Errno 11001] getaddrinfo failed)"))
2026-09-17 05:41:31 INFO [1233] Creating duplicate for product id=75286 sku=C00125959-EB51B9 replacement_sku=C00125959-AB
2026-09-17 05:41:31 ERROR [1233] Unexpected error duplicating product id=75286
Traceback (most recent call last):
  File "C:\pythonstuff\wpimport\env\Lib\site-packages\urllib3\connection.py", line 204, in _new_conn
    sock = connection.create_connection(
           ^^^^^^^^^^^^^^^^^^^^^^^^^^^^^
  File "C:\pythonstuff\wpimport\env\Lib\site-packages\urllib3\util\connection.py", line 60, in create_connection
    for res in socket.getaddrinfo(host, port, family, socket.SOCK_STREAM):
               ^^^^^^^^^^^^^^^^^^^^^^^^^^^^^^^^^^^^^^^^^^^^^^^^^^^^^^^^^^
  File "C:\Users\User\AppData\Local\Programs\Python\Python312\Lib\socket.py", line 976, in getaddrinfo
    for res in _socket.getaddrinfo(host, port, family, type, proto, flags):
               ^^^^^^^^^^^^^^^^^^^^^^^^^^^^^^^^^^^^^^^^^^^^^^^^^^^^^^^^^^^
socket.gaierror: [Errno 11001] getaddrinfo failed

The above exception was the direct cause of the following exception:

Traceback (most recent call last):
  File "C:\pythonstuff\wpimport\env\Lib\site-packages\urllib3\connectionpool.py", line 787, in urlopen
    response = self._make_request(
               ^^^^^^^^^^^^^^^^^^^
  File "C:\pythonstuff\wpimport\env\Lib\site-packages\urllib3\connectionpool.py", line 488, in _make_request
    raise new_e
  File "C:\pythonstuff\wpimport\env\Lib\site-packages\urllib3\connectionpool.py", line 464, in _make_request
    self._validate_conn(conn)
  File "C:\pythonstuff\wpimport\env\Lib\site-packages\urllib3\connectionpool.py", line 1093, in _validate_conn
    conn.connect()
  File "C:\pythonstuff\wpimport\env\Lib\site-packages\urllib3\connection.py", line 759, in connect
    self.sock = sock = self._new_conn()
                       ^^^^^^^^^^^^^^^^
  File "C:\pythonstuff\wpimport\env\Lib\site-packages\urllib3\connection.py", line 211, in _new_conn
    raise NameResolutionError(self.host, self, e) from e
urllib3.exceptions.NameResolutionError: HTTPSConnection(host='shane.maxusvanparts.co.uk', port=443): Failed to resolve 'shane.maxusvanparts.co.uk' ([Errno 11001] getaddrinfo failed)

The above exception was the direct cause of the following exception:

Traceback (most recent call last):
  File "C:\pythonstuff\wpimport\env\Lib\site-packages\requests\adapters.py", line 486, in send
    resp = conn.urlopen(
           ^^^^^^^^^^^^^
  File "C:\pythonstuff\wpimport\env\Lib\site-packages\urllib3\connectionpool.py", line 841, in urlopen
    retries = retries.increment(
              ^^^^^^^^^^^^^^^^^^
  File "C:\pythonstuff\wpimport\env\Lib\site-packages\urllib3\util\retry.py", line 519, in increment
    raise MaxRetryError(_pool, url, reason) from reason  # type: ignore[arg-type]
    ^^^^^^^^^^^^^^^^^^^^^^^^^^^^^^^^^^^^^^^^^^^^^^^^^^^
urllib3.exceptions.MaxRetryError: HTTPSConnectionPool(host='shane.maxusvanparts.co.uk', port=443): Max retries exceeded with url: /wp-json/wc/v3/products/75286 (Caused by NameResolutionError("HTTPSConnection(host='shane.maxusvanparts.co.uk', port=443): Failed to resolve 'shane.maxusvanparts.co.uk' ([Errno 11001] getaddrinfo failed)"))

During handling of the above exception, another exception occurred:

Traceback (most recent call last):
  File "C:\pythonstuff\wpimport\create_all_duplicates.py", line 226, in main
    new_product = duplicate_product(product_id)
                  ^^^^^^^^^^^^^^^^^^^^^^^^^^^^^
  File "C:\pythonstuff\wpimport\createduplicates.py", line 86, in duplicate_product
    resp = wcapi.get(f"products/{product_id}")
           ^^^^^^^^^^^^^^^^^^^^^^^^^^^^^^^^^^^
  File "C:\pythonstuff\wpimport\env\Lib\site-packages\woocommerce\api.py", line 106, in get
    return self.__request("GET", endpoint, None, **kwargs)
           ^^^^^^^^^^^^^^^^^^^^^^^^^^^^^^^^^^^^^^^^^^^^^^^
  File "C:\pythonstuff\wpimport\env\Lib\site-packages\woocommerce\api.py", line 92, in __request
    return request(
           ^^^^^^^^
  File "C:\pythonstuff\wpimport\env\Lib\site-packages\requests\api.py", line 59, in request
    return session.request(method=method, url=url, **kwargs)
           ^^^^^^^^^^^^^^^^^^^^^^^^^^^^^^^^^^^^^^^^^^^^^^^^^
  File "C:\pythonstuff\wpimport\env\Lib\site-packages\requests\sessions.py", line 589, in request
    resp = self.send(prep, **send_kwargs)
           ^^^^^^^^^^^^^^^^^^^^^^^^^^^^^^
  File "C:\pythonstuff\wpimport\env\Lib\site-packages\requests\sessions.py", line 703, in send
    r = adapter.send(request, **kwargs)
        ^^^^^^^^^^^^^^^^^^^^^^^^^^^^^^^
  File "C:\pythonstuff\wpimport\env\Lib\site-packages\requests\adapters.py", line 519, in send
    raise ConnectionError(e, request=request)
requests.exceptions.ConnectionError: HTTPSConnectionPool(host='shane.maxusvanparts.co.uk', port=443): Max retries exceeded with url: /wp-json/wc/v3/products/75286 (Caused by NameResolutionError("HTTPSConnection(host='shane.maxusvanparts.co.uk', port=443): Failed to resolve 'shane.maxusvanparts.co.uk' ([Errno 11001] getaddrinfo failed)"))
2026-09-17 05:41:31 INFO [1234] Creating duplicate for product id=75234 sku=C00114002-B5683E replacement_sku=C00295588
2026-09-17 05:41:31 ERROR [1234] Unexpected error duplicating product id=75234
Traceback (most recent call last):
  File "C:\pythonstuff\wpimport\env\Lib\site-packages\urllib3\connection.py", line 204, in _new_conn
    sock = connection.create_connection(
           ^^^^^^^^^^^^^^^^^^^^^^^^^^^^^
  File "C:\pythonstuff\wpimport\env\Lib\site-packages\urllib3\util\connection.py", line 60, in create_connection
    for res in socket.getaddrinfo(host, port, family, socket.SOCK_STREAM):
               ^^^^^^^^^^^^^^^^^^^^^^^^^^^^^^^^^^^^^^^^^^^^^^^^^^^^^^^^^^
  File "C:\Users\User\AppData\Local\Programs\Python\Python312\Lib\socket.py", line 976, in getaddrinfo
    for res in _socket.getaddrinfo(host, port, family, type, proto, flags):
               ^^^^^^^^^^^^^^^^^^^^^^^^^^^^^^^^^^^^^^^^^^^^^^^^^^^^^^^^^^^
socket.gaierror: [Errno 11001] getaddrinfo failed

The above exception was the direct cause of the following exception:

Traceback (most recent call last):
  File "C:\pythonstuff\wpimport\env\Lib\site-packages\urllib3\connectionpool.py", line 787, in urlopen
    response = self._make_request(
               ^^^^^^^^^^^^^^^^^^^
  File "C:\pythonstuff\wpimport\env\Lib\site-packages\urllib3\connectionpool.py", line 488, in _make_request
    raise new_e
  File "C:\pythonstuff\wpimport\env\Lib\site-packages\urllib3\connectionpool.py", line 464, in _make_request
    self._validate_conn(conn)
  File "C:\pythonstuff\wpimport\env\Lib\site-packages\urllib3\connectionpool.py", line 1093, in _validate_conn
    conn.connect()
  File "C:\pythonstuff\wpimport\env\Lib\site-packages\urllib3\connection.py", line 759, in connect
    self.sock = sock = self._new_conn()
                       ^^^^^^^^^^^^^^^^
  File "C:\pythonstuff\wpimport\env\Lib\site-packages\urllib3\connection.py", line 211, in _new_conn
    raise NameResolutionError(self.host, self, e) from e
urllib3.exceptions.NameResolutionError: HTTPSConnection(host='shane.maxusvanparts.co.uk', port=443): Failed to resolve 'shane.maxusvanparts.co.uk' ([Errno 11001] getaddrinfo failed)

The above exception was the direct cause of the following exception:

Traceback (most recent call last):
  File "C:\pythonstuff\wpimport\env\Lib\site-packages\requests\adapters.py", line 486, in send
    resp = conn.urlopen(
           ^^^^^^^^^^^^^
  File "C:\pythonstuff\wpimport\env\Lib\site-packages\urllib3\connectionpool.py", line 841, in urlopen
    retries = retries.increment(
              ^^^^^^^^^^^^^^^^^^
  File "C:\pythonstuff\wpimport\env\Lib\site-packages\urllib3\util\retry.py", line 519, in increment
    raise MaxRetryError(_pool, url, reason) from reason  # type: ignore[arg-type]
    ^^^^^^^^^^^^^^^^^^^^^^^^^^^^^^^^^^^^^^^^^^^^^^^^^^^
urllib3.exceptions.MaxRetryError: HTTPSConnectionPool(host='shane.maxusvanparts.co.uk', port=443): Max retries exceeded with url: /wp-json/wc/v3/products/75234 (Caused by NameResolutionError("HTTPSConnection(host='shane.maxusvanparts.co.uk', port=443): Failed to resolve 'shane.maxusvanparts.co.uk' ([Errno 11001] getaddrinfo failed)"))

During handling of the above exception, another exception occurred:

Traceback (most recent call last):
  File "C:\pythonstuff\wpimport\create_all_duplicates.py", line 226, in main
    new_product = duplicate_product(product_id)
                  ^^^^^^^^^^^^^^^^^^^^^^^^^^^^^
  File "C:\pythonstuff\wpimport\createduplicates.py", line 86, in duplicate_product
    resp = wcapi.get(f"products/{product_id}")
           ^^^^^^^^^^^^^^^^^^^^^^^^^^^^^^^^^^^
  File "C:\pythonstuff\wpimport\env\Lib\site-packages\woocommerce\api.py", line 106, in get
    return self.__request("GET", endpoint, None, **kwargs)
           ^^^^^^^^^^^^^^^^^^^^^^^^^^^^^^^^^^^^^^^^^^^^^^^
  File "C:\pythonstuff\wpimport\env\Lib\site-packages\woocommerce\api.py", line 92, in __request
    return request(
           ^^^^^^^^
  File "C:\pythonstuff\wpimport\env\Lib\site-packages\requests\api.py", line 59, in request
    return session.request(method=method, url=url, **kwargs)
           ^^^^^^^^^^^^^^^^^^^^^^^^^^^^^^^^^^^^^^^^^^^^^^^^^
  File "C:\pythonstuff\wpimport\env\Lib\site-packages\requests\sessions.py", line 589, in request
    resp = self.send(prep, **send_kwargs)
           ^^^^^^^^^^^^^^^^^^^^^^^^^^^^^^
  File "C:\pythonstuff\wpimport\env\Lib\site-packages\requests\sessions.py", line 703, in send
    r = adapter.send(request, **kwargs)
        ^^^^^^^^^^^^^^^^^^^^^^^^^^^^^^^
  File "C:\pythonstuff\wpimport\env\Lib\site-packages\requests\adapters.py", line 519, in send
    raise ConnectionError(e, request=request)
requests.exceptions.ConnectionError: HTTPSConnectionPool(host='shane.maxusvanparts.co.uk', port=443): Max retries exceeded with url: /wp-json/wc/v3/products/75234 (Caused by NameResolutionError("HTTPSConnection(host='shane.maxusvanparts.co.uk', port=443): Failed to resolve 'shane.maxusvanparts.co.uk' ([Errno 11001] getaddrinfo failed)"))
2026-09-17 05:41:31 INFO [1235] Creating duplicate for product id=75228 sku=C00114001-F4674A replacement_sku=C00627791
2026-09-17 05:41:31 ERROR [1235] Unexpected error duplicating product id=75228
Traceback (most recent call last):
  File "C:\pythonstuff\wpimport\env\Lib\site-packages\urllib3\connection.py", line 204, in _new_conn
    sock = connection.create_connection(
           ^^^^^^^^^^^^^^^^^^^^^^^^^^^^^
  File "C:\pythonstuff\wpimport\env\Lib\site-packages\urllib3\util\connection.py", line 60, in create_connection
    for res in socket.getaddrinfo(host, port, family, socket.SOCK_STREAM):
               ^^^^^^^^^^^^^^^^^^^^^^^^^^^^^^^^^^^^^^^^^^^^^^^^^^^^^^^^^^
  File "C:\Users\User\AppData\Local\Programs\Python\Python312\Lib\socket.py", line 976, in getaddrinfo
    for res in _socket.getaddrinfo(host, port, family, type, proto, flags):
               ^^^^^^^^^^^^^^^^^^^^^^^^^^^^^^^^^^^^^^^^^^^^^^^^^^^^^^^^^^^
socket.gaierror: [Errno 11001] getaddrinfo failed

The above exception was the direct cause of the following exception:

Traceback (most recent call last):
  File "C:\pythonstuff\wpimport\env\Lib\site-packages\urllib3\connectionpool.py", line 787, in urlopen
    response = self._make_request(
               ^^^^^^^^^^^^^^^^^^^
  File "C:\pythonstuff\wpimport\env\Lib\site-packages\urllib3\connectionpool.py", line 488, in _make_request
    raise new_e
  File "C:\pythonstuff\wpimport\env\Lib\site-packages\urllib3\connectionpool.py", line 464, in _make_request
    self._validate_conn(conn)
  File "C:\pythonstuff\wpimport\env\Lib\site-packages\urllib3\connectionpool.py", line 1093, in _validate_conn
    conn.connect()
  File "C:\pythonstuff\wpimport\env\Lib\site-packages\urllib3\connection.py", line 759, in connect
    self.sock = sock = self._new_conn()
                       ^^^^^^^^^^^^^^^^
  File "C:\pythonstuff\wpimport\env\Lib\site-packages\urllib3\connection.py", line 211, in _new_conn
    raise NameResolutionError(self.host, self, e) from e
urllib3.exceptions.NameResolutionError: HTTPSConnection(host='shane.maxusvanparts.co.uk', port=443): Failed to resolve 'shane.maxusvanparts.co.uk' ([Errno 11001] getaddrinfo failed)

The above exception was the direct cause of the following exception:

Traceback (most recent call last):
  File "C:\pythonstuff\wpimport\env\Lib\site-packages\requests\adapters.py", line 486, in send
    resp = conn.urlopen(
           ^^^^^^^^^^^^^
  File "C:\pythonstuff\wpimport\env\Lib\site-packages\urllib3\connectionpool.py", line 841, in urlopen
    retries = retries.increment(
              ^^^^^^^^^^^^^^^^^^
  File "C:\pythonstuff\wpimport\env\Lib\site-packages\urllib3\util\retry.py", line 519, in increment
    raise MaxRetryError(_pool, url, reason) from reason  # type: ignore[arg-type]
    ^^^^^^^^^^^^^^^^^^^^^^^^^^^^^^^^^^^^^^^^^^^^^^^^^^^
urllib3.exceptions.MaxRetryError: HTTPSConnectionPool(host='shane.maxusvanparts.co.uk', port=443): Max retries exceeded with url: /wp-json/wc/v3/products/75228 (Caused by NameResolutionError("HTTPSConnection(host='shane.maxusvanparts.co.uk', port=443): Failed to resolve 'shane.maxusvanparts.co.uk' ([Errno 11001] getaddrinfo failed)"))

During handling of the above exception, another exception occurred:

Traceback (most recent call last):
  File "C:\pythonstuff\wpimport\create_all_duplicates.py", line 226, in main
    new_product = duplicate_product(product_id)
                  ^^^^^^^^^^^^^^^^^^^^^^^^^^^^^
  File "C:\pythonstuff\wpimport\createduplicates.py", line 86, in duplicate_product
    resp = wcapi.get(f"products/{product_id}")
           ^^^^^^^^^^^^^^^^^^^^^^^^^^^^^^^^^^^
  File "C:\pythonstuff\wpimport\env\Lib\site-packages\woocommerce\api.py", line 106, in get
    return self.__request("GET", endpoint, None, **kwargs)
           ^^^^^^^^^^^^^^^^^^^^^^^^^^^^^^^^^^^^^^^^^^^^^^^
  File "C:\pythonstuff\wpimport\env\Lib\site-packages\woocommerce\api.py", line 92, in __request
    return request(
           ^^^^^^^^
  File "C:\pythonstuff\wpimport\env\Lib\site-packages\requests\api.py", line 59, in request
    return session.request(method=method, url=url, **kwargs)
           ^^^^^^^^^^^^^^^^^^^^^^^^^^^^^^^^^^^^^^^^^^^^^^^^^
  File "C:\pythonstuff\wpimport\env\Lib\site-packages\requests\sessions.py", line 589, in request
    resp = self.send(prep, **send_kwargs)
           ^^^^^^^^^^^^^^^^^^^^^^^^^^^^^^
  File "C:\pythonstuff\wpimport\env\Lib\site-packages\requests\sessions.py", line 703, in send
    r = adapter.send(request, **kwargs)
        ^^^^^^^^^^^^^^^^^^^^^^^^^^^^^^^
  File "C:\pythonstuff\wpimport\env\Lib\site-packages\requests\adapters.py", line 519, in send
    raise ConnectionError(e, request=request)
requests.exceptions.ConnectionError: HTTPSConnectionPool(host='shane.maxusvanparts.co.uk', port=443): Max retries exceeded with url: /wp-json/wc/v3/products/75228 (Caused by NameResolutionError("HTTPSConnection(host='shane.maxusvanparts.co.uk', port=443): Failed to resolve 'shane.maxusvanparts.co.uk' ([Errno 11001] getaddrinfo failed)"))
2026-09-17 05:41:31 INFO [1236] Creating duplicate for product id=75195 sku=C00142276-8CFB1B replacement_sku=C00353870
2026-09-17 05:41:31 ERROR [1236] Unexpected error duplicating product id=75195
Traceback (most recent call last):
  File "C:\pythonstuff\wpimport\env\Lib\site-packages\urllib3\connection.py", line 204, in _new_conn
    sock = connection.create_connection(
           ^^^^^^^^^^^^^^^^^^^^^^^^^^^^^
  File "C:\pythonstuff\wpimport\env\Lib\site-packages\urllib3\util\connection.py", line 60, in create_connection
    for res in socket.getaddrinfo(host, port, family, socket.SOCK_STREAM):
               ^^^^^^^^^^^^^^^^^^^^^^^^^^^^^^^^^^^^^^^^^^^^^^^^^^^^^^^^^^
  File "C:\Users\User\AppData\Local\Programs\Python\Python312\Lib\socket.py", line 976, in getaddrinfo
    for res in _socket.getaddrinfo(host, port, family, type, proto, flags):
               ^^^^^^^^^^^^^^^^^^^^^^^^^^^^^^^^^^^^^^^^^^^^^^^^^^^^^^^^^^^
socket.gaierror: [Errno 11001] getaddrinfo failed

The above exception was the direct cause of the following exception:

Traceback (most recent call last):
  File "C:\pythonstuff\wpimport\env\Lib\site-packages\urllib3\connectionpool.py", line 787, in urlopen
    response = self._make_request(
               ^^^^^^^^^^^^^^^^^^^
  File "C:\pythonstuff\wpimport\env\Lib\site-packages\urllib3\connectionpool.py", line 488, in _make_request
    raise new_e
  File "C:\pythonstuff\wpimport\env\Lib\site-packages\urllib3\connectionpool.py", line 464, in _make_request
    self._validate_conn(conn)
  File "C:\pythonstuff\wpimport\env\Lib\site-packages\urllib3\connectionpool.py", line 1093, in _validate_conn
    conn.connect()
  File "C:\pythonstuff\wpimport\env\Lib\site-packages\urllib3\connection.py", line 759, in connect
    self.sock = sock = self._new_conn()
                       ^^^^^^^^^^^^^^^^
  File "C:\pythonstuff\wpimport\env\Lib\site-packages\urllib3\connection.py", line 211, in _new_conn
    raise NameResolutionError(self.host, self, e) from e
urllib3.exceptions.NameResolutionError: HTTPSConnection(host='shane.maxusvanparts.co.uk', port=443): Failed to resolve 'shane.maxusvanparts.co.uk' ([Errno 11001] getaddrinfo failed)

The above exception was the direct cause of the following exception:

Traceback (most recent call last):
  File "C:\pythonstuff\wpimport\env\Lib\site-packages\requests\adapters.py", line 486, in send
    resp = conn.urlopen(
           ^^^^^^^^^^^^^
  File "C:\pythonstuff\wpimport\env\Lib\site-packages\urllib3\connectionpool.py", line 841, in urlopen
    retries = retries.increment(
              ^^^^^^^^^^^^^^^^^^
  File "C:\pythonstuff\wpimport\env\Lib\site-packages\urllib3\util\retry.py", line 519, in increment
    raise MaxRetryError(_pool, url, reason) from reason  # type: ignore[arg-type]
    ^^^^^^^^^^^^^^^^^^^^^^^^^^^^^^^^^^^^^^^^^^^^^^^^^^^
urllib3.exceptions.MaxRetryError: HTTPSConnectionPool(host='shane.maxusvanparts.co.uk', port=443): Max retries exceeded with url: /wp-json/wc/v3/products/75195 (Caused by NameResolutionError("HTTPSConnection(host='shane.maxusvanparts.co.uk', port=443): Failed to resolve 'shane.maxusvanparts.co.uk' ([Errno 11001] getaddrinfo failed)"))

During handling of the above exception, another exception occurred:

Traceback (most recent call last):
  File "C:\pythonstuff\wpimport\create_all_duplicates.py", line 226, in main
    new_product = duplicate_product(product_id)
                  ^^^^^^^^^^^^^^^^^^^^^^^^^^^^^
  File "C:\pythonstuff\wpimport\createduplicates.py", line 86, in duplicate_product
    resp = wcapi.get(f"products/{product_id}")
           ^^^^^^^^^^^^^^^^^^^^^^^^^^^^^^^^^^^
  File "C:\pythonstuff\wpimport\env\Lib\site-packages\woocommerce\api.py", line 106, in get
    return self.__request("GET", endpoint, None, **kwargs)
           ^^^^^^^^^^^^^^^^^^^^^^^^^^^^^^^^^^^^^^^^^^^^^^^
  File "C:\pythonstuff\wpimport\env\Lib\site-packages\woocommerce\api.py", line 92, in __request
    return request(
           ^^^^^^^^
  File "C:\pythonstuff\wpimport\env\Lib\site-packages\requests\api.py", line 59, in request
    return session.request(method=method, url=url, **kwargs)
           ^^^^^^^^^^^^^^^^^^^^^^^^^^^^^^^^^^^^^^^^^^^^^^^^^
  File "C:\pythonstuff\wpimport\env\Lib\site-packages\requests\sessions.py", line 589, in request
    resp = self.send(prep, **send_kwargs)
           ^^^^^^^^^^^^^^^^^^^^^^^^^^^^^^
  File "C:\pythonstuff\wpimport\env\Lib\site-packages\requests\sessions.py", line 703, in send
    r = adapter.send(request, **kwargs)
        ^^^^^^^^^^^^^^^^^^^^^^^^^^^^^^^
  File "C:\pythonstuff\wpimport\env\Lib\site-packages\requests\adapters.py", line 519, in send
    raise ConnectionError(e, request=request)
requests.exceptions.ConnectionError: HTTPSConnectionPool(host='shane.maxusvanparts.co.uk', port=443): Max retries exceeded with url: /wp-json/wc/v3/products/75195 (Caused by NameResolutionError("HTTPSConnection(host='shane.maxusvanparts.co.uk', port=443): Failed to resolve 'shane.maxusvanparts.co.uk' ([Errno 11001] getaddrinfo failed)"))
2026-09-17 05:41:31 INFO [1237] Creating duplicate for product id=75183 sku=C00141860-65CBE2 replacement_sku=C00221029
2026-09-17 05:41:31 ERROR [1237] Unexpected error duplicating product id=75183
Traceback (most recent call last):
  File "C:\pythonstuff\wpimport\env\Lib\site-packages\urllib3\connection.py", line 204, in _new_conn
    sock = connection.create_connection(
           ^^^^^^^^^^^^^^^^^^^^^^^^^^^^^
  File "C:\pythonstuff\wpimport\env\Lib\site-packages\urllib3\util\connection.py", line 60, in create_connection
    for res in socket.getaddrinfo(host, port, family, socket.SOCK_STREAM):
               ^^^^^^^^^^^^^^^^^^^^^^^^^^^^^^^^^^^^^^^^^^^^^^^^^^^^^^^^^^
  File "C:\Users\User\AppData\Local\Programs\Python\Python312\Lib\socket.py", line 976, in getaddrinfo
    for res in _socket.getaddrinfo(host, port, family, type, proto, flags):
               ^^^^^^^^^^^^^^^^^^^^^^^^^^^^^^^^^^^^^^^^^^^^^^^^^^^^^^^^^^^
socket.gaierror: [Errno 11001] getaddrinfo failed

The above exception was the direct cause of the following exception:

Traceback (most recent call last):
  File "C:\pythonstuff\wpimport\env\Lib\site-packages\urllib3\connectionpool.py", line 787, in urlopen
    response = self._make_request(
               ^^^^^^^^^^^^^^^^^^^
  File "C:\pythonstuff\wpimport\env\Lib\site-packages\urllib3\connectionpool.py", line 488, in _make_request
    raise new_e
  File "C:\pythonstuff\wpimport\env\Lib\site-packages\urllib3\connectionpool.py", line 464, in _make_request
    self._validate_conn(conn)
  File "C:\pythonstuff\wpimport\env\Lib\site-packages\urllib3\connectionpool.py", line 1093, in _validate_conn
    conn.connect()
  File "C:\pythonstuff\wpimport\env\Lib\site-packages\urllib3\connection.py", line 759, in connect
    self.sock = sock = self._new_conn()
                       ^^^^^^^^^^^^^^^^
  File "C:\pythonstuff\wpimport\env\Lib\site-packages\urllib3\connection.py", line 211, in _new_conn
    raise NameResolutionError(self.host, self, e) from e
urllib3.exceptions.NameResolutionError: HTTPSConnection(host='shane.maxusvanparts.co.uk', port=443): Failed to resolve 'shane.maxusvanparts.co.uk' ([Errno 11001] getaddrinfo failed)

The above exception was the direct cause of the following exception:

Traceback (most recent call last):
  File "C:\pythonstuff\wpimport\env\Lib\site-packages\requests\adapters.py", line 486, in send
    resp = conn.urlopen(
           ^^^^^^^^^^^^^
  File "C:\pythonstuff\wpimport\env\Lib\site-packages\urllib3\connectionpool.py", line 841, in urlopen
    retries = retries.increment(
              ^^^^^^^^^^^^^^^^^^
  File "C:\pythonstuff\wpimport\env\Lib\site-packages\urllib3\util\retry.py", line 519, in increment
    raise MaxRetryError(_pool, url, reason) from reason  # type: ignore[arg-type]
    ^^^^^^^^^^^^^^^^^^^^^^^^^^^^^^^^^^^^^^^^^^^^^^^^^^^
urllib3.exceptions.MaxRetryError: HTTPSConnectionPool(host='shane.maxusvanparts.co.uk', port=443): Max retries exceeded with url: /wp-json/wc/v3/products/75183 (Caused by NameResolutionError("HTTPSConnection(host='shane.maxusvanparts.co.uk', port=443): Failed to resolve 'shane.maxusvanparts.co.uk' ([Errno 11001] getaddrinfo failed)"))

During handling of the above exception, another exception occurred:

Traceback (most recent call last):
  File "C:\pythonstuff\wpimport\create_all_duplicates.py", line 226, in main
    new_product = duplicate_product(product_id)
                  ^^^^^^^^^^^^^^^^^^^^^^^^^^^^^
  File "C:\pythonstuff\wpimport\createduplicates.py", line 86, in duplicate_product
    resp = wcapi.get(f"products/{product_id}")
           ^^^^^^^^^^^^^^^^^^^^^^^^^^^^^^^^^^^
  File "C:\pythonstuff\wpimport\env\Lib\site-packages\woocommerce\api.py", line 106, in get
    return self.__request("GET", endpoint, None, **kwargs)
           ^^^^^^^^^^^^^^^^^^^^^^^^^^^^^^^^^^^^^^^^^^^^^^^
  File "C:\pythonstuff\wpimport\env\Lib\site-packages\woocommerce\api.py", line 92, in __request
    return request(
           ^^^^^^^^
  File "C:\pythonstuff\wpimport\env\Lib\site-packages\requests\api.py", line 59, in request
    return session.request(method=method, url=url, **kwargs)
           ^^^^^^^^^^^^^^^^^^^^^^^^^^^^^^^^^^^^^^^^^^^^^^^^^
  File "C:\pythonstuff\wpimport\env\Lib\site-packages\requests\sessions.py", line 589, in request
    resp = self.send(prep, **send_kwargs)
           ^^^^^^^^^^^^^^^^^^^^^^^^^^^^^^
  File "C:\pythonstuff\wpimport\env\Lib\site-packages\requests\sessions.py", line 703, in send
    r = adapter.send(request, **kwargs)
        ^^^^^^^^^^^^^^^^^^^^^^^^^^^^^^^
  File "C:\pythonstuff\wpimport\env\Lib\site-packages\requests\adapters.py", line 519, in send
    raise ConnectionError(e, request=request)
requests.exceptions.ConnectionError: HTTPSConnectionPool(host='shane.maxusvanparts.co.uk', port=443): Max retries exceeded with url: /wp-json/wc/v3/products/75183 (Caused by NameResolutionError("HTTPSConnection(host='shane.maxusvanparts.co.uk', port=443): Failed to resolve 'shane.maxusvanparts.co.uk' ([Errno 11001] getaddrinfo failed)"))
2026-09-17 05:41:31 INFO [1238] Creating duplicate for product id=75178 sku=C00141860-7ECEDD replacement_sku=C00221029
2026-09-17 05:41:31 ERROR [1238] Unexpected error duplicating product id=75178
Traceback (most recent call last):
  File "C:\pythonstuff\wpimport\env\Lib\site-packages\urllib3\connection.py", line 204, in _new_conn
    sock = connection.create_connection(
           ^^^^^^^^^^^^^^^^^^^^^^^^^^^^^
  File "C:\pythonstuff\wpimport\env\Lib\site-packages\urllib3\util\connection.py", line 60, in create_connection
    for res in socket.getaddrinfo(host, port, family, socket.SOCK_STREAM):
               ^^^^^^^^^^^^^^^^^^^^^^^^^^^^^^^^^^^^^^^^^^^^^^^^^^^^^^^^^^
  File "C:\Users\User\AppData\Local\Programs\Python\Python312\Lib\socket.py", line 976, in getaddrinfo
    for res in _socket.getaddrinfo(host, port, family, type, proto, flags):
               ^^^^^^^^^^^^^^^^^^^^^^^^^^^^^^^^^^^^^^^^^^^^^^^^^^^^^^^^^^^
socket.gaierror: [Errno 11001] getaddrinfo failed

The above exception was the direct cause of the following exception:

Traceback (most recent call last):
  File "C:\pythonstuff\wpimport\env\Lib\site-packages\urllib3\connectionpool.py", line 787, in urlopen
    response = self._make_request(
               ^^^^^^^^^^^^^^^^^^^
  File "C:\pythonstuff\wpimport\env\Lib\site-packages\urllib3\connectionpool.py", line 488, in _make_request
    raise new_e
  File "C:\pythonstuff\wpimport\env\Lib\site-packages\urllib3\connectionpool.py", line 464, in _make_request
    self._validate_conn(conn)
  File "C:\pythonstuff\wpimport\env\Lib\site-packages\urllib3\connectionpool.py", line 1093, in _validate_conn
    conn.connect()
  File "C:\pythonstuff\wpimport\env\Lib\site-packages\urllib3\connection.py", line 759, in connect
    self.sock = sock = self._new_conn()
                       ^^^^^^^^^^^^^^^^
  File "C:\pythonstuff\wpimport\env\Lib\site-packages\urllib3\connection.py", line 211, in _new_conn
    raise NameResolutionError(self.host, self, e) from e
urllib3.exceptions.NameResolutionError: HTTPSConnection(host='shane.maxusvanparts.co.uk', port=443): Failed to resolve 'shane.maxusvanparts.co.uk' ([Errno 11001] getaddrinfo failed)

The above exception was the direct cause of the following exception:

Traceback (most recent call last):
  File "C:\pythonstuff\wpimport\env\Lib\site-packages\requests\adapters.py", line 486, in send
    resp = conn.urlopen(
           ^^^^^^^^^^^^^
  File "C:\pythonstuff\wpimport\env\Lib\site-packages\urllib3\connectionpool.py", line 841, in urlopen
    retries = retries.increment(
              ^^^^^^^^^^^^^^^^^^
  File "C:\pythonstuff\wpimport\env\Lib\site-packages\urllib3\util\retry.py", line 519, in increment
    raise MaxRetryError(_pool, url, reason) from reason  # type: ignore[arg-type]
    ^^^^^^^^^^^^^^^^^^^^^^^^^^^^^^^^^^^^^^^^^^^^^^^^^^^
urllib3.exceptions.MaxRetryError: HTTPSConnectionPool(host='shane.maxusvanparts.co.uk', port=443): Max retries exceeded with url: /wp-json/wc/v3/products/75178 (Caused by NameResolutionError("HTTPSConnection(host='shane.maxusvanparts.co.uk', port=443): Failed to resolve 'shane.maxusvanparts.co.uk' ([Errno 11001] getaddrinfo failed)"))

During handling of the above exception, another exception occurred:

Traceback (most recent call last):
  File "C:\pythonstuff\wpimport\create_all_duplicates.py", line 226, in main
    new_product = duplicate_product(product_id)
                  ^^^^^^^^^^^^^^^^^^^^^^^^^^^^^
  File "C:\pythonstuff\wpimport\createduplicates.py", line 86, in duplicate_product
    resp = wcapi.get(f"products/{product_id}")
           ^^^^^^^^^^^^^^^^^^^^^^^^^^^^^^^^^^^
  File "C:\pythonstuff\wpimport\env\Lib\site-packages\woocommerce\api.py", line 106, in get
    return self.__request("GET", endpoint, None, **kwargs)
           ^^^^^^^^^^^^^^^^^^^^^^^^^^^^^^^^^^^^^^^^^^^^^^^
  File "C:\pythonstuff\wpimport\env\Lib\site-packages\woocommerce\api.py", line 92, in __request
    return request(
           ^^^^^^^^
  File "C:\pythonstuff\wpimport\env\Lib\site-packages\requests\api.py", line 59, in request
    return session.request(method=method, url=url, **kwargs)
           ^^^^^^^^^^^^^^^^^^^^^^^^^^^^^^^^^^^^^^^^^^^^^^^^^
  File "C:\pythonstuff\wpimport\env\Lib\site-packages\requests\sessions.py", line 589, in request
    resp = self.send(prep, **send_kwargs)
           ^^^^^^^^^^^^^^^^^^^^^^^^^^^^^^
  File "C:\pythonstuff\wpimport\env\Lib\site-packages\requests\sessions.py", line 703, in send
    r = adapter.send(request, **kwargs)
        ^^^^^^^^^^^^^^^^^^^^^^^^^^^^^^^
  File "C:\pythonstuff\wpimport\env\Lib\site-packages\requests\adapters.py", line 519, in send
    raise ConnectionError(e, request=request)
requests.exceptions.ConnectionError: HTTPSConnectionPool(host='shane.maxusvanparts.co.uk', port=443): Max retries exceeded with url: /wp-json/wc/v3/products/75178 (Caused by NameResolutionError("HTTPSConnection(host='shane.maxusvanparts.co.uk', port=443): Failed to resolve 'shane.maxusvanparts.co.uk' ([Errno 11001] getaddrinfo failed)"))
2026-09-17 05:41:31 INFO [1239] Creating duplicate for product id=75165 sku=C00120691-D01409 replacement_sku=C00678893
2026-09-17 05:41:31 ERROR [1239] Unexpected error duplicating product id=75165
Traceback (most recent call last):
  File "C:\pythonstuff\wpimport\env\Lib\site-packages\urllib3\connection.py", line 204, in _new_conn
    sock = connection.create_connection(
           ^^^^^^^^^^^^^^^^^^^^^^^^^^^^^
  File "C:\pythonstuff\wpimport\env\Lib\site-packages\urllib3\util\connection.py", line 60, in create_connection
    for res in socket.getaddrinfo(host, port, family, socket.SOCK_STREAM):
               ^^^^^^^^^^^^^^^^^^^^^^^^^^^^^^^^^^^^^^^^^^^^^^^^^^^^^^^^^^
  File "C:\Users\User\AppData\Local\Programs\Python\Python312\Lib\socket.py", line 976, in getaddrinfo
    for res in _socket.getaddrinfo(host, port, family, type, proto, flags):
               ^^^^^^^^^^^^^^^^^^^^^^^^^^^^^^^^^^^^^^^^^^^^^^^^^^^^^^^^^^^
socket.gaierror: [Errno 11001] getaddrinfo failed

The above exception was the direct cause of the following exception:

Traceback (most recent call last):
  File "C:\pythonstuff\wpimport\env\Lib\site-packages\urllib3\connectionpool.py", line 787, in urlopen
    response = self._make_request(
               ^^^^^^^^^^^^^^^^^^^
  File "C:\pythonstuff\wpimport\env\Lib\site-packages\urllib3\connectionpool.py", line 488, in _make_request
    raise new_e
  File "C:\pythonstuff\wpimport\env\Lib\site-packages\urllib3\connectionpool.py", line 464, in _make_request
    self._validate_conn(conn)
  File "C:\pythonstuff\wpimport\env\Lib\site-packages\urllib3\connectionpool.py", line 1093, in _validate_conn
    conn.connect()
  File "C:\pythonstuff\wpimport\env\Lib\site-packages\urllib3\connection.py", line 759, in connect
    self.sock = sock = self._new_conn()
                       ^^^^^^^^^^^^^^^^
  File "C:\pythonstuff\wpimport\env\Lib\site-packages\urllib3\connection.py", line 211, in _new_conn
    raise NameResolutionError(self.host, self, e) from e
urllib3.exceptions.NameResolutionError: HTTPSConnection(host='shane.maxusvanparts.co.uk', port=443): Failed to resolve 'shane.maxusvanparts.co.uk' ([Errno 11001] getaddrinfo failed)

The above exception was the direct cause of the following exception:

Traceback (most recent call last):
  File "C:\pythonstuff\wpimport\env\Lib\site-packages\requests\adapters.py", line 486, in send
    resp = conn.urlopen(
           ^^^^^^^^^^^^^
  File "C:\pythonstuff\wpimport\env\Lib\site-packages\urllib3\connectionpool.py", line 841, in urlopen
    retries = retries.increment(
              ^^^^^^^^^^^^^^^^^^
  File "C:\pythonstuff\wpimport\env\Lib\site-packages\urllib3\util\retry.py", line 519, in increment
    raise MaxRetryError(_pool, url, reason) from reason  # type: ignore[arg-type]
    ^^^^^^^^^^^^^^^^^^^^^^^^^^^^^^^^^^^^^^^^^^^^^^^^^^^
urllib3.exceptions.MaxRetryError: HTTPSConnectionPool(host='shane.maxusvanparts.co.uk', port=443): Max retries exceeded with url: /wp-json/wc/v3/products/75165 (Caused by NameResolutionError("HTTPSConnection(host='shane.maxusvanparts.co.uk', port=443): Failed to resolve 'shane.maxusvanparts.co.uk' ([Errno 11001] getaddrinfo failed)"))

During handling of the above exception, another exception occurred:

Traceback (most recent call last):
  File "C:\pythonstuff\wpimport\create_all_duplicates.py", line 226, in main
    new_product = duplicate_product(product_id)
                  ^^^^^^^^^^^^^^^^^^^^^^^^^^^^^
  File "C:\pythonstuff\wpimport\createduplicates.py", line 86, in duplicate_product
    resp = wcapi.get(f"products/{product_id}")
           ^^^^^^^^^^^^^^^^^^^^^^^^^^^^^^^^^^^
  File "C:\pythonstuff\wpimport\env\Lib\site-packages\woocommerce\api.py", line 106, in get
    return self.__request("GET", endpoint, None, **kwargs)
           ^^^^^^^^^^^^^^^^^^^^^^^^^^^^^^^^^^^^^^^^^^^^^^^
  File "C:\pythonstuff\wpimport\env\Lib\site-packages\woocommerce\api.py", line 92, in __request
    return request(
           ^^^^^^^^
  File "C:\pythonstuff\wpimport\env\Lib\site-packages\requests\api.py", line 59, in request
    return session.request(method=method, url=url, **kwargs)
           ^^^^^^^^^^^^^^^^^^^^^^^^^^^^^^^^^^^^^^^^^^^^^^^^^
  File "C:\pythonstuff\wpimport\env\Lib\site-packages\requests\sessions.py", line 589, in request
    resp = self.send(prep, **send_kwargs)
           ^^^^^^^^^^^^^^^^^^^^^^^^^^^^^^
  File "C:\pythonstuff\wpimport\env\Lib\site-packages\requests\sessions.py", line 703, in send
    r = adapter.send(request, **kwargs)
        ^^^^^^^^^^^^^^^^^^^^^^^^^^^^^^^
  File "C:\pythonstuff\wpimport\env\Lib\site-packages\requests\adapters.py", line 519, in send
    raise ConnectionError(e, request=request)
requests.exceptions.ConnectionError: HTTPSConnectionPool(host='shane.maxusvanparts.co.uk', port=443): Max retries exceeded with url: /wp-json/wc/v3/products/75165 (Caused by NameResolutionError("HTTPSConnection(host='shane.maxusvanparts.co.uk', port=443): Failed to resolve 'shane.maxusvanparts.co.uk' ([Errno 11001] getaddrinfo failed)"))
2026-09-17 05:41:31 INFO [1240] Creating duplicate for product id=75176 sku=C00159353-909A10 replacement_sku=C00519028
2026-09-17 05:41:31 ERROR [1240] Unexpected error duplicating product id=75176
Traceback (most recent call last):
  File "C:\pythonstuff\wpimport\env\Lib\site-packages\urllib3\connection.py", line 204, in _new_conn
    sock = connection.create_connection(
           ^^^^^^^^^^^^^^^^^^^^^^^^^^^^^
  File "C:\pythonstuff\wpimport\env\Lib\site-packages\urllib3\util\connection.py", line 60, in create_connection
    for res in socket.getaddrinfo(host, port, family, socket.SOCK_STREAM):
               ^^^^^^^^^^^^^^^^^^^^^^^^^^^^^^^^^^^^^^^^^^^^^^^^^^^^^^^^^^
  File "C:\Users\User\AppData\Local\Programs\Python\Python312\Lib\socket.py", line 976, in getaddrinfo
    for res in _socket.getaddrinfo(host, port, family, type, proto, flags):
               ^^^^^^^^^^^^^^^^^^^^^^^^^^^^^^^^^^^^^^^^^^^^^^^^^^^^^^^^^^^
socket.gaierror: [Errno 11001] getaddrinfo failed

The above exception was the direct cause of the following exception:

Traceback (most recent call last):
  File "C:\pythonstuff\wpimport\env\Lib\site-packages\urllib3\connectionpool.py", line 787, in urlopen
    response = self._make_request(
               ^^^^^^^^^^^^^^^^^^^
  File "C:\pythonstuff\wpimport\env\Lib\site-packages\urllib3\connectionpool.py", line 488, in _make_request
    raise new_e
  File "C:\pythonstuff\wpimport\env\Lib\site-packages\urllib3\connectionpool.py", line 464, in _make_request
    self._validate_conn(conn)
  File "C:\pythonstuff\wpimport\env\Lib\site-packages\urllib3\connectionpool.py", line 1093, in _validate_conn
    conn.connect()
  File "C:\pythonstuff\wpimport\env\Lib\site-packages\urllib3\connection.py", line 759, in connect
    self.sock = sock = self._new_conn()
                       ^^^^^^^^^^^^^^^^
  File "C:\pythonstuff\wpimport\env\Lib\site-packages\urllib3\connection.py", line 211, in _new_conn
    raise NameResolutionError(self.host, self, e) from e
urllib3.exceptions.NameResolutionError: HTTPSConnection(host='shane.maxusvanparts.co.uk', port=443): Failed to resolve 'shane.maxusvanparts.co.uk' ([Errno 11001] getaddrinfo failed)

The above exception was the direct cause of the following exception:

Traceback (most recent call last):
  File "C:\pythonstuff\wpimport\env\Lib\site-packages\requests\adapters.py", line 486, in send
    resp = conn.urlopen(
           ^^^^^^^^^^^^^
  File "C:\pythonstuff\wpimport\env\Lib\site-packages\urllib3\connectionpool.py", line 841, in urlopen
    retries = retries.increment(
              ^^^^^^^^^^^^^^^^^^
  File "C:\pythonstuff\wpimport\env\Lib\site-packages\urllib3\util\retry.py", line 519, in increment
    raise MaxRetryError(_pool, url, reason) from reason  # type: ignore[arg-type]
    ^^^^^^^^^^^^^^^^^^^^^^^^^^^^^^^^^^^^^^^^^^^^^^^^^^^
urllib3.exceptions.MaxRetryError: HTTPSConnectionPool(host='shane.maxusvanparts.co.uk', port=443): Max retries exceeded with url: /wp-json/wc/v3/products/75176 (Caused by NameResolutionError("HTTPSConnection(host='shane.maxusvanparts.co.uk', port=443): Failed to resolve 'shane.maxusvanparts.co.uk' ([Errno 11001] getaddrinfo failed)"))

During handling of the above exception, another exception occurred:

Traceback (most recent call last):
  File "C:\pythonstuff\wpimport\create_all_duplicates.py", line 226, in main
    new_product = duplicate_product(product_id)
                  ^^^^^^^^^^^^^^^^^^^^^^^^^^^^^
  File "C:\pythonstuff\wpimport\createduplicates.py", line 86, in duplicate_product
    resp = wcapi.get(f"products/{product_id}")
           ^^^^^^^^^^^^^^^^^^^^^^^^^^^^^^^^^^^
  File "C:\pythonstuff\wpimport\env\Lib\site-packages\woocommerce\api.py", line 106, in get
    return self.__request("GET", endpoint, None, **kwargs)
           ^^^^^^^^^^^^^^^^^^^^^^^^^^^^^^^^^^^^^^^^^^^^^^^
  File "C:\pythonstuff\wpimport\env\Lib\site-packages\woocommerce\api.py", line 92, in __request
    return request(
           ^^^^^^^^
  File "C:\pythonstuff\wpimport\env\Lib\site-packages\requests\api.py", line 59, in request
    return session.request(method=method, url=url, **kwargs)
           ^^^^^^^^^^^^^^^^^^^^^^^^^^^^^^^^^^^^^^^^^^^^^^^^^
  File "C:\pythonstuff\wpimport\env\Lib\site-packages\requests\sessions.py", line 589, in request
    resp = self.send(prep, **send_kwargs)
           ^^^^^^^^^^^^^^^^^^^^^^^^^^^^^^
  File "C:\pythonstuff\wpimport\env\Lib\site-packages\requests\sessions.py", line 703, in send
    r = adapter.send(request, **kwargs)
        ^^^^^^^^^^^^^^^^^^^^^^^^^^^^^^^
  File "C:\pythonstuff\wpimport\env\Lib\site-packages\requests\adapters.py", line 519, in send
    raise ConnectionError(e, request=request)
requests.exceptions.ConnectionError: HTTPSConnectionPool(host='shane.maxusvanparts.co.uk', port=443): Max retries exceeded with url: /wp-json/wc/v3/products/75176 (Caused by NameResolutionError("HTTPSConnection(host='shane.maxusvanparts.co.uk', port=443): Failed to resolve 'shane.maxusvanparts.co.uk' ([Errno 11001] getaddrinfo failed)"))
2026-09-17 05:41:31 INFO [1241] Creating duplicate for product id=75174 sku=C00113075-AC09E0 replacement_sku=C00250715
2026-09-17 05:41:31 ERROR [1241] Unexpected error duplicating product id=75174
Traceback (most recent call last):
  File "C:\pythonstuff\wpimport\env\Lib\site-packages\urllib3\connection.py", line 204, in _new_conn
    sock = connection.create_connection(
           ^^^^^^^^^^^^^^^^^^^^^^^^^^^^^
  File "C:\pythonstuff\wpimport\env\Lib\site-packages\urllib3\util\connection.py", line 60, in create_connection
    for res in socket.getaddrinfo(host, port, family, socket.SOCK_STREAM):
               ^^^^^^^^^^^^^^^^^^^^^^^^^^^^^^^^^^^^^^^^^^^^^^^^^^^^^^^^^^
  File "C:\Users\User\AppData\Local\Programs\Python\Python312\Lib\socket.py", line 976, in getaddrinfo
    for res in _socket.getaddrinfo(host, port, family, type, proto, flags):
               ^^^^^^^^^^^^^^^^^^^^^^^^^^^^^^^^^^^^^^^^^^^^^^^^^^^^^^^^^^^
socket.gaierror: [Errno 11001] getaddrinfo failed

The above exception was the direct cause of the following exception:

Traceback (most recent call last):
  File "C:\pythonstuff\wpimport\env\Lib\site-packages\urllib3\connectionpool.py", line 787, in urlopen
    response = self._make_request(
               ^^^^^^^^^^^^^^^^^^^
  File "C:\pythonstuff\wpimport\env\Lib\site-packages\urllib3\connectionpool.py", line 488, in _make_request
    raise new_e
  File "C:\pythonstuff\wpimport\env\Lib\site-packages\urllib3\connectionpool.py", line 464, in _make_request
    self._validate_conn(conn)
  File "C:\pythonstuff\wpimport\env\Lib\site-packages\urllib3\connectionpool.py", line 1093, in _validate_conn
    conn.connect()
  File "C:\pythonstuff\wpimport\env\Lib\site-packages\urllib3\connection.py", line 759, in connect
    self.sock = sock = self._new_conn()
                       ^^^^^^^^^^^^^^^^
  File "C:\pythonstuff\wpimport\env\Lib\site-packages\urllib3\connection.py", line 211, in _new_conn
    raise NameResolutionError(self.host, self, e) from e
urllib3.exceptions.NameResolutionError: HTTPSConnection(host='shane.maxusvanparts.co.uk', port=443): Failed to resolve 'shane.maxusvanparts.co.uk' ([Errno 11001] getaddrinfo failed)

The above exception was the direct cause of the following exception:

Traceback (most recent call last):
  File "C:\pythonstuff\wpimport\env\Lib\site-packages\requests\adapters.py", line 486, in send
    resp = conn.urlopen(
           ^^^^^^^^^^^^^
  File "C:\pythonstuff\wpimport\env\Lib\site-packages\urllib3\connectionpool.py", line 841, in urlopen
    retries = retries.increment(
              ^^^^^^^^^^^^^^^^^^
  File "C:\pythonstuff\wpimport\env\Lib\site-packages\urllib3\util\retry.py", line 519, in increment
    raise MaxRetryError(_pool, url, reason) from reason  # type: ignore[arg-type]
    ^^^^^^^^^^^^^^^^^^^^^^^^^^^^^^^^^^^^^^^^^^^^^^^^^^^
urllib3.exceptions.MaxRetryError: HTTPSConnectionPool(host='shane.maxusvanparts.co.uk', port=443): Max retries exceeded with url: /wp-json/wc/v3/products/75174 (Caused by NameResolutionError("HTTPSConnection(host='shane.maxusvanparts.co.uk', port=443): Failed to resolve 'shane.maxusvanparts.co.uk' ([Errno 11001] getaddrinfo failed)"))

During handling of the above exception, another exception occurred:

Traceback (most recent call last):
  File "C:\pythonstuff\wpimport\create_all_duplicates.py", line 226, in main
    new_product = duplicate_product(product_id)
                  ^^^^^^^^^^^^^^^^^^^^^^^^^^^^^
  File "C:\pythonstuff\wpimport\createduplicates.py", line 86, in duplicate_product
    resp = wcapi.get(f"products/{product_id}")
           ^^^^^^^^^^^^^^^^^^^^^^^^^^^^^^^^^^^
  File "C:\pythonstuff\wpimport\env\Lib\site-packages\woocommerce\api.py", line 106, in get
    return self.__request("GET", endpoint, None, **kwargs)
           ^^^^^^^^^^^^^^^^^^^^^^^^^^^^^^^^^^^^^^^^^^^^^^^
  File "C:\pythonstuff\wpimport\env\Lib\site-packages\woocommerce\api.py", line 92, in __request
    return request(
           ^^^^^^^^
  File "C:\pythonstuff\wpimport\env\Lib\site-packages\requests\api.py", line 59, in request
    return session.request(method=method, url=url, **kwargs)
           ^^^^^^^^^^^^^^^^^^^^^^^^^^^^^^^^^^^^^^^^^^^^^^^^^
  File "C:\pythonstuff\wpimport\env\Lib\site-packages\requests\sessions.py", line 589, in request
    resp = self.send(prep, **send_kwargs)
           ^^^^^^^^^^^^^^^^^^^^^^^^^^^^^^
  File "C:\pythonstuff\wpimport\env\Lib\site-packages\requests\sessions.py", line 703, in send
    r = adapter.send(request, **kwargs)
        ^^^^^^^^^^^^^^^^^^^^^^^^^^^^^^^
  File "C:\pythonstuff\wpimport\env\Lib\site-packages\requests\adapters.py", line 519, in send
    raise ConnectionError(e, request=request)
requests.exceptions.ConnectionError: HTTPSConnectionPool(host='shane.maxusvanparts.co.uk', port=443): Max retries exceeded with url: /wp-json/wc/v3/products/75174 (Caused by NameResolutionError("HTTPSConnection(host='shane.maxusvanparts.co.uk', port=443): Failed to resolve 'shane.maxusvanparts.co.uk' ([Errno 11001] getaddrinfo failed)"))
2026-09-17 05:41:31 INFO [1242] Creating duplicate for product id=75157 sku=C00108742-4100-0C6BAF replacement_sku=C00291778-4100
2026-09-17 05:41:31 ERROR [1242] Unexpected error duplicating product id=75157
Traceback (most recent call last):
  File "C:\pythonstuff\wpimport\env\Lib\site-packages\urllib3\connection.py", line 204, in _new_conn
    sock = connection.create_connection(
           ^^^^^^^^^^^^^^^^^^^^^^^^^^^^^
  File "C:\pythonstuff\wpimport\env\Lib\site-packages\urllib3\util\connection.py", line 60, in create_connection
    for res in socket.getaddrinfo(host, port, family, socket.SOCK_STREAM):
               ^^^^^^^^^^^^^^^^^^^^^^^^^^^^^^^^^^^^^^^^^^^^^^^^^^^^^^^^^^
  File "C:\Users\User\AppData\Local\Programs\Python\Python312\Lib\socket.py", line 976, in getaddrinfo
    for res in _socket.getaddrinfo(host, port, family, type, proto, flags):
               ^^^^^^^^^^^^^^^^^^^^^^^^^^^^^^^^^^^^^^^^^^^^^^^^^^^^^^^^^^^
socket.gaierror: [Errno 11001] getaddrinfo failed

The above exception was the direct cause of the following exception:

Traceback (most recent call last):
  File "C:\pythonstuff\wpimport\env\Lib\site-packages\urllib3\connectionpool.py", line 787, in urlopen
    response = self._make_request(
               ^^^^^^^^^^^^^^^^^^^
  File "C:\pythonstuff\wpimport\env\Lib\site-packages\urllib3\connectionpool.py", line 488, in _make_request
    raise new_e
  File "C:\pythonstuff\wpimport\env\Lib\site-packages\urllib3\connectionpool.py", line 464, in _make_request
    self._validate_conn(conn)
  File "C:\pythonstuff\wpimport\env\Lib\site-packages\urllib3\connectionpool.py", line 1093, in _validate_conn
    conn.connect()
  File "C:\pythonstuff\wpimport\env\Lib\site-packages\urllib3\connection.py", line 759, in connect
    self.sock = sock = self._new_conn()
                       ^^^^^^^^^^^^^^^^
  File "C:\pythonstuff\wpimport\env\Lib\site-packages\urllib3\connection.py", line 211, in _new_conn
    raise NameResolutionError(self.host, self, e) from e
urllib3.exceptions.NameResolutionError: HTTPSConnection(host='shane.maxusvanparts.co.uk', port=443): Failed to resolve 'shane.maxusvanparts.co.uk' ([Errno 11001] getaddrinfo failed)

The above exception was the direct cause of the following exception:

Traceback (most recent call last):
  File "C:\pythonstuff\wpimport\env\Lib\site-packages\requests\adapters.py", line 486, in send
    resp = conn.urlopen(
           ^^^^^^^^^^^^^
  File "C:\pythonstuff\wpimport\env\Lib\site-packages\urllib3\connectionpool.py", line 841, in urlopen
    retries = retries.increment(
              ^^^^^^^^^^^^^^^^^^
  File "C:\pythonstuff\wpimport\env\Lib\site-packages\urllib3\util\retry.py", line 519, in increment
    raise MaxRetryError(_pool, url, reason) from reason  # type: ignore[arg-type]
    ^^^^^^^^^^^^^^^^^^^^^^^^^^^^^^^^^^^^^^^^^^^^^^^^^^^
urllib3.exceptions.MaxRetryError: HTTPSConnectionPool(host='shane.maxusvanparts.co.uk', port=443): Max retries exceeded with url: /wp-json/wc/v3/products/75157 (Caused by NameResolutionError("HTTPSConnection(host='shane.maxusvanparts.co.uk', port=443): Failed to resolve 'shane.maxusvanparts.co.uk' ([Errno 11001] getaddrinfo failed)"))

During handling of the above exception, another exception occurred:

Traceback (most recent call last):
  File "C:\pythonstuff\wpimport\create_all_duplicates.py", line 226, in main
    new_product = duplicate_product(product_id)
                  ^^^^^^^^^^^^^^^^^^^^^^^^^^^^^
  File "C:\pythonstuff\wpimport\createduplicates.py", line 86, in duplicate_product
    resp = wcapi.get(f"products/{product_id}")
           ^^^^^^^^^^^^^^^^^^^^^^^^^^^^^^^^^^^
  File "C:\pythonstuff\wpimport\env\Lib\site-packages\woocommerce\api.py", line 106, in get
    return self.__request("GET", endpoint, None, **kwargs)
           ^^^^^^^^^^^^^^^^^^^^^^^^^^^^^^^^^^^^^^^^^^^^^^^
  File "C:\pythonstuff\wpimport\env\Lib\site-packages\woocommerce\api.py", line 92, in __request
    return request(
           ^^^^^^^^
  File "C:\pythonstuff\wpimport\env\Lib\site-packages\requests\api.py", line 59, in request
    return session.request(method=method, url=url, **kwargs)
           ^^^^^^^^^^^^^^^^^^^^^^^^^^^^^^^^^^^^^^^^^^^^^^^^^
  File "C:\pythonstuff\wpimport\env\Lib\site-packages\requests\sessions.py", line 589, in request
    resp = self.send(prep, **send_kwargs)
           ^^^^^^^^^^^^^^^^^^^^^^^^^^^^^^
  File "C:\pythonstuff\wpimport\env\Lib\site-packages\requests\sessions.py", line 703, in send
    r = adapter.send(request, **kwargs)
        ^^^^^^^^^^^^^^^^^^^^^^^^^^^^^^^
  File "C:\pythonstuff\wpimport\env\Lib\site-packages\requests\adapters.py", line 519, in send
    raise ConnectionError(e, request=request)
requests.exceptions.ConnectionError: HTTPSConnectionPool(host='shane.maxusvanparts.co.uk', port=443): Max retries exceeded with url: /wp-json/wc/v3/products/75157 (Caused by NameResolutionError("HTTPSConnection(host='shane.maxusvanparts.co.uk', port=443): Failed to resolve 'shane.maxusvanparts.co.uk' ([Errno 11001] getaddrinfo failed)"))
2026-09-17 05:41:31 INFO [1243] Creating duplicate for product id=75107 sku=C00134933-1F10EB replacement_sku=C00230882
2026-09-17 05:41:31 ERROR [1243] Unexpected error duplicating product id=75107
Traceback (most recent call last):
  File "C:\pythonstuff\wpimport\env\Lib\site-packages\urllib3\connection.py", line 204, in _new_conn
    sock = connection.create_connection(
           ^^^^^^^^^^^^^^^^^^^^^^^^^^^^^
  File "C:\pythonstuff\wpimport\env\Lib\site-packages\urllib3\util\connection.py", line 60, in create_connection
    for res in socket.getaddrinfo(host, port, family, socket.SOCK_STREAM):
               ^^^^^^^^^^^^^^^^^^^^^^^^^^^^^^^^^^^^^^^^^^^^^^^^^^^^^^^^^^
  File "C:\Users\User\AppData\Local\Programs\Python\Python312\Lib\socket.py", line 976, in getaddrinfo
    for res in _socket.getaddrinfo(host, port, family, type, proto, flags):
               ^^^^^^^^^^^^^^^^^^^^^^^^^^^^^^^^^^^^^^^^^^^^^^^^^^^^^^^^^^^
socket.gaierror: [Errno 11001] getaddrinfo failed

The above exception was the direct cause of the following exception:

Traceback (most recent call last):
  File "C:\pythonstuff\wpimport\env\Lib\site-packages\urllib3\connectionpool.py", line 787, in urlopen
    response = self._make_request(
               ^^^^^^^^^^^^^^^^^^^
  File "C:\pythonstuff\wpimport\env\Lib\site-packages\urllib3\connectionpool.py", line 488, in _make_request
    raise new_e
  File "C:\pythonstuff\wpimport\env\Lib\site-packages\urllib3\connectionpool.py", line 464, in _make_request
    self._validate_conn(conn)
  File "C:\pythonstuff\wpimport\env\Lib\site-packages\urllib3\connectionpool.py", line 1093, in _validate_conn
    conn.connect()
  File "C:\pythonstuff\wpimport\env\Lib\site-packages\urllib3\connection.py", line 759, in connect
    self.sock = sock = self._new_conn()
                       ^^^^^^^^^^^^^^^^
  File "C:\pythonstuff\wpimport\env\Lib\site-packages\urllib3\connection.py", line 211, in _new_conn
    raise NameResolutionError(self.host, self, e) from e
urllib3.exceptions.NameResolutionError: HTTPSConnection(host='shane.maxusvanparts.co.uk', port=443): Failed to resolve 'shane.maxusvanparts.co.uk' ([Errno 11001] getaddrinfo failed)

The above exception was the direct cause of the following exception:

Traceback (most recent call last):
  File "C:\pythonstuff\wpimport\env\Lib\site-packages\requests\adapters.py", line 486, in send
    resp = conn.urlopen(
           ^^^^^^^^^^^^^
  File "C:\pythonstuff\wpimport\env\Lib\site-packages\urllib3\connectionpool.py", line 841, in urlopen
    retries = retries.increment(
              ^^^^^^^^^^^^^^^^^^
  File "C:\pythonstuff\wpimport\env\Lib\site-packages\urllib3\util\retry.py", line 519, in increment
    raise MaxRetryError(_pool, url, reason) from reason  # type: ignore[arg-type]
    ^^^^^^^^^^^^^^^^^^^^^^^^^^^^^^^^^^^^^^^^^^^^^^^^^^^
urllib3.exceptions.MaxRetryError: HTTPSConnectionPool(host='shane.maxusvanparts.co.uk', port=443): Max retries exceeded with url: /wp-json/wc/v3/products/75107 (Caused by NameResolutionError("HTTPSConnection(host='shane.maxusvanparts.co.uk', port=443): Failed to resolve 'shane.maxusvanparts.co.uk' ([Errno 11001] getaddrinfo failed)"))

During handling of the above exception, another exception occurred:

Traceback (most recent call last):
  File "C:\pythonstuff\wpimport\create_all_duplicates.py", line 226, in main
    new_product = duplicate_product(product_id)
                  ^^^^^^^^^^^^^^^^^^^^^^^^^^^^^
  File "C:\pythonstuff\wpimport\createduplicates.py", line 86, in duplicate_product
    resp = wcapi.get(f"products/{product_id}")
           ^^^^^^^^^^^^^^^^^^^^^^^^^^^^^^^^^^^
  File "C:\pythonstuff\wpimport\env\Lib\site-packages\woocommerce\api.py", line 106, in get
    return self.__request("GET", endpoint, None, **kwargs)
           ^^^^^^^^^^^^^^^^^^^^^^^^^^^^^^^^^^^^^^^^^^^^^^^
  File "C:\pythonstuff\wpimport\env\Lib\site-packages\woocommerce\api.py", line 92, in __request
    return request(
           ^^^^^^^^
  File "C:\pythonstuff\wpimport\env\Lib\site-packages\requests\api.py", line 59, in request
    return session.request(method=method, url=url, **kwargs)
           ^^^^^^^^^^^^^^^^^^^^^^^^^^^^^^^^^^^^^^^^^^^^^^^^^
  File "C:\pythonstuff\wpimport\env\Lib\site-packages\requests\sessions.py", line 589, in request
    resp = self.send(prep, **send_kwargs)
           ^^^^^^^^^^^^^^^^^^^^^^^^^^^^^^
  File "C:\pythonstuff\wpimport\env\Lib\site-packages\requests\sessions.py", line 703, in send
    r = adapter.send(request, **kwargs)
        ^^^^^^^^^^^^^^^^^^^^^^^^^^^^^^^
  File "C:\pythonstuff\wpimport\env\Lib\site-packages\requests\adapters.py", line 519, in send
    raise ConnectionError(e, request=request)
requests.exceptions.ConnectionError: HTTPSConnectionPool(host='shane.maxusvanparts.co.uk', port=443): Max retries exceeded with url: /wp-json/wc/v3/products/75107 (Caused by NameResolutionError("HTTPSConnection(host='shane.maxusvanparts.co.uk', port=443): Failed to resolve 'shane.maxusvanparts.co.uk' ([Errno 11001] getaddrinfo failed)"))
2026-09-17 05:41:31 INFO [1244] Creating duplicate for product id=75065 sku=C00101625-8B217E replacement_sku=C00669185
2026-09-17 05:41:31 ERROR [1244] Unexpected error duplicating product id=75065
Traceback (most recent call last):
  File "C:\pythonstuff\wpimport\env\Lib\site-packages\urllib3\connection.py", line 204, in _new_conn
    sock = connection.create_connection(
           ^^^^^^^^^^^^^^^^^^^^^^^^^^^^^
  File "C:\pythonstuff\wpimport\env\Lib\site-packages\urllib3\util\connection.py", line 60, in create_connection
    for res in socket.getaddrinfo(host, port, family, socket.SOCK_STREAM):
               ^^^^^^^^^^^^^^^^^^^^^^^^^^^^^^^^^^^^^^^^^^^^^^^^^^^^^^^^^^
  File "C:\Users\User\AppData\Local\Programs\Python\Python312\Lib\socket.py", line 976, in getaddrinfo
    for res in _socket.getaddrinfo(host, port, family, type, proto, flags):
               ^^^^^^^^^^^^^^^^^^^^^^^^^^^^^^^^^^^^^^^^^^^^^^^^^^^^^^^^^^^
socket.gaierror: [Errno 11001] getaddrinfo failed

The above exception was the direct cause of the following exception:

Traceback (most recent call last):
  File "C:\pythonstuff\wpimport\env\Lib\site-packages\urllib3\connectionpool.py", line 787, in urlopen
    response = self._make_request(
               ^^^^^^^^^^^^^^^^^^^
  File "C:\pythonstuff\wpimport\env\Lib\site-packages\urllib3\connectionpool.py", line 488, in _make_request
    raise new_e
  File "C:\pythonstuff\wpimport\env\Lib\site-packages\urllib3\connectionpool.py", line 464, in _make_request
    self._validate_conn(conn)
  File "C:\pythonstuff\wpimport\env\Lib\site-packages\urllib3\connectionpool.py", line 1093, in _validate_conn
    conn.connect()
  File "C:\pythonstuff\wpimport\env\Lib\site-packages\urllib3\connection.py", line 759, in connect
    self.sock = sock = self._new_conn()
                       ^^^^^^^^^^^^^^^^
  File "C:\pythonstuff\wpimport\env\Lib\site-packages\urllib3\connection.py", line 211, in _new_conn
    raise NameResolutionError(self.host, self, e) from e
urllib3.exceptions.NameResolutionError: HTTPSConnection(host='shane.maxusvanparts.co.uk', port=443): Failed to resolve 'shane.maxusvanparts.co.uk' ([Errno 11001] getaddrinfo failed)

The above exception was the direct cause of the following exception:

Traceback (most recent call last):
  File "C:\pythonstuff\wpimport\env\Lib\site-packages\requests\adapters.py", line 486, in send
    resp = conn.urlopen(
           ^^^^^^^^^^^^^
  File "C:\pythonstuff\wpimport\env\Lib\site-packages\urllib3\connectionpool.py", line 841, in urlopen
    retries = retries.increment(
              ^^^^^^^^^^^^^^^^^^
  File "C:\pythonstuff\wpimport\env\Lib\site-packages\urllib3\util\retry.py", line 519, in increment
    raise MaxRetryError(_pool, url, reason) from reason  # type: ignore[arg-type]
    ^^^^^^^^^^^^^^^^^^^^^^^^^^^^^^^^^^^^^^^^^^^^^^^^^^^
urllib3.exceptions.MaxRetryError: HTTPSConnectionPool(host='shane.maxusvanparts.co.uk', port=443): Max retries exceeded with url: /wp-json/wc/v3/products/75065 (Caused by NameResolutionError("HTTPSConnection(host='shane.maxusvanparts.co.uk', port=443): Failed to resolve 'shane.maxusvanparts.co.uk' ([Errno 11001] getaddrinfo failed)"))

During handling of the above exception, another exception occurred:

Traceback (most recent call last):
  File "C:\pythonstuff\wpimport\create_all_duplicates.py", line 226, in main
    new_product = duplicate_product(product_id)
                  ^^^^^^^^^^^^^^^^^^^^^^^^^^^^^
  File "C:\pythonstuff\wpimport\createduplicates.py", line 86, in duplicate_product
    resp = wcapi.get(f"products/{product_id}")
           ^^^^^^^^^^^^^^^^^^^^^^^^^^^^^^^^^^^
  File "C:\pythonstuff\wpimport\env\Lib\site-packages\woocommerce\api.py", line 106, in get
    return self.__request("GET", endpoint, None, **kwargs)
           ^^^^^^^^^^^^^^^^^^^^^^^^^^^^^^^^^^^^^^^^^^^^^^^
  File "C:\pythonstuff\wpimport\env\Lib\site-packages\woocommerce\api.py", line 92, in __request
    return request(
           ^^^^^^^^
  File "C:\pythonstuff\wpimport\env\Lib\site-packages\requests\api.py", line 59, in request
    return session.request(method=method, url=url, **kwargs)
           ^^^^^^^^^^^^^^^^^^^^^^^^^^^^^^^^^^^^^^^^^^^^^^^^^
  File "C:\pythonstuff\wpimport\env\Lib\site-packages\requests\sessions.py", line 589, in request
    resp = self.send(prep, **send_kwargs)
           ^^^^^^^^^^^^^^^^^^^^^^^^^^^^^^
  File "C:\pythonstuff\wpimport\env\Lib\site-packages\requests\sessions.py", line 703, in send
    r = adapter.send(request, **kwargs)
        ^^^^^^^^^^^^^^^^^^^^^^^^^^^^^^^
  File "C:\pythonstuff\wpimport\env\Lib\site-packages\requests\adapters.py", line 519, in send
    raise ConnectionError(e, request=request)
requests.exceptions.ConnectionError: HTTPSConnectionPool(host='shane.maxusvanparts.co.uk', port=443): Max retries exceeded with url: /wp-json/wc/v3/products/75065 (Caused by NameResolutionError("HTTPSConnection(host='shane.maxusvanparts.co.uk', port=443): Failed to resolve 'shane.maxusvanparts.co.uk' ([Errno 11001] getaddrinfo failed)"))
2026-09-17 05:41:31 INFO [1245] Creating duplicate for product id=74987 sku=C00096388-4100-85A939 replacement_sku=C00250667-4100
2026-09-17 05:41:31 ERROR [1245] Unexpected error duplicating product id=74987
Traceback (most recent call last):
  File "C:\pythonstuff\wpimport\env\Lib\site-packages\urllib3\connection.py", line 204, in _new_conn
    sock = connection.create_connection(
           ^^^^^^^^^^^^^^^^^^^^^^^^^^^^^
  File "C:\pythonstuff\wpimport\env\Lib\site-packages\urllib3\util\connection.py", line 60, in create_connection
    for res in socket.getaddrinfo(host, port, family, socket.SOCK_STREAM):
               ^^^^^^^^^^^^^^^^^^^^^^^^^^^^^^^^^^^^^^^^^^^^^^^^^^^^^^^^^^
  File "C:\Users\User\AppData\Local\Programs\Python\Python312\Lib\socket.py", line 976, in getaddrinfo
    for res in _socket.getaddrinfo(host, port, family, type, proto, flags):
               ^^^^^^^^^^^^^^^^^^^^^^^^^^^^^^^^^^^^^^^^^^^^^^^^^^^^^^^^^^^
socket.gaierror: [Errno 11001] getaddrinfo failed

The above exception was the direct cause of the following exception:

Traceback (most recent call last):
  File "C:\pythonstuff\wpimport\env\Lib\site-packages\urllib3\connectionpool.py", line 787, in urlopen
    response = self._make_request(
               ^^^^^^^^^^^^^^^^^^^
  File "C:\pythonstuff\wpimport\env\Lib\site-packages\urllib3\connectionpool.py", line 488, in _make_request
    raise new_e
  File "C:\pythonstuff\wpimport\env\Lib\site-packages\urllib3\connectionpool.py", line 464, in _make_request
    self._validate_conn(conn)
  File "C:\pythonstuff\wpimport\env\Lib\site-packages\urllib3\connectionpool.py", line 1093, in _validate_conn
    conn.connect()
  File "C:\pythonstuff\wpimport\env\Lib\site-packages\urllib3\connection.py", line 759, in connect
    self.sock = sock = self._new_conn()
                       ^^^^^^^^^^^^^^^^
  File "C:\pythonstuff\wpimport\env\Lib\site-packages\urllib3\connection.py", line 211, in _new_conn
    raise NameResolutionError(self.host, self, e) from e
urllib3.exceptions.NameResolutionError: HTTPSConnection(host='shane.maxusvanparts.co.uk', port=443): Failed to resolve 'shane.maxusvanparts.co.uk' ([Errno 11001] getaddrinfo failed)

The above exception was the direct cause of the following exception:

Traceback (most recent call last):
  File "C:\pythonstuff\wpimport\env\Lib\site-packages\requests\adapters.py", line 486, in send
    resp = conn.urlopen(
           ^^^^^^^^^^^^^
  File "C:\pythonstuff\wpimport\env\Lib\site-packages\urllib3\connectionpool.py", line 841, in urlopen
    retries = retries.increment(
              ^^^^^^^^^^^^^^^^^^
  File "C:\pythonstuff\wpimport\env\Lib\site-packages\urllib3\util\retry.py", line 519, in increment
    raise MaxRetryError(_pool, url, reason) from reason  # type: ignore[arg-type]
    ^^^^^^^^^^^^^^^^^^^^^^^^^^^^^^^^^^^^^^^^^^^^^^^^^^^
urllib3.exceptions.MaxRetryError: HTTPSConnectionPool(host='shane.maxusvanparts.co.uk', port=443): Max retries exceeded with url: /wp-json/wc/v3/products/74987 (Caused by NameResolutionError("HTTPSConnection(host='shane.maxusvanparts.co.uk', port=443): Failed to resolve 'shane.maxusvanparts.co.uk' ([Errno 11001] getaddrinfo failed)"))

During handling of the above exception, another exception occurred:

Traceback (most recent call last):
  File "C:\pythonstuff\wpimport\create_all_duplicates.py", line 226, in main
    new_product = duplicate_product(product_id)
                  ^^^^^^^^^^^^^^^^^^^^^^^^^^^^^
  File "C:\pythonstuff\wpimport\createduplicates.py", line 86, in duplicate_product
    resp = wcapi.get(f"products/{product_id}")
           ^^^^^^^^^^^^^^^^^^^^^^^^^^^^^^^^^^^
  File "C:\pythonstuff\wpimport\env\Lib\site-packages\woocommerce\api.py", line 106, in get
    return self.__request("GET", endpoint, None, **kwargs)
           ^^^^^^^^^^^^^^^^^^^^^^^^^^^^^^^^^^^^^^^^^^^^^^^
  File "C:\pythonstuff\wpimport\env\Lib\site-packages\woocommerce\api.py", line 92, in __request
    return request(
           ^^^^^^^^
  File "C:\pythonstuff\wpimport\env\Lib\site-packages\requests\api.py", line 59, in request
    return session.request(method=method, url=url, **kwargs)
           ^^^^^^^^^^^^^^^^^^^^^^^^^^^^^^^^^^^^^^^^^^^^^^^^^
  File "C:\pythonstuff\wpimport\env\Lib\site-packages\requests\sessions.py", line 589, in request
    resp = self.send(prep, **send_kwargs)
           ^^^^^^^^^^^^^^^^^^^^^^^^^^^^^^
  File "C:\pythonstuff\wpimport\env\Lib\site-packages\requests\sessions.py", line 703, in send
    r = adapter.send(request, **kwargs)
        ^^^^^^^^^^^^^^^^^^^^^^^^^^^^^^^
  File "C:\pythonstuff\wpimport\env\Lib\site-packages\requests\adapters.py", line 519, in send
    raise ConnectionError(e, request=request)
requests.exceptions.ConnectionError: HTTPSConnectionPool(host='shane.maxusvanparts.co.uk', port=443): Max retries exceeded with url: /wp-json/wc/v3/products/74987 (Caused by NameResolutionError("HTTPSConnection(host='shane.maxusvanparts.co.uk', port=443): Failed to resolve 'shane.maxusvanparts.co.uk' ([Errno 11001] getaddrinfo failed)"))
2026-09-17 05:41:31 INFO [1246] Creating duplicate for product id=74977 sku=C00086309-66B6C7 replacement_sku=C00389563
2026-09-17 05:41:31 ERROR [1246] Unexpected error duplicating product id=74977
Traceback (most recent call last):
  File "C:\pythonstuff\wpimport\env\Lib\site-packages\urllib3\connection.py", line 204, in _new_conn
    sock = connection.create_connection(
           ^^^^^^^^^^^^^^^^^^^^^^^^^^^^^
  File "C:\pythonstuff\wpimport\env\Lib\site-packages\urllib3\util\connection.py", line 60, in create_connection
    for res in socket.getaddrinfo(host, port, family, socket.SOCK_STREAM):
               ^^^^^^^^^^^^^^^^^^^^^^^^^^^^^^^^^^^^^^^^^^^^^^^^^^^^^^^^^^
  File "C:\Users\User\AppData\Local\Programs\Python\Python312\Lib\socket.py", line 976, in getaddrinfo
    for res in _socket.getaddrinfo(host, port, family, type, proto, flags):
               ^^^^^^^^^^^^^^^^^^^^^^^^^^^^^^^^^^^^^^^^^^^^^^^^^^^^^^^^^^^
socket.gaierror: [Errno 11001] getaddrinfo failed

The above exception was the direct cause of the following exception:

Traceback (most recent call last):
  File "C:\pythonstuff\wpimport\env\Lib\site-packages\urllib3\connectionpool.py", line 787, in urlopen
    response = self._make_request(
               ^^^^^^^^^^^^^^^^^^^
  File "C:\pythonstuff\wpimport\env\Lib\site-packages\urllib3\connectionpool.py", line 488, in _make_request
    raise new_e
  File "C:\pythonstuff\wpimport\env\Lib\site-packages\urllib3\connectionpool.py", line 464, in _make_request
    self._validate_conn(conn)
  File "C:\pythonstuff\wpimport\env\Lib\site-packages\urllib3\connectionpool.py", line 1093, in _validate_conn
    conn.connect()
  File "C:\pythonstuff\wpimport\env\Lib\site-packages\urllib3\connection.py", line 759, in connect
    self.sock = sock = self._new_conn()
                       ^^^^^^^^^^^^^^^^
  File "C:\pythonstuff\wpimport\env\Lib\site-packages\urllib3\connection.py", line 211, in _new_conn
    raise NameResolutionError(self.host, self, e) from e
urllib3.exceptions.NameResolutionError: HTTPSConnection(host='shane.maxusvanparts.co.uk', port=443): Failed to resolve 'shane.maxusvanparts.co.uk' ([Errno 11001] getaddrinfo failed)

The above exception was the direct cause of the following exception:

Traceback (most recent call last):
  File "C:\pythonstuff\wpimport\env\Lib\site-packages\requests\adapters.py", line 486, in send
    resp = conn.urlopen(
           ^^^^^^^^^^^^^
  File "C:\pythonstuff\wpimport\env\Lib\site-packages\urllib3\connectionpool.py", line 841, in urlopen
    retries = retries.increment(
              ^^^^^^^^^^^^^^^^^^
  File "C:\pythonstuff\wpimport\env\Lib\site-packages\urllib3\util\retry.py", line 519, in increment
    raise MaxRetryError(_pool, url, reason) from reason  # type: ignore[arg-type]
    ^^^^^^^^^^^^^^^^^^^^^^^^^^^^^^^^^^^^^^^^^^^^^^^^^^^
urllib3.exceptions.MaxRetryError: HTTPSConnectionPool(host='shane.maxusvanparts.co.uk', port=443): Max retries exceeded with url: /wp-json/wc/v3/products/74977 (Caused by NameResolutionError("HTTPSConnection(host='shane.maxusvanparts.co.uk', port=443): Failed to resolve 'shane.maxusvanparts.co.uk' ([Errno 11001] getaddrinfo failed)"))

During handling of the above exception, another exception occurred:

Traceback (most recent call last):
  File "C:\pythonstuff\wpimport\create_all_duplicates.py", line 226, in main
    new_product = duplicate_product(product_id)
                  ^^^^^^^^^^^^^^^^^^^^^^^^^^^^^
  File "C:\pythonstuff\wpimport\createduplicates.py", line 86, in duplicate_product
    resp = wcapi.get(f"products/{product_id}")
           ^^^^^^^^^^^^^^^^^^^^^^^^^^^^^^^^^^^
  File "C:\pythonstuff\wpimport\env\Lib\site-packages\woocommerce\api.py", line 106, in get
    return self.__request("GET", endpoint, None, **kwargs)
           ^^^^^^^^^^^^^^^^^^^^^^^^^^^^^^^^^^^^^^^^^^^^^^^
  File "C:\pythonstuff\wpimport\env\Lib\site-packages\woocommerce\api.py", line 92, in __request
    return request(
           ^^^^^^^^
  File "C:\pythonstuff\wpimport\env\Lib\site-packages\requests\api.py", line 59, in request
    return session.request(method=method, url=url, **kwargs)
           ^^^^^^^^^^^^^^^^^^^^^^^^^^^^^^^^^^^^^^^^^^^^^^^^^
  File "C:\pythonstuff\wpimport\env\Lib\site-packages\requests\sessions.py", line 589, in request
    resp = self.send(prep, **send_kwargs)
           ^^^^^^^^^^^^^^^^^^^^^^^^^^^^^^
  File "C:\pythonstuff\wpimport\env\Lib\site-packages\requests\sessions.py", line 703, in send
    r = adapter.send(request, **kwargs)
        ^^^^^^^^^^^^^^^^^^^^^^^^^^^^^^^
  File "C:\pythonstuff\wpimport\env\Lib\site-packages\requests\adapters.py", line 519, in send
    raise ConnectionError(e, request=request)
requests.exceptions.ConnectionError: HTTPSConnectionPool(host='shane.maxusvanparts.co.uk', port=443): Max retries exceeded with url: /wp-json/wc/v3/products/74977 (Caused by NameResolutionError("HTTPSConnection(host='shane.maxusvanparts.co.uk', port=443): Failed to resolve 'shane.maxusvanparts.co.uk' ([Errno 11001] getaddrinfo failed)"))
2026-09-17 05:41:31 INFO [1247] Creating duplicate for product id=74986 sku=C00088306-3645F1 replacement_sku=C00437641
2026-09-17 05:41:31 ERROR [1247] Unexpected error duplicating product id=74986
Traceback (most recent call last):
  File "C:\pythonstuff\wpimport\env\Lib\site-packages\urllib3\connection.py", line 204, in _new_conn
    sock = connection.create_connection(
           ^^^^^^^^^^^^^^^^^^^^^^^^^^^^^
  File "C:\pythonstuff\wpimport\env\Lib\site-packages\urllib3\util\connection.py", line 60, in create_connection
    for res in socket.getaddrinfo(host, port, family, socket.SOCK_STREAM):
               ^^^^^^^^^^^^^^^^^^^^^^^^^^^^^^^^^^^^^^^^^^^^^^^^^^^^^^^^^^
  File "C:\Users\User\AppData\Local\Programs\Python\Python312\Lib\socket.py", line 976, in getaddrinfo
    for res in _socket.getaddrinfo(host, port, family, type, proto, flags):
               ^^^^^^^^^^^^^^^^^^^^^^^^^^^^^^^^^^^^^^^^^^^^^^^^^^^^^^^^^^^
socket.gaierror: [Errno 11001] getaddrinfo failed

The above exception was the direct cause of the following exception:

Traceback (most recent call last):
  File "C:\pythonstuff\wpimport\env\Lib\site-packages\urllib3\connectionpool.py", line 787, in urlopen
    response = self._make_request(
               ^^^^^^^^^^^^^^^^^^^
  File "C:\pythonstuff\wpimport\env\Lib\site-packages\urllib3\connectionpool.py", line 488, in _make_request
    raise new_e
  File "C:\pythonstuff\wpimport\env\Lib\site-packages\urllib3\connectionpool.py", line 464, in _make_request
    self._validate_conn(conn)
  File "C:\pythonstuff\wpimport\env\Lib\site-packages\urllib3\connectionpool.py", line 1093, in _validate_conn
    conn.connect()
  File "C:\pythonstuff\wpimport\env\Lib\site-packages\urllib3\connection.py", line 759, in connect
    self.sock = sock = self._new_conn()
                       ^^^^^^^^^^^^^^^^
  File "C:\pythonstuff\wpimport\env\Lib\site-packages\urllib3\connection.py", line 211, in _new_conn
    raise NameResolutionError(self.host, self, e) from e
urllib3.exceptions.NameResolutionError: HTTPSConnection(host='shane.maxusvanparts.co.uk', port=443): Failed to resolve 'shane.maxusvanparts.co.uk' ([Errno 11001] getaddrinfo failed)

The above exception was the direct cause of the following exception:

Traceback (most recent call last):
  File "C:\pythonstuff\wpimport\env\Lib\site-packages\requests\adapters.py", line 486, in send
    resp = conn.urlopen(
           ^^^^^^^^^^^^^
  File "C:\pythonstuff\wpimport\env\Lib\site-packages\urllib3\connectionpool.py", line 841, in urlopen
    retries = retries.increment(
              ^^^^^^^^^^^^^^^^^^
  File "C:\pythonstuff\wpimport\env\Lib\site-packages\urllib3\util\retry.py", line 519, in increment
    raise MaxRetryError(_pool, url, reason) from reason  # type: ignore[arg-type]
    ^^^^^^^^^^^^^^^^^^^^^^^^^^^^^^^^^^^^^^^^^^^^^^^^^^^
urllib3.exceptions.MaxRetryError: HTTPSConnectionPool(host='shane.maxusvanparts.co.uk', port=443): Max retries exceeded with url: /wp-json/wc/v3/products/74986 (Caused by NameResolutionError("HTTPSConnection(host='shane.maxusvanparts.co.uk', port=443): Failed to resolve 'shane.maxusvanparts.co.uk' ([Errno 11001] getaddrinfo failed)"))

During handling of the above exception, another exception occurred:

Traceback (most recent call last):
  File "C:\pythonstuff\wpimport\create_all_duplicates.py", line 226, in main
    new_product = duplicate_product(product_id)
                  ^^^^^^^^^^^^^^^^^^^^^^^^^^^^^
  File "C:\pythonstuff\wpimport\createduplicates.py", line 86, in duplicate_product
    resp = wcapi.get(f"products/{product_id}")
           ^^^^^^^^^^^^^^^^^^^^^^^^^^^^^^^^^^^
  File "C:\pythonstuff\wpimport\env\Lib\site-packages\woocommerce\api.py", line 106, in get
    return self.__request("GET", endpoint, None, **kwargs)
           ^^^^^^^^^^^^^^^^^^^^^^^^^^^^^^^^^^^^^^^^^^^^^^^
  File "C:\pythonstuff\wpimport\env\Lib\site-packages\woocommerce\api.py", line 92, in __request
    return request(
           ^^^^^^^^
  File "C:\pythonstuff\wpimport\env\Lib\site-packages\requests\api.py", line 59, in request
    return session.request(method=method, url=url, **kwargs)
           ^^^^^^^^^^^^^^^^^^^^^^^^^^^^^^^^^^^^^^^^^^^^^^^^^
  File "C:\pythonstuff\wpimport\env\Lib\site-packages\requests\sessions.py", line 589, in request
    resp = self.send(prep, **send_kwargs)
           ^^^^^^^^^^^^^^^^^^^^^^^^^^^^^^
  File "C:\pythonstuff\wpimport\env\Lib\site-packages\requests\sessions.py", line 703, in send
    r = adapter.send(request, **kwargs)
        ^^^^^^^^^^^^^^^^^^^^^^^^^^^^^^^
  File "C:\pythonstuff\wpimport\env\Lib\site-packages\requests\adapters.py", line 519, in send
    raise ConnectionError(e, request=request)
requests.exceptions.ConnectionError: HTTPSConnectionPool(host='shane.maxusvanparts.co.uk', port=443): Max retries exceeded with url: /wp-json/wc/v3/products/74986 (Caused by NameResolutionError("HTTPSConnection(host='shane.maxusvanparts.co.uk', port=443): Failed to resolve 'shane.maxusvanparts.co.uk' ([Errno 11001] getaddrinfo failed)"))
2026-09-17 05:41:31 INFO [1248] Creating duplicate for product id=74976 sku=C00088303-121B17 replacement_sku=C00480058
2026-09-17 05:41:31 ERROR [1248] Unexpected error duplicating product id=74976
Traceback (most recent call last):
  File "C:\pythonstuff\wpimport\env\Lib\site-packages\urllib3\connection.py", line 204, in _new_conn
    sock = connection.create_connection(
           ^^^^^^^^^^^^^^^^^^^^^^^^^^^^^
  File "C:\pythonstuff\wpimport\env\Lib\site-packages\urllib3\util\connection.py", line 60, in create_connection
    for res in socket.getaddrinfo(host, port, family, socket.SOCK_STREAM):
               ^^^^^^^^^^^^^^^^^^^^^^^^^^^^^^^^^^^^^^^^^^^^^^^^^^^^^^^^^^
  File "C:\Users\User\AppData\Local\Programs\Python\Python312\Lib\socket.py", line 976, in getaddrinfo
    for res in _socket.getaddrinfo(host, port, family, type, proto, flags):
               ^^^^^^^^^^^^^^^^^^^^^^^^^^^^^^^^^^^^^^^^^^^^^^^^^^^^^^^^^^^
socket.gaierror: [Errno 11001] getaddrinfo failed

The above exception was the direct cause of the following exception:

Traceback (most recent call last):
  File "C:\pythonstuff\wpimport\env\Lib\site-packages\urllib3\connectionpool.py", line 787, in urlopen
    response = self._make_request(
               ^^^^^^^^^^^^^^^^^^^
  File "C:\pythonstuff\wpimport\env\Lib\site-packages\urllib3\connectionpool.py", line 488, in _make_request
    raise new_e
  File "C:\pythonstuff\wpimport\env\Lib\site-packages\urllib3\connectionpool.py", line 464, in _make_request
    self._validate_conn(conn)
  File "C:\pythonstuff\wpimport\env\Lib\site-packages\urllib3\connectionpool.py", line 1093, in _validate_conn
    conn.connect()
  File "C:\pythonstuff\wpimport\env\Lib\site-packages\urllib3\connection.py", line 759, in connect
    self.sock = sock = self._new_conn()
                       ^^^^^^^^^^^^^^^^
  File "C:\pythonstuff\wpimport\env\Lib\site-packages\urllib3\connection.py", line 211, in _new_conn
    raise NameResolutionError(self.host, self, e) from e
urllib3.exceptions.NameResolutionError: HTTPSConnection(host='shane.maxusvanparts.co.uk', port=443): Failed to resolve 'shane.maxusvanparts.co.uk' ([Errno 11001] getaddrinfo failed)

The above exception was the direct cause of the following exception:

Traceback (most recent call last):
  File "C:\pythonstuff\wpimport\env\Lib\site-packages\requests\adapters.py", line 486, in send
    resp = conn.urlopen(
           ^^^^^^^^^^^^^
  File "C:\pythonstuff\wpimport\env\Lib\site-packages\urllib3\connectionpool.py", line 841, in urlopen
    retries = retries.increment(
              ^^^^^^^^^^^^^^^^^^
  File "C:\pythonstuff\wpimport\env\Lib\site-packages\urllib3\util\retry.py", line 519, in increment
    raise MaxRetryError(_pool, url, reason) from reason  # type: ignore[arg-type]
    ^^^^^^^^^^^^^^^^^^^^^^^^^^^^^^^^^^^^^^^^^^^^^^^^^^^
urllib3.exceptions.MaxRetryError: HTTPSConnectionPool(host='shane.maxusvanparts.co.uk', port=443): Max retries exceeded with url: /wp-json/wc/v3/products/74976 (Caused by NameResolutionError("HTTPSConnection(host='shane.maxusvanparts.co.uk', port=443): Failed to resolve 'shane.maxusvanparts.co.uk' ([Errno 11001] getaddrinfo failed)"))

During handling of the above exception, another exception occurred:

Traceback (most recent call last):
  File "C:\pythonstuff\wpimport\create_all_duplicates.py", line 226, in main
    new_product = duplicate_product(product_id)
                  ^^^^^^^^^^^^^^^^^^^^^^^^^^^^^
  File "C:\pythonstuff\wpimport\createduplicates.py", line 86, in duplicate_product
    resp = wcapi.get(f"products/{product_id}")
           ^^^^^^^^^^^^^^^^^^^^^^^^^^^^^^^^^^^
  File "C:\pythonstuff\wpimport\env\Lib\site-packages\woocommerce\api.py", line 106, in get
    return self.__request("GET", endpoint, None, **kwargs)
           ^^^^^^^^^^^^^^^^^^^^^^^^^^^^^^^^^^^^^^^^^^^^^^^
  File "C:\pythonstuff\wpimport\env\Lib\site-packages\woocommerce\api.py", line 92, in __request
    return request(
           ^^^^^^^^
  File "C:\pythonstuff\wpimport\env\Lib\site-packages\requests\api.py", line 59, in request
    return session.request(method=method, url=url, **kwargs)
           ^^^^^^^^^^^^^^^^^^^^^^^^^^^^^^^^^^^^^^^^^^^^^^^^^
  File "C:\pythonstuff\wpimport\env\Lib\site-packages\requests\sessions.py", line 589, in request
    resp = self.send(prep, **send_kwargs)
           ^^^^^^^^^^^^^^^^^^^^^^^^^^^^^^
  File "C:\pythonstuff\wpimport\env\Lib\site-packages\requests\sessions.py", line 703, in send
    r = adapter.send(request, **kwargs)
        ^^^^^^^^^^^^^^^^^^^^^^^^^^^^^^^
  File "C:\pythonstuff\wpimport\env\Lib\site-packages\requests\adapters.py", line 519, in send
    raise ConnectionError(e, request=request)
requests.exceptions.ConnectionError: HTTPSConnectionPool(host='shane.maxusvanparts.co.uk', port=443): Max retries exceeded with url: /wp-json/wc/v3/products/74976 (Caused by NameResolutionError("HTTPSConnection(host='shane.maxusvanparts.co.uk', port=443): Failed to resolve 'shane.maxusvanparts.co.uk' ([Errno 11001] getaddrinfo failed)"))
2026-09-17 05:41:31 INFO [1249] Creating duplicate for product id=74965 sku=C00090639-1A77A2 replacement_sku=C00542614
2026-09-17 05:41:31 ERROR [1249] Unexpected error duplicating product id=74965
Traceback (most recent call last):
  File "C:\pythonstuff\wpimport\env\Lib\site-packages\urllib3\connection.py", line 204, in _new_conn
    sock = connection.create_connection(
           ^^^^^^^^^^^^^^^^^^^^^^^^^^^^^
  File "C:\pythonstuff\wpimport\env\Lib\site-packages\urllib3\util\connection.py", line 60, in create_connection
    for res in socket.getaddrinfo(host, port, family, socket.SOCK_STREAM):
               ^^^^^^^^^^^^^^^^^^^^^^^^^^^^^^^^^^^^^^^^^^^^^^^^^^^^^^^^^^
  File "C:\Users\User\AppData\Local\Programs\Python\Python312\Lib\socket.py", line 976, in getaddrinfo
    for res in _socket.getaddrinfo(host, port, family, type, proto, flags):
               ^^^^^^^^^^^^^^^^^^^^^^^^^^^^^^^^^^^^^^^^^^^^^^^^^^^^^^^^^^^
socket.gaierror: [Errno 11001] getaddrinfo failed

The above exception was the direct cause of the following exception:

Traceback (most recent call last):
  File "C:\pythonstuff\wpimport\env\Lib\site-packages\urllib3\connectionpool.py", line 787, in urlopen
    response = self._make_request(
               ^^^^^^^^^^^^^^^^^^^
  File "C:\pythonstuff\wpimport\env\Lib\site-packages\urllib3\connectionpool.py", line 488, in _make_request
    raise new_e
  File "C:\pythonstuff\wpimport\env\Lib\site-packages\urllib3\connectionpool.py", line 464, in _make_request
    self._validate_conn(conn)
  File "C:\pythonstuff\wpimport\env\Lib\site-packages\urllib3\connectionpool.py", line 1093, in _validate_conn
    conn.connect()
  File "C:\pythonstuff\wpimport\env\Lib\site-packages\urllib3\connection.py", line 759, in connect
    self.sock = sock = self._new_conn()
                       ^^^^^^^^^^^^^^^^
  File "C:\pythonstuff\wpimport\env\Lib\site-packages\urllib3\connection.py", line 211, in _new_conn
    raise NameResolutionError(self.host, self, e) from e
urllib3.exceptions.NameResolutionError: HTTPSConnection(host='shane.maxusvanparts.co.uk', port=443): Failed to resolve 'shane.maxusvanparts.co.uk' ([Errno 11001] getaddrinfo failed)

The above exception was the direct cause of the following exception:

Traceback (most recent call last):
  File "C:\pythonstuff\wpimport\env\Lib\site-packages\requests\adapters.py", line 486, in send
    resp = conn.urlopen(
           ^^^^^^^^^^^^^
  File "C:\pythonstuff\wpimport\env\Lib\site-packages\urllib3\connectionpool.py", line 841, in urlopen
    retries = retries.increment(
              ^^^^^^^^^^^^^^^^^^
  File "C:\pythonstuff\wpimport\env\Lib\site-packages\urllib3\util\retry.py", line 519, in increment
    raise MaxRetryError(_pool, url, reason) from reason  # type: ignore[arg-type]
    ^^^^^^^^^^^^^^^^^^^^^^^^^^^^^^^^^^^^^^^^^^^^^^^^^^^
urllib3.exceptions.MaxRetryError: HTTPSConnectionPool(host='shane.maxusvanparts.co.uk', port=443): Max retries exceeded with url: /wp-json/wc/v3/products/74965 (Caused by NameResolutionError("HTTPSConnection(host='shane.maxusvanparts.co.uk', port=443): Failed to resolve 'shane.maxusvanparts.co.uk' ([Errno 11001] getaddrinfo failed)"))

During handling of the above exception, another exception occurred:

Traceback (most recent call last):
  File "C:\pythonstuff\wpimport\create_all_duplicates.py", line 226, in main
    new_product = duplicate_product(product_id)
                  ^^^^^^^^^^^^^^^^^^^^^^^^^^^^^
  File "C:\pythonstuff\wpimport\createduplicates.py", line 86, in duplicate_product
    resp = wcapi.get(f"products/{product_id}")
           ^^^^^^^^^^^^^^^^^^^^^^^^^^^^^^^^^^^
  File "C:\pythonstuff\wpimport\env\Lib\site-packages\woocommerce\api.py", line 106, in get
    return self.__request("GET", endpoint, None, **kwargs)
           ^^^^^^^^^^^^^^^^^^^^^^^^^^^^^^^^^^^^^^^^^^^^^^^
  File "C:\pythonstuff\wpimport\env\Lib\site-packages\woocommerce\api.py", line 92, in __request
    return request(
           ^^^^^^^^
  File "C:\pythonstuff\wpimport\env\Lib\site-packages\requests\api.py", line 59, in request
    return session.request(method=method, url=url, **kwargs)
           ^^^^^^^^^^^^^^^^^^^^^^^^^^^^^^^^^^^^^^^^^^^^^^^^^
  File "C:\pythonstuff\wpimport\env\Lib\site-packages\requests\sessions.py", line 589, in request
    resp = self.send(prep, **send_kwargs)
           ^^^^^^^^^^^^^^^^^^^^^^^^^^^^^^
  File "C:\pythonstuff\wpimport\env\Lib\site-packages\requests\sessions.py", line 703, in send
    r = adapter.send(request, **kwargs)
        ^^^^^^^^^^^^^^^^^^^^^^^^^^^^^^^
  File "C:\pythonstuff\wpimport\env\Lib\site-packages\requests\adapters.py", line 519, in send
    raise ConnectionError(e, request=request)
requests.exceptions.ConnectionError: HTTPSConnectionPool(host='shane.maxusvanparts.co.uk', port=443): Max retries exceeded with url: /wp-json/wc/v3/products/74965 (Caused by NameResolutionError("HTTPSConnection(host='shane.maxusvanparts.co.uk', port=443): Failed to resolve 'shane.maxusvanparts.co.uk' ([Errno 11001] getaddrinfo failed)"))
2026-09-17 05:41:31 INFO [1250] Creating duplicate for product id=74958 sku=C00096309-8D6698 replacement_sku=C00457865
2026-09-17 05:41:31 ERROR [1250] Unexpected error duplicating product id=74958
Traceback (most recent call last):
  File "C:\pythonstuff\wpimport\env\Lib\site-packages\urllib3\connection.py", line 204, in _new_conn
    sock = connection.create_connection(
           ^^^^^^^^^^^^^^^^^^^^^^^^^^^^^
  File "C:\pythonstuff\wpimport\env\Lib\site-packages\urllib3\util\connection.py", line 60, in create_connection
    for res in socket.getaddrinfo(host, port, family, socket.SOCK_STREAM):
               ^^^^^^^^^^^^^^^^^^^^^^^^^^^^^^^^^^^^^^^^^^^^^^^^^^^^^^^^^^
  File "C:\Users\User\AppData\Local\Programs\Python\Python312\Lib\socket.py", line 976, in getaddrinfo
    for res in _socket.getaddrinfo(host, port, family, type, proto, flags):
               ^^^^^^^^^^^^^^^^^^^^^^^^^^^^^^^^^^^^^^^^^^^^^^^^^^^^^^^^^^^
socket.gaierror: [Errno 11001] getaddrinfo failed

The above exception was the direct cause of the following exception:

Traceback (most recent call last):
  File "C:\pythonstuff\wpimport\env\Lib\site-packages\urllib3\connectionpool.py", line 787, in urlopen
    response = self._make_request(
               ^^^^^^^^^^^^^^^^^^^
  File "C:\pythonstuff\wpimport\env\Lib\site-packages\urllib3\connectionpool.py", line 488, in _make_request
    raise new_e
  File "C:\pythonstuff\wpimport\env\Lib\site-packages\urllib3\connectionpool.py", line 464, in _make_request
    self._validate_conn(conn)
  File "C:\pythonstuff\wpimport\env\Lib\site-packages\urllib3\connectionpool.py", line 1093, in _validate_conn
    conn.connect()
  File "C:\pythonstuff\wpimport\env\Lib\site-packages\urllib3\connection.py", line 759, in connect
    self.sock = sock = self._new_conn()
                       ^^^^^^^^^^^^^^^^
  File "C:\pythonstuff\wpimport\env\Lib\site-packages\urllib3\connection.py", line 211, in _new_conn
    raise NameResolutionError(self.host, self, e) from e
urllib3.exceptions.NameResolutionError: HTTPSConnection(host='shane.maxusvanparts.co.uk', port=443): Failed to resolve 'shane.maxusvanparts.co.uk' ([Errno 11001] getaddrinfo failed)

The above exception was the direct cause of the following exception:

Traceback (most recent call last):
  File "C:\pythonstuff\wpimport\env\Lib\site-packages\requests\adapters.py", line 486, in send
    resp = conn.urlopen(
           ^^^^^^^^^^^^^
  File "C:\pythonstuff\wpimport\env\Lib\site-packages\urllib3\connectionpool.py", line 841, in urlopen
    retries = retries.increment(
              ^^^^^^^^^^^^^^^^^^
  File "C:\pythonstuff\wpimport\env\Lib\site-packages\urllib3\util\retry.py", line 519, in increment
    raise MaxRetryError(_pool, url, reason) from reason  # type: ignore[arg-type]
    ^^^^^^^^^^^^^^^^^^^^^^^^^^^^^^^^^^^^^^^^^^^^^^^^^^^
urllib3.exceptions.MaxRetryError: HTTPSConnectionPool(host='shane.maxusvanparts.co.uk', port=443): Max retries exceeded with url: /wp-json/wc/v3/products/74958 (Caused by NameResolutionError("HTTPSConnection(host='shane.maxusvanparts.co.uk', port=443): Failed to resolve 'shane.maxusvanparts.co.uk' ([Errno 11001] getaddrinfo failed)"))

During handling of the above exception, another exception occurred:

Traceback (most recent call last):
  File "C:\pythonstuff\wpimport\create_all_duplicates.py", line 226, in main
    new_product = duplicate_product(product_id)
                  ^^^^^^^^^^^^^^^^^^^^^^^^^^^^^
  File "C:\pythonstuff\wpimport\createduplicates.py", line 86, in duplicate_product
    resp = wcapi.get(f"products/{product_id}")
           ^^^^^^^^^^^^^^^^^^^^^^^^^^^^^^^^^^^
  File "C:\pythonstuff\wpimport\env\Lib\site-packages\woocommerce\api.py", line 106, in get
    return self.__request("GET", endpoint, None, **kwargs)
           ^^^^^^^^^^^^^^^^^^^^^^^^^^^^^^^^^^^^^^^^^^^^^^^
  File "C:\pythonstuff\wpimport\env\Lib\site-packages\woocommerce\api.py", line 92, in __request
    return request(
           ^^^^^^^^
  File "C:\pythonstuff\wpimport\env\Lib\site-packages\requests\api.py", line 59, in request
    return session.request(method=method, url=url, **kwargs)
           ^^^^^^^^^^^^^^^^^^^^^^^^^^^^^^^^^^^^^^^^^^^^^^^^^
  File "C:\pythonstuff\wpimport\env\Lib\site-packages\requests\sessions.py", line 589, in request
    resp = self.send(prep, **send_kwargs)
           ^^^^^^^^^^^^^^^^^^^^^^^^^^^^^^
  File "C:\pythonstuff\wpimport\env\Lib\site-packages\requests\sessions.py", line 703, in send
    r = adapter.send(request, **kwargs)
        ^^^^^^^^^^^^^^^^^^^^^^^^^^^^^^^
  File "C:\pythonstuff\wpimport\env\Lib\site-packages\requests\adapters.py", line 519, in send
    raise ConnectionError(e, request=request)
requests.exceptions.ConnectionError: HTTPSConnectionPool(host='shane.maxusvanparts.co.uk', port=443): Max retries exceeded with url: /wp-json/wc/v3/products/74958 (Caused by NameResolutionError("HTTPSConnection(host='shane.maxusvanparts.co.uk', port=443): Failed to resolve 'shane.maxusvanparts.co.uk' ([Errno 11001] getaddrinfo failed)"))
2026-09-17 05:41:31 INFO [1251] Creating duplicate for product id=74963 sku=C00096309-B49354 replacement_sku=C00457865
2026-09-17 05:41:31 ERROR [1251] Unexpected error duplicating product id=74963
Traceback (most recent call last):
  File "C:\pythonstuff\wpimport\env\Lib\site-packages\urllib3\connection.py", line 204, in _new_conn
    sock = connection.create_connection(
           ^^^^^^^^^^^^^^^^^^^^^^^^^^^^^
  File "C:\pythonstuff\wpimport\env\Lib\site-packages\urllib3\util\connection.py", line 60, in create_connection
    for res in socket.getaddrinfo(host, port, family, socket.SOCK_STREAM):
               ^^^^^^^^^^^^^^^^^^^^^^^^^^^^^^^^^^^^^^^^^^^^^^^^^^^^^^^^^^
  File "C:\Users\User\AppData\Local\Programs\Python\Python312\Lib\socket.py", line 976, in getaddrinfo
    for res in _socket.getaddrinfo(host, port, family, type, proto, flags):
               ^^^^^^^^^^^^^^^^^^^^^^^^^^^^^^^^^^^^^^^^^^^^^^^^^^^^^^^^^^^
socket.gaierror: [Errno 11001] getaddrinfo failed

The above exception was the direct cause of the following exception:

Traceback (most recent call last):
  File "C:\pythonstuff\wpimport\env\Lib\site-packages\urllib3\connectionpool.py", line 787, in urlopen
    response = self._make_request(
               ^^^^^^^^^^^^^^^^^^^
  File "C:\pythonstuff\wpimport\env\Lib\site-packages\urllib3\connectionpool.py", line 488, in _make_request
    raise new_e
  File "C:\pythonstuff\wpimport\env\Lib\site-packages\urllib3\connectionpool.py", line 464, in _make_request
    self._validate_conn(conn)
  File "C:\pythonstuff\wpimport\env\Lib\site-packages\urllib3\connectionpool.py", line 1093, in _validate_conn
    conn.connect()
  File "C:\pythonstuff\wpimport\env\Lib\site-packages\urllib3\connection.py", line 759, in connect
    self.sock = sock = self._new_conn()
                       ^^^^^^^^^^^^^^^^
  File "C:\pythonstuff\wpimport\env\Lib\site-packages\urllib3\connection.py", line 211, in _new_conn
    raise NameResolutionError(self.host, self, e) from e
urllib3.exceptions.NameResolutionError: HTTPSConnection(host='shane.maxusvanparts.co.uk', port=443): Failed to resolve 'shane.maxusvanparts.co.uk' ([Errno 11001] getaddrinfo failed)

The above exception was the direct cause of the following exception:

Traceback (most recent call last):
  File "C:\pythonstuff\wpimport\env\Lib\site-packages\requests\adapters.py", line 486, in send
    resp = conn.urlopen(
           ^^^^^^^^^^^^^
  File "C:\pythonstuff\wpimport\env\Lib\site-packages\urllib3\connectionpool.py", line 841, in urlopen
    retries = retries.increment(
              ^^^^^^^^^^^^^^^^^^
  File "C:\pythonstuff\wpimport\env\Lib\site-packages\urllib3\util\retry.py", line 519, in increment
    raise MaxRetryError(_pool, url, reason) from reason  # type: ignore[arg-type]
    ^^^^^^^^^^^^^^^^^^^^^^^^^^^^^^^^^^^^^^^^^^^^^^^^^^^
urllib3.exceptions.MaxRetryError: HTTPSConnectionPool(host='shane.maxusvanparts.co.uk', port=443): Max retries exceeded with url: /wp-json/wc/v3/products/74963 (Caused by NameResolutionError("HTTPSConnection(host='shane.maxusvanparts.co.uk', port=443): Failed to resolve 'shane.maxusvanparts.co.uk' ([Errno 11001] getaddrinfo failed)"))

During handling of the above exception, another exception occurred:

Traceback (most recent call last):
  File "C:\pythonstuff\wpimport\create_all_duplicates.py", line 226, in main
    new_product = duplicate_product(product_id)
                  ^^^^^^^^^^^^^^^^^^^^^^^^^^^^^
  File "C:\pythonstuff\wpimport\createduplicates.py", line 86, in duplicate_product
    resp = wcapi.get(f"products/{product_id}")
           ^^^^^^^^^^^^^^^^^^^^^^^^^^^^^^^^^^^
  File "C:\pythonstuff\wpimport\env\Lib\site-packages\woocommerce\api.py", line 106, in get
    return self.__request("GET", endpoint, None, **kwargs)
           ^^^^^^^^^^^^^^^^^^^^^^^^^^^^^^^^^^^^^^^^^^^^^^^
  File "C:\pythonstuff\wpimport\env\Lib\site-packages\woocommerce\api.py", line 92, in __request
    return request(
           ^^^^^^^^
  File "C:\pythonstuff\wpimport\env\Lib\site-packages\requests\api.py", line 59, in request
    return session.request(method=method, url=url, **kwargs)
           ^^^^^^^^^^^^^^^^^^^^^^^^^^^^^^^^^^^^^^^^^^^^^^^^^
  File "C:\pythonstuff\wpimport\env\Lib\site-packages\requests\sessions.py", line 589, in request
    resp = self.send(prep, **send_kwargs)
           ^^^^^^^^^^^^^^^^^^^^^^^^^^^^^^
  File "C:\pythonstuff\wpimport\env\Lib\site-packages\requests\sessions.py", line 703, in send
    r = adapter.send(request, **kwargs)
        ^^^^^^^^^^^^^^^^^^^^^^^^^^^^^^^
  File "C:\pythonstuff\wpimport\env\Lib\site-packages\requests\adapters.py", line 519, in send
    raise ConnectionError(e, request=request)
requests.exceptions.ConnectionError: HTTPSConnectionPool(host='shane.maxusvanparts.co.uk', port=443): Max retries exceeded with url: /wp-json/wc/v3/products/74963 (Caused by NameResolutionError("HTTPSConnection(host='shane.maxusvanparts.co.uk', port=443): Failed to resolve 'shane.maxusvanparts.co.uk' ([Errno 11001] getaddrinfo failed)"))
2026-09-17 05:41:31 INFO [1252] Creating duplicate for product id=74949 sku=C00085818-7DAEC4 replacement_sku=C00316974
2026-09-17 05:41:31 ERROR [1252] Unexpected error duplicating product id=74949
Traceback (most recent call last):
  File "C:\pythonstuff\wpimport\env\Lib\site-packages\urllib3\connection.py", line 204, in _new_conn
    sock = connection.create_connection(
           ^^^^^^^^^^^^^^^^^^^^^^^^^^^^^
  File "C:\pythonstuff\wpimport\env\Lib\site-packages\urllib3\util\connection.py", line 60, in create_connection
    for res in socket.getaddrinfo(host, port, family, socket.SOCK_STREAM):
               ^^^^^^^^^^^^^^^^^^^^^^^^^^^^^^^^^^^^^^^^^^^^^^^^^^^^^^^^^^
  File "C:\Users\User\AppData\Local\Programs\Python\Python312\Lib\socket.py", line 976, in getaddrinfo
    for res in _socket.getaddrinfo(host, port, family, type, proto, flags):
               ^^^^^^^^^^^^^^^^^^^^^^^^^^^^^^^^^^^^^^^^^^^^^^^^^^^^^^^^^^^
socket.gaierror: [Errno 11001] getaddrinfo failed

The above exception was the direct cause of the following exception:

Traceback (most recent call last):
  File "C:\pythonstuff\wpimport\env\Lib\site-packages\urllib3\connectionpool.py", line 787, in urlopen
    response = self._make_request(
               ^^^^^^^^^^^^^^^^^^^
  File "C:\pythonstuff\wpimport\env\Lib\site-packages\urllib3\connectionpool.py", line 488, in _make_request
    raise new_e
  File "C:\pythonstuff\wpimport\env\Lib\site-packages\urllib3\connectionpool.py", line 464, in _make_request
    self._validate_conn(conn)
  File "C:\pythonstuff\wpimport\env\Lib\site-packages\urllib3\connectionpool.py", line 1093, in _validate_conn
    conn.connect()
  File "C:\pythonstuff\wpimport\env\Lib\site-packages\urllib3\connection.py", line 759, in connect
    self.sock = sock = self._new_conn()
                       ^^^^^^^^^^^^^^^^
  File "C:\pythonstuff\wpimport\env\Lib\site-packages\urllib3\connection.py", line 211, in _new_conn
    raise NameResolutionError(self.host, self, e) from e
urllib3.exceptions.NameResolutionError: HTTPSConnection(host='shane.maxusvanparts.co.uk', port=443): Failed to resolve 'shane.maxusvanparts.co.uk' ([Errno 11001] getaddrinfo failed)

The above exception was the direct cause of the following exception:

Traceback (most recent call last):
  File "C:\pythonstuff\wpimport\env\Lib\site-packages\requests\adapters.py", line 486, in send
    resp = conn.urlopen(
           ^^^^^^^^^^^^^
  File "C:\pythonstuff\wpimport\env\Lib\site-packages\urllib3\connectionpool.py", line 841, in urlopen
    retries = retries.increment(
              ^^^^^^^^^^^^^^^^^^
  File "C:\pythonstuff\wpimport\env\Lib\site-packages\urllib3\util\retry.py", line 519, in increment
    raise MaxRetryError(_pool, url, reason) from reason  # type: ignore[arg-type]
    ^^^^^^^^^^^^^^^^^^^^^^^^^^^^^^^^^^^^^^^^^^^^^^^^^^^
urllib3.exceptions.MaxRetryError: HTTPSConnectionPool(host='shane.maxusvanparts.co.uk', port=443): Max retries exceeded with url: /wp-json/wc/v3/products/74949 (Caused by NameResolutionError("HTTPSConnection(host='shane.maxusvanparts.co.uk', port=443): Failed to resolve 'shane.maxusvanparts.co.uk' ([Errno 11001] getaddrinfo failed)"))

During handling of the above exception, another exception occurred:

Traceback (most recent call last):
  File "C:\pythonstuff\wpimport\create_all_duplicates.py", line 226, in main
    new_product = duplicate_product(product_id)
                  ^^^^^^^^^^^^^^^^^^^^^^^^^^^^^
  File "C:\pythonstuff\wpimport\createduplicates.py", line 86, in duplicate_product
    resp = wcapi.get(f"products/{product_id}")
           ^^^^^^^^^^^^^^^^^^^^^^^^^^^^^^^^^^^
  File "C:\pythonstuff\wpimport\env\Lib\site-packages\woocommerce\api.py", line 106, in get
    return self.__request("GET", endpoint, None, **kwargs)
           ^^^^^^^^^^^^^^^^^^^^^^^^^^^^^^^^^^^^^^^^^^^^^^^
  File "C:\pythonstuff\wpimport\env\Lib\site-packages\woocommerce\api.py", line 92, in __request
    return request(
           ^^^^^^^^
  File "C:\pythonstuff\wpimport\env\Lib\site-packages\requests\api.py", line 59, in request
    return session.request(method=method, url=url, **kwargs)
           ^^^^^^^^^^^^^^^^^^^^^^^^^^^^^^^^^^^^^^^^^^^^^^^^^
  File "C:\pythonstuff\wpimport\env\Lib\site-packages\requests\sessions.py", line 589, in request
    resp = self.send(prep, **send_kwargs)
           ^^^^^^^^^^^^^^^^^^^^^^^^^^^^^^
  File "C:\pythonstuff\wpimport\env\Lib\site-packages\requests\sessions.py", line 703, in send
    r = adapter.send(request, **kwargs)
        ^^^^^^^^^^^^^^^^^^^^^^^^^^^^^^^
  File "C:\pythonstuff\wpimport\env\Lib\site-packages\requests\adapters.py", line 519, in send
    raise ConnectionError(e, request=request)
requests.exceptions.ConnectionError: HTTPSConnectionPool(host='shane.maxusvanparts.co.uk', port=443): Max retries exceeded with url: /wp-json/wc/v3/products/74949 (Caused by NameResolutionError("HTTPSConnection(host='shane.maxusvanparts.co.uk', port=443): Failed to resolve 'shane.maxusvanparts.co.uk' ([Errno 11001] getaddrinfo failed)"))
2026-09-17 05:41:31 INFO [1253] Creating duplicate for product id=74924 sku=C00089700-5B217B replacement_sku=C00349005
2026-09-17 05:41:31 ERROR [1253] Unexpected error duplicating product id=74924
Traceback (most recent call last):
  File "C:\pythonstuff\wpimport\env\Lib\site-packages\urllib3\connection.py", line 204, in _new_conn
    sock = connection.create_connection(
           ^^^^^^^^^^^^^^^^^^^^^^^^^^^^^
  File "C:\pythonstuff\wpimport\env\Lib\site-packages\urllib3\util\connection.py", line 60, in create_connection
    for res in socket.getaddrinfo(host, port, family, socket.SOCK_STREAM):
               ^^^^^^^^^^^^^^^^^^^^^^^^^^^^^^^^^^^^^^^^^^^^^^^^^^^^^^^^^^
  File "C:\Users\User\AppData\Local\Programs\Python\Python312\Lib\socket.py", line 976, in getaddrinfo
    for res in _socket.getaddrinfo(host, port, family, type, proto, flags):
               ^^^^^^^^^^^^^^^^^^^^^^^^^^^^^^^^^^^^^^^^^^^^^^^^^^^^^^^^^^^
socket.gaierror: [Errno 11001] getaddrinfo failed

The above exception was the direct cause of the following exception:

Traceback (most recent call last):
  File "C:\pythonstuff\wpimport\env\Lib\site-packages\urllib3\connectionpool.py", line 787, in urlopen
    response = self._make_request(
               ^^^^^^^^^^^^^^^^^^^
  File "C:\pythonstuff\wpimport\env\Lib\site-packages\urllib3\connectionpool.py", line 488, in _make_request
    raise new_e
  File "C:\pythonstuff\wpimport\env\Lib\site-packages\urllib3\connectionpool.py", line 464, in _make_request
    self._validate_conn(conn)
  File "C:\pythonstuff\wpimport\env\Lib\site-packages\urllib3\connectionpool.py", line 1093, in _validate_conn
    conn.connect()
  File "C:\pythonstuff\wpimport\env\Lib\site-packages\urllib3\connection.py", line 759, in connect
    self.sock = sock = self._new_conn()
                       ^^^^^^^^^^^^^^^^
  File "C:\pythonstuff\wpimport\env\Lib\site-packages\urllib3\connection.py", line 211, in _new_conn
    raise NameResolutionError(self.host, self, e) from e
urllib3.exceptions.NameResolutionError: HTTPSConnection(host='shane.maxusvanparts.co.uk', port=443): Failed to resolve 'shane.maxusvanparts.co.uk' ([Errno 11001] getaddrinfo failed)

The above exception was the direct cause of the following exception:

Traceback (most recent call last):
  File "C:\pythonstuff\wpimport\env\Lib\site-packages\requests\adapters.py", line 486, in send
    resp = conn.urlopen(
           ^^^^^^^^^^^^^
  File "C:\pythonstuff\wpimport\env\Lib\site-packages\urllib3\connectionpool.py", line 841, in urlopen
    retries = retries.increment(
              ^^^^^^^^^^^^^^^^^^
  File "C:\pythonstuff\wpimport\env\Lib\site-packages\urllib3\util\retry.py", line 519, in increment
    raise MaxRetryError(_pool, url, reason) from reason  # type: ignore[arg-type]
    ^^^^^^^^^^^^^^^^^^^^^^^^^^^^^^^^^^^^^^^^^^^^^^^^^^^
urllib3.exceptions.MaxRetryError: HTTPSConnectionPool(host='shane.maxusvanparts.co.uk', port=443): Max retries exceeded with url: /wp-json/wc/v3/products/74924 (Caused by NameResolutionError("HTTPSConnection(host='shane.maxusvanparts.co.uk', port=443): Failed to resolve 'shane.maxusvanparts.co.uk' ([Errno 11001] getaddrinfo failed)"))

During handling of the above exception, another exception occurred:

Traceback (most recent call last):
  File "C:\pythonstuff\wpimport\create_all_duplicates.py", line 226, in main
    new_product = duplicate_product(product_id)
                  ^^^^^^^^^^^^^^^^^^^^^^^^^^^^^
  File "C:\pythonstuff\wpimport\createduplicates.py", line 86, in duplicate_product
    resp = wcapi.get(f"products/{product_id}")
           ^^^^^^^^^^^^^^^^^^^^^^^^^^^^^^^^^^^
  File "C:\pythonstuff\wpimport\env\Lib\site-packages\woocommerce\api.py", line 106, in get
    return self.__request("GET", endpoint, None, **kwargs)
           ^^^^^^^^^^^^^^^^^^^^^^^^^^^^^^^^^^^^^^^^^^^^^^^
  File "C:\pythonstuff\wpimport\env\Lib\site-packages\woocommerce\api.py", line 92, in __request
    return request(
           ^^^^^^^^
  File "C:\pythonstuff\wpimport\env\Lib\site-packages\requests\api.py", line 59, in request
    return session.request(method=method, url=url, **kwargs)
           ^^^^^^^^^^^^^^^^^^^^^^^^^^^^^^^^^^^^^^^^^^^^^^^^^
  File "C:\pythonstuff\wpimport\env\Lib\site-packages\requests\sessions.py", line 589, in request
    resp = self.send(prep, **send_kwargs)
           ^^^^^^^^^^^^^^^^^^^^^^^^^^^^^^
  File "C:\pythonstuff\wpimport\env\Lib\site-packages\requests\sessions.py", line 703, in send
    r = adapter.send(request, **kwargs)
        ^^^^^^^^^^^^^^^^^^^^^^^^^^^^^^^
  File "C:\pythonstuff\wpimport\env\Lib\site-packages\requests\adapters.py", line 519, in send
    raise ConnectionError(e, request=request)
requests.exceptions.ConnectionError: HTTPSConnectionPool(host='shane.maxusvanparts.co.uk', port=443): Max retries exceeded with url: /wp-json/wc/v3/products/74924 (Caused by NameResolutionError("HTTPSConnection(host='shane.maxusvanparts.co.uk', port=443): Failed to resolve 'shane.maxusvanparts.co.uk' ([Errno 11001] getaddrinfo failed)"))
2026-09-17 05:41:31 INFO [1254] Creating duplicate for product id=74926 sku=C00100187-A136-2486D3 replacement_sku=C00130494-A136
2026-09-17 05:41:31 ERROR [1254] Unexpected error duplicating product id=74926
Traceback (most recent call last):
  File "C:\pythonstuff\wpimport\env\Lib\site-packages\urllib3\connection.py", line 204, in _new_conn
    sock = connection.create_connection(
           ^^^^^^^^^^^^^^^^^^^^^^^^^^^^^
  File "C:\pythonstuff\wpimport\env\Lib\site-packages\urllib3\util\connection.py", line 60, in create_connection
    for res in socket.getaddrinfo(host, port, family, socket.SOCK_STREAM):
               ^^^^^^^^^^^^^^^^^^^^^^^^^^^^^^^^^^^^^^^^^^^^^^^^^^^^^^^^^^
  File "C:\Users\User\AppData\Local\Programs\Python\Python312\Lib\socket.py", line 976, in getaddrinfo
    for res in _socket.getaddrinfo(host, port, family, type, proto, flags):
               ^^^^^^^^^^^^^^^^^^^^^^^^^^^^^^^^^^^^^^^^^^^^^^^^^^^^^^^^^^^
socket.gaierror: [Errno 11001] getaddrinfo failed

The above exception was the direct cause of the following exception:

Traceback (most recent call last):
  File "C:\pythonstuff\wpimport\env\Lib\site-packages\urllib3\connectionpool.py", line 787, in urlopen
    response = self._make_request(
               ^^^^^^^^^^^^^^^^^^^
  File "C:\pythonstuff\wpimport\env\Lib\site-packages\urllib3\connectionpool.py", line 488, in _make_request
    raise new_e
  File "C:\pythonstuff\wpimport\env\Lib\site-packages\urllib3\connectionpool.py", line 464, in _make_request
    self._validate_conn(conn)
  File "C:\pythonstuff\wpimport\env\Lib\site-packages\urllib3\connectionpool.py", line 1093, in _validate_conn
    conn.connect()
  File "C:\pythonstuff\wpimport\env\Lib\site-packages\urllib3\connection.py", line 759, in connect
    self.sock = sock = self._new_conn()
                       ^^^^^^^^^^^^^^^^
  File "C:\pythonstuff\wpimport\env\Lib\site-packages\urllib3\connection.py", line 211, in _new_conn
    raise NameResolutionError(self.host, self, e) from e
urllib3.exceptions.NameResolutionError: HTTPSConnection(host='shane.maxusvanparts.co.uk', port=443): Failed to resolve 'shane.maxusvanparts.co.uk' ([Errno 11001] getaddrinfo failed)

The above exception was the direct cause of the following exception:

Traceback (most recent call last):
  File "C:\pythonstuff\wpimport\env\Lib\site-packages\requests\adapters.py", line 486, in send
    resp = conn.urlopen(
           ^^^^^^^^^^^^^
  File "C:\pythonstuff\wpimport\env\Lib\site-packages\urllib3\connectionpool.py", line 841, in urlopen
    retries = retries.increment(
              ^^^^^^^^^^^^^^^^^^
  File "C:\pythonstuff\wpimport\env\Lib\site-packages\urllib3\util\retry.py", line 519, in increment
    raise MaxRetryError(_pool, url, reason) from reason  # type: ignore[arg-type]
    ^^^^^^^^^^^^^^^^^^^^^^^^^^^^^^^^^^^^^^^^^^^^^^^^^^^
urllib3.exceptions.MaxRetryError: HTTPSConnectionPool(host='shane.maxusvanparts.co.uk', port=443): Max retries exceeded with url: /wp-json/wc/v3/products/74926 (Caused by NameResolutionError("HTTPSConnection(host='shane.maxusvanparts.co.uk', port=443): Failed to resolve 'shane.maxusvanparts.co.uk' ([Errno 11001] getaddrinfo failed)"))

During handling of the above exception, another exception occurred:

Traceback (most recent call last):
  File "C:\pythonstuff\wpimport\create_all_duplicates.py", line 226, in main
    new_product = duplicate_product(product_id)
                  ^^^^^^^^^^^^^^^^^^^^^^^^^^^^^
  File "C:\pythonstuff\wpimport\createduplicates.py", line 86, in duplicate_product
    resp = wcapi.get(f"products/{product_id}")
           ^^^^^^^^^^^^^^^^^^^^^^^^^^^^^^^^^^^
  File "C:\pythonstuff\wpimport\env\Lib\site-packages\woocommerce\api.py", line 106, in get
    return self.__request("GET", endpoint, None, **kwargs)
           ^^^^^^^^^^^^^^^^^^^^^^^^^^^^^^^^^^^^^^^^^^^^^^^
  File "C:\pythonstuff\wpimport\env\Lib\site-packages\woocommerce\api.py", line 92, in __request
    return request(
           ^^^^^^^^
  File "C:\pythonstuff\wpimport\env\Lib\site-packages\requests\api.py", line 59, in request
    return session.request(method=method, url=url, **kwargs)
           ^^^^^^^^^^^^^^^^^^^^^^^^^^^^^^^^^^^^^^^^^^^^^^^^^
  File "C:\pythonstuff\wpimport\env\Lib\site-packages\requests\sessions.py", line 589, in request
    resp = self.send(prep, **send_kwargs)
           ^^^^^^^^^^^^^^^^^^^^^^^^^^^^^^
  File "C:\pythonstuff\wpimport\env\Lib\site-packages\requests\sessions.py", line 703, in send
    r = adapter.send(request, **kwargs)
        ^^^^^^^^^^^^^^^^^^^^^^^^^^^^^^^
  File "C:\pythonstuff\wpimport\env\Lib\site-packages\requests\adapters.py", line 519, in send
    raise ConnectionError(e, request=request)
requests.exceptions.ConnectionError: HTTPSConnectionPool(host='shane.maxusvanparts.co.uk', port=443): Max retries exceeded with url: /wp-json/wc/v3/products/74926 (Caused by NameResolutionError("HTTPSConnection(host='shane.maxusvanparts.co.uk', port=443): Failed to resolve 'shane.maxusvanparts.co.uk' ([Errno 11001] getaddrinfo failed)"))
2026-09-17 05:41:31 INFO [1255] Creating duplicate for product id=74943 sku=C00085818-70D9C4 replacement_sku=C00316974
2026-09-17 05:41:31 ERROR [1255] Unexpected error duplicating product id=74943
Traceback (most recent call last):
  File "C:\pythonstuff\wpimport\env\Lib\site-packages\urllib3\connection.py", line 204, in _new_conn
    sock = connection.create_connection(
           ^^^^^^^^^^^^^^^^^^^^^^^^^^^^^
  File "C:\pythonstuff\wpimport\env\Lib\site-packages\urllib3\util\connection.py", line 60, in create_connection
    for res in socket.getaddrinfo(host, port, family, socket.SOCK_STREAM):
               ^^^^^^^^^^^^^^^^^^^^^^^^^^^^^^^^^^^^^^^^^^^^^^^^^^^^^^^^^^
  File "C:\Users\User\AppData\Local\Programs\Python\Python312\Lib\socket.py", line 976, in getaddrinfo
    for res in _socket.getaddrinfo(host, port, family, type, proto, flags):
               ^^^^^^^^^^^^^^^^^^^^^^^^^^^^^^^^^^^^^^^^^^^^^^^^^^^^^^^^^^^
socket.gaierror: [Errno 11001] getaddrinfo failed

The above exception was the direct cause of the following exception:

Traceback (most recent call last):
  File "C:\pythonstuff\wpimport\env\Lib\site-packages\urllib3\connectionpool.py", line 787, in urlopen
    response = self._make_request(
               ^^^^^^^^^^^^^^^^^^^
  File "C:\pythonstuff\wpimport\env\Lib\site-packages\urllib3\connectionpool.py", line 488, in _make_request
    raise new_e
  File "C:\pythonstuff\wpimport\env\Lib\site-packages\urllib3\connectionpool.py", line 464, in _make_request
    self._validate_conn(conn)
  File "C:\pythonstuff\wpimport\env\Lib\site-packages\urllib3\connectionpool.py", line 1093, in _validate_conn
    conn.connect()
  File "C:\pythonstuff\wpimport\env\Lib\site-packages\urllib3\connection.py", line 759, in connect
    self.sock = sock = self._new_conn()
                       ^^^^^^^^^^^^^^^^
  File "C:\pythonstuff\wpimport\env\Lib\site-packages\urllib3\connection.py", line 211, in _new_conn
    raise NameResolutionError(self.host, self, e) from e
urllib3.exceptions.NameResolutionError: HTTPSConnection(host='shane.maxusvanparts.co.uk', port=443): Failed to resolve 'shane.maxusvanparts.co.uk' ([Errno 11001] getaddrinfo failed)

The above exception was the direct cause of the following exception:

Traceback (most recent call last):
  File "C:\pythonstuff\wpimport\env\Lib\site-packages\requests\adapters.py", line 486, in send
    resp = conn.urlopen(
           ^^^^^^^^^^^^^
  File "C:\pythonstuff\wpimport\env\Lib\site-packages\urllib3\connectionpool.py", line 841, in urlopen
    retries = retries.increment(
              ^^^^^^^^^^^^^^^^^^
  File "C:\pythonstuff\wpimport\env\Lib\site-packages\urllib3\util\retry.py", line 519, in increment
    raise MaxRetryError(_pool, url, reason) from reason  # type: ignore[arg-type]
    ^^^^^^^^^^^^^^^^^^^^^^^^^^^^^^^^^^^^^^^^^^^^^^^^^^^
urllib3.exceptions.MaxRetryError: HTTPSConnectionPool(host='shane.maxusvanparts.co.uk', port=443): Max retries exceeded with url: /wp-json/wc/v3/products/74943 (Caused by NameResolutionError("HTTPSConnection(host='shane.maxusvanparts.co.uk', port=443): Failed to resolve 'shane.maxusvanparts.co.uk' ([Errno 11001] getaddrinfo failed)"))

During handling of the above exception, another exception occurred:

Traceback (most recent call last):
  File "C:\pythonstuff\wpimport\create_all_duplicates.py", line 226, in main
    new_product = duplicate_product(product_id)
                  ^^^^^^^^^^^^^^^^^^^^^^^^^^^^^
  File "C:\pythonstuff\wpimport\createduplicates.py", line 86, in duplicate_product
    resp = wcapi.get(f"products/{product_id}")
           ^^^^^^^^^^^^^^^^^^^^^^^^^^^^^^^^^^^
  File "C:\pythonstuff\wpimport\env\Lib\site-packages\woocommerce\api.py", line 106, in get
    return self.__request("GET", endpoint, None, **kwargs)
           ^^^^^^^^^^^^^^^^^^^^^^^^^^^^^^^^^^^^^^^^^^^^^^^
  File "C:\pythonstuff\wpimport\env\Lib\site-packages\woocommerce\api.py", line 92, in __request
    return request(
           ^^^^^^^^
  File "C:\pythonstuff\wpimport\env\Lib\site-packages\requests\api.py", line 59, in request
    return session.request(method=method, url=url, **kwargs)
           ^^^^^^^^^^^^^^^^^^^^^^^^^^^^^^^^^^^^^^^^^^^^^^^^^
  File "C:\pythonstuff\wpimport\env\Lib\site-packages\requests\sessions.py", line 589, in request
    resp = self.send(prep, **send_kwargs)
           ^^^^^^^^^^^^^^^^^^^^^^^^^^^^^^
  File "C:\pythonstuff\wpimport\env\Lib\site-packages\requests\sessions.py", line 703, in send
    r = adapter.send(request, **kwargs)
        ^^^^^^^^^^^^^^^^^^^^^^^^^^^^^^^
  File "C:\pythonstuff\wpimport\env\Lib\site-packages\requests\adapters.py", line 519, in send
    raise ConnectionError(e, request=request)
requests.exceptions.ConnectionError: HTTPSConnectionPool(host='shane.maxusvanparts.co.uk', port=443): Max retries exceeded with url: /wp-json/wc/v3/products/74943 (Caused by NameResolutionError("HTTPSConnection(host='shane.maxusvanparts.co.uk', port=443): Failed to resolve 'shane.maxusvanparts.co.uk' ([Errno 11001] getaddrinfo failed)"))
2026-09-17 05:41:31 INFO [1256] Creating duplicate for product id=74920 sku=C00087682-EDFF0F replacement_sku=C00451035
2026-09-17 05:41:31 ERROR [1256] Unexpected error duplicating product id=74920
Traceback (most recent call last):
  File "C:\pythonstuff\wpimport\env\Lib\site-packages\urllib3\connection.py", line 204, in _new_conn
    sock = connection.create_connection(
           ^^^^^^^^^^^^^^^^^^^^^^^^^^^^^
  File "C:\pythonstuff\wpimport\env\Lib\site-packages\urllib3\util\connection.py", line 60, in create_connection
    for res in socket.getaddrinfo(host, port, family, socket.SOCK_STREAM):
               ^^^^^^^^^^^^^^^^^^^^^^^^^^^^^^^^^^^^^^^^^^^^^^^^^^^^^^^^^^
  File "C:\Users\User\AppData\Local\Programs\Python\Python312\Lib\socket.py", line 976, in getaddrinfo
    for res in _socket.getaddrinfo(host, port, family, type, proto, flags):
               ^^^^^^^^^^^^^^^^^^^^^^^^^^^^^^^^^^^^^^^^^^^^^^^^^^^^^^^^^^^
socket.gaierror: [Errno 11001] getaddrinfo failed

The above exception was the direct cause of the following exception:

Traceback (most recent call last):
  File "C:\pythonstuff\wpimport\env\Lib\site-packages\urllib3\connectionpool.py", line 787, in urlopen
    response = self._make_request(
               ^^^^^^^^^^^^^^^^^^^
  File "C:\pythonstuff\wpimport\env\Lib\site-packages\urllib3\connectionpool.py", line 488, in _make_request
    raise new_e
  File "C:\pythonstuff\wpimport\env\Lib\site-packages\urllib3\connectionpool.py", line 464, in _make_request
    self._validate_conn(conn)
  File "C:\pythonstuff\wpimport\env\Lib\site-packages\urllib3\connectionpool.py", line 1093, in _validate_conn
    conn.connect()
  File "C:\pythonstuff\wpimport\env\Lib\site-packages\urllib3\connection.py", line 759, in connect
    self.sock = sock = self._new_conn()
                       ^^^^^^^^^^^^^^^^
  File "C:\pythonstuff\wpimport\env\Lib\site-packages\urllib3\connection.py", line 211, in _new_conn
    raise NameResolutionError(self.host, self, e) from e
urllib3.exceptions.NameResolutionError: HTTPSConnection(host='shane.maxusvanparts.co.uk', port=443): Failed to resolve 'shane.maxusvanparts.co.uk' ([Errno 11001] getaddrinfo failed)

The above exception was the direct cause of the following exception:

Traceback (most recent call last):
  File "C:\pythonstuff\wpimport\env\Lib\site-packages\requests\adapters.py", line 486, in send
    resp = conn.urlopen(
           ^^^^^^^^^^^^^
  File "C:\pythonstuff\wpimport\env\Lib\site-packages\urllib3\connectionpool.py", line 841, in urlopen
    retries = retries.increment(
              ^^^^^^^^^^^^^^^^^^
  File "C:\pythonstuff\wpimport\env\Lib\site-packages\urllib3\util\retry.py", line 519, in increment
    raise MaxRetryError(_pool, url, reason) from reason  # type: ignore[arg-type]
    ^^^^^^^^^^^^^^^^^^^^^^^^^^^^^^^^^^^^^^^^^^^^^^^^^^^
urllib3.exceptions.MaxRetryError: HTTPSConnectionPool(host='shane.maxusvanparts.co.uk', port=443): Max retries exceeded with url: /wp-json/wc/v3/products/74920 (Caused by NameResolutionError("HTTPSConnection(host='shane.maxusvanparts.co.uk', port=443): Failed to resolve 'shane.maxusvanparts.co.uk' ([Errno 11001] getaddrinfo failed)"))

During handling of the above exception, another exception occurred:

Traceback (most recent call last):
  File "C:\pythonstuff\wpimport\create_all_duplicates.py", line 226, in main
    new_product = duplicate_product(product_id)
                  ^^^^^^^^^^^^^^^^^^^^^^^^^^^^^
  File "C:\pythonstuff\wpimport\createduplicates.py", line 86, in duplicate_product
    resp = wcapi.get(f"products/{product_id}")
           ^^^^^^^^^^^^^^^^^^^^^^^^^^^^^^^^^^^
  File "C:\pythonstuff\wpimport\env\Lib\site-packages\woocommerce\api.py", line 106, in get
    return self.__request("GET", endpoint, None, **kwargs)
           ^^^^^^^^^^^^^^^^^^^^^^^^^^^^^^^^^^^^^^^^^^^^^^^
  File "C:\pythonstuff\wpimport\env\Lib\site-packages\woocommerce\api.py", line 92, in __request
    return request(
           ^^^^^^^^
  File "C:\pythonstuff\wpimport\env\Lib\site-packages\requests\api.py", line 59, in request
    return session.request(method=method, url=url, **kwargs)
           ^^^^^^^^^^^^^^^^^^^^^^^^^^^^^^^^^^^^^^^^^^^^^^^^^
  File "C:\pythonstuff\wpimport\env\Lib\site-packages\requests\sessions.py", line 589, in request
    resp = self.send(prep, **send_kwargs)
           ^^^^^^^^^^^^^^^^^^^^^^^^^^^^^^
  File "C:\pythonstuff\wpimport\env\Lib\site-packages\requests\sessions.py", line 703, in send
    r = adapter.send(request, **kwargs)
        ^^^^^^^^^^^^^^^^^^^^^^^^^^^^^^^
  File "C:\pythonstuff\wpimport\env\Lib\site-packages\requests\adapters.py", line 519, in send
    raise ConnectionError(e, request=request)
requests.exceptions.ConnectionError: HTTPSConnectionPool(host='shane.maxusvanparts.co.uk', port=443): Max retries exceeded with url: /wp-json/wc/v3/products/74920 (Caused by NameResolutionError("HTTPSConnection(host='shane.maxusvanparts.co.uk', port=443): Failed to resolve 'shane.maxusvanparts.co.uk' ([Errno 11001] getaddrinfo failed)"))
2026-09-17 05:41:31 INFO [1257] Creating duplicate for product id=74909 sku=C00085984-403563 replacement_sku=C00078443
2026-09-17 05:41:31 ERROR [1257] Unexpected error duplicating product id=74909
Traceback (most recent call last):
  File "C:\pythonstuff\wpimport\env\Lib\site-packages\urllib3\connection.py", line 204, in _new_conn
    sock = connection.create_connection(
           ^^^^^^^^^^^^^^^^^^^^^^^^^^^^^
  File "C:\pythonstuff\wpimport\env\Lib\site-packages\urllib3\util\connection.py", line 60, in create_connection
    for res in socket.getaddrinfo(host, port, family, socket.SOCK_STREAM):
               ^^^^^^^^^^^^^^^^^^^^^^^^^^^^^^^^^^^^^^^^^^^^^^^^^^^^^^^^^^
  File "C:\Users\User\AppData\Local\Programs\Python\Python312\Lib\socket.py", line 976, in getaddrinfo
    for res in _socket.getaddrinfo(host, port, family, type, proto, flags):
               ^^^^^^^^^^^^^^^^^^^^^^^^^^^^^^^^^^^^^^^^^^^^^^^^^^^^^^^^^^^
socket.gaierror: [Errno 11001] getaddrinfo failed

The above exception was the direct cause of the following exception:

Traceback (most recent call last):
  File "C:\pythonstuff\wpimport\env\Lib\site-packages\urllib3\connectionpool.py", line 787, in urlopen
    response = self._make_request(
               ^^^^^^^^^^^^^^^^^^^
  File "C:\pythonstuff\wpimport\env\Lib\site-packages\urllib3\connectionpool.py", line 488, in _make_request
    raise new_e
  File "C:\pythonstuff\wpimport\env\Lib\site-packages\urllib3\connectionpool.py", line 464, in _make_request
    self._validate_conn(conn)
  File "C:\pythonstuff\wpimport\env\Lib\site-packages\urllib3\connectionpool.py", line 1093, in _validate_conn
    conn.connect()
  File "C:\pythonstuff\wpimport\env\Lib\site-packages\urllib3\connection.py", line 759, in connect
    self.sock = sock = self._new_conn()
                       ^^^^^^^^^^^^^^^^
  File "C:\pythonstuff\wpimport\env\Lib\site-packages\urllib3\connection.py", line 211, in _new_conn
    raise NameResolutionError(self.host, self, e) from e
urllib3.exceptions.NameResolutionError: HTTPSConnection(host='shane.maxusvanparts.co.uk', port=443): Failed to resolve 'shane.maxusvanparts.co.uk' ([Errno 11001] getaddrinfo failed)

The above exception was the direct cause of the following exception:

Traceback (most recent call last):
  File "C:\pythonstuff\wpimport\env\Lib\site-packages\requests\adapters.py", line 486, in send
    resp = conn.urlopen(
           ^^^^^^^^^^^^^
  File "C:\pythonstuff\wpimport\env\Lib\site-packages\urllib3\connectionpool.py", line 841, in urlopen
    retries = retries.increment(
              ^^^^^^^^^^^^^^^^^^
  File "C:\pythonstuff\wpimport\env\Lib\site-packages\urllib3\util\retry.py", line 519, in increment
    raise MaxRetryError(_pool, url, reason) from reason  # type: ignore[arg-type]
    ^^^^^^^^^^^^^^^^^^^^^^^^^^^^^^^^^^^^^^^^^^^^^^^^^^^
urllib3.exceptions.MaxRetryError: HTTPSConnectionPool(host='shane.maxusvanparts.co.uk', port=443): Max retries exceeded with url: /wp-json/wc/v3/products/74909 (Caused by NameResolutionError("HTTPSConnection(host='shane.maxusvanparts.co.uk', port=443): Failed to resolve 'shane.maxusvanparts.co.uk' ([Errno 11001] getaddrinfo failed)"))

During handling of the above exception, another exception occurred:

Traceback (most recent call last):
  File "C:\pythonstuff\wpimport\create_all_duplicates.py", line 226, in main
    new_product = duplicate_product(product_id)
                  ^^^^^^^^^^^^^^^^^^^^^^^^^^^^^
  File "C:\pythonstuff\wpimport\createduplicates.py", line 86, in duplicate_product
    resp = wcapi.get(f"products/{product_id}")
           ^^^^^^^^^^^^^^^^^^^^^^^^^^^^^^^^^^^
  File "C:\pythonstuff\wpimport\env\Lib\site-packages\woocommerce\api.py", line 106, in get
    return self.__request("GET", endpoint, None, **kwargs)
           ^^^^^^^^^^^^^^^^^^^^^^^^^^^^^^^^^^^^^^^^^^^^^^^
  File "C:\pythonstuff\wpimport\env\Lib\site-packages\woocommerce\api.py", line 92, in __request
    return request(
           ^^^^^^^^
  File "C:\pythonstuff\wpimport\env\Lib\site-packages\requests\api.py", line 59, in request
    return session.request(method=method, url=url, **kwargs)
           ^^^^^^^^^^^^^^^^^^^^^^^^^^^^^^^^^^^^^^^^^^^^^^^^^
  File "C:\pythonstuff\wpimport\env\Lib\site-packages\requests\sessions.py", line 589, in request
    resp = self.send(prep, **send_kwargs)
           ^^^^^^^^^^^^^^^^^^^^^^^^^^^^^^
  File "C:\pythonstuff\wpimport\env\Lib\site-packages\requests\sessions.py", line 703, in send
    r = adapter.send(request, **kwargs)
        ^^^^^^^^^^^^^^^^^^^^^^^^^^^^^^^
  File "C:\pythonstuff\wpimport\env\Lib\site-packages\requests\adapters.py", line 519, in send
    raise ConnectionError(e, request=request)
requests.exceptions.ConnectionError: HTTPSConnectionPool(host='shane.maxusvanparts.co.uk', port=443): Max retries exceeded with url: /wp-json/wc/v3/products/74909 (Caused by NameResolutionError("HTTPSConnection(host='shane.maxusvanparts.co.uk', port=443): Failed to resolve 'shane.maxusvanparts.co.uk' ([Errno 11001] getaddrinfo failed)"))
2026-09-17 05:41:31 INFO [1258] Creating duplicate for product id=74898 sku=C00087632-2E798A replacement_sku=C00399996
2026-09-17 05:41:31 ERROR [1258] Unexpected error duplicating product id=74898
Traceback (most recent call last):
  File "C:\pythonstuff\wpimport\env\Lib\site-packages\urllib3\connection.py", line 204, in _new_conn
    sock = connection.create_connection(
           ^^^^^^^^^^^^^^^^^^^^^^^^^^^^^
  File "C:\pythonstuff\wpimport\env\Lib\site-packages\urllib3\util\connection.py", line 60, in create_connection
    for res in socket.getaddrinfo(host, port, family, socket.SOCK_STREAM):
               ^^^^^^^^^^^^^^^^^^^^^^^^^^^^^^^^^^^^^^^^^^^^^^^^^^^^^^^^^^
  File "C:\Users\User\AppData\Local\Programs\Python\Python312\Lib\socket.py", line 976, in getaddrinfo
    for res in _socket.getaddrinfo(host, port, family, type, proto, flags):
               ^^^^^^^^^^^^^^^^^^^^^^^^^^^^^^^^^^^^^^^^^^^^^^^^^^^^^^^^^^^
socket.gaierror: [Errno 11001] getaddrinfo failed

The above exception was the direct cause of the following exception:

Traceback (most recent call last):
  File "C:\pythonstuff\wpimport\env\Lib\site-packages\urllib3\connectionpool.py", line 787, in urlopen
    response = self._make_request(
               ^^^^^^^^^^^^^^^^^^^
  File "C:\pythonstuff\wpimport\env\Lib\site-packages\urllib3\connectionpool.py", line 488, in _make_request
    raise new_e
  File "C:\pythonstuff\wpimport\env\Lib\site-packages\urllib3\connectionpool.py", line 464, in _make_request
    self._validate_conn(conn)
  File "C:\pythonstuff\wpimport\env\Lib\site-packages\urllib3\connectionpool.py", line 1093, in _validate_conn
    conn.connect()
  File "C:\pythonstuff\wpimport\env\Lib\site-packages\urllib3\connection.py", line 759, in connect
    self.sock = sock = self._new_conn()
                       ^^^^^^^^^^^^^^^^
  File "C:\pythonstuff\wpimport\env\Lib\site-packages\urllib3\connection.py", line 211, in _new_conn
    raise NameResolutionError(self.host, self, e) from e
urllib3.exceptions.NameResolutionError: HTTPSConnection(host='shane.maxusvanparts.co.uk', port=443): Failed to resolve 'shane.maxusvanparts.co.uk' ([Errno 11001] getaddrinfo failed)

The above exception was the direct cause of the following exception:

Traceback (most recent call last):
  File "C:\pythonstuff\wpimport\env\Lib\site-packages\requests\adapters.py", line 486, in send
    resp = conn.urlopen(
           ^^^^^^^^^^^^^
  File "C:\pythonstuff\wpimport\env\Lib\site-packages\urllib3\connectionpool.py", line 841, in urlopen
    retries = retries.increment(
              ^^^^^^^^^^^^^^^^^^
  File "C:\pythonstuff\wpimport\env\Lib\site-packages\urllib3\util\retry.py", line 519, in increment
    raise MaxRetryError(_pool, url, reason) from reason  # type: ignore[arg-type]
    ^^^^^^^^^^^^^^^^^^^^^^^^^^^^^^^^^^^^^^^^^^^^^^^^^^^
urllib3.exceptions.MaxRetryError: HTTPSConnectionPool(host='shane.maxusvanparts.co.uk', port=443): Max retries exceeded with url: /wp-json/wc/v3/products/74898 (Caused by NameResolutionError("HTTPSConnection(host='shane.maxusvanparts.co.uk', port=443): Failed to resolve 'shane.maxusvanparts.co.uk' ([Errno 11001] getaddrinfo failed)"))

During handling of the above exception, another exception occurred:

Traceback (most recent call last):
  File "C:\pythonstuff\wpimport\create_all_duplicates.py", line 226, in main
    new_product = duplicate_product(product_id)
                  ^^^^^^^^^^^^^^^^^^^^^^^^^^^^^
  File "C:\pythonstuff\wpimport\createduplicates.py", line 86, in duplicate_product
    resp = wcapi.get(f"products/{product_id}")
           ^^^^^^^^^^^^^^^^^^^^^^^^^^^^^^^^^^^
  File "C:\pythonstuff\wpimport\env\Lib\site-packages\woocommerce\api.py", line 106, in get
    return self.__request("GET", endpoint, None, **kwargs)
           ^^^^^^^^^^^^^^^^^^^^^^^^^^^^^^^^^^^^^^^^^^^^^^^
  File "C:\pythonstuff\wpimport\env\Lib\site-packages\woocommerce\api.py", line 92, in __request
    return request(
           ^^^^^^^^
  File "C:\pythonstuff\wpimport\env\Lib\site-packages\requests\api.py", line 59, in request
    return session.request(method=method, url=url, **kwargs)
           ^^^^^^^^^^^^^^^^^^^^^^^^^^^^^^^^^^^^^^^^^^^^^^^^^
  File "C:\pythonstuff\wpimport\env\Lib\site-packages\requests\sessions.py", line 589, in request
    resp = self.send(prep, **send_kwargs)
           ^^^^^^^^^^^^^^^^^^^^^^^^^^^^^^
  File "C:\pythonstuff\wpimport\env\Lib\site-packages\requests\sessions.py", line 703, in send
    r = adapter.send(request, **kwargs)
        ^^^^^^^^^^^^^^^^^^^^^^^^^^^^^^^
  File "C:\pythonstuff\wpimport\env\Lib\site-packages\requests\adapters.py", line 519, in send
    raise ConnectionError(e, request=request)
requests.exceptions.ConnectionError: HTTPSConnectionPool(host='shane.maxusvanparts.co.uk', port=443): Max retries exceeded with url: /wp-json/wc/v3/products/74898 (Caused by NameResolutionError("HTTPSConnection(host='shane.maxusvanparts.co.uk', port=443): Failed to resolve 'shane.maxusvanparts.co.uk' ([Errno 11001] getaddrinfo failed)"))
2026-09-17 05:41:31 INFO [1259] Creating duplicate for product id=74880 sku=C00099335-CFE90F replacement_sku=C00613411
2026-09-17 05:41:31 ERROR [1259] Unexpected error duplicating product id=74880
Traceback (most recent call last):
  File "C:\pythonstuff\wpimport\env\Lib\site-packages\urllib3\connection.py", line 204, in _new_conn
    sock = connection.create_connection(
           ^^^^^^^^^^^^^^^^^^^^^^^^^^^^^
  File "C:\pythonstuff\wpimport\env\Lib\site-packages\urllib3\util\connection.py", line 60, in create_connection
    for res in socket.getaddrinfo(host, port, family, socket.SOCK_STREAM):
               ^^^^^^^^^^^^^^^^^^^^^^^^^^^^^^^^^^^^^^^^^^^^^^^^^^^^^^^^^^
  File "C:\Users\User\AppData\Local\Programs\Python\Python312\Lib\socket.py", line 976, in getaddrinfo
    for res in _socket.getaddrinfo(host, port, family, type, proto, flags):
               ^^^^^^^^^^^^^^^^^^^^^^^^^^^^^^^^^^^^^^^^^^^^^^^^^^^^^^^^^^^
socket.gaierror: [Errno 11001] getaddrinfo failed

The above exception was the direct cause of the following exception:

Traceback (most recent call last):
  File "C:\pythonstuff\wpimport\env\Lib\site-packages\urllib3\connectionpool.py", line 787, in urlopen
    response = self._make_request(
               ^^^^^^^^^^^^^^^^^^^
  File "C:\pythonstuff\wpimport\env\Lib\site-packages\urllib3\connectionpool.py", line 488, in _make_request
    raise new_e
  File "C:\pythonstuff\wpimport\env\Lib\site-packages\urllib3\connectionpool.py", line 464, in _make_request
    self._validate_conn(conn)
  File "C:\pythonstuff\wpimport\env\Lib\site-packages\urllib3\connectionpool.py", line 1093, in _validate_conn
    conn.connect()
  File "C:\pythonstuff\wpimport\env\Lib\site-packages\urllib3\connection.py", line 759, in connect
    self.sock = sock = self._new_conn()
                       ^^^^^^^^^^^^^^^^
  File "C:\pythonstuff\wpimport\env\Lib\site-packages\urllib3\connection.py", line 211, in _new_conn
    raise NameResolutionError(self.host, self, e) from e
urllib3.exceptions.NameResolutionError: HTTPSConnection(host='shane.maxusvanparts.co.uk', port=443): Failed to resolve 'shane.maxusvanparts.co.uk' ([Errno 11001] getaddrinfo failed)

The above exception was the direct cause of the following exception:

Traceback (most recent call last):
  File "C:\pythonstuff\wpimport\env\Lib\site-packages\requests\adapters.py", line 486, in send
    resp = conn.urlopen(
           ^^^^^^^^^^^^^
  File "C:\pythonstuff\wpimport\env\Lib\site-packages\urllib3\connectionpool.py", line 841, in urlopen
    retries = retries.increment(
              ^^^^^^^^^^^^^^^^^^
  File "C:\pythonstuff\wpimport\env\Lib\site-packages\urllib3\util\retry.py", line 519, in increment
    raise MaxRetryError(_pool, url, reason) from reason  # type: ignore[arg-type]
    ^^^^^^^^^^^^^^^^^^^^^^^^^^^^^^^^^^^^^^^^^^^^^^^^^^^
urllib3.exceptions.MaxRetryError: HTTPSConnectionPool(host='shane.maxusvanparts.co.uk', port=443): Max retries exceeded with url: /wp-json/wc/v3/products/74880 (Caused by NameResolutionError("HTTPSConnection(host='shane.maxusvanparts.co.uk', port=443): Failed to resolve 'shane.maxusvanparts.co.uk' ([Errno 11001] getaddrinfo failed)"))

During handling of the above exception, another exception occurred:

Traceback (most recent call last):
  File "C:\pythonstuff\wpimport\create_all_duplicates.py", line 226, in main
    new_product = duplicate_product(product_id)
                  ^^^^^^^^^^^^^^^^^^^^^^^^^^^^^
  File "C:\pythonstuff\wpimport\createduplicates.py", line 86, in duplicate_product
    resp = wcapi.get(f"products/{product_id}")
           ^^^^^^^^^^^^^^^^^^^^^^^^^^^^^^^^^^^
  File "C:\pythonstuff\wpimport\env\Lib\site-packages\woocommerce\api.py", line 106, in get
    return self.__request("GET", endpoint, None, **kwargs)
           ^^^^^^^^^^^^^^^^^^^^^^^^^^^^^^^^^^^^^^^^^^^^^^^
  File "C:\pythonstuff\wpimport\env\Lib\site-packages\woocommerce\api.py", line 92, in __request
    return request(
           ^^^^^^^^
  File "C:\pythonstuff\wpimport\env\Lib\site-packages\requests\api.py", line 59, in request
    return session.request(method=method, url=url, **kwargs)
           ^^^^^^^^^^^^^^^^^^^^^^^^^^^^^^^^^^^^^^^^^^^^^^^^^
  File "C:\pythonstuff\wpimport\env\Lib\site-packages\requests\sessions.py", line 589, in request
    resp = self.send(prep, **send_kwargs)
           ^^^^^^^^^^^^^^^^^^^^^^^^^^^^^^
  File "C:\pythonstuff\wpimport\env\Lib\site-packages\requests\sessions.py", line 703, in send
    r = adapter.send(request, **kwargs)
        ^^^^^^^^^^^^^^^^^^^^^^^^^^^^^^^
  File "C:\pythonstuff\wpimport\env\Lib\site-packages\requests\adapters.py", line 519, in send
    raise ConnectionError(e, request=request)
requests.exceptions.ConnectionError: HTTPSConnectionPool(host='shane.maxusvanparts.co.uk', port=443): Max retries exceeded with url: /wp-json/wc/v3/products/74880 (Caused by NameResolutionError("HTTPSConnection(host='shane.maxusvanparts.co.uk', port=443): Failed to resolve 'shane.maxusvanparts.co.uk' ([Errno 11001] getaddrinfo failed)"))
2026-09-17 05:41:31 INFO [1260] Creating duplicate for product id=74856 sku=C00098945-8AA8F1 replacement_sku=C00267957
2026-09-17 05:41:31 ERROR [1260] Unexpected error duplicating product id=74856
Traceback (most recent call last):
  File "C:\pythonstuff\wpimport\env\Lib\site-packages\urllib3\connection.py", line 204, in _new_conn
    sock = connection.create_connection(
           ^^^^^^^^^^^^^^^^^^^^^^^^^^^^^
  File "C:\pythonstuff\wpimport\env\Lib\site-packages\urllib3\util\connection.py", line 60, in create_connection
    for res in socket.getaddrinfo(host, port, family, socket.SOCK_STREAM):
               ^^^^^^^^^^^^^^^^^^^^^^^^^^^^^^^^^^^^^^^^^^^^^^^^^^^^^^^^^^
  File "C:\Users\User\AppData\Local\Programs\Python\Python312\Lib\socket.py", line 976, in getaddrinfo
    for res in _socket.getaddrinfo(host, port, family, type, proto, flags):
               ^^^^^^^^^^^^^^^^^^^^^^^^^^^^^^^^^^^^^^^^^^^^^^^^^^^^^^^^^^^
socket.gaierror: [Errno 11001] getaddrinfo failed

The above exception was the direct cause of the following exception:

Traceback (most recent call last):
  File "C:\pythonstuff\wpimport\env\Lib\site-packages\urllib3\connectionpool.py", line 787, in urlopen
    response = self._make_request(
               ^^^^^^^^^^^^^^^^^^^
  File "C:\pythonstuff\wpimport\env\Lib\site-packages\urllib3\connectionpool.py", line 488, in _make_request
    raise new_e
  File "C:\pythonstuff\wpimport\env\Lib\site-packages\urllib3\connectionpool.py", line 464, in _make_request
    self._validate_conn(conn)
  File "C:\pythonstuff\wpimport\env\Lib\site-packages\urllib3\connectionpool.py", line 1093, in _validate_conn
    conn.connect()
  File "C:\pythonstuff\wpimport\env\Lib\site-packages\urllib3\connection.py", line 759, in connect
    self.sock = sock = self._new_conn()
                       ^^^^^^^^^^^^^^^^
  File "C:\pythonstuff\wpimport\env\Lib\site-packages\urllib3\connection.py", line 211, in _new_conn
    raise NameResolutionError(self.host, self, e) from e
urllib3.exceptions.NameResolutionError: HTTPSConnection(host='shane.maxusvanparts.co.uk', port=443): Failed to resolve 'shane.maxusvanparts.co.uk' ([Errno 11001] getaddrinfo failed)

The above exception was the direct cause of the following exception:

Traceback (most recent call last):
  File "C:\pythonstuff\wpimport\env\Lib\site-packages\requests\adapters.py", line 486, in send
    resp = conn.urlopen(
           ^^^^^^^^^^^^^
  File "C:\pythonstuff\wpimport\env\Lib\site-packages\urllib3\connectionpool.py", line 841, in urlopen
    retries = retries.increment(
              ^^^^^^^^^^^^^^^^^^
  File "C:\pythonstuff\wpimport\env\Lib\site-packages\urllib3\util\retry.py", line 519, in increment
    raise MaxRetryError(_pool, url, reason) from reason  # type: ignore[arg-type]
    ^^^^^^^^^^^^^^^^^^^^^^^^^^^^^^^^^^^^^^^^^^^^^^^^^^^
urllib3.exceptions.MaxRetryError: HTTPSConnectionPool(host='shane.maxusvanparts.co.uk', port=443): Max retries exceeded with url: /wp-json/wc/v3/products/74856 (Caused by NameResolutionError("HTTPSConnection(host='shane.maxusvanparts.co.uk', port=443): Failed to resolve 'shane.maxusvanparts.co.uk' ([Errno 11001] getaddrinfo failed)"))

During handling of the above exception, another exception occurred:

Traceback (most recent call last):
  File "C:\pythonstuff\wpimport\create_all_duplicates.py", line 226, in main
    new_product = duplicate_product(product_id)
                  ^^^^^^^^^^^^^^^^^^^^^^^^^^^^^
  File "C:\pythonstuff\wpimport\createduplicates.py", line 86, in duplicate_product
    resp = wcapi.get(f"products/{product_id}")
           ^^^^^^^^^^^^^^^^^^^^^^^^^^^^^^^^^^^
  File "C:\pythonstuff\wpimport\env\Lib\site-packages\woocommerce\api.py", line 106, in get
    return self.__request("GET", endpoint, None, **kwargs)
           ^^^^^^^^^^^^^^^^^^^^^^^^^^^^^^^^^^^^^^^^^^^^^^^
  File "C:\pythonstuff\wpimport\env\Lib\site-packages\woocommerce\api.py", line 92, in __request
    return request(
           ^^^^^^^^
  File "C:\pythonstuff\wpimport\env\Lib\site-packages\requests\api.py", line 59, in request
    return session.request(method=method, url=url, **kwargs)
           ^^^^^^^^^^^^^^^^^^^^^^^^^^^^^^^^^^^^^^^^^^^^^^^^^
  File "C:\pythonstuff\wpimport\env\Lib\site-packages\requests\sessions.py", line 589, in request
    resp = self.send(prep, **send_kwargs)
           ^^^^^^^^^^^^^^^^^^^^^^^^^^^^^^
  File "C:\pythonstuff\wpimport\env\Lib\site-packages\requests\sessions.py", line 703, in send
    r = adapter.send(request, **kwargs)
        ^^^^^^^^^^^^^^^^^^^^^^^^^^^^^^^
  File "C:\pythonstuff\wpimport\env\Lib\site-packages\requests\adapters.py", line 519, in send
    raise ConnectionError(e, request=request)
requests.exceptions.ConnectionError: HTTPSConnectionPool(host='shane.maxusvanparts.co.uk', port=443): Max retries exceeded with url: /wp-json/wc/v3/products/74856 (Caused by NameResolutionError("HTTPSConnection(host='shane.maxusvanparts.co.uk', port=443): Failed to resolve 'shane.maxusvanparts.co.uk' ([Errno 11001] getaddrinfo failed)"))
2026-09-17 05:41:31 INFO [1261] Creating duplicate for product id=74818 sku=C00085912-A4A61F replacement_sku=C00648006
2026-09-17 05:41:31 ERROR [1261] Unexpected error duplicating product id=74818
Traceback (most recent call last):
  File "C:\pythonstuff\wpimport\env\Lib\site-packages\urllib3\connection.py", line 204, in _new_conn
    sock = connection.create_connection(
           ^^^^^^^^^^^^^^^^^^^^^^^^^^^^^
  File "C:\pythonstuff\wpimport\env\Lib\site-packages\urllib3\util\connection.py", line 60, in create_connection
    for res in socket.getaddrinfo(host, port, family, socket.SOCK_STREAM):
               ^^^^^^^^^^^^^^^^^^^^^^^^^^^^^^^^^^^^^^^^^^^^^^^^^^^^^^^^^^
  File "C:\Users\User\AppData\Local\Programs\Python\Python312\Lib\socket.py", line 976, in getaddrinfo
    for res in _socket.getaddrinfo(host, port, family, type, proto, flags):
               ^^^^^^^^^^^^^^^^^^^^^^^^^^^^^^^^^^^^^^^^^^^^^^^^^^^^^^^^^^^
socket.gaierror: [Errno 11001] getaddrinfo failed

The above exception was the direct cause of the following exception:

Traceback (most recent call last):
  File "C:\pythonstuff\wpimport\env\Lib\site-packages\urllib3\connectionpool.py", line 787, in urlopen
    response = self._make_request(
               ^^^^^^^^^^^^^^^^^^^
  File "C:\pythonstuff\wpimport\env\Lib\site-packages\urllib3\connectionpool.py", line 488, in _make_request
    raise new_e
  File "C:\pythonstuff\wpimport\env\Lib\site-packages\urllib3\connectionpool.py", line 464, in _make_request
    self._validate_conn(conn)
  File "C:\pythonstuff\wpimport\env\Lib\site-packages\urllib3\connectionpool.py", line 1093, in _validate_conn
    conn.connect()
  File "C:\pythonstuff\wpimport\env\Lib\site-packages\urllib3\connection.py", line 759, in connect
    self.sock = sock = self._new_conn()
                       ^^^^^^^^^^^^^^^^
  File "C:\pythonstuff\wpimport\env\Lib\site-packages\urllib3\connection.py", line 211, in _new_conn
    raise NameResolutionError(self.host, self, e) from e
urllib3.exceptions.NameResolutionError: HTTPSConnection(host='shane.maxusvanparts.co.uk', port=443): Failed to resolve 'shane.maxusvanparts.co.uk' ([Errno 11001] getaddrinfo failed)

The above exception was the direct cause of the following exception:

Traceback (most recent call last):
  File "C:\pythonstuff\wpimport\env\Lib\site-packages\requests\adapters.py", line 486, in send
    resp = conn.urlopen(
           ^^^^^^^^^^^^^
  File "C:\pythonstuff\wpimport\env\Lib\site-packages\urllib3\connectionpool.py", line 841, in urlopen
    retries = retries.increment(
              ^^^^^^^^^^^^^^^^^^
  File "C:\pythonstuff\wpimport\env\Lib\site-packages\urllib3\util\retry.py", line 519, in increment
    raise MaxRetryError(_pool, url, reason) from reason  # type: ignore[arg-type]
    ^^^^^^^^^^^^^^^^^^^^^^^^^^^^^^^^^^^^^^^^^^^^^^^^^^^
urllib3.exceptions.MaxRetryError: HTTPSConnectionPool(host='shane.maxusvanparts.co.uk', port=443): Max retries exceeded with url: /wp-json/wc/v3/products/74818 (Caused by NameResolutionError("HTTPSConnection(host='shane.maxusvanparts.co.uk', port=443): Failed to resolve 'shane.maxusvanparts.co.uk' ([Errno 11001] getaddrinfo failed)"))

During handling of the above exception, another exception occurred:

Traceback (most recent call last):
  File "C:\pythonstuff\wpimport\create_all_duplicates.py", line 226, in main
    new_product = duplicate_product(product_id)
                  ^^^^^^^^^^^^^^^^^^^^^^^^^^^^^
  File "C:\pythonstuff\wpimport\createduplicates.py", line 86, in duplicate_product
    resp = wcapi.get(f"products/{product_id}")
           ^^^^^^^^^^^^^^^^^^^^^^^^^^^^^^^^^^^
  File "C:\pythonstuff\wpimport\env\Lib\site-packages\woocommerce\api.py", line 106, in get
    return self.__request("GET", endpoint, None, **kwargs)
           ^^^^^^^^^^^^^^^^^^^^^^^^^^^^^^^^^^^^^^^^^^^^^^^
  File "C:\pythonstuff\wpimport\env\Lib\site-packages\woocommerce\api.py", line 92, in __request
    return request(
           ^^^^^^^^
  File "C:\pythonstuff\wpimport\env\Lib\site-packages\requests\api.py", line 59, in request
    return session.request(method=method, url=url, **kwargs)
           ^^^^^^^^^^^^^^^^^^^^^^^^^^^^^^^^^^^^^^^^^^^^^^^^^
  File "C:\pythonstuff\wpimport\env\Lib\site-packages\requests\sessions.py", line 589, in request
    resp = self.send(prep, **send_kwargs)
           ^^^^^^^^^^^^^^^^^^^^^^^^^^^^^^
  File "C:\pythonstuff\wpimport\env\Lib\site-packages\requests\sessions.py", line 703, in send
    r = adapter.send(request, **kwargs)
        ^^^^^^^^^^^^^^^^^^^^^^^^^^^^^^^
  File "C:\pythonstuff\wpimport\env\Lib\site-packages\requests\adapters.py", line 519, in send
    raise ConnectionError(e, request=request)
requests.exceptions.ConnectionError: HTTPSConnectionPool(host='shane.maxusvanparts.co.uk', port=443): Max retries exceeded with url: /wp-json/wc/v3/products/74818 (Caused by NameResolutionError("HTTPSConnection(host='shane.maxusvanparts.co.uk', port=443): Failed to resolve 'shane.maxusvanparts.co.uk' ([Errno 11001] getaddrinfo failed)"))
2026-09-17 05:41:31 INFO [1262] Creating duplicate for product id=74783 sku=C00085895-492E2E replacement_sku=C00648005
2026-09-17 05:41:31 ERROR [1262] Unexpected error duplicating product id=74783
Traceback (most recent call last):
  File "C:\pythonstuff\wpimport\env\Lib\site-packages\urllib3\connection.py", line 204, in _new_conn
    sock = connection.create_connection(
           ^^^^^^^^^^^^^^^^^^^^^^^^^^^^^
  File "C:\pythonstuff\wpimport\env\Lib\site-packages\urllib3\util\connection.py", line 60, in create_connection
    for res in socket.getaddrinfo(host, port, family, socket.SOCK_STREAM):
               ^^^^^^^^^^^^^^^^^^^^^^^^^^^^^^^^^^^^^^^^^^^^^^^^^^^^^^^^^^
  File "C:\Users\User\AppData\Local\Programs\Python\Python312\Lib\socket.py", line 976, in getaddrinfo
    for res in _socket.getaddrinfo(host, port, family, type, proto, flags):
               ^^^^^^^^^^^^^^^^^^^^^^^^^^^^^^^^^^^^^^^^^^^^^^^^^^^^^^^^^^^
socket.gaierror: [Errno 11001] getaddrinfo failed

The above exception was the direct cause of the following exception:

Traceback (most recent call last):
  File "C:\pythonstuff\wpimport\env\Lib\site-packages\urllib3\connectionpool.py", line 787, in urlopen
    response = self._make_request(
               ^^^^^^^^^^^^^^^^^^^
  File "C:\pythonstuff\wpimport\env\Lib\site-packages\urllib3\connectionpool.py", line 488, in _make_request
    raise new_e
  File "C:\pythonstuff\wpimport\env\Lib\site-packages\urllib3\connectionpool.py", line 464, in _make_request
    self._validate_conn(conn)
  File "C:\pythonstuff\wpimport\env\Lib\site-packages\urllib3\connectionpool.py", line 1093, in _validate_conn
    conn.connect()
  File "C:\pythonstuff\wpimport\env\Lib\site-packages\urllib3\connection.py", line 759, in connect
    self.sock = sock = self._new_conn()
                       ^^^^^^^^^^^^^^^^
  File "C:\pythonstuff\wpimport\env\Lib\site-packages\urllib3\connection.py", line 211, in _new_conn
    raise NameResolutionError(self.host, self, e) from e
urllib3.exceptions.NameResolutionError: HTTPSConnection(host='shane.maxusvanparts.co.uk', port=443): Failed to resolve 'shane.maxusvanparts.co.uk' ([Errno 11001] getaddrinfo failed)

The above exception was the direct cause of the following exception:

Traceback (most recent call last):
  File "C:\pythonstuff\wpimport\env\Lib\site-packages\requests\adapters.py", line 486, in send
    resp = conn.urlopen(
           ^^^^^^^^^^^^^
  File "C:\pythonstuff\wpimport\env\Lib\site-packages\urllib3\connectionpool.py", line 841, in urlopen
    retries = retries.increment(
              ^^^^^^^^^^^^^^^^^^
  File "C:\pythonstuff\wpimport\env\Lib\site-packages\urllib3\util\retry.py", line 519, in increment
    raise MaxRetryError(_pool, url, reason) from reason  # type: ignore[arg-type]
    ^^^^^^^^^^^^^^^^^^^^^^^^^^^^^^^^^^^^^^^^^^^^^^^^^^^
urllib3.exceptions.MaxRetryError: HTTPSConnectionPool(host='shane.maxusvanparts.co.uk', port=443): Max retries exceeded with url: /wp-json/wc/v3/products/74783 (Caused by NameResolutionError("HTTPSConnection(host='shane.maxusvanparts.co.uk', port=443): Failed to resolve 'shane.maxusvanparts.co.uk' ([Errno 11001] getaddrinfo failed)"))

During handling of the above exception, another exception occurred:

Traceback (most recent call last):
  File "C:\pythonstuff\wpimport\create_all_duplicates.py", line 226, in main
    new_product = duplicate_product(product_id)
                  ^^^^^^^^^^^^^^^^^^^^^^^^^^^^^
  File "C:\pythonstuff\wpimport\createduplicates.py", line 86, in duplicate_product
    resp = wcapi.get(f"products/{product_id}")
           ^^^^^^^^^^^^^^^^^^^^^^^^^^^^^^^^^^^
  File "C:\pythonstuff\wpimport\env\Lib\site-packages\woocommerce\api.py", line 106, in get
    return self.__request("GET", endpoint, None, **kwargs)
           ^^^^^^^^^^^^^^^^^^^^^^^^^^^^^^^^^^^^^^^^^^^^^^^
  File "C:\pythonstuff\wpimport\env\Lib\site-packages\woocommerce\api.py", line 92, in __request
    return request(
           ^^^^^^^^
  File "C:\pythonstuff\wpimport\env\Lib\site-packages\requests\api.py", line 59, in request
    return session.request(method=method, url=url, **kwargs)
           ^^^^^^^^^^^^^^^^^^^^^^^^^^^^^^^^^^^^^^^^^^^^^^^^^
  File "C:\pythonstuff\wpimport\env\Lib\site-packages\requests\sessions.py", line 589, in request
    resp = self.send(prep, **send_kwargs)
           ^^^^^^^^^^^^^^^^^^^^^^^^^^^^^^
  File "C:\pythonstuff\wpimport\env\Lib\site-packages\requests\sessions.py", line 703, in send
    r = adapter.send(request, **kwargs)
        ^^^^^^^^^^^^^^^^^^^^^^^^^^^^^^^
  File "C:\pythonstuff\wpimport\env\Lib\site-packages\requests\adapters.py", line 519, in send
    raise ConnectionError(e, request=request)
requests.exceptions.ConnectionError: HTTPSConnectionPool(host='shane.maxusvanparts.co.uk', port=443): Max retries exceeded with url: /wp-json/wc/v3/products/74783 (Caused by NameResolutionError("HTTPSConnection(host='shane.maxusvanparts.co.uk', port=443): Failed to resolve 'shane.maxusvanparts.co.uk' ([Errno 11001] getaddrinfo failed)"))
2026-09-17 05:41:31 INFO [1263] Creating duplicate for product id=74795 sku=C00085907-F582D4 replacement_sku=C00286001
2026-09-17 05:41:31 ERROR [1263] Unexpected error duplicating product id=74795
Traceback (most recent call last):
  File "C:\pythonstuff\wpimport\env\Lib\site-packages\urllib3\connection.py", line 204, in _new_conn
    sock = connection.create_connection(
           ^^^^^^^^^^^^^^^^^^^^^^^^^^^^^
  File "C:\pythonstuff\wpimport\env\Lib\site-packages\urllib3\util\connection.py", line 60, in create_connection
    for res in socket.getaddrinfo(host, port, family, socket.SOCK_STREAM):
               ^^^^^^^^^^^^^^^^^^^^^^^^^^^^^^^^^^^^^^^^^^^^^^^^^^^^^^^^^^
  File "C:\Users\User\AppData\Local\Programs\Python\Python312\Lib\socket.py", line 976, in getaddrinfo
    for res in _socket.getaddrinfo(host, port, family, type, proto, flags):
               ^^^^^^^^^^^^^^^^^^^^^^^^^^^^^^^^^^^^^^^^^^^^^^^^^^^^^^^^^^^
socket.gaierror: [Errno 11001] getaddrinfo failed

The above exception was the direct cause of the following exception:

Traceback (most recent call last):
  File "C:\pythonstuff\wpimport\env\Lib\site-packages\urllib3\connectionpool.py", line 787, in urlopen
    response = self._make_request(
               ^^^^^^^^^^^^^^^^^^^
  File "C:\pythonstuff\wpimport\env\Lib\site-packages\urllib3\connectionpool.py", line 488, in _make_request
    raise new_e
  File "C:\pythonstuff\wpimport\env\Lib\site-packages\urllib3\connectionpool.py", line 464, in _make_request
    self._validate_conn(conn)
  File "C:\pythonstuff\wpimport\env\Lib\site-packages\urllib3\connectionpool.py", line 1093, in _validate_conn
    conn.connect()
  File "C:\pythonstuff\wpimport\env\Lib\site-packages\urllib3\connection.py", line 759, in connect
    self.sock = sock = self._new_conn()
                       ^^^^^^^^^^^^^^^^
  File "C:\pythonstuff\wpimport\env\Lib\site-packages\urllib3\connection.py", line 211, in _new_conn
    raise NameResolutionError(self.host, self, e) from e
urllib3.exceptions.NameResolutionError: HTTPSConnection(host='shane.maxusvanparts.co.uk', port=443): Failed to resolve 'shane.maxusvanparts.co.uk' ([Errno 11001] getaddrinfo failed)

The above exception was the direct cause of the following exception:

Traceback (most recent call last):
  File "C:\pythonstuff\wpimport\env\Lib\site-packages\requests\adapters.py", line 486, in send
    resp = conn.urlopen(
           ^^^^^^^^^^^^^
  File "C:\pythonstuff\wpimport\env\Lib\site-packages\urllib3\connectionpool.py", line 841, in urlopen
    retries = retries.increment(
              ^^^^^^^^^^^^^^^^^^
  File "C:\pythonstuff\wpimport\env\Lib\site-packages\urllib3\util\retry.py", line 519, in increment
    raise MaxRetryError(_pool, url, reason) from reason  # type: ignore[arg-type]
    ^^^^^^^^^^^^^^^^^^^^^^^^^^^^^^^^^^^^^^^^^^^^^^^^^^^
urllib3.exceptions.MaxRetryError: HTTPSConnectionPool(host='shane.maxusvanparts.co.uk', port=443): Max retries exceeded with url: /wp-json/wc/v3/products/74795 (Caused by NameResolutionError("HTTPSConnection(host='shane.maxusvanparts.co.uk', port=443): Failed to resolve 'shane.maxusvanparts.co.uk' ([Errno 11001] getaddrinfo failed)"))

During handling of the above exception, another exception occurred:

Traceback (most recent call last):
  File "C:\pythonstuff\wpimport\create_all_duplicates.py", line 226, in main
    new_product = duplicate_product(product_id)
                  ^^^^^^^^^^^^^^^^^^^^^^^^^^^^^
  File "C:\pythonstuff\wpimport\createduplicates.py", line 86, in duplicate_product
    resp = wcapi.get(f"products/{product_id}")
           ^^^^^^^^^^^^^^^^^^^^^^^^^^^^^^^^^^^
  File "C:\pythonstuff\wpimport\env\Lib\site-packages\woocommerce\api.py", line 106, in get
    return self.__request("GET", endpoint, None, **kwargs)
           ^^^^^^^^^^^^^^^^^^^^^^^^^^^^^^^^^^^^^^^^^^^^^^^
  File "C:\pythonstuff\wpimport\env\Lib\site-packages\woocommerce\api.py", line 92, in __request
    return request(
           ^^^^^^^^
  File "C:\pythonstuff\wpimport\env\Lib\site-packages\requests\api.py", line 59, in request
    return session.request(method=method, url=url, **kwargs)
           ^^^^^^^^^^^^^^^^^^^^^^^^^^^^^^^^^^^^^^^^^^^^^^^^^
  File "C:\pythonstuff\wpimport\env\Lib\site-packages\requests\sessions.py", line 589, in request
    resp = self.send(prep, **send_kwargs)
           ^^^^^^^^^^^^^^^^^^^^^^^^^^^^^^
  File "C:\pythonstuff\wpimport\env\Lib\site-packages\requests\sessions.py", line 703, in send
    r = adapter.send(request, **kwargs)
        ^^^^^^^^^^^^^^^^^^^^^^^^^^^^^^^
  File "C:\pythonstuff\wpimport\env\Lib\site-packages\requests\adapters.py", line 519, in send
    raise ConnectionError(e, request=request)
requests.exceptions.ConnectionError: HTTPSConnectionPool(host='shane.maxusvanparts.co.uk', port=443): Max retries exceeded with url: /wp-json/wc/v3/products/74795 (Caused by NameResolutionError("HTTPSConnection(host='shane.maxusvanparts.co.uk', port=443): Failed to resolve 'shane.maxusvanparts.co.uk' ([Errno 11001] getaddrinfo failed)"))
2026-09-17 05:41:31 INFO [1264] Creating duplicate for product id=74777 sku=C00085895-500F45 replacement_sku=C00648005
2026-09-17 05:41:31 ERROR [1264] Unexpected error duplicating product id=74777
Traceback (most recent call last):
  File "C:\pythonstuff\wpimport\env\Lib\site-packages\urllib3\connection.py", line 204, in _new_conn
    sock = connection.create_connection(
           ^^^^^^^^^^^^^^^^^^^^^^^^^^^^^
  File "C:\pythonstuff\wpimport\env\Lib\site-packages\urllib3\util\connection.py", line 60, in create_connection
    for res in socket.getaddrinfo(host, port, family, socket.SOCK_STREAM):
               ^^^^^^^^^^^^^^^^^^^^^^^^^^^^^^^^^^^^^^^^^^^^^^^^^^^^^^^^^^
  File "C:\Users\User\AppData\Local\Programs\Python\Python312\Lib\socket.py", line 976, in getaddrinfo
    for res in _socket.getaddrinfo(host, port, family, type, proto, flags):
               ^^^^^^^^^^^^^^^^^^^^^^^^^^^^^^^^^^^^^^^^^^^^^^^^^^^^^^^^^^^
socket.gaierror: [Errno 11001] getaddrinfo failed

The above exception was the direct cause of the following exception:

Traceback (most recent call last):
  File "C:\pythonstuff\wpimport\env\Lib\site-packages\urllib3\connectionpool.py", line 787, in urlopen
    response = self._make_request(
               ^^^^^^^^^^^^^^^^^^^
  File "C:\pythonstuff\wpimport\env\Lib\site-packages\urllib3\connectionpool.py", line 488, in _make_request
    raise new_e
  File "C:\pythonstuff\wpimport\env\Lib\site-packages\urllib3\connectionpool.py", line 464, in _make_request
    self._validate_conn(conn)
  File "C:\pythonstuff\wpimport\env\Lib\site-packages\urllib3\connectionpool.py", line 1093, in _validate_conn
    conn.connect()
  File "C:\pythonstuff\wpimport\env\Lib\site-packages\urllib3\connection.py", line 759, in connect
    self.sock = sock = self._new_conn()
                       ^^^^^^^^^^^^^^^^
  File "C:\pythonstuff\wpimport\env\Lib\site-packages\urllib3\connection.py", line 211, in _new_conn
    raise NameResolutionError(self.host, self, e) from e
urllib3.exceptions.NameResolutionError: HTTPSConnection(host='shane.maxusvanparts.co.uk', port=443): Failed to resolve 'shane.maxusvanparts.co.uk' ([Errno 11001] getaddrinfo failed)

The above exception was the direct cause of the following exception:

Traceback (most recent call last):
  File "C:\pythonstuff\wpimport\env\Lib\site-packages\requests\adapters.py", line 486, in send
    resp = conn.urlopen(
           ^^^^^^^^^^^^^
  File "C:\pythonstuff\wpimport\env\Lib\site-packages\urllib3\connectionpool.py", line 841, in urlopen
    retries = retries.increment(
              ^^^^^^^^^^^^^^^^^^
  File "C:\pythonstuff\wpimport\env\Lib\site-packages\urllib3\util\retry.py", line 519, in increment
    raise MaxRetryError(_pool, url, reason) from reason  # type: ignore[arg-type]
    ^^^^^^^^^^^^^^^^^^^^^^^^^^^^^^^^^^^^^^^^^^^^^^^^^^^
urllib3.exceptions.MaxRetryError: HTTPSConnectionPool(host='shane.maxusvanparts.co.uk', port=443): Max retries exceeded with url: /wp-json/wc/v3/products/74777 (Caused by NameResolutionError("HTTPSConnection(host='shane.maxusvanparts.co.uk', port=443): Failed to resolve 'shane.maxusvanparts.co.uk' ([Errno 11001] getaddrinfo failed)"))

During handling of the above exception, another exception occurred:

Traceback (most recent call last):
  File "C:\pythonstuff\wpimport\create_all_duplicates.py", line 226, in main
    new_product = duplicate_product(product_id)
                  ^^^^^^^^^^^^^^^^^^^^^^^^^^^^^
  File "C:\pythonstuff\wpimport\createduplicates.py", line 86, in duplicate_product
    resp = wcapi.get(f"products/{product_id}")
           ^^^^^^^^^^^^^^^^^^^^^^^^^^^^^^^^^^^
  File "C:\pythonstuff\wpimport\env\Lib\site-packages\woocommerce\api.py", line 106, in get
    return self.__request("GET", endpoint, None, **kwargs)
           ^^^^^^^^^^^^^^^^^^^^^^^^^^^^^^^^^^^^^^^^^^^^^^^
  File "C:\pythonstuff\wpimport\env\Lib\site-packages\woocommerce\api.py", line 92, in __request
    return request(
           ^^^^^^^^
  File "C:\pythonstuff\wpimport\env\Lib\site-packages\requests\api.py", line 59, in request
    return session.request(method=method, url=url, **kwargs)
           ^^^^^^^^^^^^^^^^^^^^^^^^^^^^^^^^^^^^^^^^^^^^^^^^^
  File "C:\pythonstuff\wpimport\env\Lib\site-packages\requests\sessions.py", line 589, in request
    resp = self.send(prep, **send_kwargs)
           ^^^^^^^^^^^^^^^^^^^^^^^^^^^^^^
  File "C:\pythonstuff\wpimport\env\Lib\site-packages\requests\sessions.py", line 703, in send
    r = adapter.send(request, **kwargs)
        ^^^^^^^^^^^^^^^^^^^^^^^^^^^^^^^
  File "C:\pythonstuff\wpimport\env\Lib\site-packages\requests\adapters.py", line 519, in send
    raise ConnectionError(e, request=request)
requests.exceptions.ConnectionError: HTTPSConnectionPool(host='shane.maxusvanparts.co.uk', port=443): Max retries exceeded with url: /wp-json/wc/v3/products/74777 (Caused by NameResolutionError("HTTPSConnection(host='shane.maxusvanparts.co.uk', port=443): Failed to resolve 'shane.maxusvanparts.co.uk' ([Errno 11001] getaddrinfo failed)"))
2026-09-17 05:41:31 INFO [1265] Creating duplicate for product id=74761 sku=C00088887-0BA986 replacement_sku=C00248984
2026-09-17 05:41:31 ERROR [1265] Unexpected error duplicating product id=74761
Traceback (most recent call last):
  File "C:\pythonstuff\wpimport\env\Lib\site-packages\urllib3\connection.py", line 204, in _new_conn
    sock = connection.create_connection(
           ^^^^^^^^^^^^^^^^^^^^^^^^^^^^^
  File "C:\pythonstuff\wpimport\env\Lib\site-packages\urllib3\util\connection.py", line 60, in create_connection
    for res in socket.getaddrinfo(host, port, family, socket.SOCK_STREAM):
               ^^^^^^^^^^^^^^^^^^^^^^^^^^^^^^^^^^^^^^^^^^^^^^^^^^^^^^^^^^
  File "C:\Users\User\AppData\Local\Programs\Python\Python312\Lib\socket.py", line 976, in getaddrinfo
    for res in _socket.getaddrinfo(host, port, family, type, proto, flags):
               ^^^^^^^^^^^^^^^^^^^^^^^^^^^^^^^^^^^^^^^^^^^^^^^^^^^^^^^^^^^
socket.gaierror: [Errno 11001] getaddrinfo failed

The above exception was the direct cause of the following exception:

Traceback (most recent call last):
  File "C:\pythonstuff\wpimport\env\Lib\site-packages\urllib3\connectionpool.py", line 787, in urlopen
    response = self._make_request(
               ^^^^^^^^^^^^^^^^^^^
  File "C:\pythonstuff\wpimport\env\Lib\site-packages\urllib3\connectionpool.py", line 488, in _make_request
    raise new_e
  File "C:\pythonstuff\wpimport\env\Lib\site-packages\urllib3\connectionpool.py", line 464, in _make_request
    self._validate_conn(conn)
  File "C:\pythonstuff\wpimport\env\Lib\site-packages\urllib3\connectionpool.py", line 1093, in _validate_conn
    conn.connect()
  File "C:\pythonstuff\wpimport\env\Lib\site-packages\urllib3\connection.py", line 759, in connect
    self.sock = sock = self._new_conn()
                       ^^^^^^^^^^^^^^^^
  File "C:\pythonstuff\wpimport\env\Lib\site-packages\urllib3\connection.py", line 211, in _new_conn
    raise NameResolutionError(self.host, self, e) from e
urllib3.exceptions.NameResolutionError: HTTPSConnection(host='shane.maxusvanparts.co.uk', port=443): Failed to resolve 'shane.maxusvanparts.co.uk' ([Errno 11001] getaddrinfo failed)

The above exception was the direct cause of the following exception:

Traceback (most recent call last):
  File "C:\pythonstuff\wpimport\env\Lib\site-packages\requests\adapters.py", line 486, in send
    resp = conn.urlopen(
           ^^^^^^^^^^^^^
  File "C:\pythonstuff\wpimport\env\Lib\site-packages\urllib3\connectionpool.py", line 841, in urlopen
    retries = retries.increment(
              ^^^^^^^^^^^^^^^^^^
  File "C:\pythonstuff\wpimport\env\Lib\site-packages\urllib3\util\retry.py", line 519, in increment
    raise MaxRetryError(_pool, url, reason) from reason  # type: ignore[arg-type]
    ^^^^^^^^^^^^^^^^^^^^^^^^^^^^^^^^^^^^^^^^^^^^^^^^^^^
urllib3.exceptions.MaxRetryError: HTTPSConnectionPool(host='shane.maxusvanparts.co.uk', port=443): Max retries exceeded with url: /wp-json/wc/v3/products/74761 (Caused by NameResolutionError("HTTPSConnection(host='shane.maxusvanparts.co.uk', port=443): Failed to resolve 'shane.maxusvanparts.co.uk' ([Errno 11001] getaddrinfo failed)"))

During handling of the above exception, another exception occurred:

Traceback (most recent call last):
  File "C:\pythonstuff\wpimport\create_all_duplicates.py", line 226, in main
    new_product = duplicate_product(product_id)
                  ^^^^^^^^^^^^^^^^^^^^^^^^^^^^^
  File "C:\pythonstuff\wpimport\createduplicates.py", line 86, in duplicate_product
    resp = wcapi.get(f"products/{product_id}")
           ^^^^^^^^^^^^^^^^^^^^^^^^^^^^^^^^^^^
  File "C:\pythonstuff\wpimport\env\Lib\site-packages\woocommerce\api.py", line 106, in get
    return self.__request("GET", endpoint, None, **kwargs)
           ^^^^^^^^^^^^^^^^^^^^^^^^^^^^^^^^^^^^^^^^^^^^^^^
  File "C:\pythonstuff\wpimport\env\Lib\site-packages\woocommerce\api.py", line 92, in __request
    return request(
           ^^^^^^^^
  File "C:\pythonstuff\wpimport\env\Lib\site-packages\requests\api.py", line 59, in request
    return session.request(method=method, url=url, **kwargs)
           ^^^^^^^^^^^^^^^^^^^^^^^^^^^^^^^^^^^^^^^^^^^^^^^^^
  File "C:\pythonstuff\wpimport\env\Lib\site-packages\requests\sessions.py", line 589, in request
    resp = self.send(prep, **send_kwargs)
           ^^^^^^^^^^^^^^^^^^^^^^^^^^^^^^
  File "C:\pythonstuff\wpimport\env\Lib\site-packages\requests\sessions.py", line 703, in send
    r = adapter.send(request, **kwargs)
        ^^^^^^^^^^^^^^^^^^^^^^^^^^^^^^^
  File "C:\pythonstuff\wpimport\env\Lib\site-packages\requests\adapters.py", line 519, in send
    raise ConnectionError(e, request=request)
requests.exceptions.ConnectionError: HTTPSConnectionPool(host='shane.maxusvanparts.co.uk', port=443): Max retries exceeded with url: /wp-json/wc/v3/products/74761 (Caused by NameResolutionError("HTTPSConnection(host='shane.maxusvanparts.co.uk', port=443): Failed to resolve 'shane.maxusvanparts.co.uk' ([Errno 11001] getaddrinfo failed)"))
2026-09-17 05:41:31 INFO [1266] Creating duplicate for product id=74747 sku=C00084108-17A176 replacement_sku=C00521239
2026-09-17 05:41:31 ERROR [1266] Unexpected error duplicating product id=74747
Traceback (most recent call last):
  File "C:\pythonstuff\wpimport\env\Lib\site-packages\urllib3\connection.py", line 204, in _new_conn
    sock = connection.create_connection(
           ^^^^^^^^^^^^^^^^^^^^^^^^^^^^^
  File "C:\pythonstuff\wpimport\env\Lib\site-packages\urllib3\util\connection.py", line 60, in create_connection
    for res in socket.getaddrinfo(host, port, family, socket.SOCK_STREAM):
               ^^^^^^^^^^^^^^^^^^^^^^^^^^^^^^^^^^^^^^^^^^^^^^^^^^^^^^^^^^
  File "C:\Users\User\AppData\Local\Programs\Python\Python312\Lib\socket.py", line 976, in getaddrinfo
    for res in _socket.getaddrinfo(host, port, family, type, proto, flags):
               ^^^^^^^^^^^^^^^^^^^^^^^^^^^^^^^^^^^^^^^^^^^^^^^^^^^^^^^^^^^
socket.gaierror: [Errno 11001] getaddrinfo failed

The above exception was the direct cause of the following exception:

Traceback (most recent call last):
  File "C:\pythonstuff\wpimport\env\Lib\site-packages\urllib3\connectionpool.py", line 787, in urlopen
    response = self._make_request(
               ^^^^^^^^^^^^^^^^^^^
  File "C:\pythonstuff\wpimport\env\Lib\site-packages\urllib3\connectionpool.py", line 488, in _make_request
    raise new_e
  File "C:\pythonstuff\wpimport\env\Lib\site-packages\urllib3\connectionpool.py", line 464, in _make_request
    self._validate_conn(conn)
  File "C:\pythonstuff\wpimport\env\Lib\site-packages\urllib3\connectionpool.py", line 1093, in _validate_conn
    conn.connect()
  File "C:\pythonstuff\wpimport\env\Lib\site-packages\urllib3\connection.py", line 759, in connect
    self.sock = sock = self._new_conn()
                       ^^^^^^^^^^^^^^^^
  File "C:\pythonstuff\wpimport\env\Lib\site-packages\urllib3\connection.py", line 211, in _new_conn
    raise NameResolutionError(self.host, self, e) from e
urllib3.exceptions.NameResolutionError: HTTPSConnection(host='shane.maxusvanparts.co.uk', port=443): Failed to resolve 'shane.maxusvanparts.co.uk' ([Errno 11001] getaddrinfo failed)

The above exception was the direct cause of the following exception:

Traceback (most recent call last):
  File "C:\pythonstuff\wpimport\env\Lib\site-packages\requests\adapters.py", line 486, in send
    resp = conn.urlopen(
           ^^^^^^^^^^^^^
  File "C:\pythonstuff\wpimport\env\Lib\site-packages\urllib3\connectionpool.py", line 841, in urlopen
    retries = retries.increment(
              ^^^^^^^^^^^^^^^^^^
  File "C:\pythonstuff\wpimport\env\Lib\site-packages\urllib3\util\retry.py", line 519, in increment
    raise MaxRetryError(_pool, url, reason) from reason  # type: ignore[arg-type]
    ^^^^^^^^^^^^^^^^^^^^^^^^^^^^^^^^^^^^^^^^^^^^^^^^^^^
urllib3.exceptions.MaxRetryError: HTTPSConnectionPool(host='shane.maxusvanparts.co.uk', port=443): Max retries exceeded with url: /wp-json/wc/v3/products/74747 (Caused by NameResolutionError("HTTPSConnection(host='shane.maxusvanparts.co.uk', port=443): Failed to resolve 'shane.maxusvanparts.co.uk' ([Errno 11001] getaddrinfo failed)"))

During handling of the above exception, another exception occurred:

Traceback (most recent call last):
  File "C:\pythonstuff\wpimport\create_all_duplicates.py", line 226, in main
    new_product = duplicate_product(product_id)
                  ^^^^^^^^^^^^^^^^^^^^^^^^^^^^^
  File "C:\pythonstuff\wpimport\createduplicates.py", line 86, in duplicate_product
    resp = wcapi.get(f"products/{product_id}")
           ^^^^^^^^^^^^^^^^^^^^^^^^^^^^^^^^^^^
  File "C:\pythonstuff\wpimport\env\Lib\site-packages\woocommerce\api.py", line 106, in get
    return self.__request("GET", endpoint, None, **kwargs)
           ^^^^^^^^^^^^^^^^^^^^^^^^^^^^^^^^^^^^^^^^^^^^^^^
  File "C:\pythonstuff\wpimport\env\Lib\site-packages\woocommerce\api.py", line 92, in __request
    return request(
           ^^^^^^^^
  File "C:\pythonstuff\wpimport\env\Lib\site-packages\requests\api.py", line 59, in request
    return session.request(method=method, url=url, **kwargs)
           ^^^^^^^^^^^^^^^^^^^^^^^^^^^^^^^^^^^^^^^^^^^^^^^^^
  File "C:\pythonstuff\wpimport\env\Lib\site-packages\requests\sessions.py", line 589, in request
    resp = self.send(prep, **send_kwargs)
           ^^^^^^^^^^^^^^^^^^^^^^^^^^^^^^
  File "C:\pythonstuff\wpimport\env\Lib\site-packages\requests\sessions.py", line 703, in send
    r = adapter.send(request, **kwargs)
        ^^^^^^^^^^^^^^^^^^^^^^^^^^^^^^^
  File "C:\pythonstuff\wpimport\env\Lib\site-packages\requests\adapters.py", line 519, in send
    raise ConnectionError(e, request=request)
requests.exceptions.ConnectionError: HTTPSConnectionPool(host='shane.maxusvanparts.co.uk', port=443): Max retries exceeded with url: /wp-json/wc/v3/products/74747 (Caused by NameResolutionError("HTTPSConnection(host='shane.maxusvanparts.co.uk', port=443): Failed to resolve 'shane.maxusvanparts.co.uk' ([Errno 11001] getaddrinfo failed)"))
2026-09-17 05:41:31 INFO [1267] Creating duplicate for product id=74752 sku=C00084212-BBEA1C replacement_sku=C00217151
2026-09-17 05:41:31 ERROR [1267] Unexpected error duplicating product id=74752
Traceback (most recent call last):
  File "C:\pythonstuff\wpimport\env\Lib\site-packages\urllib3\connection.py", line 204, in _new_conn
    sock = connection.create_connection(
           ^^^^^^^^^^^^^^^^^^^^^^^^^^^^^
  File "C:\pythonstuff\wpimport\env\Lib\site-packages\urllib3\util\connection.py", line 60, in create_connection
    for res in socket.getaddrinfo(host, port, family, socket.SOCK_STREAM):
               ^^^^^^^^^^^^^^^^^^^^^^^^^^^^^^^^^^^^^^^^^^^^^^^^^^^^^^^^^^
  File "C:\Users\User\AppData\Local\Programs\Python\Python312\Lib\socket.py", line 976, in getaddrinfo
    for res in _socket.getaddrinfo(host, port, family, type, proto, flags):
               ^^^^^^^^^^^^^^^^^^^^^^^^^^^^^^^^^^^^^^^^^^^^^^^^^^^^^^^^^^^
socket.gaierror: [Errno 11001] getaddrinfo failed

The above exception was the direct cause of the following exception:

Traceback (most recent call last):
  File "C:\pythonstuff\wpimport\env\Lib\site-packages\urllib3\connectionpool.py", line 787, in urlopen
    response = self._make_request(
               ^^^^^^^^^^^^^^^^^^^
  File "C:\pythonstuff\wpimport\env\Lib\site-packages\urllib3\connectionpool.py", line 488, in _make_request
    raise new_e
  File "C:\pythonstuff\wpimport\env\Lib\site-packages\urllib3\connectionpool.py", line 464, in _make_request
    self._validate_conn(conn)
  File "C:\pythonstuff\wpimport\env\Lib\site-packages\urllib3\connectionpool.py", line 1093, in _validate_conn
    conn.connect()
  File "C:\pythonstuff\wpimport\env\Lib\site-packages\urllib3\connection.py", line 759, in connect
    self.sock = sock = self._new_conn()
                       ^^^^^^^^^^^^^^^^
  File "C:\pythonstuff\wpimport\env\Lib\site-packages\urllib3\connection.py", line 211, in _new_conn
    raise NameResolutionError(self.host, self, e) from e
urllib3.exceptions.NameResolutionError: HTTPSConnection(host='shane.maxusvanparts.co.uk', port=443): Failed to resolve 'shane.maxusvanparts.co.uk' ([Errno 11001] getaddrinfo failed)

The above exception was the direct cause of the following exception:

Traceback (most recent call last):
  File "C:\pythonstuff\wpimport\env\Lib\site-packages\requests\adapters.py", line 486, in send
    resp = conn.urlopen(
           ^^^^^^^^^^^^^
  File "C:\pythonstuff\wpimport\env\Lib\site-packages\urllib3\connectionpool.py", line 841, in urlopen
    retries = retries.increment(
              ^^^^^^^^^^^^^^^^^^
  File "C:\pythonstuff\wpimport\env\Lib\site-packages\urllib3\util\retry.py", line 519, in increment
    raise MaxRetryError(_pool, url, reason) from reason  # type: ignore[arg-type]
    ^^^^^^^^^^^^^^^^^^^^^^^^^^^^^^^^^^^^^^^^^^^^^^^^^^^
urllib3.exceptions.MaxRetryError: HTTPSConnectionPool(host='shane.maxusvanparts.co.uk', port=443): Max retries exceeded with url: /wp-json/wc/v3/products/74752 (Caused by NameResolutionError("HTTPSConnection(host='shane.maxusvanparts.co.uk', port=443): Failed to resolve 'shane.maxusvanparts.co.uk' ([Errno 11001] getaddrinfo failed)"))

During handling of the above exception, another exception occurred:

Traceback (most recent call last):
  File "C:\pythonstuff\wpimport\create_all_duplicates.py", line 226, in main
    new_product = duplicate_product(product_id)
                  ^^^^^^^^^^^^^^^^^^^^^^^^^^^^^
  File "C:\pythonstuff\wpimport\createduplicates.py", line 86, in duplicate_product
    resp = wcapi.get(f"products/{product_id}")
           ^^^^^^^^^^^^^^^^^^^^^^^^^^^^^^^^^^^
  File "C:\pythonstuff\wpimport\env\Lib\site-packages\woocommerce\api.py", line 106, in get
    return self.__request("GET", endpoint, None, **kwargs)
           ^^^^^^^^^^^^^^^^^^^^^^^^^^^^^^^^^^^^^^^^^^^^^^^
  File "C:\pythonstuff\wpimport\env\Lib\site-packages\woocommerce\api.py", line 92, in __request
    return request(
           ^^^^^^^^
  File "C:\pythonstuff\wpimport\env\Lib\site-packages\requests\api.py", line 59, in request
    return session.request(method=method, url=url, **kwargs)
           ^^^^^^^^^^^^^^^^^^^^^^^^^^^^^^^^^^^^^^^^^^^^^^^^^
  File "C:\pythonstuff\wpimport\env\Lib\site-packages\requests\sessions.py", line 589, in request
    resp = self.send(prep, **send_kwargs)
           ^^^^^^^^^^^^^^^^^^^^^^^^^^^^^^
  File "C:\pythonstuff\wpimport\env\Lib\site-packages\requests\sessions.py", line 703, in send
    r = adapter.send(request, **kwargs)
        ^^^^^^^^^^^^^^^^^^^^^^^^^^^^^^^
  File "C:\pythonstuff\wpimport\env\Lib\site-packages\requests\adapters.py", line 519, in send
    raise ConnectionError(e, request=request)
requests.exceptions.ConnectionError: HTTPSConnectionPool(host='shane.maxusvanparts.co.uk', port=443): Max retries exceeded with url: /wp-json/wc/v3/products/74752 (Caused by NameResolutionError("HTTPSConnection(host='shane.maxusvanparts.co.uk', port=443): Failed to resolve 'shane.maxusvanparts.co.uk' ([Errno 11001] getaddrinfo failed)"))
2026-09-17 05:41:31 INFO [1268] Creating duplicate for product id=74750 sku=C00088887-0D2AC4 replacement_sku=C00248984
2026-09-17 05:41:31 ERROR [1268] Unexpected error duplicating product id=74750
Traceback (most recent call last):
  File "C:\pythonstuff\wpimport\env\Lib\site-packages\urllib3\connection.py", line 204, in _new_conn
    sock = connection.create_connection(
           ^^^^^^^^^^^^^^^^^^^^^^^^^^^^^
  File "C:\pythonstuff\wpimport\env\Lib\site-packages\urllib3\util\connection.py", line 60, in create_connection
    for res in socket.getaddrinfo(host, port, family, socket.SOCK_STREAM):
               ^^^^^^^^^^^^^^^^^^^^^^^^^^^^^^^^^^^^^^^^^^^^^^^^^^^^^^^^^^
  File "C:\Users\User\AppData\Local\Programs\Python\Python312\Lib\socket.py", line 976, in getaddrinfo
    for res in _socket.getaddrinfo(host, port, family, type, proto, flags):
               ^^^^^^^^^^^^^^^^^^^^^^^^^^^^^^^^^^^^^^^^^^^^^^^^^^^^^^^^^^^
socket.gaierror: [Errno 11001] getaddrinfo failed

The above exception was the direct cause of the following exception:

Traceback (most recent call last):
  File "C:\pythonstuff\wpimport\env\Lib\site-packages\urllib3\connectionpool.py", line 787, in urlopen
    response = self._make_request(
               ^^^^^^^^^^^^^^^^^^^
  File "C:\pythonstuff\wpimport\env\Lib\site-packages\urllib3\connectionpool.py", line 488, in _make_request
    raise new_e
  File "C:\pythonstuff\wpimport\env\Lib\site-packages\urllib3\connectionpool.py", line 464, in _make_request
    self._validate_conn(conn)
  File "C:\pythonstuff\wpimport\env\Lib\site-packages\urllib3\connectionpool.py", line 1093, in _validate_conn
    conn.connect()
  File "C:\pythonstuff\wpimport\env\Lib\site-packages\urllib3\connection.py", line 759, in connect
    self.sock = sock = self._new_conn()
                       ^^^^^^^^^^^^^^^^
  File "C:\pythonstuff\wpimport\env\Lib\site-packages\urllib3\connection.py", line 211, in _new_conn
    raise NameResolutionError(self.host, self, e) from e
urllib3.exceptions.NameResolutionError: HTTPSConnection(host='shane.maxusvanparts.co.uk', port=443): Failed to resolve 'shane.maxusvanparts.co.uk' ([Errno 11001] getaddrinfo failed)

The above exception was the direct cause of the following exception:

Traceback (most recent call last):
  File "C:\pythonstuff\wpimport\env\Lib\site-packages\requests\adapters.py", line 486, in send
    resp = conn.urlopen(
           ^^^^^^^^^^^^^
  File "C:\pythonstuff\wpimport\env\Lib\site-packages\urllib3\connectionpool.py", line 841, in urlopen
    retries = retries.increment(
              ^^^^^^^^^^^^^^^^^^
  File "C:\pythonstuff\wpimport\env\Lib\site-packages\urllib3\util\retry.py", line 519, in increment
    raise MaxRetryError(_pool, url, reason) from reason  # type: ignore[arg-type]
    ^^^^^^^^^^^^^^^^^^^^^^^^^^^^^^^^^^^^^^^^^^^^^^^^^^^
urllib3.exceptions.MaxRetryError: HTTPSConnectionPool(host='shane.maxusvanparts.co.uk', port=443): Max retries exceeded with url: /wp-json/wc/v3/products/74750 (Caused by NameResolutionError("HTTPSConnection(host='shane.maxusvanparts.co.uk', port=443): Failed to resolve 'shane.maxusvanparts.co.uk' ([Errno 11001] getaddrinfo failed)"))

During handling of the above exception, another exception occurred:

Traceback (most recent call last):
  File "C:\pythonstuff\wpimport\create_all_duplicates.py", line 226, in main
    new_product = duplicate_product(product_id)
                  ^^^^^^^^^^^^^^^^^^^^^^^^^^^^^
  File "C:\pythonstuff\wpimport\createduplicates.py", line 86, in duplicate_product
    resp = wcapi.get(f"products/{product_id}")
           ^^^^^^^^^^^^^^^^^^^^^^^^^^^^^^^^^^^
  File "C:\pythonstuff\wpimport\env\Lib\site-packages\woocommerce\api.py", line 106, in get
    return self.__request("GET", endpoint, None, **kwargs)
           ^^^^^^^^^^^^^^^^^^^^^^^^^^^^^^^^^^^^^^^^^^^^^^^
  File "C:\pythonstuff\wpimport\env\Lib\site-packages\woocommerce\api.py", line 92, in __request
    return request(
           ^^^^^^^^
  File "C:\pythonstuff\wpimport\env\Lib\site-packages\requests\api.py", line 59, in request
    return session.request(method=method, url=url, **kwargs)
           ^^^^^^^^^^^^^^^^^^^^^^^^^^^^^^^^^^^^^^^^^^^^^^^^^
  File "C:\pythonstuff\wpimport\env\Lib\site-packages\requests\sessions.py", line 589, in request
    resp = self.send(prep, **send_kwargs)
           ^^^^^^^^^^^^^^^^^^^^^^^^^^^^^^
  File "C:\pythonstuff\wpimport\env\Lib\site-packages\requests\sessions.py", line 703, in send
    r = adapter.send(request, **kwargs)
        ^^^^^^^^^^^^^^^^^^^^^^^^^^^^^^^
  File "C:\pythonstuff\wpimport\env\Lib\site-packages\requests\adapters.py", line 519, in send
    raise ConnectionError(e, request=request)
requests.exceptions.ConnectionError: HTTPSConnectionPool(host='shane.maxusvanparts.co.uk', port=443): Max retries exceeded with url: /wp-json/wc/v3/products/74750 (Caused by NameResolutionError("HTTPSConnection(host='shane.maxusvanparts.co.uk', port=443): Failed to resolve 'shane.maxusvanparts.co.uk' ([Errno 11001] getaddrinfo failed)"))
2026-09-17 05:41:31 INFO [1269] Creating duplicate for product id=74754 sku=C00088887-82D685 replacement_sku=C00248984
2026-09-17 05:41:31 ERROR [1269] Unexpected error duplicating product id=74754
Traceback (most recent call last):
  File "C:\pythonstuff\wpimport\env\Lib\site-packages\urllib3\connection.py", line 204, in _new_conn
    sock = connection.create_connection(
           ^^^^^^^^^^^^^^^^^^^^^^^^^^^^^
  File "C:\pythonstuff\wpimport\env\Lib\site-packages\urllib3\util\connection.py", line 60, in create_connection
    for res in socket.getaddrinfo(host, port, family, socket.SOCK_STREAM):
               ^^^^^^^^^^^^^^^^^^^^^^^^^^^^^^^^^^^^^^^^^^^^^^^^^^^^^^^^^^
  File "C:\Users\User\AppData\Local\Programs\Python\Python312\Lib\socket.py", line 976, in getaddrinfo
    for res in _socket.getaddrinfo(host, port, family, type, proto, flags):
               ^^^^^^^^^^^^^^^^^^^^^^^^^^^^^^^^^^^^^^^^^^^^^^^^^^^^^^^^^^^
socket.gaierror: [Errno 11001] getaddrinfo failed

The above exception was the direct cause of the following exception:

Traceback (most recent call last):
  File "C:\pythonstuff\wpimport\env\Lib\site-packages\urllib3\connectionpool.py", line 787, in urlopen
    response = self._make_request(
               ^^^^^^^^^^^^^^^^^^^
  File "C:\pythonstuff\wpimport\env\Lib\site-packages\urllib3\connectionpool.py", line 488, in _make_request
    raise new_e
  File "C:\pythonstuff\wpimport\env\Lib\site-packages\urllib3\connectionpool.py", line 464, in _make_request
    self._validate_conn(conn)
  File "C:\pythonstuff\wpimport\env\Lib\site-packages\urllib3\connectionpool.py", line 1093, in _validate_conn
    conn.connect()
  File "C:\pythonstuff\wpimport\env\Lib\site-packages\urllib3\connection.py", line 759, in connect
    self.sock = sock = self._new_conn()
                       ^^^^^^^^^^^^^^^^
  File "C:\pythonstuff\wpimport\env\Lib\site-packages\urllib3\connection.py", line 211, in _new_conn
    raise NameResolutionError(self.host, self, e) from e
urllib3.exceptions.NameResolutionError: HTTPSConnection(host='shane.maxusvanparts.co.uk', port=443): Failed to resolve 'shane.maxusvanparts.co.uk' ([Errno 11001] getaddrinfo failed)

The above exception was the direct cause of the following exception:

Traceback (most recent call last):
  File "C:\pythonstuff\wpimport\env\Lib\site-packages\requests\adapters.py", line 486, in send
    resp = conn.urlopen(
           ^^^^^^^^^^^^^
  File "C:\pythonstuff\wpimport\env\Lib\site-packages\urllib3\connectionpool.py", line 841, in urlopen
    retries = retries.increment(
              ^^^^^^^^^^^^^^^^^^
  File "C:\pythonstuff\wpimport\env\Lib\site-packages\urllib3\util\retry.py", line 519, in increment
    raise MaxRetryError(_pool, url, reason) from reason  # type: ignore[arg-type]
    ^^^^^^^^^^^^^^^^^^^^^^^^^^^^^^^^^^^^^^^^^^^^^^^^^^^
urllib3.exceptions.MaxRetryError: HTTPSConnectionPool(host='shane.maxusvanparts.co.uk', port=443): Max retries exceeded with url: /wp-json/wc/v3/products/74754 (Caused by NameResolutionError("HTTPSConnection(host='shane.maxusvanparts.co.uk', port=443): Failed to resolve 'shane.maxusvanparts.co.uk' ([Errno 11001] getaddrinfo failed)"))

During handling of the above exception, another exception occurred:

Traceback (most recent call last):
  File "C:\pythonstuff\wpimport\create_all_duplicates.py", line 226, in main
    new_product = duplicate_product(product_id)
                  ^^^^^^^^^^^^^^^^^^^^^^^^^^^^^
  File "C:\pythonstuff\wpimport\createduplicates.py", line 86, in duplicate_product
    resp = wcapi.get(f"products/{product_id}")
           ^^^^^^^^^^^^^^^^^^^^^^^^^^^^^^^^^^^
  File "C:\pythonstuff\wpimport\env\Lib\site-packages\woocommerce\api.py", line 106, in get
    return self.__request("GET", endpoint, None, **kwargs)
           ^^^^^^^^^^^^^^^^^^^^^^^^^^^^^^^^^^^^^^^^^^^^^^^
  File "C:\pythonstuff\wpimport\env\Lib\site-packages\woocommerce\api.py", line 92, in __request
    return request(
           ^^^^^^^^
  File "C:\pythonstuff\wpimport\env\Lib\site-packages\requests\api.py", line 59, in request
    return session.request(method=method, url=url, **kwargs)
           ^^^^^^^^^^^^^^^^^^^^^^^^^^^^^^^^^^^^^^^^^^^^^^^^^
  File "C:\pythonstuff\wpimport\env\Lib\site-packages\requests\sessions.py", line 589, in request
    resp = self.send(prep, **send_kwargs)
           ^^^^^^^^^^^^^^^^^^^^^^^^^^^^^^
  File "C:\pythonstuff\wpimport\env\Lib\site-packages\requests\sessions.py", line 703, in send
    r = adapter.send(request, **kwargs)
        ^^^^^^^^^^^^^^^^^^^^^^^^^^^^^^^
  File "C:\pythonstuff\wpimport\env\Lib\site-packages\requests\adapters.py", line 519, in send
    raise ConnectionError(e, request=request)
requests.exceptions.ConnectionError: HTTPSConnectionPool(host='shane.maxusvanparts.co.uk', port=443): Max retries exceeded with url: /wp-json/wc/v3/products/74754 (Caused by NameResolutionError("HTTPSConnection(host='shane.maxusvanparts.co.uk', port=443): Failed to resolve 'shane.maxusvanparts.co.uk' ([Errno 11001] getaddrinfo failed)"))
2026-09-17 05:41:31 INFO [1270] Creating duplicate for product id=74744 sku=C00088887-FCA1CC replacement_sku=C00248984
2026-09-17 05:41:31 ERROR [1270] Unexpected error duplicating product id=74744
Traceback (most recent call last):
  File "C:\pythonstuff\wpimport\env\Lib\site-packages\urllib3\connection.py", line 204, in _new_conn
    sock = connection.create_connection(
           ^^^^^^^^^^^^^^^^^^^^^^^^^^^^^
  File "C:\pythonstuff\wpimport\env\Lib\site-packages\urllib3\util\connection.py", line 60, in create_connection
    for res in socket.getaddrinfo(host, port, family, socket.SOCK_STREAM):
               ^^^^^^^^^^^^^^^^^^^^^^^^^^^^^^^^^^^^^^^^^^^^^^^^^^^^^^^^^^
  File "C:\Users\User\AppData\Local\Programs\Python\Python312\Lib\socket.py", line 976, in getaddrinfo
    for res in _socket.getaddrinfo(host, port, family, type, proto, flags):
               ^^^^^^^^^^^^^^^^^^^^^^^^^^^^^^^^^^^^^^^^^^^^^^^^^^^^^^^^^^^
socket.gaierror: [Errno 11001] getaddrinfo failed

The above exception was the direct cause of the following exception:

Traceback (most recent call last):
  File "C:\pythonstuff\wpimport\env\Lib\site-packages\urllib3\connectionpool.py", line 787, in urlopen
    response = self._make_request(
               ^^^^^^^^^^^^^^^^^^^
  File "C:\pythonstuff\wpimport\env\Lib\site-packages\urllib3\connectionpool.py", line 488, in _make_request
    raise new_e
  File "C:\pythonstuff\wpimport\env\Lib\site-packages\urllib3\connectionpool.py", line 464, in _make_request
    self._validate_conn(conn)
  File "C:\pythonstuff\wpimport\env\Lib\site-packages\urllib3\connectionpool.py", line 1093, in _validate_conn
    conn.connect()
  File "C:\pythonstuff\wpimport\env\Lib\site-packages\urllib3\connection.py", line 759, in connect
    self.sock = sock = self._new_conn()
                       ^^^^^^^^^^^^^^^^
  File "C:\pythonstuff\wpimport\env\Lib\site-packages\urllib3\connection.py", line 211, in _new_conn
    raise NameResolutionError(self.host, self, e) from e
urllib3.exceptions.NameResolutionError: HTTPSConnection(host='shane.maxusvanparts.co.uk', port=443): Failed to resolve 'shane.maxusvanparts.co.uk' ([Errno 11001] getaddrinfo failed)

The above exception was the direct cause of the following exception:

Traceback (most recent call last):
  File "C:\pythonstuff\wpimport\env\Lib\site-packages\requests\adapters.py", line 486, in send
    resp = conn.urlopen(
           ^^^^^^^^^^^^^
  File "C:\pythonstuff\wpimport\env\Lib\site-packages\urllib3\connectionpool.py", line 841, in urlopen
    retries = retries.increment(
              ^^^^^^^^^^^^^^^^^^
  File "C:\pythonstuff\wpimport\env\Lib\site-packages\urllib3\util\retry.py", line 519, in increment
    raise MaxRetryError(_pool, url, reason) from reason  # type: ignore[arg-type]
    ^^^^^^^^^^^^^^^^^^^^^^^^^^^^^^^^^^^^^^^^^^^^^^^^^^^
urllib3.exceptions.MaxRetryError: HTTPSConnectionPool(host='shane.maxusvanparts.co.uk', port=443): Max retries exceeded with url: /wp-json/wc/v3/products/74744 (Caused by NameResolutionError("HTTPSConnection(host='shane.maxusvanparts.co.uk', port=443): Failed to resolve 'shane.maxusvanparts.co.uk' ([Errno 11001] getaddrinfo failed)"))

During handling of the above exception, another exception occurred:

Traceback (most recent call last):
  File "C:\pythonstuff\wpimport\create_all_duplicates.py", line 226, in main
    new_product = duplicate_product(product_id)
                  ^^^^^^^^^^^^^^^^^^^^^^^^^^^^^
  File "C:\pythonstuff\wpimport\createduplicates.py", line 86, in duplicate_product
    resp = wcapi.get(f"products/{product_id}")
           ^^^^^^^^^^^^^^^^^^^^^^^^^^^^^^^^^^^
  File "C:\pythonstuff\wpimport\env\Lib\site-packages\woocommerce\api.py", line 106, in get
    return self.__request("GET", endpoint, None, **kwargs)
           ^^^^^^^^^^^^^^^^^^^^^^^^^^^^^^^^^^^^^^^^^^^^^^^
  File "C:\pythonstuff\wpimport\env\Lib\site-packages\woocommerce\api.py", line 92, in __request
    return request(
           ^^^^^^^^
  File "C:\pythonstuff\wpimport\env\Lib\site-packages\requests\api.py", line 59, in request
    return session.request(method=method, url=url, **kwargs)
           ^^^^^^^^^^^^^^^^^^^^^^^^^^^^^^^^^^^^^^^^^^^^^^^^^
  File "C:\pythonstuff\wpimport\env\Lib\site-packages\requests\sessions.py", line 589, in request
    resp = self.send(prep, **send_kwargs)
           ^^^^^^^^^^^^^^^^^^^^^^^^^^^^^^
  File "C:\pythonstuff\wpimport\env\Lib\site-packages\requests\sessions.py", line 703, in send
    r = adapter.send(request, **kwargs)
        ^^^^^^^^^^^^^^^^^^^^^^^^^^^^^^^
  File "C:\pythonstuff\wpimport\env\Lib\site-packages\requests\adapters.py", line 519, in send
    raise ConnectionError(e, request=request)
requests.exceptions.ConnectionError: HTTPSConnectionPool(host='shane.maxusvanparts.co.uk', port=443): Max retries exceeded with url: /wp-json/wc/v3/products/74744 (Caused by NameResolutionError("HTTPSConnection(host='shane.maxusvanparts.co.uk', port=443): Failed to resolve 'shane.maxusvanparts.co.uk' ([Errno 11001] getaddrinfo failed)"))
2026-09-17 05:41:31 INFO [1271] Creating duplicate for product id=74718 sku=C00085859-4FFC92 replacement_sku=C00361295
2026-09-17 05:41:31 ERROR [1271] Unexpected error duplicating product id=74718
Traceback (most recent call last):
  File "C:\pythonstuff\wpimport\env\Lib\site-packages\urllib3\connection.py", line 204, in _new_conn
    sock = connection.create_connection(
           ^^^^^^^^^^^^^^^^^^^^^^^^^^^^^
  File "C:\pythonstuff\wpimport\env\Lib\site-packages\urllib3\util\connection.py", line 60, in create_connection
    for res in socket.getaddrinfo(host, port, family, socket.SOCK_STREAM):
               ^^^^^^^^^^^^^^^^^^^^^^^^^^^^^^^^^^^^^^^^^^^^^^^^^^^^^^^^^^
  File "C:\Users\User\AppData\Local\Programs\Python\Python312\Lib\socket.py", line 976, in getaddrinfo
    for res in _socket.getaddrinfo(host, port, family, type, proto, flags):
               ^^^^^^^^^^^^^^^^^^^^^^^^^^^^^^^^^^^^^^^^^^^^^^^^^^^^^^^^^^^
socket.gaierror: [Errno 11001] getaddrinfo failed

The above exception was the direct cause of the following exception:

Traceback (most recent call last):
  File "C:\pythonstuff\wpimport\env\Lib\site-packages\urllib3\connectionpool.py", line 787, in urlopen
    response = self._make_request(
               ^^^^^^^^^^^^^^^^^^^
  File "C:\pythonstuff\wpimport\env\Lib\site-packages\urllib3\connectionpool.py", line 488, in _make_request
    raise new_e
  File "C:\pythonstuff\wpimport\env\Lib\site-packages\urllib3\connectionpool.py", line 464, in _make_request
    self._validate_conn(conn)
  File "C:\pythonstuff\wpimport\env\Lib\site-packages\urllib3\connectionpool.py", line 1093, in _validate_conn
    conn.connect()
  File "C:\pythonstuff\wpimport\env\Lib\site-packages\urllib3\connection.py", line 759, in connect
    self.sock = sock = self._new_conn()
                       ^^^^^^^^^^^^^^^^
  File "C:\pythonstuff\wpimport\env\Lib\site-packages\urllib3\connection.py", line 211, in _new_conn
    raise NameResolutionError(self.host, self, e) from e
urllib3.exceptions.NameResolutionError: HTTPSConnection(host='shane.maxusvanparts.co.uk', port=443): Failed to resolve 'shane.maxusvanparts.co.uk' ([Errno 11001] getaddrinfo failed)

The above exception was the direct cause of the following exception:

Traceback (most recent call last):
  File "C:\pythonstuff\wpimport\env\Lib\site-packages\requests\adapters.py", line 486, in send
    resp = conn.urlopen(
           ^^^^^^^^^^^^^
  File "C:\pythonstuff\wpimport\env\Lib\site-packages\urllib3\connectionpool.py", line 841, in urlopen
    retries = retries.increment(
              ^^^^^^^^^^^^^^^^^^
  File "C:\pythonstuff\wpimport\env\Lib\site-packages\urllib3\util\retry.py", line 519, in increment
    raise MaxRetryError(_pool, url, reason) from reason  # type: ignore[arg-type]
    ^^^^^^^^^^^^^^^^^^^^^^^^^^^^^^^^^^^^^^^^^^^^^^^^^^^
urllib3.exceptions.MaxRetryError: HTTPSConnectionPool(host='shane.maxusvanparts.co.uk', port=443): Max retries exceeded with url: /wp-json/wc/v3/products/74718 (Caused by NameResolutionError("HTTPSConnection(host='shane.maxusvanparts.co.uk', port=443): Failed to resolve 'shane.maxusvanparts.co.uk' ([Errno 11001] getaddrinfo failed)"))

During handling of the above exception, another exception occurred:

Traceback (most recent call last):
  File "C:\pythonstuff\wpimport\create_all_duplicates.py", line 226, in main
    new_product = duplicate_product(product_id)
                  ^^^^^^^^^^^^^^^^^^^^^^^^^^^^^
  File "C:\pythonstuff\wpimport\createduplicates.py", line 86, in duplicate_product
    resp = wcapi.get(f"products/{product_id}")
           ^^^^^^^^^^^^^^^^^^^^^^^^^^^^^^^^^^^
  File "C:\pythonstuff\wpimport\env\Lib\site-packages\woocommerce\api.py", line 106, in get
    return self.__request("GET", endpoint, None, **kwargs)
           ^^^^^^^^^^^^^^^^^^^^^^^^^^^^^^^^^^^^^^^^^^^^^^^
  File "C:\pythonstuff\wpimport\env\Lib\site-packages\woocommerce\api.py", line 92, in __request
    return request(
           ^^^^^^^^
  File "C:\pythonstuff\wpimport\env\Lib\site-packages\requests\api.py", line 59, in request
    return session.request(method=method, url=url, **kwargs)
           ^^^^^^^^^^^^^^^^^^^^^^^^^^^^^^^^^^^^^^^^^^^^^^^^^
  File "C:\pythonstuff\wpimport\env\Lib\site-packages\requests\sessions.py", line 589, in request
    resp = self.send(prep, **send_kwargs)
           ^^^^^^^^^^^^^^^^^^^^^^^^^^^^^^
  File "C:\pythonstuff\wpimport\env\Lib\site-packages\requests\sessions.py", line 703, in send
    r = adapter.send(request, **kwargs)
        ^^^^^^^^^^^^^^^^^^^^^^^^^^^^^^^
  File "C:\pythonstuff\wpimport\env\Lib\site-packages\requests\adapters.py", line 519, in send
    raise ConnectionError(e, request=request)
requests.exceptions.ConnectionError: HTTPSConnectionPool(host='shane.maxusvanparts.co.uk', port=443): Max retries exceeded with url: /wp-json/wc/v3/products/74718 (Caused by NameResolutionError("HTTPSConnection(host='shane.maxusvanparts.co.uk', port=443): Failed to resolve 'shane.maxusvanparts.co.uk' ([Errno 11001] getaddrinfo failed)"))
2026-09-17 05:41:31 INFO [1272] Creating duplicate for product id=74674 sku=C00076125-F014-8519E7 replacement_sku=C00453796-F014
2026-09-17 05:41:31 ERROR [1272] Unexpected error duplicating product id=74674
Traceback (most recent call last):
  File "C:\pythonstuff\wpimport\env\Lib\site-packages\urllib3\connection.py", line 204, in _new_conn
    sock = connection.create_connection(
           ^^^^^^^^^^^^^^^^^^^^^^^^^^^^^
  File "C:\pythonstuff\wpimport\env\Lib\site-packages\urllib3\util\connection.py", line 60, in create_connection
    for res in socket.getaddrinfo(host, port, family, socket.SOCK_STREAM):
               ^^^^^^^^^^^^^^^^^^^^^^^^^^^^^^^^^^^^^^^^^^^^^^^^^^^^^^^^^^
  File "C:\Users\User\AppData\Local\Programs\Python\Python312\Lib\socket.py", line 976, in getaddrinfo
    for res in _socket.getaddrinfo(host, port, family, type, proto, flags):
               ^^^^^^^^^^^^^^^^^^^^^^^^^^^^^^^^^^^^^^^^^^^^^^^^^^^^^^^^^^^
socket.gaierror: [Errno 11001] getaddrinfo failed

The above exception was the direct cause of the following exception:

Traceback (most recent call last):
  File "C:\pythonstuff\wpimport\env\Lib\site-packages\urllib3\connectionpool.py", line 787, in urlopen
    response = self._make_request(
               ^^^^^^^^^^^^^^^^^^^
  File "C:\pythonstuff\wpimport\env\Lib\site-packages\urllib3\connectionpool.py", line 488, in _make_request
    raise new_e
  File "C:\pythonstuff\wpimport\env\Lib\site-packages\urllib3\connectionpool.py", line 464, in _make_request
    self._validate_conn(conn)
  File "C:\pythonstuff\wpimport\env\Lib\site-packages\urllib3\connectionpool.py", line 1093, in _validate_conn
    conn.connect()
  File "C:\pythonstuff\wpimport\env\Lib\site-packages\urllib3\connection.py", line 759, in connect
    self.sock = sock = self._new_conn()
                       ^^^^^^^^^^^^^^^^
  File "C:\pythonstuff\wpimport\env\Lib\site-packages\urllib3\connection.py", line 211, in _new_conn
    raise NameResolutionError(self.host, self, e) from e
urllib3.exceptions.NameResolutionError: HTTPSConnection(host='shane.maxusvanparts.co.uk', port=443): Failed to resolve 'shane.maxusvanparts.co.uk' ([Errno 11001] getaddrinfo failed)

The above exception was the direct cause of the following exception:

Traceback (most recent call last):
  File "C:\pythonstuff\wpimport\env\Lib\site-packages\requests\adapters.py", line 486, in send
    resp = conn.urlopen(
           ^^^^^^^^^^^^^
  File "C:\pythonstuff\wpimport\env\Lib\site-packages\urllib3\connectionpool.py", line 841, in urlopen
    retries = retries.increment(
              ^^^^^^^^^^^^^^^^^^
  File "C:\pythonstuff\wpimport\env\Lib\site-packages\urllib3\util\retry.py", line 519, in increment
    raise MaxRetryError(_pool, url, reason) from reason  # type: ignore[arg-type]
    ^^^^^^^^^^^^^^^^^^^^^^^^^^^^^^^^^^^^^^^^^^^^^^^^^^^
urllib3.exceptions.MaxRetryError: HTTPSConnectionPool(host='shane.maxusvanparts.co.uk', port=443): Max retries exceeded with url: /wp-json/wc/v3/products/74674 (Caused by NameResolutionError("HTTPSConnection(host='shane.maxusvanparts.co.uk', port=443): Failed to resolve 'shane.maxusvanparts.co.uk' ([Errno 11001] getaddrinfo failed)"))

During handling of the above exception, another exception occurred:

Traceback (most recent call last):
  File "C:\pythonstuff\wpimport\create_all_duplicates.py", line 226, in main
    new_product = duplicate_product(product_id)
                  ^^^^^^^^^^^^^^^^^^^^^^^^^^^^^
  File "C:\pythonstuff\wpimport\createduplicates.py", line 86, in duplicate_product
    resp = wcapi.get(f"products/{product_id}")
           ^^^^^^^^^^^^^^^^^^^^^^^^^^^^^^^^^^^
  File "C:\pythonstuff\wpimport\env\Lib\site-packages\woocommerce\api.py", line 106, in get
    return self.__request("GET", endpoint, None, **kwargs)
           ^^^^^^^^^^^^^^^^^^^^^^^^^^^^^^^^^^^^^^^^^^^^^^^
  File "C:\pythonstuff\wpimport\env\Lib\site-packages\woocommerce\api.py", line 92, in __request
    return request(
           ^^^^^^^^
  File "C:\pythonstuff\wpimport\env\Lib\site-packages\requests\api.py", line 59, in request
    return session.request(method=method, url=url, **kwargs)
           ^^^^^^^^^^^^^^^^^^^^^^^^^^^^^^^^^^^^^^^^^^^^^^^^^
  File "C:\pythonstuff\wpimport\env\Lib\site-packages\requests\sessions.py", line 589, in request
    resp = self.send(prep, **send_kwargs)
           ^^^^^^^^^^^^^^^^^^^^^^^^^^^^^^
  File "C:\pythonstuff\wpimport\env\Lib\site-packages\requests\sessions.py", line 703, in send
    r = adapter.send(request, **kwargs)
        ^^^^^^^^^^^^^^^^^^^^^^^^^^^^^^^
  File "C:\pythonstuff\wpimport\env\Lib\site-packages\requests\adapters.py", line 519, in send
    raise ConnectionError(e, request=request)
requests.exceptions.ConnectionError: HTTPSConnectionPool(host='shane.maxusvanparts.co.uk', port=443): Max retries exceeded with url: /wp-json/wc/v3/products/74674 (Caused by NameResolutionError("HTTPSConnection(host='shane.maxusvanparts.co.uk', port=443): Failed to resolve 'shane.maxusvanparts.co.uk' ([Errno 11001] getaddrinfo failed)"))
2026-09-17 05:41:31 INFO [1273] Creating duplicate for product id=74666 sku=C00078364-A131-B486E2 replacement_sku=C00078412-A131
2026-09-17 05:41:31 ERROR [1273] Unexpected error duplicating product id=74666
Traceback (most recent call last):
  File "C:\pythonstuff\wpimport\env\Lib\site-packages\urllib3\connection.py", line 204, in _new_conn
    sock = connection.create_connection(
           ^^^^^^^^^^^^^^^^^^^^^^^^^^^^^
  File "C:\pythonstuff\wpimport\env\Lib\site-packages\urllib3\util\connection.py", line 60, in create_connection
    for res in socket.getaddrinfo(host, port, family, socket.SOCK_STREAM):
               ^^^^^^^^^^^^^^^^^^^^^^^^^^^^^^^^^^^^^^^^^^^^^^^^^^^^^^^^^^
  File "C:\Users\User\AppData\Local\Programs\Python\Python312\Lib\socket.py", line 976, in getaddrinfo
    for res in _socket.getaddrinfo(host, port, family, type, proto, flags):
               ^^^^^^^^^^^^^^^^^^^^^^^^^^^^^^^^^^^^^^^^^^^^^^^^^^^^^^^^^^^
socket.gaierror: [Errno 11001] getaddrinfo failed

The above exception was the direct cause of the following exception:

Traceback (most recent call last):
  File "C:\pythonstuff\wpimport\env\Lib\site-packages\urllib3\connectionpool.py", line 787, in urlopen
    response = self._make_request(
               ^^^^^^^^^^^^^^^^^^^
  File "C:\pythonstuff\wpimport\env\Lib\site-packages\urllib3\connectionpool.py", line 488, in _make_request
    raise new_e
  File "C:\pythonstuff\wpimport\env\Lib\site-packages\urllib3\connectionpool.py", line 464, in _make_request
    self._validate_conn(conn)
  File "C:\pythonstuff\wpimport\env\Lib\site-packages\urllib3\connectionpool.py", line 1093, in _validate_conn
    conn.connect()
  File "C:\pythonstuff\wpimport\env\Lib\site-packages\urllib3\connection.py", line 759, in connect
    self.sock = sock = self._new_conn()
                       ^^^^^^^^^^^^^^^^
  File "C:\pythonstuff\wpimport\env\Lib\site-packages\urllib3\connection.py", line 211, in _new_conn
    raise NameResolutionError(self.host, self, e) from e
urllib3.exceptions.NameResolutionError: HTTPSConnection(host='shane.maxusvanparts.co.uk', port=443): Failed to resolve 'shane.maxusvanparts.co.uk' ([Errno 11001] getaddrinfo failed)

The above exception was the direct cause of the following exception:

Traceback (most recent call last):
  File "C:\pythonstuff\wpimport\env\Lib\site-packages\requests\adapters.py", line 486, in send
    resp = conn.urlopen(
           ^^^^^^^^^^^^^
  File "C:\pythonstuff\wpimport\env\Lib\site-packages\urllib3\connectionpool.py", line 841, in urlopen
    retries = retries.increment(
              ^^^^^^^^^^^^^^^^^^
  File "C:\pythonstuff\wpimport\env\Lib\site-packages\urllib3\util\retry.py", line 519, in increment
    raise MaxRetryError(_pool, url, reason) from reason  # type: ignore[arg-type]
    ^^^^^^^^^^^^^^^^^^^^^^^^^^^^^^^^^^^^^^^^^^^^^^^^^^^
urllib3.exceptions.MaxRetryError: HTTPSConnectionPool(host='shane.maxusvanparts.co.uk', port=443): Max retries exceeded with url: /wp-json/wc/v3/products/74666 (Caused by NameResolutionError("HTTPSConnection(host='shane.maxusvanparts.co.uk', port=443): Failed to resolve 'shane.maxusvanparts.co.uk' ([Errno 11001] getaddrinfo failed)"))

During handling of the above exception, another exception occurred:

Traceback (most recent call last):
  File "C:\pythonstuff\wpimport\create_all_duplicates.py", line 226, in main
    new_product = duplicate_product(product_id)
                  ^^^^^^^^^^^^^^^^^^^^^^^^^^^^^
  File "C:\pythonstuff\wpimport\createduplicates.py", line 86, in duplicate_product
    resp = wcapi.get(f"products/{product_id}")
           ^^^^^^^^^^^^^^^^^^^^^^^^^^^^^^^^^^^
  File "C:\pythonstuff\wpimport\env\Lib\site-packages\woocommerce\api.py", line 106, in get
    return self.__request("GET", endpoint, None, **kwargs)
           ^^^^^^^^^^^^^^^^^^^^^^^^^^^^^^^^^^^^^^^^^^^^^^^
  File "C:\pythonstuff\wpimport\env\Lib\site-packages\woocommerce\api.py", line 92, in __request
    return request(
           ^^^^^^^^
  File "C:\pythonstuff\wpimport\env\Lib\site-packages\requests\api.py", line 59, in request
    return session.request(method=method, url=url, **kwargs)
           ^^^^^^^^^^^^^^^^^^^^^^^^^^^^^^^^^^^^^^^^^^^^^^^^^
  File "C:\pythonstuff\wpimport\env\Lib\site-packages\requests\sessions.py", line 589, in request
    resp = self.send(prep, **send_kwargs)
           ^^^^^^^^^^^^^^^^^^^^^^^^^^^^^^
  File "C:\pythonstuff\wpimport\env\Lib\site-packages\requests\sessions.py", line 703, in send
    r = adapter.send(request, **kwargs)
        ^^^^^^^^^^^^^^^^^^^^^^^^^^^^^^^
  File "C:\pythonstuff\wpimport\env\Lib\site-packages\requests\adapters.py", line 519, in send
    raise ConnectionError(e, request=request)
requests.exceptions.ConnectionError: HTTPSConnectionPool(host='shane.maxusvanparts.co.uk', port=443): Max retries exceeded with url: /wp-json/wc/v3/products/74666 (Caused by NameResolutionError("HTTPSConnection(host='shane.maxusvanparts.co.uk', port=443): Failed to resolve 'shane.maxusvanparts.co.uk' ([Errno 11001] getaddrinfo failed)"))
2026-09-17 05:41:31 INFO [1274] Creating duplicate for product id=74659 sku=C00076657-8BA520 replacement_sku=C00104033
2026-09-17 05:41:31 ERROR [1274] Unexpected error duplicating product id=74659
Traceback (most recent call last):
  File "C:\pythonstuff\wpimport\env\Lib\site-packages\urllib3\connection.py", line 204, in _new_conn
    sock = connection.create_connection(
           ^^^^^^^^^^^^^^^^^^^^^^^^^^^^^
  File "C:\pythonstuff\wpimport\env\Lib\site-packages\urllib3\util\connection.py", line 60, in create_connection
    for res in socket.getaddrinfo(host, port, family, socket.SOCK_STREAM):
               ^^^^^^^^^^^^^^^^^^^^^^^^^^^^^^^^^^^^^^^^^^^^^^^^^^^^^^^^^^
  File "C:\Users\User\AppData\Local\Programs\Python\Python312\Lib\socket.py", line 976, in getaddrinfo
    for res in _socket.getaddrinfo(host, port, family, type, proto, flags):
               ^^^^^^^^^^^^^^^^^^^^^^^^^^^^^^^^^^^^^^^^^^^^^^^^^^^^^^^^^^^
socket.gaierror: [Errno 11001] getaddrinfo failed

The above exception was the direct cause of the following exception:

Traceback (most recent call last):
  File "C:\pythonstuff\wpimport\env\Lib\site-packages\urllib3\connectionpool.py", line 787, in urlopen
    response = self._make_request(
               ^^^^^^^^^^^^^^^^^^^
  File "C:\pythonstuff\wpimport\env\Lib\site-packages\urllib3\connectionpool.py", line 488, in _make_request
    raise new_e
  File "C:\pythonstuff\wpimport\env\Lib\site-packages\urllib3\connectionpool.py", line 464, in _make_request
    self._validate_conn(conn)
  File "C:\pythonstuff\wpimport\env\Lib\site-packages\urllib3\connectionpool.py", line 1093, in _validate_conn
    conn.connect()
  File "C:\pythonstuff\wpimport\env\Lib\site-packages\urllib3\connection.py", line 759, in connect
    self.sock = sock = self._new_conn()
                       ^^^^^^^^^^^^^^^^
  File "C:\pythonstuff\wpimport\env\Lib\site-packages\urllib3\connection.py", line 211, in _new_conn
    raise NameResolutionError(self.host, self, e) from e
urllib3.exceptions.NameResolutionError: HTTPSConnection(host='shane.maxusvanparts.co.uk', port=443): Failed to resolve 'shane.maxusvanparts.co.uk' ([Errno 11001] getaddrinfo failed)

The above exception was the direct cause of the following exception:

Traceback (most recent call last):
  File "C:\pythonstuff\wpimport\env\Lib\site-packages\requests\adapters.py", line 486, in send
    resp = conn.urlopen(
           ^^^^^^^^^^^^^
  File "C:\pythonstuff\wpimport\env\Lib\site-packages\urllib3\connectionpool.py", line 841, in urlopen
    retries = retries.increment(
              ^^^^^^^^^^^^^^^^^^
  File "C:\pythonstuff\wpimport\env\Lib\site-packages\urllib3\util\retry.py", line 519, in increment
    raise MaxRetryError(_pool, url, reason) from reason  # type: ignore[arg-type]
    ^^^^^^^^^^^^^^^^^^^^^^^^^^^^^^^^^^^^^^^^^^^^^^^^^^^
urllib3.exceptions.MaxRetryError: HTTPSConnectionPool(host='shane.maxusvanparts.co.uk', port=443): Max retries exceeded with url: /wp-json/wc/v3/products/74659 (Caused by NameResolutionError("HTTPSConnection(host='shane.maxusvanparts.co.uk', port=443): Failed to resolve 'shane.maxusvanparts.co.uk' ([Errno 11001] getaddrinfo failed)"))

During handling of the above exception, another exception occurred:

Traceback (most recent call last):
  File "C:\pythonstuff\wpimport\create_all_duplicates.py", line 226, in main
    new_product = duplicate_product(product_id)
                  ^^^^^^^^^^^^^^^^^^^^^^^^^^^^^
  File "C:\pythonstuff\wpimport\createduplicates.py", line 86, in duplicate_product
    resp = wcapi.get(f"products/{product_id}")
           ^^^^^^^^^^^^^^^^^^^^^^^^^^^^^^^^^^^
  File "C:\pythonstuff\wpimport\env\Lib\site-packages\woocommerce\api.py", line 106, in get
    return self.__request("GET", endpoint, None, **kwargs)
           ^^^^^^^^^^^^^^^^^^^^^^^^^^^^^^^^^^^^^^^^^^^^^^^
  File "C:\pythonstuff\wpimport\env\Lib\site-packages\woocommerce\api.py", line 92, in __request
    return request(
           ^^^^^^^^
  File "C:\pythonstuff\wpimport\env\Lib\site-packages\requests\api.py", line 59, in request
    return session.request(method=method, url=url, **kwargs)
           ^^^^^^^^^^^^^^^^^^^^^^^^^^^^^^^^^^^^^^^^^^^^^^^^^
  File "C:\pythonstuff\wpimport\env\Lib\site-packages\requests\sessions.py", line 589, in request
    resp = self.send(prep, **send_kwargs)
           ^^^^^^^^^^^^^^^^^^^^^^^^^^^^^^
  File "C:\pythonstuff\wpimport\env\Lib\site-packages\requests\sessions.py", line 703, in send
    r = adapter.send(request, **kwargs)
        ^^^^^^^^^^^^^^^^^^^^^^^^^^^^^^^
  File "C:\pythonstuff\wpimport\env\Lib\site-packages\requests\adapters.py", line 519, in send
    raise ConnectionError(e, request=request)
requests.exceptions.ConnectionError: HTTPSConnectionPool(host='shane.maxusvanparts.co.uk', port=443): Max retries exceeded with url: /wp-json/wc/v3/products/74659 (Caused by NameResolutionError("HTTPSConnection(host='shane.maxusvanparts.co.uk', port=443): Failed to resolve 'shane.maxusvanparts.co.uk' ([Errno 11001] getaddrinfo failed)"))
2026-09-17 05:41:31 INFO [1275] Creating duplicate for product id=74672 sku=C00078367-A131-40E416 replacement_sku=C00078413-A131
2026-09-17 05:41:31 ERROR [1275] Unexpected error duplicating product id=74672
Traceback (most recent call last):
  File "C:\pythonstuff\wpimport\env\Lib\site-packages\urllib3\connection.py", line 204, in _new_conn
    sock = connection.create_connection(
           ^^^^^^^^^^^^^^^^^^^^^^^^^^^^^
  File "C:\pythonstuff\wpimport\env\Lib\site-packages\urllib3\util\connection.py", line 60, in create_connection
    for res in socket.getaddrinfo(host, port, family, socket.SOCK_STREAM):
               ^^^^^^^^^^^^^^^^^^^^^^^^^^^^^^^^^^^^^^^^^^^^^^^^^^^^^^^^^^
  File "C:\Users\User\AppData\Local\Programs\Python\Python312\Lib\socket.py", line 976, in getaddrinfo
    for res in _socket.getaddrinfo(host, port, family, type, proto, flags):
               ^^^^^^^^^^^^^^^^^^^^^^^^^^^^^^^^^^^^^^^^^^^^^^^^^^^^^^^^^^^
socket.gaierror: [Errno 11001] getaddrinfo failed

The above exception was the direct cause of the following exception:

Traceback (most recent call last):
  File "C:\pythonstuff\wpimport\env\Lib\site-packages\urllib3\connectionpool.py", line 787, in urlopen
    response = self._make_request(
               ^^^^^^^^^^^^^^^^^^^
  File "C:\pythonstuff\wpimport\env\Lib\site-packages\urllib3\connectionpool.py", line 488, in _make_request
    raise new_e
  File "C:\pythonstuff\wpimport\env\Lib\site-packages\urllib3\connectionpool.py", line 464, in _make_request
    self._validate_conn(conn)
  File "C:\pythonstuff\wpimport\env\Lib\site-packages\urllib3\connectionpool.py", line 1093, in _validate_conn
    conn.connect()
  File "C:\pythonstuff\wpimport\env\Lib\site-packages\urllib3\connection.py", line 759, in connect
    self.sock = sock = self._new_conn()
                       ^^^^^^^^^^^^^^^^
  File "C:\pythonstuff\wpimport\env\Lib\site-packages\urllib3\connection.py", line 211, in _new_conn
    raise NameResolutionError(self.host, self, e) from e
urllib3.exceptions.NameResolutionError: HTTPSConnection(host='shane.maxusvanparts.co.uk', port=443): Failed to resolve 'shane.maxusvanparts.co.uk' ([Errno 11001] getaddrinfo failed)

The above exception was the direct cause of the following exception:

Traceback (most recent call last):
  File "C:\pythonstuff\wpimport\env\Lib\site-packages\requests\adapters.py", line 486, in send
    resp = conn.urlopen(
           ^^^^^^^^^^^^^
  File "C:\pythonstuff\wpimport\env\Lib\site-packages\urllib3\connectionpool.py", line 841, in urlopen
    retries = retries.increment(
              ^^^^^^^^^^^^^^^^^^
  File "C:\pythonstuff\wpimport\env\Lib\site-packages\urllib3\util\retry.py", line 519, in increment
    raise MaxRetryError(_pool, url, reason) from reason  # type: ignore[arg-type]
    ^^^^^^^^^^^^^^^^^^^^^^^^^^^^^^^^^^^^^^^^^^^^^^^^^^^
urllib3.exceptions.MaxRetryError: HTTPSConnectionPool(host='shane.maxusvanparts.co.uk', port=443): Max retries exceeded with url: /wp-json/wc/v3/products/74672 (Caused by NameResolutionError("HTTPSConnection(host='shane.maxusvanparts.co.uk', port=443): Failed to resolve 'shane.maxusvanparts.co.uk' ([Errno 11001] getaddrinfo failed)"))

During handling of the above exception, another exception occurred:

Traceback (most recent call last):
  File "C:\pythonstuff\wpimport\create_all_duplicates.py", line 226, in main
    new_product = duplicate_product(product_id)
                  ^^^^^^^^^^^^^^^^^^^^^^^^^^^^^
  File "C:\pythonstuff\wpimport\createduplicates.py", line 86, in duplicate_product
    resp = wcapi.get(f"products/{product_id}")
           ^^^^^^^^^^^^^^^^^^^^^^^^^^^^^^^^^^^
  File "C:\pythonstuff\wpimport\env\Lib\site-packages\woocommerce\api.py", line 106, in get
    return self.__request("GET", endpoint, None, **kwargs)
           ^^^^^^^^^^^^^^^^^^^^^^^^^^^^^^^^^^^^^^^^^^^^^^^
  File "C:\pythonstuff\wpimport\env\Lib\site-packages\woocommerce\api.py", line 92, in __request
    return request(
           ^^^^^^^^
  File "C:\pythonstuff\wpimport\env\Lib\site-packages\requests\api.py", line 59, in request
    return session.request(method=method, url=url, **kwargs)
           ^^^^^^^^^^^^^^^^^^^^^^^^^^^^^^^^^^^^^^^^^^^^^^^^^
  File "C:\pythonstuff\wpimport\env\Lib\site-packages\requests\sessions.py", line 589, in request
    resp = self.send(prep, **send_kwargs)
           ^^^^^^^^^^^^^^^^^^^^^^^^^^^^^^
  File "C:\pythonstuff\wpimport\env\Lib\site-packages\requests\sessions.py", line 703, in send
    r = adapter.send(request, **kwargs)
        ^^^^^^^^^^^^^^^^^^^^^^^^^^^^^^^
  File "C:\pythonstuff\wpimport\env\Lib\site-packages\requests\adapters.py", line 519, in send
    raise ConnectionError(e, request=request)
requests.exceptions.ConnectionError: HTTPSConnectionPool(host='shane.maxusvanparts.co.uk', port=443): Max retries exceeded with url: /wp-json/wc/v3/products/74672 (Caused by NameResolutionError("HTTPSConnection(host='shane.maxusvanparts.co.uk', port=443): Failed to resolve 'shane.maxusvanparts.co.uk' ([Errno 11001] getaddrinfo failed)"))
2026-09-17 05:41:31 INFO [1276] Creating duplicate for product id=74665 sku=C00076658-A7A35B replacement_sku=C00104036
2026-09-17 05:41:31 ERROR [1276] Unexpected error duplicating product id=74665
Traceback (most recent call last):
  File "C:\pythonstuff\wpimport\env\Lib\site-packages\urllib3\connection.py", line 204, in _new_conn
    sock = connection.create_connection(
           ^^^^^^^^^^^^^^^^^^^^^^^^^^^^^
  File "C:\pythonstuff\wpimport\env\Lib\site-packages\urllib3\util\connection.py", line 60, in create_connection
    for res in socket.getaddrinfo(host, port, family, socket.SOCK_STREAM):
               ^^^^^^^^^^^^^^^^^^^^^^^^^^^^^^^^^^^^^^^^^^^^^^^^^^^^^^^^^^
  File "C:\Users\User\AppData\Local\Programs\Python\Python312\Lib\socket.py", line 976, in getaddrinfo
    for res in _socket.getaddrinfo(host, port, family, type, proto, flags):
               ^^^^^^^^^^^^^^^^^^^^^^^^^^^^^^^^^^^^^^^^^^^^^^^^^^^^^^^^^^^
socket.gaierror: [Errno 11001] getaddrinfo failed

The above exception was the direct cause of the following exception:

Traceback (most recent call last):
  File "C:\pythonstuff\wpimport\env\Lib\site-packages\urllib3\connectionpool.py", line 787, in urlopen
    response = self._make_request(
               ^^^^^^^^^^^^^^^^^^^
  File "C:\pythonstuff\wpimport\env\Lib\site-packages\urllib3\connectionpool.py", line 488, in _make_request
    raise new_e
  File "C:\pythonstuff\wpimport\env\Lib\site-packages\urllib3\connectionpool.py", line 464, in _make_request
    self._validate_conn(conn)
  File "C:\pythonstuff\wpimport\env\Lib\site-packages\urllib3\connectionpool.py", line 1093, in _validate_conn
    conn.connect()
  File "C:\pythonstuff\wpimport\env\Lib\site-packages\urllib3\connection.py", line 759, in connect
    self.sock = sock = self._new_conn()
                       ^^^^^^^^^^^^^^^^
  File "C:\pythonstuff\wpimport\env\Lib\site-packages\urllib3\connection.py", line 211, in _new_conn
    raise NameResolutionError(self.host, self, e) from e
urllib3.exceptions.NameResolutionError: HTTPSConnection(host='shane.maxusvanparts.co.uk', port=443): Failed to resolve 'shane.maxusvanparts.co.uk' ([Errno 11001] getaddrinfo failed)

The above exception was the direct cause of the following exception:

Traceback (most recent call last):
  File "C:\pythonstuff\wpimport\env\Lib\site-packages\requests\adapters.py", line 486, in send
    resp = conn.urlopen(
           ^^^^^^^^^^^^^
  File "C:\pythonstuff\wpimport\env\Lib\site-packages\urllib3\connectionpool.py", line 841, in urlopen
    retries = retries.increment(
              ^^^^^^^^^^^^^^^^^^
  File "C:\pythonstuff\wpimport\env\Lib\site-packages\urllib3\util\retry.py", line 519, in increment
    raise MaxRetryError(_pool, url, reason) from reason  # type: ignore[arg-type]
    ^^^^^^^^^^^^^^^^^^^^^^^^^^^^^^^^^^^^^^^^^^^^^^^^^^^
urllib3.exceptions.MaxRetryError: HTTPSConnectionPool(host='shane.maxusvanparts.co.uk', port=443): Max retries exceeded with url: /wp-json/wc/v3/products/74665 (Caused by NameResolutionError("HTTPSConnection(host='shane.maxusvanparts.co.uk', port=443): Failed to resolve 'shane.maxusvanparts.co.uk' ([Errno 11001] getaddrinfo failed)"))

During handling of the above exception, another exception occurred:

Traceback (most recent call last):
  File "C:\pythonstuff\wpimport\create_all_duplicates.py", line 226, in main
    new_product = duplicate_product(product_id)
                  ^^^^^^^^^^^^^^^^^^^^^^^^^^^^^
  File "C:\pythonstuff\wpimport\createduplicates.py", line 86, in duplicate_product
    resp = wcapi.get(f"products/{product_id}")
           ^^^^^^^^^^^^^^^^^^^^^^^^^^^^^^^^^^^
  File "C:\pythonstuff\wpimport\env\Lib\site-packages\woocommerce\api.py", line 106, in get
    return self.__request("GET", endpoint, None, **kwargs)
           ^^^^^^^^^^^^^^^^^^^^^^^^^^^^^^^^^^^^^^^^^^^^^^^
  File "C:\pythonstuff\wpimport\env\Lib\site-packages\woocommerce\api.py", line 92, in __request
    return request(
           ^^^^^^^^
  File "C:\pythonstuff\wpimport\env\Lib\site-packages\requests\api.py", line 59, in request
    return session.request(method=method, url=url, **kwargs)
           ^^^^^^^^^^^^^^^^^^^^^^^^^^^^^^^^^^^^^^^^^^^^^^^^^
  File "C:\pythonstuff\wpimport\env\Lib\site-packages\requests\sessions.py", line 589, in request
    resp = self.send(prep, **send_kwargs)
           ^^^^^^^^^^^^^^^^^^^^^^^^^^^^^^
  File "C:\pythonstuff\wpimport\env\Lib\site-packages\requests\sessions.py", line 703, in send
    r = adapter.send(request, **kwargs)
        ^^^^^^^^^^^^^^^^^^^^^^^^^^^^^^^
  File "C:\pythonstuff\wpimport\env\Lib\site-packages\requests\adapters.py", line 519, in send
    raise ConnectionError(e, request=request)
requests.exceptions.ConnectionError: HTTPSConnectionPool(host='shane.maxusvanparts.co.uk', port=443): Max retries exceeded with url: /wp-json/wc/v3/products/74665 (Caused by NameResolutionError("HTTPSConnection(host='shane.maxusvanparts.co.uk', port=443): Failed to resolve 'shane.maxusvanparts.co.uk' ([Errno 11001] getaddrinfo failed)"))
2026-09-17 05:41:31 INFO [1277] Creating duplicate for product id=74656 sku=C00077076-420B4B replacement_sku=C00523103
2026-09-17 05:41:31 ERROR [1277] Unexpected error duplicating product id=74656
Traceback (most recent call last):
  File "C:\pythonstuff\wpimport\env\Lib\site-packages\urllib3\connection.py", line 204, in _new_conn
    sock = connection.create_connection(
           ^^^^^^^^^^^^^^^^^^^^^^^^^^^^^
  File "C:\pythonstuff\wpimport\env\Lib\site-packages\urllib3\util\connection.py", line 60, in create_connection
    for res in socket.getaddrinfo(host, port, family, socket.SOCK_STREAM):
               ^^^^^^^^^^^^^^^^^^^^^^^^^^^^^^^^^^^^^^^^^^^^^^^^^^^^^^^^^^
  File "C:\Users\User\AppData\Local\Programs\Python\Python312\Lib\socket.py", line 976, in getaddrinfo
    for res in _socket.getaddrinfo(host, port, family, type, proto, flags):
               ^^^^^^^^^^^^^^^^^^^^^^^^^^^^^^^^^^^^^^^^^^^^^^^^^^^^^^^^^^^
socket.gaierror: [Errno 11001] getaddrinfo failed

The above exception was the direct cause of the following exception:

Traceback (most recent call last):
  File "C:\pythonstuff\wpimport\env\Lib\site-packages\urllib3\connectionpool.py", line 787, in urlopen
    response = self._make_request(
               ^^^^^^^^^^^^^^^^^^^
  File "C:\pythonstuff\wpimport\env\Lib\site-packages\urllib3\connectionpool.py", line 488, in _make_request
    raise new_e
  File "C:\pythonstuff\wpimport\env\Lib\site-packages\urllib3\connectionpool.py", line 464, in _make_request
    self._validate_conn(conn)
  File "C:\pythonstuff\wpimport\env\Lib\site-packages\urllib3\connectionpool.py", line 1093, in _validate_conn
    conn.connect()
  File "C:\pythonstuff\wpimport\env\Lib\site-packages\urllib3\connection.py", line 759, in connect
    self.sock = sock = self._new_conn()
                       ^^^^^^^^^^^^^^^^
  File "C:\pythonstuff\wpimport\env\Lib\site-packages\urllib3\connection.py", line 211, in _new_conn
    raise NameResolutionError(self.host, self, e) from e
urllib3.exceptions.NameResolutionError: HTTPSConnection(host='shane.maxusvanparts.co.uk', port=443): Failed to resolve 'shane.maxusvanparts.co.uk' ([Errno 11001] getaddrinfo failed)

The above exception was the direct cause of the following exception:

Traceback (most recent call last):
  File "C:\pythonstuff\wpimport\env\Lib\site-packages\requests\adapters.py", line 486, in send
    resp = conn.urlopen(
           ^^^^^^^^^^^^^
  File "C:\pythonstuff\wpimport\env\Lib\site-packages\urllib3\connectionpool.py", line 841, in urlopen
    retries = retries.increment(
              ^^^^^^^^^^^^^^^^^^
  File "C:\pythonstuff\wpimport\env\Lib\site-packages\urllib3\util\retry.py", line 519, in increment
    raise MaxRetryError(_pool, url, reason) from reason  # type: ignore[arg-type]
    ^^^^^^^^^^^^^^^^^^^^^^^^^^^^^^^^^^^^^^^^^^^^^^^^^^^
urllib3.exceptions.MaxRetryError: HTTPSConnectionPool(host='shane.maxusvanparts.co.uk', port=443): Max retries exceeded with url: /wp-json/wc/v3/products/74656 (Caused by NameResolutionError("HTTPSConnection(host='shane.maxusvanparts.co.uk', port=443): Failed to resolve 'shane.maxusvanparts.co.uk' ([Errno 11001] getaddrinfo failed)"))

During handling of the above exception, another exception occurred:

Traceback (most recent call last):
  File "C:\pythonstuff\wpimport\create_all_duplicates.py", line 226, in main
    new_product = duplicate_product(product_id)
                  ^^^^^^^^^^^^^^^^^^^^^^^^^^^^^
  File "C:\pythonstuff\wpimport\createduplicates.py", line 86, in duplicate_product
    resp = wcapi.get(f"products/{product_id}")
           ^^^^^^^^^^^^^^^^^^^^^^^^^^^^^^^^^^^
  File "C:\pythonstuff\wpimport\env\Lib\site-packages\woocommerce\api.py", line 106, in get
    return self.__request("GET", endpoint, None, **kwargs)
           ^^^^^^^^^^^^^^^^^^^^^^^^^^^^^^^^^^^^^^^^^^^^^^^
  File "C:\pythonstuff\wpimport\env\Lib\site-packages\woocommerce\api.py", line 92, in __request
    return request(
           ^^^^^^^^
  File "C:\pythonstuff\wpimport\env\Lib\site-packages\requests\api.py", line 59, in request
    return session.request(method=method, url=url, **kwargs)
           ^^^^^^^^^^^^^^^^^^^^^^^^^^^^^^^^^^^^^^^^^^^^^^^^^
  File "C:\pythonstuff\wpimport\env\Lib\site-packages\requests\sessions.py", line 589, in request
    resp = self.send(prep, **send_kwargs)
           ^^^^^^^^^^^^^^^^^^^^^^^^^^^^^^
  File "C:\pythonstuff\wpimport\env\Lib\site-packages\requests\sessions.py", line 703, in send
    r = adapter.send(request, **kwargs)
        ^^^^^^^^^^^^^^^^^^^^^^^^^^^^^^^
  File "C:\pythonstuff\wpimport\env\Lib\site-packages\requests\adapters.py", line 519, in send
    raise ConnectionError(e, request=request)
requests.exceptions.ConnectionError: HTTPSConnectionPool(host='shane.maxusvanparts.co.uk', port=443): Max retries exceeded with url: /wp-json/wc/v3/products/74656 (Caused by NameResolutionError("HTTPSConnection(host='shane.maxusvanparts.co.uk', port=443): Failed to resolve 'shane.maxusvanparts.co.uk' ([Errno 11001] getaddrinfo failed)"))
2026-09-17 05:41:31 INFO [1278] Creating duplicate for product id=74639 sku=C00077034-4100-CFC361 replacement_sku=C00527902-4100
2026-09-17 05:41:31 ERROR [1278] Unexpected error duplicating product id=74639
Traceback (most recent call last):
  File "C:\pythonstuff\wpimport\env\Lib\site-packages\urllib3\connection.py", line 204, in _new_conn
    sock = connection.create_connection(
           ^^^^^^^^^^^^^^^^^^^^^^^^^^^^^
  File "C:\pythonstuff\wpimport\env\Lib\site-packages\urllib3\util\connection.py", line 60, in create_connection
    for res in socket.getaddrinfo(host, port, family, socket.SOCK_STREAM):
               ^^^^^^^^^^^^^^^^^^^^^^^^^^^^^^^^^^^^^^^^^^^^^^^^^^^^^^^^^^
  File "C:\Users\User\AppData\Local\Programs\Python\Python312\Lib\socket.py", line 976, in getaddrinfo
    for res in _socket.getaddrinfo(host, port, family, type, proto, flags):
               ^^^^^^^^^^^^^^^^^^^^^^^^^^^^^^^^^^^^^^^^^^^^^^^^^^^^^^^^^^^
socket.gaierror: [Errno 11001] getaddrinfo failed

The above exception was the direct cause of the following exception:

Traceback (most recent call last):
  File "C:\pythonstuff\wpimport\env\Lib\site-packages\urllib3\connectionpool.py", line 787, in urlopen
    response = self._make_request(
               ^^^^^^^^^^^^^^^^^^^
  File "C:\pythonstuff\wpimport\env\Lib\site-packages\urllib3\connectionpool.py", line 488, in _make_request
    raise new_e
  File "C:\pythonstuff\wpimport\env\Lib\site-packages\urllib3\connectionpool.py", line 464, in _make_request
    self._validate_conn(conn)
  File "C:\pythonstuff\wpimport\env\Lib\site-packages\urllib3\connectionpool.py", line 1093, in _validate_conn
    conn.connect()
  File "C:\pythonstuff\wpimport\env\Lib\site-packages\urllib3\connection.py", line 759, in connect
    self.sock = sock = self._new_conn()
                       ^^^^^^^^^^^^^^^^
  File "C:\pythonstuff\wpimport\env\Lib\site-packages\urllib3\connection.py", line 211, in _new_conn
    raise NameResolutionError(self.host, self, e) from e
urllib3.exceptions.NameResolutionError: HTTPSConnection(host='shane.maxusvanparts.co.uk', port=443): Failed to resolve 'shane.maxusvanparts.co.uk' ([Errno 11001] getaddrinfo failed)

The above exception was the direct cause of the following exception:

Traceback (most recent call last):
  File "C:\pythonstuff\wpimport\env\Lib\site-packages\requests\adapters.py", line 486, in send
    resp = conn.urlopen(
           ^^^^^^^^^^^^^
  File "C:\pythonstuff\wpimport\env\Lib\site-packages\urllib3\connectionpool.py", line 841, in urlopen
    retries = retries.increment(
              ^^^^^^^^^^^^^^^^^^
  File "C:\pythonstuff\wpimport\env\Lib\site-packages\urllib3\util\retry.py", line 519, in increment
    raise MaxRetryError(_pool, url, reason) from reason  # type: ignore[arg-type]
    ^^^^^^^^^^^^^^^^^^^^^^^^^^^^^^^^^^^^^^^^^^^^^^^^^^^
urllib3.exceptions.MaxRetryError: HTTPSConnectionPool(host='shane.maxusvanparts.co.uk', port=443): Max retries exceeded with url: /wp-json/wc/v3/products/74639 (Caused by NameResolutionError("HTTPSConnection(host='shane.maxusvanparts.co.uk', port=443): Failed to resolve 'shane.maxusvanparts.co.uk' ([Errno 11001] getaddrinfo failed)"))

During handling of the above exception, another exception occurred:

Traceback (most recent call last):
  File "C:\pythonstuff\wpimport\create_all_duplicates.py", line 226, in main
    new_product = duplicate_product(product_id)
                  ^^^^^^^^^^^^^^^^^^^^^^^^^^^^^
  File "C:\pythonstuff\wpimport\createduplicates.py", line 86, in duplicate_product
    resp = wcapi.get(f"products/{product_id}")
           ^^^^^^^^^^^^^^^^^^^^^^^^^^^^^^^^^^^
  File "C:\pythonstuff\wpimport\env\Lib\site-packages\woocommerce\api.py", line 106, in get
    return self.__request("GET", endpoint, None, **kwargs)
           ^^^^^^^^^^^^^^^^^^^^^^^^^^^^^^^^^^^^^^^^^^^^^^^
  File "C:\pythonstuff\wpimport\env\Lib\site-packages\woocommerce\api.py", line 92, in __request
    return request(
           ^^^^^^^^
  File "C:\pythonstuff\wpimport\env\Lib\site-packages\requests\api.py", line 59, in request
    return session.request(method=method, url=url, **kwargs)
           ^^^^^^^^^^^^^^^^^^^^^^^^^^^^^^^^^^^^^^^^^^^^^^^^^
  File "C:\pythonstuff\wpimport\env\Lib\site-packages\requests\sessions.py", line 589, in request
    resp = self.send(prep, **send_kwargs)
           ^^^^^^^^^^^^^^^^^^^^^^^^^^^^^^
  File "C:\pythonstuff\wpimport\env\Lib\site-packages\requests\sessions.py", line 703, in send
    r = adapter.send(request, **kwargs)
        ^^^^^^^^^^^^^^^^^^^^^^^^^^^^^^^
  File "C:\pythonstuff\wpimport\env\Lib\site-packages\requests\adapters.py", line 519, in send
    raise ConnectionError(e, request=request)
requests.exceptions.ConnectionError: HTTPSConnectionPool(host='shane.maxusvanparts.co.uk', port=443): Max retries exceeded with url: /wp-json/wc/v3/products/74639 (Caused by NameResolutionError("HTTPSConnection(host='shane.maxusvanparts.co.uk', port=443): Failed to resolve 'shane.maxusvanparts.co.uk' ([Errno 11001] getaddrinfo failed)"))
2026-09-17 05:41:31 INFO [1279] Creating duplicate for product id=74633 sku=C00080583-AD153E replacement_sku=C00233435
2026-09-17 05:41:31 ERROR [1279] Unexpected error duplicating product id=74633
Traceback (most recent call last):
  File "C:\pythonstuff\wpimport\env\Lib\site-packages\urllib3\connection.py", line 204, in _new_conn
    sock = connection.create_connection(
           ^^^^^^^^^^^^^^^^^^^^^^^^^^^^^
  File "C:\pythonstuff\wpimport\env\Lib\site-packages\urllib3\util\connection.py", line 60, in create_connection
    for res in socket.getaddrinfo(host, port, family, socket.SOCK_STREAM):
               ^^^^^^^^^^^^^^^^^^^^^^^^^^^^^^^^^^^^^^^^^^^^^^^^^^^^^^^^^^
  File "C:\Users\User\AppData\Local\Programs\Python\Python312\Lib\socket.py", line 976, in getaddrinfo
    for res in _socket.getaddrinfo(host, port, family, type, proto, flags):
               ^^^^^^^^^^^^^^^^^^^^^^^^^^^^^^^^^^^^^^^^^^^^^^^^^^^^^^^^^^^
socket.gaierror: [Errno 11001] getaddrinfo failed

The above exception was the direct cause of the following exception:

Traceback (most recent call last):
  File "C:\pythonstuff\wpimport\env\Lib\site-packages\urllib3\connectionpool.py", line 787, in urlopen
    response = self._make_request(
               ^^^^^^^^^^^^^^^^^^^
  File "C:\pythonstuff\wpimport\env\Lib\site-packages\urllib3\connectionpool.py", line 488, in _make_request
    raise new_e
  File "C:\pythonstuff\wpimport\env\Lib\site-packages\urllib3\connectionpool.py", line 464, in _make_request
    self._validate_conn(conn)
  File "C:\pythonstuff\wpimport\env\Lib\site-packages\urllib3\connectionpool.py", line 1093, in _validate_conn
    conn.connect()
  File "C:\pythonstuff\wpimport\env\Lib\site-packages\urllib3\connection.py", line 759, in connect
    self.sock = sock = self._new_conn()
                       ^^^^^^^^^^^^^^^^
  File "C:\pythonstuff\wpimport\env\Lib\site-packages\urllib3\connection.py", line 211, in _new_conn
    raise NameResolutionError(self.host, self, e) from e
urllib3.exceptions.NameResolutionError: HTTPSConnection(host='shane.maxusvanparts.co.uk', port=443): Failed to resolve 'shane.maxusvanparts.co.uk' ([Errno 11001] getaddrinfo failed)

The above exception was the direct cause of the following exception:

Traceback (most recent call last):
  File "C:\pythonstuff\wpimport\env\Lib\site-packages\requests\adapters.py", line 486, in send
    resp = conn.urlopen(
           ^^^^^^^^^^^^^
  File "C:\pythonstuff\wpimport\env\Lib\site-packages\urllib3\connectionpool.py", line 841, in urlopen
    retries = retries.increment(
              ^^^^^^^^^^^^^^^^^^
  File "C:\pythonstuff\wpimport\env\Lib\site-packages\urllib3\util\retry.py", line 519, in increment
    raise MaxRetryError(_pool, url, reason) from reason  # type: ignore[arg-type]
    ^^^^^^^^^^^^^^^^^^^^^^^^^^^^^^^^^^^^^^^^^^^^^^^^^^^
urllib3.exceptions.MaxRetryError: HTTPSConnectionPool(host='shane.maxusvanparts.co.uk', port=443): Max retries exceeded with url: /wp-json/wc/v3/products/74633 (Caused by NameResolutionError("HTTPSConnection(host='shane.maxusvanparts.co.uk', port=443): Failed to resolve 'shane.maxusvanparts.co.uk' ([Errno 11001] getaddrinfo failed)"))

During handling of the above exception, another exception occurred:

Traceback (most recent call last):
  File "C:\pythonstuff\wpimport\create_all_duplicates.py", line 226, in main
    new_product = duplicate_product(product_id)
                  ^^^^^^^^^^^^^^^^^^^^^^^^^^^^^
  File "C:\pythonstuff\wpimport\createduplicates.py", line 86, in duplicate_product
    resp = wcapi.get(f"products/{product_id}")
           ^^^^^^^^^^^^^^^^^^^^^^^^^^^^^^^^^^^
  File "C:\pythonstuff\wpimport\env\Lib\site-packages\woocommerce\api.py", line 106, in get
    return self.__request("GET", endpoint, None, **kwargs)
           ^^^^^^^^^^^^^^^^^^^^^^^^^^^^^^^^^^^^^^^^^^^^^^^
  File "C:\pythonstuff\wpimport\env\Lib\site-packages\woocommerce\api.py", line 92, in __request
    return request(
           ^^^^^^^^
  File "C:\pythonstuff\wpimport\env\Lib\site-packages\requests\api.py", line 59, in request
    return session.request(method=method, url=url, **kwargs)
           ^^^^^^^^^^^^^^^^^^^^^^^^^^^^^^^^^^^^^^^^^^^^^^^^^
  File "C:\pythonstuff\wpimport\env\Lib\site-packages\requests\sessions.py", line 589, in request
    resp = self.send(prep, **send_kwargs)
           ^^^^^^^^^^^^^^^^^^^^^^^^^^^^^^
  File "C:\pythonstuff\wpimport\env\Lib\site-packages\requests\sessions.py", line 703, in send
    r = adapter.send(request, **kwargs)
        ^^^^^^^^^^^^^^^^^^^^^^^^^^^^^^^
  File "C:\pythonstuff\wpimport\env\Lib\site-packages\requests\adapters.py", line 519, in send
    raise ConnectionError(e, request=request)
requests.exceptions.ConnectionError: HTTPSConnectionPool(host='shane.maxusvanparts.co.uk', port=443): Max retries exceeded with url: /wp-json/wc/v3/products/74633 (Caused by NameResolutionError("HTTPSConnection(host='shane.maxusvanparts.co.uk', port=443): Failed to resolve 'shane.maxusvanparts.co.uk' ([Errno 11001] getaddrinfo failed)"))
2026-09-17 05:41:31 INFO [1280] Creating duplicate for product id=74624 sku=C00073643-9FA515 replacement_sku=C00258603
2026-09-17 05:41:31 ERROR [1280] Unexpected error duplicating product id=74624
Traceback (most recent call last):
  File "C:\pythonstuff\wpimport\env\Lib\site-packages\urllib3\connection.py", line 204, in _new_conn
    sock = connection.create_connection(
           ^^^^^^^^^^^^^^^^^^^^^^^^^^^^^
  File "C:\pythonstuff\wpimport\env\Lib\site-packages\urllib3\util\connection.py", line 60, in create_connection
    for res in socket.getaddrinfo(host, port, family, socket.SOCK_STREAM):
               ^^^^^^^^^^^^^^^^^^^^^^^^^^^^^^^^^^^^^^^^^^^^^^^^^^^^^^^^^^
  File "C:\Users\User\AppData\Local\Programs\Python\Python312\Lib\socket.py", line 976, in getaddrinfo
    for res in _socket.getaddrinfo(host, port, family, type, proto, flags):
               ^^^^^^^^^^^^^^^^^^^^^^^^^^^^^^^^^^^^^^^^^^^^^^^^^^^^^^^^^^^
socket.gaierror: [Errno 11001] getaddrinfo failed

The above exception was the direct cause of the following exception:

Traceback (most recent call last):
  File "C:\pythonstuff\wpimport\env\Lib\site-packages\urllib3\connectionpool.py", line 787, in urlopen
    response = self._make_request(
               ^^^^^^^^^^^^^^^^^^^
  File "C:\pythonstuff\wpimport\env\Lib\site-packages\urllib3\connectionpool.py", line 488, in _make_request
    raise new_e
  File "C:\pythonstuff\wpimport\env\Lib\site-packages\urllib3\connectionpool.py", line 464, in _make_request
    self._validate_conn(conn)
  File "C:\pythonstuff\wpimport\env\Lib\site-packages\urllib3\connectionpool.py", line 1093, in _validate_conn
    conn.connect()
  File "C:\pythonstuff\wpimport\env\Lib\site-packages\urllib3\connection.py", line 759, in connect
    self.sock = sock = self._new_conn()
                       ^^^^^^^^^^^^^^^^
  File "C:\pythonstuff\wpimport\env\Lib\site-packages\urllib3\connection.py", line 211, in _new_conn
    raise NameResolutionError(self.host, self, e) from e
urllib3.exceptions.NameResolutionError: HTTPSConnection(host='shane.maxusvanparts.co.uk', port=443): Failed to resolve 'shane.maxusvanparts.co.uk' ([Errno 11001] getaddrinfo failed)

The above exception was the direct cause of the following exception:

Traceback (most recent call last):
  File "C:\pythonstuff\wpimport\env\Lib\site-packages\requests\adapters.py", line 486, in send
    resp = conn.urlopen(
           ^^^^^^^^^^^^^
  File "C:\pythonstuff\wpimport\env\Lib\site-packages\urllib3\connectionpool.py", line 841, in urlopen
    retries = retries.increment(
              ^^^^^^^^^^^^^^^^^^
  File "C:\pythonstuff\wpimport\env\Lib\site-packages\urllib3\util\retry.py", line 519, in increment
    raise MaxRetryError(_pool, url, reason) from reason  # type: ignore[arg-type]
    ^^^^^^^^^^^^^^^^^^^^^^^^^^^^^^^^^^^^^^^^^^^^^^^^^^^
urllib3.exceptions.MaxRetryError: HTTPSConnectionPool(host='shane.maxusvanparts.co.uk', port=443): Max retries exceeded with url: /wp-json/wc/v3/products/74624 (Caused by NameResolutionError("HTTPSConnection(host='shane.maxusvanparts.co.uk', port=443): Failed to resolve 'shane.maxusvanparts.co.uk' ([Errno 11001] getaddrinfo failed)"))

During handling of the above exception, another exception occurred:

Traceback (most recent call last):
  File "C:\pythonstuff\wpimport\create_all_duplicates.py", line 226, in main
    new_product = duplicate_product(product_id)
                  ^^^^^^^^^^^^^^^^^^^^^^^^^^^^^
  File "C:\pythonstuff\wpimport\createduplicates.py", line 86, in duplicate_product
    resp = wcapi.get(f"products/{product_id}")
           ^^^^^^^^^^^^^^^^^^^^^^^^^^^^^^^^^^^
  File "C:\pythonstuff\wpimport\env\Lib\site-packages\woocommerce\api.py", line 106, in get
    return self.__request("GET", endpoint, None, **kwargs)
           ^^^^^^^^^^^^^^^^^^^^^^^^^^^^^^^^^^^^^^^^^^^^^^^
  File "C:\pythonstuff\wpimport\env\Lib\site-packages\woocommerce\api.py", line 92, in __request
    return request(
           ^^^^^^^^
  File "C:\pythonstuff\wpimport\env\Lib\site-packages\requests\api.py", line 59, in request
    return session.request(method=method, url=url, **kwargs)
           ^^^^^^^^^^^^^^^^^^^^^^^^^^^^^^^^^^^^^^^^^^^^^^^^^
  File "C:\pythonstuff\wpimport\env\Lib\site-packages\requests\sessions.py", line 589, in request
    resp = self.send(prep, **send_kwargs)
           ^^^^^^^^^^^^^^^^^^^^^^^^^^^^^^
  File "C:\pythonstuff\wpimport\env\Lib\site-packages\requests\sessions.py", line 703, in send
    r = adapter.send(request, **kwargs)
        ^^^^^^^^^^^^^^^^^^^^^^^^^^^^^^^
  File "C:\pythonstuff\wpimport\env\Lib\site-packages\requests\adapters.py", line 519, in send
    raise ConnectionError(e, request=request)
requests.exceptions.ConnectionError: HTTPSConnectionPool(host='shane.maxusvanparts.co.uk', port=443): Max retries exceeded with url: /wp-json/wc/v3/products/74624 (Caused by NameResolutionError("HTTPSConnection(host='shane.maxusvanparts.co.uk', port=443): Failed to resolve 'shane.maxusvanparts.co.uk' ([Errno 11001] getaddrinfo failed)"))
2026-09-17 05:41:31 INFO [1281] Creating duplicate for product id=74607 sku=C00077566-A9CD88 replacement_sku=C00363227
2026-09-17 05:41:31 ERROR [1281] Unexpected error duplicating product id=74607
Traceback (most recent call last):
  File "C:\pythonstuff\wpimport\env\Lib\site-packages\urllib3\connection.py", line 204, in _new_conn
    sock = connection.create_connection(
           ^^^^^^^^^^^^^^^^^^^^^^^^^^^^^
  File "C:\pythonstuff\wpimport\env\Lib\site-packages\urllib3\util\connection.py", line 60, in create_connection
    for res in socket.getaddrinfo(host, port, family, socket.SOCK_STREAM):
               ^^^^^^^^^^^^^^^^^^^^^^^^^^^^^^^^^^^^^^^^^^^^^^^^^^^^^^^^^^
  File "C:\Users\User\AppData\Local\Programs\Python\Python312\Lib\socket.py", line 976, in getaddrinfo
    for res in _socket.getaddrinfo(host, port, family, type, proto, flags):
               ^^^^^^^^^^^^^^^^^^^^^^^^^^^^^^^^^^^^^^^^^^^^^^^^^^^^^^^^^^^
socket.gaierror: [Errno 11001] getaddrinfo failed

The above exception was the direct cause of the following exception:

Traceback (most recent call last):
  File "C:\pythonstuff\wpimport\env\Lib\site-packages\urllib3\connectionpool.py", line 787, in urlopen
    response = self._make_request(
               ^^^^^^^^^^^^^^^^^^^
  File "C:\pythonstuff\wpimport\env\Lib\site-packages\urllib3\connectionpool.py", line 488, in _make_request
    raise new_e
  File "C:\pythonstuff\wpimport\env\Lib\site-packages\urllib3\connectionpool.py", line 464, in _make_request
    self._validate_conn(conn)
  File "C:\pythonstuff\wpimport\env\Lib\site-packages\urllib3\connectionpool.py", line 1093, in _validate_conn
    conn.connect()
  File "C:\pythonstuff\wpimport\env\Lib\site-packages\urllib3\connection.py", line 759, in connect
    self.sock = sock = self._new_conn()
                       ^^^^^^^^^^^^^^^^
  File "C:\pythonstuff\wpimport\env\Lib\site-packages\urllib3\connection.py", line 211, in _new_conn
    raise NameResolutionError(self.host, self, e) from e
urllib3.exceptions.NameResolutionError: HTTPSConnection(host='shane.maxusvanparts.co.uk', port=443): Failed to resolve 'shane.maxusvanparts.co.uk' ([Errno 11001] getaddrinfo failed)

The above exception was the direct cause of the following exception:

Traceback (most recent call last):
  File "C:\pythonstuff\wpimport\env\Lib\site-packages\requests\adapters.py", line 486, in send
    resp = conn.urlopen(
           ^^^^^^^^^^^^^
  File "C:\pythonstuff\wpimport\env\Lib\site-packages\urllib3\connectionpool.py", line 841, in urlopen
    retries = retries.increment(
              ^^^^^^^^^^^^^^^^^^
  File "C:\pythonstuff\wpimport\env\Lib\site-packages\urllib3\util\retry.py", line 519, in increment
    raise MaxRetryError(_pool, url, reason) from reason  # type: ignore[arg-type]
    ^^^^^^^^^^^^^^^^^^^^^^^^^^^^^^^^^^^^^^^^^^^^^^^^^^^
urllib3.exceptions.MaxRetryError: HTTPSConnectionPool(host='shane.maxusvanparts.co.uk', port=443): Max retries exceeded with url: /wp-json/wc/v3/products/74607 (Caused by NameResolutionError("HTTPSConnection(host='shane.maxusvanparts.co.uk', port=443): Failed to resolve 'shane.maxusvanparts.co.uk' ([Errno 11001] getaddrinfo failed)"))

During handling of the above exception, another exception occurred:

Traceback (most recent call last):
  File "C:\pythonstuff\wpimport\create_all_duplicates.py", line 226, in main
    new_product = duplicate_product(product_id)
                  ^^^^^^^^^^^^^^^^^^^^^^^^^^^^^
  File "C:\pythonstuff\wpimport\createduplicates.py", line 86, in duplicate_product
    resp = wcapi.get(f"products/{product_id}")
           ^^^^^^^^^^^^^^^^^^^^^^^^^^^^^^^^^^^
  File "C:\pythonstuff\wpimport\env\Lib\site-packages\woocommerce\api.py", line 106, in get
    return self.__request("GET", endpoint, None, **kwargs)
           ^^^^^^^^^^^^^^^^^^^^^^^^^^^^^^^^^^^^^^^^^^^^^^^
  File "C:\pythonstuff\wpimport\env\Lib\site-packages\woocommerce\api.py", line 92, in __request
    return request(
           ^^^^^^^^
  File "C:\pythonstuff\wpimport\env\Lib\site-packages\requests\api.py", line 59, in request
    return session.request(method=method, url=url, **kwargs)
           ^^^^^^^^^^^^^^^^^^^^^^^^^^^^^^^^^^^^^^^^^^^^^^^^^
  File "C:\pythonstuff\wpimport\env\Lib\site-packages\requests\sessions.py", line 589, in request
    resp = self.send(prep, **send_kwargs)
           ^^^^^^^^^^^^^^^^^^^^^^^^^^^^^^
  File "C:\pythonstuff\wpimport\env\Lib\site-packages\requests\sessions.py", line 703, in send
    r = adapter.send(request, **kwargs)
        ^^^^^^^^^^^^^^^^^^^^^^^^^^^^^^^
  File "C:\pythonstuff\wpimport\env\Lib\site-packages\requests\adapters.py", line 519, in send
    raise ConnectionError(e, request=request)
requests.exceptions.ConnectionError: HTTPSConnectionPool(host='shane.maxusvanparts.co.uk', port=443): Max retries exceeded with url: /wp-json/wc/v3/products/74607 (Caused by NameResolutionError("HTTPSConnection(host='shane.maxusvanparts.co.uk', port=443): Failed to resolve 'shane.maxusvanparts.co.uk' ([Errno 11001] getaddrinfo failed)"))
2026-09-17 05:41:31 INFO [1282] Creating duplicate for product id=74587 sku=C00076621-C3363A replacement_sku=C00036798
2026-09-17 05:41:31 ERROR [1282] Unexpected error duplicating product id=74587
Traceback (most recent call last):
  File "C:\pythonstuff\wpimport\env\Lib\site-packages\urllib3\connection.py", line 204, in _new_conn
    sock = connection.create_connection(
           ^^^^^^^^^^^^^^^^^^^^^^^^^^^^^
  File "C:\pythonstuff\wpimport\env\Lib\site-packages\urllib3\util\connection.py", line 60, in create_connection
    for res in socket.getaddrinfo(host, port, family, socket.SOCK_STREAM):
               ^^^^^^^^^^^^^^^^^^^^^^^^^^^^^^^^^^^^^^^^^^^^^^^^^^^^^^^^^^
  File "C:\Users\User\AppData\Local\Programs\Python\Python312\Lib\socket.py", line 976, in getaddrinfo
    for res in _socket.getaddrinfo(host, port, family, type, proto, flags):
               ^^^^^^^^^^^^^^^^^^^^^^^^^^^^^^^^^^^^^^^^^^^^^^^^^^^^^^^^^^^
socket.gaierror: [Errno 11001] getaddrinfo failed

The above exception was the direct cause of the following exception:

Traceback (most recent call last):
  File "C:\pythonstuff\wpimport\env\Lib\site-packages\urllib3\connectionpool.py", line 787, in urlopen
    response = self._make_request(
               ^^^^^^^^^^^^^^^^^^^
  File "C:\pythonstuff\wpimport\env\Lib\site-packages\urllib3\connectionpool.py", line 488, in _make_request
    raise new_e
  File "C:\pythonstuff\wpimport\env\Lib\site-packages\urllib3\connectionpool.py", line 464, in _make_request
    self._validate_conn(conn)
  File "C:\pythonstuff\wpimport\env\Lib\site-packages\urllib3\connectionpool.py", line 1093, in _validate_conn
    conn.connect()
  File "C:\pythonstuff\wpimport\env\Lib\site-packages\urllib3\connection.py", line 759, in connect
    self.sock = sock = self._new_conn()
                       ^^^^^^^^^^^^^^^^
  File "C:\pythonstuff\wpimport\env\Lib\site-packages\urllib3\connection.py", line 211, in _new_conn
    raise NameResolutionError(self.host, self, e) from e
urllib3.exceptions.NameResolutionError: HTTPSConnection(host='shane.maxusvanparts.co.uk', port=443): Failed to resolve 'shane.maxusvanparts.co.uk' ([Errno 11001] getaddrinfo failed)

The above exception was the direct cause of the following exception:

Traceback (most recent call last):
  File "C:\pythonstuff\wpimport\env\Lib\site-packages\requests\adapters.py", line 486, in send
    resp = conn.urlopen(
           ^^^^^^^^^^^^^
  File "C:\pythonstuff\wpimport\env\Lib\site-packages\urllib3\connectionpool.py", line 841, in urlopen
    retries = retries.increment(
              ^^^^^^^^^^^^^^^^^^
  File "C:\pythonstuff\wpimport\env\Lib\site-packages\urllib3\util\retry.py", line 519, in increment
    raise MaxRetryError(_pool, url, reason) from reason  # type: ignore[arg-type]
    ^^^^^^^^^^^^^^^^^^^^^^^^^^^^^^^^^^^^^^^^^^^^^^^^^^^
urllib3.exceptions.MaxRetryError: HTTPSConnectionPool(host='shane.maxusvanparts.co.uk', port=443): Max retries exceeded with url: /wp-json/wc/v3/products/74587 (Caused by NameResolutionError("HTTPSConnection(host='shane.maxusvanparts.co.uk', port=443): Failed to resolve 'shane.maxusvanparts.co.uk' ([Errno 11001] getaddrinfo failed)"))

During handling of the above exception, another exception occurred:

Traceback (most recent call last):
  File "C:\pythonstuff\wpimport\create_all_duplicates.py", line 226, in main
    new_product = duplicate_product(product_id)
                  ^^^^^^^^^^^^^^^^^^^^^^^^^^^^^
  File "C:\pythonstuff\wpimport\createduplicates.py", line 86, in duplicate_product
    resp = wcapi.get(f"products/{product_id}")
           ^^^^^^^^^^^^^^^^^^^^^^^^^^^^^^^^^^^
  File "C:\pythonstuff\wpimport\env\Lib\site-packages\woocommerce\api.py", line 106, in get
    return self.__request("GET", endpoint, None, **kwargs)
           ^^^^^^^^^^^^^^^^^^^^^^^^^^^^^^^^^^^^^^^^^^^^^^^
  File "C:\pythonstuff\wpimport\env\Lib\site-packages\woocommerce\api.py", line 92, in __request
    return request(
           ^^^^^^^^
  File "C:\pythonstuff\wpimport\env\Lib\site-packages\requests\api.py", line 59, in request
    return session.request(method=method, url=url, **kwargs)
           ^^^^^^^^^^^^^^^^^^^^^^^^^^^^^^^^^^^^^^^^^^^^^^^^^
  File "C:\pythonstuff\wpimport\env\Lib\site-packages\requests\sessions.py", line 589, in request
    resp = self.send(prep, **send_kwargs)
           ^^^^^^^^^^^^^^^^^^^^^^^^^^^^^^
  File "C:\pythonstuff\wpimport\env\Lib\site-packages\requests\sessions.py", line 703, in send
    r = adapter.send(request, **kwargs)
        ^^^^^^^^^^^^^^^^^^^^^^^^^^^^^^^
  File "C:\pythonstuff\wpimport\env\Lib\site-packages\requests\adapters.py", line 519, in send
    raise ConnectionError(e, request=request)
requests.exceptions.ConnectionError: HTTPSConnectionPool(host='shane.maxusvanparts.co.uk', port=443): Max retries exceeded with url: /wp-json/wc/v3/products/74587 (Caused by NameResolutionError("HTTPSConnection(host='shane.maxusvanparts.co.uk', port=443): Failed to resolve 'shane.maxusvanparts.co.uk' ([Errno 11001] getaddrinfo failed)"))
2026-09-17 05:41:31 INFO [1283] Creating duplicate for product id=74593 sku=C00076622-552537 replacement_sku=C00036799
2026-09-17 05:41:31 ERROR [1283] Unexpected error duplicating product id=74593
Traceback (most recent call last):
  File "C:\pythonstuff\wpimport\env\Lib\site-packages\urllib3\connection.py", line 204, in _new_conn
    sock = connection.create_connection(
           ^^^^^^^^^^^^^^^^^^^^^^^^^^^^^
  File "C:\pythonstuff\wpimport\env\Lib\site-packages\urllib3\util\connection.py", line 60, in create_connection
    for res in socket.getaddrinfo(host, port, family, socket.SOCK_STREAM):
               ^^^^^^^^^^^^^^^^^^^^^^^^^^^^^^^^^^^^^^^^^^^^^^^^^^^^^^^^^^
  File "C:\Users\User\AppData\Local\Programs\Python\Python312\Lib\socket.py", line 976, in getaddrinfo
    for res in _socket.getaddrinfo(host, port, family, type, proto, flags):
               ^^^^^^^^^^^^^^^^^^^^^^^^^^^^^^^^^^^^^^^^^^^^^^^^^^^^^^^^^^^
socket.gaierror: [Errno 11001] getaddrinfo failed

The above exception was the direct cause of the following exception:

Traceback (most recent call last):
  File "C:\pythonstuff\wpimport\env\Lib\site-packages\urllib3\connectionpool.py", line 787, in urlopen
    response = self._make_request(
               ^^^^^^^^^^^^^^^^^^^
  File "C:\pythonstuff\wpimport\env\Lib\site-packages\urllib3\connectionpool.py", line 488, in _make_request
    raise new_e
  File "C:\pythonstuff\wpimport\env\Lib\site-packages\urllib3\connectionpool.py", line 464, in _make_request
    self._validate_conn(conn)
  File "C:\pythonstuff\wpimport\env\Lib\site-packages\urllib3\connectionpool.py", line 1093, in _validate_conn
    conn.connect()
  File "C:\pythonstuff\wpimport\env\Lib\site-packages\urllib3\connection.py", line 759, in connect
    self.sock = sock = self._new_conn()
                       ^^^^^^^^^^^^^^^^
  File "C:\pythonstuff\wpimport\env\Lib\site-packages\urllib3\connection.py", line 211, in _new_conn
    raise NameResolutionError(self.host, self, e) from e
urllib3.exceptions.NameResolutionError: HTTPSConnection(host='shane.maxusvanparts.co.uk', port=443): Failed to resolve 'shane.maxusvanparts.co.uk' ([Errno 11001] getaddrinfo failed)

The above exception was the direct cause of the following exception:

Traceback (most recent call last):
  File "C:\pythonstuff\wpimport\env\Lib\site-packages\requests\adapters.py", line 486, in send
    resp = conn.urlopen(
           ^^^^^^^^^^^^^
  File "C:\pythonstuff\wpimport\env\Lib\site-packages\urllib3\connectionpool.py", line 841, in urlopen
    retries = retries.increment(
              ^^^^^^^^^^^^^^^^^^
  File "C:\pythonstuff\wpimport\env\Lib\site-packages\urllib3\util\retry.py", line 519, in increment
    raise MaxRetryError(_pool, url, reason) from reason  # type: ignore[arg-type]
    ^^^^^^^^^^^^^^^^^^^^^^^^^^^^^^^^^^^^^^^^^^^^^^^^^^^
urllib3.exceptions.MaxRetryError: HTTPSConnectionPool(host='shane.maxusvanparts.co.uk', port=443): Max retries exceeded with url: /wp-json/wc/v3/products/74593 (Caused by NameResolutionError("HTTPSConnection(host='shane.maxusvanparts.co.uk', port=443): Failed to resolve 'shane.maxusvanparts.co.uk' ([Errno 11001] getaddrinfo failed)"))

During handling of the above exception, another exception occurred:

Traceback (most recent call last):
  File "C:\pythonstuff\wpimport\create_all_duplicates.py", line 226, in main
    new_product = duplicate_product(product_id)
                  ^^^^^^^^^^^^^^^^^^^^^^^^^^^^^
  File "C:\pythonstuff\wpimport\createduplicates.py", line 86, in duplicate_product
    resp = wcapi.get(f"products/{product_id}")
           ^^^^^^^^^^^^^^^^^^^^^^^^^^^^^^^^^^^
  File "C:\pythonstuff\wpimport\env\Lib\site-packages\woocommerce\api.py", line 106, in get
    return self.__request("GET", endpoint, None, **kwargs)
           ^^^^^^^^^^^^^^^^^^^^^^^^^^^^^^^^^^^^^^^^^^^^^^^
  File "C:\pythonstuff\wpimport\env\Lib\site-packages\woocommerce\api.py", line 92, in __request
    return request(
           ^^^^^^^^
  File "C:\pythonstuff\wpimport\env\Lib\site-packages\requests\api.py", line 59, in request
    return session.request(method=method, url=url, **kwargs)
           ^^^^^^^^^^^^^^^^^^^^^^^^^^^^^^^^^^^^^^^^^^^^^^^^^
  File "C:\pythonstuff\wpimport\env\Lib\site-packages\requests\sessions.py", line 589, in request
    resp = self.send(prep, **send_kwargs)
           ^^^^^^^^^^^^^^^^^^^^^^^^^^^^^^
  File "C:\pythonstuff\wpimport\env\Lib\site-packages\requests\sessions.py", line 703, in send
    r = adapter.send(request, **kwargs)
        ^^^^^^^^^^^^^^^^^^^^^^^^^^^^^^^
  File "C:\pythonstuff\wpimport\env\Lib\site-packages\requests\adapters.py", line 519, in send
    raise ConnectionError(e, request=request)
requests.exceptions.ConnectionError: HTTPSConnectionPool(host='shane.maxusvanparts.co.uk', port=443): Max retries exceeded with url: /wp-json/wc/v3/products/74593 (Caused by NameResolutionError("HTTPSConnection(host='shane.maxusvanparts.co.uk', port=443): Failed to resolve 'shane.maxusvanparts.co.uk' ([Errno 11001] getaddrinfo failed)"))
2026-09-17 05:41:31 INFO [1284] Creating duplicate for product id=74578 sku=C00079498-FD2FBC replacement_sku=C00425481
2026-09-17 05:41:31 ERROR [1284] Unexpected error duplicating product id=74578
Traceback (most recent call last):
  File "C:\pythonstuff\wpimport\env\Lib\site-packages\urllib3\connection.py", line 204, in _new_conn
    sock = connection.create_connection(
           ^^^^^^^^^^^^^^^^^^^^^^^^^^^^^
  File "C:\pythonstuff\wpimport\env\Lib\site-packages\urllib3\util\connection.py", line 60, in create_connection
    for res in socket.getaddrinfo(host, port, family, socket.SOCK_STREAM):
               ^^^^^^^^^^^^^^^^^^^^^^^^^^^^^^^^^^^^^^^^^^^^^^^^^^^^^^^^^^
  File "C:\Users\User\AppData\Local\Programs\Python\Python312\Lib\socket.py", line 976, in getaddrinfo
    for res in _socket.getaddrinfo(host, port, family, type, proto, flags):
               ^^^^^^^^^^^^^^^^^^^^^^^^^^^^^^^^^^^^^^^^^^^^^^^^^^^^^^^^^^^
socket.gaierror: [Errno 11001] getaddrinfo failed

The above exception was the direct cause of the following exception:

Traceback (most recent call last):
  File "C:\pythonstuff\wpimport\env\Lib\site-packages\urllib3\connectionpool.py", line 787, in urlopen
    response = self._make_request(
               ^^^^^^^^^^^^^^^^^^^
  File "C:\pythonstuff\wpimport\env\Lib\site-packages\urllib3\connectionpool.py", line 488, in _make_request
    raise new_e
  File "C:\pythonstuff\wpimport\env\Lib\site-packages\urllib3\connectionpool.py", line 464, in _make_request
    self._validate_conn(conn)
  File "C:\pythonstuff\wpimport\env\Lib\site-packages\urllib3\connectionpool.py", line 1093, in _validate_conn
    conn.connect()
  File "C:\pythonstuff\wpimport\env\Lib\site-packages\urllib3\connection.py", line 759, in connect
    self.sock = sock = self._new_conn()
                       ^^^^^^^^^^^^^^^^
  File "C:\pythonstuff\wpimport\env\Lib\site-packages\urllib3\connection.py", line 211, in _new_conn
    raise NameResolutionError(self.host, self, e) from e
urllib3.exceptions.NameResolutionError: HTTPSConnection(host='shane.maxusvanparts.co.uk', port=443): Failed to resolve 'shane.maxusvanparts.co.uk' ([Errno 11001] getaddrinfo failed)

The above exception was the direct cause of the following exception:

Traceback (most recent call last):
  File "C:\pythonstuff\wpimport\env\Lib\site-packages\requests\adapters.py", line 486, in send
    resp = conn.urlopen(
           ^^^^^^^^^^^^^
  File "C:\pythonstuff\wpimport\env\Lib\site-packages\urllib3\connectionpool.py", line 841, in urlopen
    retries = retries.increment(
              ^^^^^^^^^^^^^^^^^^
  File "C:\pythonstuff\wpimport\env\Lib\site-packages\urllib3\util\retry.py", line 519, in increment
    raise MaxRetryError(_pool, url, reason) from reason  # type: ignore[arg-type]
    ^^^^^^^^^^^^^^^^^^^^^^^^^^^^^^^^^^^^^^^^^^^^^^^^^^^
urllib3.exceptions.MaxRetryError: HTTPSConnectionPool(host='shane.maxusvanparts.co.uk', port=443): Max retries exceeded with url: /wp-json/wc/v3/products/74578 (Caused by NameResolutionError("HTTPSConnection(host='shane.maxusvanparts.co.uk', port=443): Failed to resolve 'shane.maxusvanparts.co.uk' ([Errno 11001] getaddrinfo failed)"))

During handling of the above exception, another exception occurred:

Traceback (most recent call last):
  File "C:\pythonstuff\wpimport\create_all_duplicates.py", line 226, in main
    new_product = duplicate_product(product_id)
                  ^^^^^^^^^^^^^^^^^^^^^^^^^^^^^
  File "C:\pythonstuff\wpimport\createduplicates.py", line 86, in duplicate_product
    resp = wcapi.get(f"products/{product_id}")
           ^^^^^^^^^^^^^^^^^^^^^^^^^^^^^^^^^^^
  File "C:\pythonstuff\wpimport\env\Lib\site-packages\woocommerce\api.py", line 106, in get
    return self.__request("GET", endpoint, None, **kwargs)
           ^^^^^^^^^^^^^^^^^^^^^^^^^^^^^^^^^^^^^^^^^^^^^^^
  File "C:\pythonstuff\wpimport\env\Lib\site-packages\woocommerce\api.py", line 92, in __request
    return request(
           ^^^^^^^^
  File "C:\pythonstuff\wpimport\env\Lib\site-packages\requests\api.py", line 59, in request
    return session.request(method=method, url=url, **kwargs)
           ^^^^^^^^^^^^^^^^^^^^^^^^^^^^^^^^^^^^^^^^^^^^^^^^^
  File "C:\pythonstuff\wpimport\env\Lib\site-packages\requests\sessions.py", line 589, in request
    resp = self.send(prep, **send_kwargs)
           ^^^^^^^^^^^^^^^^^^^^^^^^^^^^^^
  File "C:\pythonstuff\wpimport\env\Lib\site-packages\requests\sessions.py", line 703, in send
    r = adapter.send(request, **kwargs)
        ^^^^^^^^^^^^^^^^^^^^^^^^^^^^^^^
  File "C:\pythonstuff\wpimport\env\Lib\site-packages\requests\adapters.py", line 519, in send
    raise ConnectionError(e, request=request)
requests.exceptions.ConnectionError: HTTPSConnectionPool(host='shane.maxusvanparts.co.uk', port=443): Max retries exceeded with url: /wp-json/wc/v3/products/74578 (Caused by NameResolutionError("HTTPSConnection(host='shane.maxusvanparts.co.uk', port=443): Failed to resolve 'shane.maxusvanparts.co.uk' ([Errno 11001] getaddrinfo failed)"))
2026-09-17 05:41:31 INFO [1285] Creating duplicate for product id=74519 sku=C00075314-1063DB replacement_sku=C00384459
2026-09-17 05:41:31 ERROR [1285] Unexpected error duplicating product id=74519
Traceback (most recent call last):
  File "C:\pythonstuff\wpimport\env\Lib\site-packages\urllib3\connection.py", line 204, in _new_conn
    sock = connection.create_connection(
           ^^^^^^^^^^^^^^^^^^^^^^^^^^^^^
  File "C:\pythonstuff\wpimport\env\Lib\site-packages\urllib3\util\connection.py", line 60, in create_connection
    for res in socket.getaddrinfo(host, port, family, socket.SOCK_STREAM):
               ^^^^^^^^^^^^^^^^^^^^^^^^^^^^^^^^^^^^^^^^^^^^^^^^^^^^^^^^^^
  File "C:\Users\User\AppData\Local\Programs\Python\Python312\Lib\socket.py", line 976, in getaddrinfo
    for res in _socket.getaddrinfo(host, port, family, type, proto, flags):
               ^^^^^^^^^^^^^^^^^^^^^^^^^^^^^^^^^^^^^^^^^^^^^^^^^^^^^^^^^^^
socket.gaierror: [Errno 11001] getaddrinfo failed

The above exception was the direct cause of the following exception:

Traceback (most recent call last):
  File "C:\pythonstuff\wpimport\env\Lib\site-packages\urllib3\connectionpool.py", line 787, in urlopen
    response = self._make_request(
               ^^^^^^^^^^^^^^^^^^^
  File "C:\pythonstuff\wpimport\env\Lib\site-packages\urllib3\connectionpool.py", line 488, in _make_request
    raise new_e
  File "C:\pythonstuff\wpimport\env\Lib\site-packages\urllib3\connectionpool.py", line 464, in _make_request
    self._validate_conn(conn)
  File "C:\pythonstuff\wpimport\env\Lib\site-packages\urllib3\connectionpool.py", line 1093, in _validate_conn
    conn.connect()
  File "C:\pythonstuff\wpimport\env\Lib\site-packages\urllib3\connection.py", line 759, in connect
    self.sock = sock = self._new_conn()
                       ^^^^^^^^^^^^^^^^
  File "C:\pythonstuff\wpimport\env\Lib\site-packages\urllib3\connection.py", line 211, in _new_conn
    raise NameResolutionError(self.host, self, e) from e
urllib3.exceptions.NameResolutionError: HTTPSConnection(host='shane.maxusvanparts.co.uk', port=443): Failed to resolve 'shane.maxusvanparts.co.uk' ([Errno 11001] getaddrinfo failed)

The above exception was the direct cause of the following exception:

Traceback (most recent call last):
  File "C:\pythonstuff\wpimport\env\Lib\site-packages\requests\adapters.py", line 486, in send
    resp = conn.urlopen(
           ^^^^^^^^^^^^^
  File "C:\pythonstuff\wpimport\env\Lib\site-packages\urllib3\connectionpool.py", line 841, in urlopen
    retries = retries.increment(
              ^^^^^^^^^^^^^^^^^^
  File "C:\pythonstuff\wpimport\env\Lib\site-packages\urllib3\util\retry.py", line 519, in increment
    raise MaxRetryError(_pool, url, reason) from reason  # type: ignore[arg-type]
    ^^^^^^^^^^^^^^^^^^^^^^^^^^^^^^^^^^^^^^^^^^^^^^^^^^^
urllib3.exceptions.MaxRetryError: HTTPSConnectionPool(host='shane.maxusvanparts.co.uk', port=443): Max retries exceeded with url: /wp-json/wc/v3/products/74519 (Caused by NameResolutionError("HTTPSConnection(host='shane.maxusvanparts.co.uk', port=443): Failed to resolve 'shane.maxusvanparts.co.uk' ([Errno 11001] getaddrinfo failed)"))

During handling of the above exception, another exception occurred:

Traceback (most recent call last):
  File "C:\pythonstuff\wpimport\create_all_duplicates.py", line 226, in main
    new_product = duplicate_product(product_id)
                  ^^^^^^^^^^^^^^^^^^^^^^^^^^^^^
  File "C:\pythonstuff\wpimport\createduplicates.py", line 86, in duplicate_product
    resp = wcapi.get(f"products/{product_id}")
           ^^^^^^^^^^^^^^^^^^^^^^^^^^^^^^^^^^^
  File "C:\pythonstuff\wpimport\env\Lib\site-packages\woocommerce\api.py", line 106, in get
    return self.__request("GET", endpoint, None, **kwargs)
           ^^^^^^^^^^^^^^^^^^^^^^^^^^^^^^^^^^^^^^^^^^^^^^^
  File "C:\pythonstuff\wpimport\env\Lib\site-packages\woocommerce\api.py", line 92, in __request
    return request(
           ^^^^^^^^
  File "C:\pythonstuff\wpimport\env\Lib\site-packages\requests\api.py", line 59, in request
    return session.request(method=method, url=url, **kwargs)
           ^^^^^^^^^^^^^^^^^^^^^^^^^^^^^^^^^^^^^^^^^^^^^^^^^
  File "C:\pythonstuff\wpimport\env\Lib\site-packages\requests\sessions.py", line 589, in request
    resp = self.send(prep, **send_kwargs)
           ^^^^^^^^^^^^^^^^^^^^^^^^^^^^^^
  File "C:\pythonstuff\wpimport\env\Lib\site-packages\requests\sessions.py", line 703, in send
    r = adapter.send(request, **kwargs)
        ^^^^^^^^^^^^^^^^^^^^^^^^^^^^^^^
  File "C:\pythonstuff\wpimport\env\Lib\site-packages\requests\adapters.py", line 519, in send
    raise ConnectionError(e, request=request)
requests.exceptions.ConnectionError: HTTPSConnectionPool(host='shane.maxusvanparts.co.uk', port=443): Max retries exceeded with url: /wp-json/wc/v3/products/74519 (Caused by NameResolutionError("HTTPSConnection(host='shane.maxusvanparts.co.uk', port=443): Failed to resolve 'shane.maxusvanparts.co.uk' ([Errno 11001] getaddrinfo failed)"))
2026-09-17 05:41:31 INFO [1286] Creating duplicate for product id=74509 sku=C00073005-471281 replacement_sku=C00049994
2026-09-17 05:41:31 ERROR [1286] Unexpected error duplicating product id=74509
Traceback (most recent call last):
  File "C:\pythonstuff\wpimport\env\Lib\site-packages\urllib3\connection.py", line 204, in _new_conn
    sock = connection.create_connection(
           ^^^^^^^^^^^^^^^^^^^^^^^^^^^^^
  File "C:\pythonstuff\wpimport\env\Lib\site-packages\urllib3\util\connection.py", line 60, in create_connection
    for res in socket.getaddrinfo(host, port, family, socket.SOCK_STREAM):
               ^^^^^^^^^^^^^^^^^^^^^^^^^^^^^^^^^^^^^^^^^^^^^^^^^^^^^^^^^^
  File "C:\Users\User\AppData\Local\Programs\Python\Python312\Lib\socket.py", line 976, in getaddrinfo
    for res in _socket.getaddrinfo(host, port, family, type, proto, flags):
               ^^^^^^^^^^^^^^^^^^^^^^^^^^^^^^^^^^^^^^^^^^^^^^^^^^^^^^^^^^^
socket.gaierror: [Errno 11001] getaddrinfo failed

The above exception was the direct cause of the following exception:

Traceback (most recent call last):
  File "C:\pythonstuff\wpimport\env\Lib\site-packages\urllib3\connectionpool.py", line 787, in urlopen
    response = self._make_request(
               ^^^^^^^^^^^^^^^^^^^
  File "C:\pythonstuff\wpimport\env\Lib\site-packages\urllib3\connectionpool.py", line 488, in _make_request
    raise new_e
  File "C:\pythonstuff\wpimport\env\Lib\site-packages\urllib3\connectionpool.py", line 464, in _make_request
    self._validate_conn(conn)
  File "C:\pythonstuff\wpimport\env\Lib\site-packages\urllib3\connectionpool.py", line 1093, in _validate_conn
    conn.connect()
  File "C:\pythonstuff\wpimport\env\Lib\site-packages\urllib3\connection.py", line 759, in connect
    self.sock = sock = self._new_conn()
                       ^^^^^^^^^^^^^^^^
  File "C:\pythonstuff\wpimport\env\Lib\site-packages\urllib3\connection.py", line 211, in _new_conn
    raise NameResolutionError(self.host, self, e) from e
urllib3.exceptions.NameResolutionError: HTTPSConnection(host='shane.maxusvanparts.co.uk', port=443): Failed to resolve 'shane.maxusvanparts.co.uk' ([Errno 11001] getaddrinfo failed)

The above exception was the direct cause of the following exception:

Traceback (most recent call last):
  File "C:\pythonstuff\wpimport\env\Lib\site-packages\requests\adapters.py", line 486, in send
    resp = conn.urlopen(
           ^^^^^^^^^^^^^
  File "C:\pythonstuff\wpimport\env\Lib\site-packages\urllib3\connectionpool.py", line 841, in urlopen
    retries = retries.increment(
              ^^^^^^^^^^^^^^^^^^
  File "C:\pythonstuff\wpimport\env\Lib\site-packages\urllib3\util\retry.py", line 519, in increment
    raise MaxRetryError(_pool, url, reason) from reason  # type: ignore[arg-type]
    ^^^^^^^^^^^^^^^^^^^^^^^^^^^^^^^^^^^^^^^^^^^^^^^^^^^
urllib3.exceptions.MaxRetryError: HTTPSConnectionPool(host='shane.maxusvanparts.co.uk', port=443): Max retries exceeded with url: /wp-json/wc/v3/products/74509 (Caused by NameResolutionError("HTTPSConnection(host='shane.maxusvanparts.co.uk', port=443): Failed to resolve 'shane.maxusvanparts.co.uk' ([Errno 11001] getaddrinfo failed)"))

During handling of the above exception, another exception occurred:

Traceback (most recent call last):
  File "C:\pythonstuff\wpimport\create_all_duplicates.py", line 226, in main
    new_product = duplicate_product(product_id)
                  ^^^^^^^^^^^^^^^^^^^^^^^^^^^^^
  File "C:\pythonstuff\wpimport\createduplicates.py", line 86, in duplicate_product
    resp = wcapi.get(f"products/{product_id}")
           ^^^^^^^^^^^^^^^^^^^^^^^^^^^^^^^^^^^
  File "C:\pythonstuff\wpimport\env\Lib\site-packages\woocommerce\api.py", line 106, in get
    return self.__request("GET", endpoint, None, **kwargs)
           ^^^^^^^^^^^^^^^^^^^^^^^^^^^^^^^^^^^^^^^^^^^^^^^
  File "C:\pythonstuff\wpimport\env\Lib\site-packages\woocommerce\api.py", line 92, in __request
    return request(
           ^^^^^^^^
  File "C:\pythonstuff\wpimport\env\Lib\site-packages\requests\api.py", line 59, in request
    return session.request(method=method, url=url, **kwargs)
           ^^^^^^^^^^^^^^^^^^^^^^^^^^^^^^^^^^^^^^^^^^^^^^^^^
  File "C:\pythonstuff\wpimport\env\Lib\site-packages\requests\sessions.py", line 589, in request
    resp = self.send(prep, **send_kwargs)
           ^^^^^^^^^^^^^^^^^^^^^^^^^^^^^^
  File "C:\pythonstuff\wpimport\env\Lib\site-packages\requests\sessions.py", line 703, in send
    r = adapter.send(request, **kwargs)
        ^^^^^^^^^^^^^^^^^^^^^^^^^^^^^^^
  File "C:\pythonstuff\wpimport\env\Lib\site-packages\requests\adapters.py", line 519, in send
    raise ConnectionError(e, request=request)
requests.exceptions.ConnectionError: HTTPSConnectionPool(host='shane.maxusvanparts.co.uk', port=443): Max retries exceeded with url: /wp-json/wc/v3/products/74509 (Caused by NameResolutionError("HTTPSConnection(host='shane.maxusvanparts.co.uk', port=443): Failed to resolve 'shane.maxusvanparts.co.uk' ([Errno 11001] getaddrinfo failed)"))
2026-09-17 05:41:31 INFO [1287] Creating duplicate for product id=74505 sku=C00077424-7777ED replacement_sku=C00100328
2026-09-17 05:41:31 ERROR [1287] Unexpected error duplicating product id=74505
Traceback (most recent call last):
  File "C:\pythonstuff\wpimport\env\Lib\site-packages\urllib3\connection.py", line 204, in _new_conn
    sock = connection.create_connection(
           ^^^^^^^^^^^^^^^^^^^^^^^^^^^^^
  File "C:\pythonstuff\wpimport\env\Lib\site-packages\urllib3\util\connection.py", line 60, in create_connection
    for res in socket.getaddrinfo(host, port, family, socket.SOCK_STREAM):
               ^^^^^^^^^^^^^^^^^^^^^^^^^^^^^^^^^^^^^^^^^^^^^^^^^^^^^^^^^^
  File "C:\Users\User\AppData\Local\Programs\Python\Python312\Lib\socket.py", line 976, in getaddrinfo
    for res in _socket.getaddrinfo(host, port, family, type, proto, flags):
               ^^^^^^^^^^^^^^^^^^^^^^^^^^^^^^^^^^^^^^^^^^^^^^^^^^^^^^^^^^^
socket.gaierror: [Errno 11001] getaddrinfo failed

The above exception was the direct cause of the following exception:

Traceback (most recent call last):
  File "C:\pythonstuff\wpimport\env\Lib\site-packages\urllib3\connectionpool.py", line 787, in urlopen
    response = self._make_request(
               ^^^^^^^^^^^^^^^^^^^
  File "C:\pythonstuff\wpimport\env\Lib\site-packages\urllib3\connectionpool.py", line 488, in _make_request
    raise new_e
  File "C:\pythonstuff\wpimport\env\Lib\site-packages\urllib3\connectionpool.py", line 464, in _make_request
    self._validate_conn(conn)
  File "C:\pythonstuff\wpimport\env\Lib\site-packages\urllib3\connectionpool.py", line 1093, in _validate_conn
    conn.connect()
  File "C:\pythonstuff\wpimport\env\Lib\site-packages\urllib3\connection.py", line 759, in connect
    self.sock = sock = self._new_conn()
                       ^^^^^^^^^^^^^^^^
  File "C:\pythonstuff\wpimport\env\Lib\site-packages\urllib3\connection.py", line 211, in _new_conn
    raise NameResolutionError(self.host, self, e) from e
urllib3.exceptions.NameResolutionError: HTTPSConnection(host='shane.maxusvanparts.co.uk', port=443): Failed to resolve 'shane.maxusvanparts.co.uk' ([Errno 11001] getaddrinfo failed)

The above exception was the direct cause of the following exception:

Traceback (most recent call last):
  File "C:\pythonstuff\wpimport\env\Lib\site-packages\requests\adapters.py", line 486, in send
    resp = conn.urlopen(
           ^^^^^^^^^^^^^
  File "C:\pythonstuff\wpimport\env\Lib\site-packages\urllib3\connectionpool.py", line 841, in urlopen
    retries = retries.increment(
              ^^^^^^^^^^^^^^^^^^
  File "C:\pythonstuff\wpimport\env\Lib\site-packages\urllib3\util\retry.py", line 519, in increment
    raise MaxRetryError(_pool, url, reason) from reason  # type: ignore[arg-type]
    ^^^^^^^^^^^^^^^^^^^^^^^^^^^^^^^^^^^^^^^^^^^^^^^^^^^
urllib3.exceptions.MaxRetryError: HTTPSConnectionPool(host='shane.maxusvanparts.co.uk', port=443): Max retries exceeded with url: /wp-json/wc/v3/products/74505 (Caused by NameResolutionError("HTTPSConnection(host='shane.maxusvanparts.co.uk', port=443): Failed to resolve 'shane.maxusvanparts.co.uk' ([Errno 11001] getaddrinfo failed)"))

During handling of the above exception, another exception occurred:

Traceback (most recent call last):
  File "C:\pythonstuff\wpimport\create_all_duplicates.py", line 226, in main
    new_product = duplicate_product(product_id)
                  ^^^^^^^^^^^^^^^^^^^^^^^^^^^^^
  File "C:\pythonstuff\wpimport\createduplicates.py", line 86, in duplicate_product
    resp = wcapi.get(f"products/{product_id}")
           ^^^^^^^^^^^^^^^^^^^^^^^^^^^^^^^^^^^
  File "C:\pythonstuff\wpimport\env\Lib\site-packages\woocommerce\api.py", line 106, in get
    return self.__request("GET", endpoint, None, **kwargs)
           ^^^^^^^^^^^^^^^^^^^^^^^^^^^^^^^^^^^^^^^^^^^^^^^
  File "C:\pythonstuff\wpimport\env\Lib\site-packages\woocommerce\api.py", line 92, in __request
    return request(
           ^^^^^^^^
  File "C:\pythonstuff\wpimport\env\Lib\site-packages\requests\api.py", line 59, in request
    return session.request(method=method, url=url, **kwargs)
           ^^^^^^^^^^^^^^^^^^^^^^^^^^^^^^^^^^^^^^^^^^^^^^^^^
  File "C:\pythonstuff\wpimport\env\Lib\site-packages\requests\sessions.py", line 589, in request
    resp = self.send(prep, **send_kwargs)
           ^^^^^^^^^^^^^^^^^^^^^^^^^^^^^^
  File "C:\pythonstuff\wpimport\env\Lib\site-packages\requests\sessions.py", line 703, in send
    r = adapter.send(request, **kwargs)
        ^^^^^^^^^^^^^^^^^^^^^^^^^^^^^^^
  File "C:\pythonstuff\wpimport\env\Lib\site-packages\requests\adapters.py", line 519, in send
    raise ConnectionError(e, request=request)
requests.exceptions.ConnectionError: HTTPSConnectionPool(host='shane.maxusvanparts.co.uk', port=443): Max retries exceeded with url: /wp-json/wc/v3/products/74505 (Caused by NameResolutionError("HTTPSConnection(host='shane.maxusvanparts.co.uk', port=443): Failed to resolve 'shane.maxusvanparts.co.uk' ([Errno 11001] getaddrinfo failed)"))
2026-09-17 05:41:31 INFO [1288] Creating duplicate for product id=74491 sku=C00072894-A0E374 replacement_sku=C00168789
2026-09-17 05:41:31 ERROR [1288] Unexpected error duplicating product id=74491
Traceback (most recent call last):
  File "C:\pythonstuff\wpimport\env\Lib\site-packages\urllib3\connection.py", line 204, in _new_conn
    sock = connection.create_connection(
           ^^^^^^^^^^^^^^^^^^^^^^^^^^^^^
  File "C:\pythonstuff\wpimport\env\Lib\site-packages\urllib3\util\connection.py", line 60, in create_connection
    for res in socket.getaddrinfo(host, port, family, socket.SOCK_STREAM):
               ^^^^^^^^^^^^^^^^^^^^^^^^^^^^^^^^^^^^^^^^^^^^^^^^^^^^^^^^^^
  File "C:\Users\User\AppData\Local\Programs\Python\Python312\Lib\socket.py", line 976, in getaddrinfo
    for res in _socket.getaddrinfo(host, port, family, type, proto, flags):
               ^^^^^^^^^^^^^^^^^^^^^^^^^^^^^^^^^^^^^^^^^^^^^^^^^^^^^^^^^^^
socket.gaierror: [Errno 11001] getaddrinfo failed

The above exception was the direct cause of the following exception:

Traceback (most recent call last):
  File "C:\pythonstuff\wpimport\env\Lib\site-packages\urllib3\connectionpool.py", line 787, in urlopen
    response = self._make_request(
               ^^^^^^^^^^^^^^^^^^^
  File "C:\pythonstuff\wpimport\env\Lib\site-packages\urllib3\connectionpool.py", line 488, in _make_request
    raise new_e
  File "C:\pythonstuff\wpimport\env\Lib\site-packages\urllib3\connectionpool.py", line 464, in _make_request
    self._validate_conn(conn)
  File "C:\pythonstuff\wpimport\env\Lib\site-packages\urllib3\connectionpool.py", line 1093, in _validate_conn
    conn.connect()
  File "C:\pythonstuff\wpimport\env\Lib\site-packages\urllib3\connection.py", line 759, in connect
    self.sock = sock = self._new_conn()
                       ^^^^^^^^^^^^^^^^
  File "C:\pythonstuff\wpimport\env\Lib\site-packages\urllib3\connection.py", line 211, in _new_conn
    raise NameResolutionError(self.host, self, e) from e
urllib3.exceptions.NameResolutionError: HTTPSConnection(host='shane.maxusvanparts.co.uk', port=443): Failed to resolve 'shane.maxusvanparts.co.uk' ([Errno 11001] getaddrinfo failed)

The above exception was the direct cause of the following exception:

Traceback (most recent call last):
  File "C:\pythonstuff\wpimport\env\Lib\site-packages\requests\adapters.py", line 486, in send
    resp = conn.urlopen(
           ^^^^^^^^^^^^^
  File "C:\pythonstuff\wpimport\env\Lib\site-packages\urllib3\connectionpool.py", line 841, in urlopen
    retries = retries.increment(
              ^^^^^^^^^^^^^^^^^^
  File "C:\pythonstuff\wpimport\env\Lib\site-packages\urllib3\util\retry.py", line 519, in increment
    raise MaxRetryError(_pool, url, reason) from reason  # type: ignore[arg-type]
    ^^^^^^^^^^^^^^^^^^^^^^^^^^^^^^^^^^^^^^^^^^^^^^^^^^^
urllib3.exceptions.MaxRetryError: HTTPSConnectionPool(host='shane.maxusvanparts.co.uk', port=443): Max retries exceeded with url: /wp-json/wc/v3/products/74491 (Caused by NameResolutionError("HTTPSConnection(host='shane.maxusvanparts.co.uk', port=443): Failed to resolve 'shane.maxusvanparts.co.uk' ([Errno 11001] getaddrinfo failed)"))

During handling of the above exception, another exception occurred:

Traceback (most recent call last):
  File "C:\pythonstuff\wpimport\create_all_duplicates.py", line 226, in main
    new_product = duplicate_product(product_id)
                  ^^^^^^^^^^^^^^^^^^^^^^^^^^^^^
  File "C:\pythonstuff\wpimport\createduplicates.py", line 86, in duplicate_product
    resp = wcapi.get(f"products/{product_id}")
           ^^^^^^^^^^^^^^^^^^^^^^^^^^^^^^^^^^^
  File "C:\pythonstuff\wpimport\env\Lib\site-packages\woocommerce\api.py", line 106, in get
    return self.__request("GET", endpoint, None, **kwargs)
           ^^^^^^^^^^^^^^^^^^^^^^^^^^^^^^^^^^^^^^^^^^^^^^^
  File "C:\pythonstuff\wpimport\env\Lib\site-packages\woocommerce\api.py", line 92, in __request
    return request(
           ^^^^^^^^
  File "C:\pythonstuff\wpimport\env\Lib\site-packages\requests\api.py", line 59, in request
    return session.request(method=method, url=url, **kwargs)
           ^^^^^^^^^^^^^^^^^^^^^^^^^^^^^^^^^^^^^^^^^^^^^^^^^
  File "C:\pythonstuff\wpimport\env\Lib\site-packages\requests\sessions.py", line 589, in request
    resp = self.send(prep, **send_kwargs)
           ^^^^^^^^^^^^^^^^^^^^^^^^^^^^^^
  File "C:\pythonstuff\wpimport\env\Lib\site-packages\requests\sessions.py", line 703, in send
    r = adapter.send(request, **kwargs)
        ^^^^^^^^^^^^^^^^^^^^^^^^^^^^^^^
  File "C:\pythonstuff\wpimport\env\Lib\site-packages\requests\adapters.py", line 519, in send
    raise ConnectionError(e, request=request)
requests.exceptions.ConnectionError: HTTPSConnectionPool(host='shane.maxusvanparts.co.uk', port=443): Max retries exceeded with url: /wp-json/wc/v3/products/74491 (Caused by NameResolutionError("HTTPSConnection(host='shane.maxusvanparts.co.uk', port=443): Failed to resolve 'shane.maxusvanparts.co.uk' ([Errno 11001] getaddrinfo failed)"))
2026-09-17 05:41:31 INFO [1289] Creating duplicate for product id=74467 sku=C00077308-2A3E4B replacement_sku=C00536203
2026-09-17 05:41:31 ERROR [1289] Unexpected error duplicating product id=74467
Traceback (most recent call last):
  File "C:\pythonstuff\wpimport\env\Lib\site-packages\urllib3\connection.py", line 204, in _new_conn
    sock = connection.create_connection(
           ^^^^^^^^^^^^^^^^^^^^^^^^^^^^^
  File "C:\pythonstuff\wpimport\env\Lib\site-packages\urllib3\util\connection.py", line 60, in create_connection
    for res in socket.getaddrinfo(host, port, family, socket.SOCK_STREAM):
               ^^^^^^^^^^^^^^^^^^^^^^^^^^^^^^^^^^^^^^^^^^^^^^^^^^^^^^^^^^
  File "C:\Users\User\AppData\Local\Programs\Python\Python312\Lib\socket.py", line 976, in getaddrinfo
    for res in _socket.getaddrinfo(host, port, family, type, proto, flags):
               ^^^^^^^^^^^^^^^^^^^^^^^^^^^^^^^^^^^^^^^^^^^^^^^^^^^^^^^^^^^
socket.gaierror: [Errno 11001] getaddrinfo failed

The above exception was the direct cause of the following exception:

Traceback (most recent call last):
  File "C:\pythonstuff\wpimport\env\Lib\site-packages\urllib3\connectionpool.py", line 787, in urlopen
    response = self._make_request(
               ^^^^^^^^^^^^^^^^^^^
  File "C:\pythonstuff\wpimport\env\Lib\site-packages\urllib3\connectionpool.py", line 488, in _make_request
    raise new_e
  File "C:\pythonstuff\wpimport\env\Lib\site-packages\urllib3\connectionpool.py", line 464, in _make_request
    self._validate_conn(conn)
  File "C:\pythonstuff\wpimport\env\Lib\site-packages\urllib3\connectionpool.py", line 1093, in _validate_conn
    conn.connect()
  File "C:\pythonstuff\wpimport\env\Lib\site-packages\urllib3\connection.py", line 759, in connect
    self.sock = sock = self._new_conn()
                       ^^^^^^^^^^^^^^^^
  File "C:\pythonstuff\wpimport\env\Lib\site-packages\urllib3\connection.py", line 211, in _new_conn
    raise NameResolutionError(self.host, self, e) from e
urllib3.exceptions.NameResolutionError: HTTPSConnection(host='shane.maxusvanparts.co.uk', port=443): Failed to resolve 'shane.maxusvanparts.co.uk' ([Errno 11001] getaddrinfo failed)

The above exception was the direct cause of the following exception:

Traceback (most recent call last):
  File "C:\pythonstuff\wpimport\env\Lib\site-packages\requests\adapters.py", line 486, in send
    resp = conn.urlopen(
           ^^^^^^^^^^^^^
  File "C:\pythonstuff\wpimport\env\Lib\site-packages\urllib3\connectionpool.py", line 841, in urlopen
    retries = retries.increment(
              ^^^^^^^^^^^^^^^^^^
  File "C:\pythonstuff\wpimport\env\Lib\site-packages\urllib3\util\retry.py", line 519, in increment
    raise MaxRetryError(_pool, url, reason) from reason  # type: ignore[arg-type]
    ^^^^^^^^^^^^^^^^^^^^^^^^^^^^^^^^^^^^^^^^^^^^^^^^^^^
urllib3.exceptions.MaxRetryError: HTTPSConnectionPool(host='shane.maxusvanparts.co.uk', port=443): Max retries exceeded with url: /wp-json/wc/v3/products/74467 (Caused by NameResolutionError("HTTPSConnection(host='shane.maxusvanparts.co.uk', port=443): Failed to resolve 'shane.maxusvanparts.co.uk' ([Errno 11001] getaddrinfo failed)"))

During handling of the above exception, another exception occurred:

Traceback (most recent call last):
  File "C:\pythonstuff\wpimport\create_all_duplicates.py", line 226, in main
    new_product = duplicate_product(product_id)
                  ^^^^^^^^^^^^^^^^^^^^^^^^^^^^^
  File "C:\pythonstuff\wpimport\createduplicates.py", line 86, in duplicate_product
    resp = wcapi.get(f"products/{product_id}")
           ^^^^^^^^^^^^^^^^^^^^^^^^^^^^^^^^^^^
  File "C:\pythonstuff\wpimport\env\Lib\site-packages\woocommerce\api.py", line 106, in get
    return self.__request("GET", endpoint, None, **kwargs)
           ^^^^^^^^^^^^^^^^^^^^^^^^^^^^^^^^^^^^^^^^^^^^^^^
  File "C:\pythonstuff\wpimport\env\Lib\site-packages\woocommerce\api.py", line 92, in __request
    return request(
           ^^^^^^^^
  File "C:\pythonstuff\wpimport\env\Lib\site-packages\requests\api.py", line 59, in request
    return session.request(method=method, url=url, **kwargs)
           ^^^^^^^^^^^^^^^^^^^^^^^^^^^^^^^^^^^^^^^^^^^^^^^^^
  File "C:\pythonstuff\wpimport\env\Lib\site-packages\requests\sessions.py", line 589, in request
    resp = self.send(prep, **send_kwargs)
           ^^^^^^^^^^^^^^^^^^^^^^^^^^^^^^
  File "C:\pythonstuff\wpimport\env\Lib\site-packages\requests\sessions.py", line 703, in send
    r = adapter.send(request, **kwargs)
        ^^^^^^^^^^^^^^^^^^^^^^^^^^^^^^^
  File "C:\pythonstuff\wpimport\env\Lib\site-packages\requests\adapters.py", line 519, in send
    raise ConnectionError(e, request=request)
requests.exceptions.ConnectionError: HTTPSConnectionPool(host='shane.maxusvanparts.co.uk', port=443): Max retries exceeded with url: /wp-json/wc/v3/products/74467 (Caused by NameResolutionError("HTTPSConnection(host='shane.maxusvanparts.co.uk', port=443): Failed to resolve 'shane.maxusvanparts.co.uk' ([Errno 11001] getaddrinfo failed)"))
2026-09-17 05:41:31 INFO [1290] Creating duplicate for product id=74473 sku=C00077309-C89281 replacement_sku=C00502031
2026-09-17 05:41:31 ERROR [1290] Unexpected error duplicating product id=74473
Traceback (most recent call last):
  File "C:\pythonstuff\wpimport\env\Lib\site-packages\urllib3\connection.py", line 204, in _new_conn
    sock = connection.create_connection(
           ^^^^^^^^^^^^^^^^^^^^^^^^^^^^^
  File "C:\pythonstuff\wpimport\env\Lib\site-packages\urllib3\util\connection.py", line 60, in create_connection
    for res in socket.getaddrinfo(host, port, family, socket.SOCK_STREAM):
               ^^^^^^^^^^^^^^^^^^^^^^^^^^^^^^^^^^^^^^^^^^^^^^^^^^^^^^^^^^
  File "C:\Users\User\AppData\Local\Programs\Python\Python312\Lib\socket.py", line 976, in getaddrinfo
    for res in _socket.getaddrinfo(host, port, family, type, proto, flags):
               ^^^^^^^^^^^^^^^^^^^^^^^^^^^^^^^^^^^^^^^^^^^^^^^^^^^^^^^^^^^
socket.gaierror: [Errno 11001] getaddrinfo failed

The above exception was the direct cause of the following exception:

Traceback (most recent call last):
  File "C:\pythonstuff\wpimport\env\Lib\site-packages\urllib3\connectionpool.py", line 787, in urlopen
    response = self._make_request(
               ^^^^^^^^^^^^^^^^^^^
  File "C:\pythonstuff\wpimport\env\Lib\site-packages\urllib3\connectionpool.py", line 488, in _make_request
    raise new_e
  File "C:\pythonstuff\wpimport\env\Lib\site-packages\urllib3\connectionpool.py", line 464, in _make_request
    self._validate_conn(conn)
  File "C:\pythonstuff\wpimport\env\Lib\site-packages\urllib3\connectionpool.py", line 1093, in _validate_conn
    conn.connect()
  File "C:\pythonstuff\wpimport\env\Lib\site-packages\urllib3\connection.py", line 759, in connect
    self.sock = sock = self._new_conn()
                       ^^^^^^^^^^^^^^^^
  File "C:\pythonstuff\wpimport\env\Lib\site-packages\urllib3\connection.py", line 211, in _new_conn
    raise NameResolutionError(self.host, self, e) from e
urllib3.exceptions.NameResolutionError: HTTPSConnection(host='shane.maxusvanparts.co.uk', port=443): Failed to resolve 'shane.maxusvanparts.co.uk' ([Errno 11001] getaddrinfo failed)

The above exception was the direct cause of the following exception:

Traceback (most recent call last):
  File "C:\pythonstuff\wpimport\env\Lib\site-packages\requests\adapters.py", line 486, in send
    resp = conn.urlopen(
           ^^^^^^^^^^^^^
  File "C:\pythonstuff\wpimport\env\Lib\site-packages\urllib3\connectionpool.py", line 841, in urlopen
    retries = retries.increment(
              ^^^^^^^^^^^^^^^^^^
  File "C:\pythonstuff\wpimport\env\Lib\site-packages\urllib3\util\retry.py", line 519, in increment
    raise MaxRetryError(_pool, url, reason) from reason  # type: ignore[arg-type]
    ^^^^^^^^^^^^^^^^^^^^^^^^^^^^^^^^^^^^^^^^^^^^^^^^^^^
urllib3.exceptions.MaxRetryError: HTTPSConnectionPool(host='shane.maxusvanparts.co.uk', port=443): Max retries exceeded with url: /wp-json/wc/v3/products/74473 (Caused by NameResolutionError("HTTPSConnection(host='shane.maxusvanparts.co.uk', port=443): Failed to resolve 'shane.maxusvanparts.co.uk' ([Errno 11001] getaddrinfo failed)"))

During handling of the above exception, another exception occurred:

Traceback (most recent call last):
  File "C:\pythonstuff\wpimport\create_all_duplicates.py", line 226, in main
    new_product = duplicate_product(product_id)
                  ^^^^^^^^^^^^^^^^^^^^^^^^^^^^^
  File "C:\pythonstuff\wpimport\createduplicates.py", line 86, in duplicate_product
    resp = wcapi.get(f"products/{product_id}")
           ^^^^^^^^^^^^^^^^^^^^^^^^^^^^^^^^^^^
  File "C:\pythonstuff\wpimport\env\Lib\site-packages\woocommerce\api.py", line 106, in get
    return self.__request("GET", endpoint, None, **kwargs)
           ^^^^^^^^^^^^^^^^^^^^^^^^^^^^^^^^^^^^^^^^^^^^^^^
  File "C:\pythonstuff\wpimport\env\Lib\site-packages\woocommerce\api.py", line 92, in __request
    return request(
           ^^^^^^^^
  File "C:\pythonstuff\wpimport\env\Lib\site-packages\requests\api.py", line 59, in request
    return session.request(method=method, url=url, **kwargs)
           ^^^^^^^^^^^^^^^^^^^^^^^^^^^^^^^^^^^^^^^^^^^^^^^^^
  File "C:\pythonstuff\wpimport\env\Lib\site-packages\requests\sessions.py", line 589, in request
    resp = self.send(prep, **send_kwargs)
           ^^^^^^^^^^^^^^^^^^^^^^^^^^^^^^
  File "C:\pythonstuff\wpimport\env\Lib\site-packages\requests\sessions.py", line 703, in send
    r = adapter.send(request, **kwargs)
        ^^^^^^^^^^^^^^^^^^^^^^^^^^^^^^^
  File "C:\pythonstuff\wpimport\env\Lib\site-packages\requests\adapters.py", line 519, in send
    raise ConnectionError(e, request=request)
requests.exceptions.ConnectionError: HTTPSConnectionPool(host='shane.maxusvanparts.co.uk', port=443): Max retries exceeded with url: /wp-json/wc/v3/products/74473 (Caused by NameResolutionError("HTTPSConnection(host='shane.maxusvanparts.co.uk', port=443): Failed to resolve 'shane.maxusvanparts.co.uk' ([Errno 11001] getaddrinfo failed)"))
2026-09-17 05:41:31 INFO [1291] Creating duplicate for product id=74439 sku=C00078443-672DED replacement_sku=C00438249
2026-09-17 05:41:31 ERROR [1291] Unexpected error duplicating product id=74439
Traceback (most recent call last):
  File "C:\pythonstuff\wpimport\env\Lib\site-packages\urllib3\connection.py", line 204, in _new_conn
    sock = connection.create_connection(
           ^^^^^^^^^^^^^^^^^^^^^^^^^^^^^
  File "C:\pythonstuff\wpimport\env\Lib\site-packages\urllib3\util\connection.py", line 60, in create_connection
    for res in socket.getaddrinfo(host, port, family, socket.SOCK_STREAM):
               ^^^^^^^^^^^^^^^^^^^^^^^^^^^^^^^^^^^^^^^^^^^^^^^^^^^^^^^^^^
  File "C:\Users\User\AppData\Local\Programs\Python\Python312\Lib\socket.py", line 976, in getaddrinfo
    for res in _socket.getaddrinfo(host, port, family, type, proto, flags):
               ^^^^^^^^^^^^^^^^^^^^^^^^^^^^^^^^^^^^^^^^^^^^^^^^^^^^^^^^^^^
socket.gaierror: [Errno 11001] getaddrinfo failed

The above exception was the direct cause of the following exception:

Traceback (most recent call last):
  File "C:\pythonstuff\wpimport\env\Lib\site-packages\urllib3\connectionpool.py", line 787, in urlopen
    response = self._make_request(
               ^^^^^^^^^^^^^^^^^^^
  File "C:\pythonstuff\wpimport\env\Lib\site-packages\urllib3\connectionpool.py", line 488, in _make_request
    raise new_e
  File "C:\pythonstuff\wpimport\env\Lib\site-packages\urllib3\connectionpool.py", line 464, in _make_request
    self._validate_conn(conn)
  File "C:\pythonstuff\wpimport\env\Lib\site-packages\urllib3\connectionpool.py", line 1093, in _validate_conn
    conn.connect()
  File "C:\pythonstuff\wpimport\env\Lib\site-packages\urllib3\connection.py", line 759, in connect
    self.sock = sock = self._new_conn()
                       ^^^^^^^^^^^^^^^^
  File "C:\pythonstuff\wpimport\env\Lib\site-packages\urllib3\connection.py", line 211, in _new_conn
    raise NameResolutionError(self.host, self, e) from e
urllib3.exceptions.NameResolutionError: HTTPSConnection(host='shane.maxusvanparts.co.uk', port=443): Failed to resolve 'shane.maxusvanparts.co.uk' ([Errno 11001] getaddrinfo failed)

The above exception was the direct cause of the following exception:

Traceback (most recent call last):
  File "C:\pythonstuff\wpimport\env\Lib\site-packages\requests\adapters.py", line 486, in send
    resp = conn.urlopen(
           ^^^^^^^^^^^^^
  File "C:\pythonstuff\wpimport\env\Lib\site-packages\urllib3\connectionpool.py", line 841, in urlopen
    retries = retries.increment(
              ^^^^^^^^^^^^^^^^^^
  File "C:\pythonstuff\wpimport\env\Lib\site-packages\urllib3\util\retry.py", line 519, in increment
    raise MaxRetryError(_pool, url, reason) from reason  # type: ignore[arg-type]
    ^^^^^^^^^^^^^^^^^^^^^^^^^^^^^^^^^^^^^^^^^^^^^^^^^^^
urllib3.exceptions.MaxRetryError: HTTPSConnectionPool(host='shane.maxusvanparts.co.uk', port=443): Max retries exceeded with url: /wp-json/wc/v3/products/74439 (Caused by NameResolutionError("HTTPSConnection(host='shane.maxusvanparts.co.uk', port=443): Failed to resolve 'shane.maxusvanparts.co.uk' ([Errno 11001] getaddrinfo failed)"))

During handling of the above exception, another exception occurred:

Traceback (most recent call last):
  File "C:\pythonstuff\wpimport\create_all_duplicates.py", line 226, in main
    new_product = duplicate_product(product_id)
                  ^^^^^^^^^^^^^^^^^^^^^^^^^^^^^
  File "C:\pythonstuff\wpimport\createduplicates.py", line 86, in duplicate_product
    resp = wcapi.get(f"products/{product_id}")
           ^^^^^^^^^^^^^^^^^^^^^^^^^^^^^^^^^^^
  File "C:\pythonstuff\wpimport\env\Lib\site-packages\woocommerce\api.py", line 106, in get
    return self.__request("GET", endpoint, None, **kwargs)
           ^^^^^^^^^^^^^^^^^^^^^^^^^^^^^^^^^^^^^^^^^^^^^^^
  File "C:\pythonstuff\wpimport\env\Lib\site-packages\woocommerce\api.py", line 92, in __request
    return request(
           ^^^^^^^^
  File "C:\pythonstuff\wpimport\env\Lib\site-packages\requests\api.py", line 59, in request
    return session.request(method=method, url=url, **kwargs)
           ^^^^^^^^^^^^^^^^^^^^^^^^^^^^^^^^^^^^^^^^^^^^^^^^^
  File "C:\pythonstuff\wpimport\env\Lib\site-packages\requests\sessions.py", line 589, in request
    resp = self.send(prep, **send_kwargs)
           ^^^^^^^^^^^^^^^^^^^^^^^^^^^^^^
  File "C:\pythonstuff\wpimport\env\Lib\site-packages\requests\sessions.py", line 703, in send
    r = adapter.send(request, **kwargs)
        ^^^^^^^^^^^^^^^^^^^^^^^^^^^^^^^
  File "C:\pythonstuff\wpimport\env\Lib\site-packages\requests\adapters.py", line 519, in send
    raise ConnectionError(e, request=request)
requests.exceptions.ConnectionError: HTTPSConnectionPool(host='shane.maxusvanparts.co.uk', port=443): Max retries exceeded with url: /wp-json/wc/v3/products/74439 (Caused by NameResolutionError("HTTPSConnection(host='shane.maxusvanparts.co.uk', port=443): Failed to resolve 'shane.maxusvanparts.co.uk' ([Errno 11001] getaddrinfo failed)"))
2026-09-17 05:41:31 INFO [1292] Creating duplicate for product id=74445 sku=C00078445-101756 replacement_sku=C00444654
2026-09-17 05:41:31 ERROR [1292] Unexpected error duplicating product id=74445
Traceback (most recent call last):
  File "C:\pythonstuff\wpimport\env\Lib\site-packages\urllib3\connection.py", line 204, in _new_conn
    sock = connection.create_connection(
           ^^^^^^^^^^^^^^^^^^^^^^^^^^^^^
  File "C:\pythonstuff\wpimport\env\Lib\site-packages\urllib3\util\connection.py", line 60, in create_connection
    for res in socket.getaddrinfo(host, port, family, socket.SOCK_STREAM):
               ^^^^^^^^^^^^^^^^^^^^^^^^^^^^^^^^^^^^^^^^^^^^^^^^^^^^^^^^^^
  File "C:\Users\User\AppData\Local\Programs\Python\Python312\Lib\socket.py", line 976, in getaddrinfo
    for res in _socket.getaddrinfo(host, port, family, type, proto, flags):
               ^^^^^^^^^^^^^^^^^^^^^^^^^^^^^^^^^^^^^^^^^^^^^^^^^^^^^^^^^^^
socket.gaierror: [Errno 11001] getaddrinfo failed

The above exception was the direct cause of the following exception:

Traceback (most recent call last):
  File "C:\pythonstuff\wpimport\env\Lib\site-packages\urllib3\connectionpool.py", line 787, in urlopen
    response = self._make_request(
               ^^^^^^^^^^^^^^^^^^^
  File "C:\pythonstuff\wpimport\env\Lib\site-packages\urllib3\connectionpool.py", line 488, in _make_request
    raise new_e
  File "C:\pythonstuff\wpimport\env\Lib\site-packages\urllib3\connectionpool.py", line 464, in _make_request
    self._validate_conn(conn)
  File "C:\pythonstuff\wpimport\env\Lib\site-packages\urllib3\connectionpool.py", line 1093, in _validate_conn
    conn.connect()
  File "C:\pythonstuff\wpimport\env\Lib\site-packages\urllib3\connection.py", line 759, in connect
    self.sock = sock = self._new_conn()
                       ^^^^^^^^^^^^^^^^
  File "C:\pythonstuff\wpimport\env\Lib\site-packages\urllib3\connection.py", line 211, in _new_conn
    raise NameResolutionError(self.host, self, e) from e
urllib3.exceptions.NameResolutionError: HTTPSConnection(host='shane.maxusvanparts.co.uk', port=443): Failed to resolve 'shane.maxusvanparts.co.uk' ([Errno 11001] getaddrinfo failed)

The above exception was the direct cause of the following exception:

Traceback (most recent call last):
  File "C:\pythonstuff\wpimport\env\Lib\site-packages\requests\adapters.py", line 486, in send
    resp = conn.urlopen(
           ^^^^^^^^^^^^^
  File "C:\pythonstuff\wpimport\env\Lib\site-packages\urllib3\connectionpool.py", line 841, in urlopen
    retries = retries.increment(
              ^^^^^^^^^^^^^^^^^^
  File "C:\pythonstuff\wpimport\env\Lib\site-packages\urllib3\util\retry.py", line 519, in increment
    raise MaxRetryError(_pool, url, reason) from reason  # type: ignore[arg-type]
    ^^^^^^^^^^^^^^^^^^^^^^^^^^^^^^^^^^^^^^^^^^^^^^^^^^^
urllib3.exceptions.MaxRetryError: HTTPSConnectionPool(host='shane.maxusvanparts.co.uk', port=443): Max retries exceeded with url: /wp-json/wc/v3/products/74445 (Caused by NameResolutionError("HTTPSConnection(host='shane.maxusvanparts.co.uk', port=443): Failed to resolve 'shane.maxusvanparts.co.uk' ([Errno 11001] getaddrinfo failed)"))

During handling of the above exception, another exception occurred:

Traceback (most recent call last):
  File "C:\pythonstuff\wpimport\create_all_duplicates.py", line 226, in main
    new_product = duplicate_product(product_id)
                  ^^^^^^^^^^^^^^^^^^^^^^^^^^^^^
  File "C:\pythonstuff\wpimport\createduplicates.py", line 86, in duplicate_product
    resp = wcapi.get(f"products/{product_id}")
           ^^^^^^^^^^^^^^^^^^^^^^^^^^^^^^^^^^^
  File "C:\pythonstuff\wpimport\env\Lib\site-packages\woocommerce\api.py", line 106, in get
    return self.__request("GET", endpoint, None, **kwargs)
           ^^^^^^^^^^^^^^^^^^^^^^^^^^^^^^^^^^^^^^^^^^^^^^^
  File "C:\pythonstuff\wpimport\env\Lib\site-packages\woocommerce\api.py", line 92, in __request
    return request(
           ^^^^^^^^
  File "C:\pythonstuff\wpimport\env\Lib\site-packages\requests\api.py", line 59, in request
    return session.request(method=method, url=url, **kwargs)
           ^^^^^^^^^^^^^^^^^^^^^^^^^^^^^^^^^^^^^^^^^^^^^^^^^
  File "C:\pythonstuff\wpimport\env\Lib\site-packages\requests\sessions.py", line 589, in request
    resp = self.send(prep, **send_kwargs)
           ^^^^^^^^^^^^^^^^^^^^^^^^^^^^^^
  File "C:\pythonstuff\wpimport\env\Lib\site-packages\requests\sessions.py", line 703, in send
    r = adapter.send(request, **kwargs)
        ^^^^^^^^^^^^^^^^^^^^^^^^^^^^^^^
  File "C:\pythonstuff\wpimport\env\Lib\site-packages\requests\adapters.py", line 519, in send
    raise ConnectionError(e, request=request)
requests.exceptions.ConnectionError: HTTPSConnectionPool(host='shane.maxusvanparts.co.uk', port=443): Max retries exceeded with url: /wp-json/wc/v3/products/74445 (Caused by NameResolutionError("HTTPSConnection(host='shane.maxusvanparts.co.uk', port=443): Failed to resolve 'shane.maxusvanparts.co.uk' ([Errno 11001] getaddrinfo failed)"))
2026-09-17 05:41:31 INFO [1293] Creating duplicate for product id=74426 sku=C00077194-495A7C replacement_sku=C00374581
2026-09-17 05:41:31 ERROR [1293] Unexpected error duplicating product id=74426
Traceback (most recent call last):
  File "C:\pythonstuff\wpimport\env\Lib\site-packages\urllib3\connection.py", line 204, in _new_conn
    sock = connection.create_connection(
           ^^^^^^^^^^^^^^^^^^^^^^^^^^^^^
  File "C:\pythonstuff\wpimport\env\Lib\site-packages\urllib3\util\connection.py", line 60, in create_connection
    for res in socket.getaddrinfo(host, port, family, socket.SOCK_STREAM):
               ^^^^^^^^^^^^^^^^^^^^^^^^^^^^^^^^^^^^^^^^^^^^^^^^^^^^^^^^^^
  File "C:\Users\User\AppData\Local\Programs\Python\Python312\Lib\socket.py", line 976, in getaddrinfo
    for res in _socket.getaddrinfo(host, port, family, type, proto, flags):
               ^^^^^^^^^^^^^^^^^^^^^^^^^^^^^^^^^^^^^^^^^^^^^^^^^^^^^^^^^^^
socket.gaierror: [Errno 11001] getaddrinfo failed

The above exception was the direct cause of the following exception:

Traceback (most recent call last):
  File "C:\pythonstuff\wpimport\env\Lib\site-packages\urllib3\connectionpool.py", line 787, in urlopen
    response = self._make_request(
               ^^^^^^^^^^^^^^^^^^^
  File "C:\pythonstuff\wpimport\env\Lib\site-packages\urllib3\connectionpool.py", line 488, in _make_request
    raise new_e
  File "C:\pythonstuff\wpimport\env\Lib\site-packages\urllib3\connectionpool.py", line 464, in _make_request
    self._validate_conn(conn)
  File "C:\pythonstuff\wpimport\env\Lib\site-packages\urllib3\connectionpool.py", line 1093, in _validate_conn
    conn.connect()
  File "C:\pythonstuff\wpimport\env\Lib\site-packages\urllib3\connection.py", line 759, in connect
    self.sock = sock = self._new_conn()
                       ^^^^^^^^^^^^^^^^
  File "C:\pythonstuff\wpimport\env\Lib\site-packages\urllib3\connection.py", line 211, in _new_conn
    raise NameResolutionError(self.host, self, e) from e
urllib3.exceptions.NameResolutionError: HTTPSConnection(host='shane.maxusvanparts.co.uk', port=443): Failed to resolve 'shane.maxusvanparts.co.uk' ([Errno 11001] getaddrinfo failed)

The above exception was the direct cause of the following exception:

Traceback (most recent call last):
  File "C:\pythonstuff\wpimport\env\Lib\site-packages\requests\adapters.py", line 486, in send
    resp = conn.urlopen(
           ^^^^^^^^^^^^^
  File "C:\pythonstuff\wpimport\env\Lib\site-packages\urllib3\connectionpool.py", line 841, in urlopen
    retries = retries.increment(
              ^^^^^^^^^^^^^^^^^^
  File "C:\pythonstuff\wpimport\env\Lib\site-packages\urllib3\util\retry.py", line 519, in increment
    raise MaxRetryError(_pool, url, reason) from reason  # type: ignore[arg-type]
    ^^^^^^^^^^^^^^^^^^^^^^^^^^^^^^^^^^^^^^^^^^^^^^^^^^^
urllib3.exceptions.MaxRetryError: HTTPSConnectionPool(host='shane.maxusvanparts.co.uk', port=443): Max retries exceeded with url: /wp-json/wc/v3/products/74426 (Caused by NameResolutionError("HTTPSConnection(host='shane.maxusvanparts.co.uk', port=443): Failed to resolve 'shane.maxusvanparts.co.uk' ([Errno 11001] getaddrinfo failed)"))

During handling of the above exception, another exception occurred:

Traceback (most recent call last):
  File "C:\pythonstuff\wpimport\create_all_duplicates.py", line 226, in main
    new_product = duplicate_product(product_id)
                  ^^^^^^^^^^^^^^^^^^^^^^^^^^^^^
  File "C:\pythonstuff\wpimport\createduplicates.py", line 86, in duplicate_product
    resp = wcapi.get(f"products/{product_id}")
           ^^^^^^^^^^^^^^^^^^^^^^^^^^^^^^^^^^^
  File "C:\pythonstuff\wpimport\env\Lib\site-packages\woocommerce\api.py", line 106, in get
    return self.__request("GET", endpoint, None, **kwargs)
           ^^^^^^^^^^^^^^^^^^^^^^^^^^^^^^^^^^^^^^^^^^^^^^^
  File "C:\pythonstuff\wpimport\env\Lib\site-packages\woocommerce\api.py", line 92, in __request
    return request(
           ^^^^^^^^
  File "C:\pythonstuff\wpimport\env\Lib\site-packages\requests\api.py", line 59, in request
    return session.request(method=method, url=url, **kwargs)
           ^^^^^^^^^^^^^^^^^^^^^^^^^^^^^^^^^^^^^^^^^^^^^^^^^
  File "C:\pythonstuff\wpimport\env\Lib\site-packages\requests\sessions.py", line 589, in request
    resp = self.send(prep, **send_kwargs)
           ^^^^^^^^^^^^^^^^^^^^^^^^^^^^^^
  File "C:\pythonstuff\wpimport\env\Lib\site-packages\requests\sessions.py", line 703, in send
    r = adapter.send(request, **kwargs)
        ^^^^^^^^^^^^^^^^^^^^^^^^^^^^^^^
  File "C:\pythonstuff\wpimport\env\Lib\site-packages\requests\adapters.py", line 519, in send
    raise ConnectionError(e, request=request)
requests.exceptions.ConnectionError: HTTPSConnectionPool(host='shane.maxusvanparts.co.uk', port=443): Max retries exceeded with url: /wp-json/wc/v3/products/74426 (Caused by NameResolutionError("HTTPSConnection(host='shane.maxusvanparts.co.uk', port=443): Failed to resolve 'shane.maxusvanparts.co.uk' ([Errno 11001] getaddrinfo failed)"))
2026-09-17 05:41:31 INFO [1294] Creating duplicate for product id=74415 sku=C00077192-090655 replacement_sku=C00319545
2026-09-17 05:41:31 ERROR [1294] Unexpected error duplicating product id=74415
Traceback (most recent call last):
  File "C:\pythonstuff\wpimport\env\Lib\site-packages\urllib3\connection.py", line 204, in _new_conn
    sock = connection.create_connection(
           ^^^^^^^^^^^^^^^^^^^^^^^^^^^^^
  File "C:\pythonstuff\wpimport\env\Lib\site-packages\urllib3\util\connection.py", line 60, in create_connection
    for res in socket.getaddrinfo(host, port, family, socket.SOCK_STREAM):
               ^^^^^^^^^^^^^^^^^^^^^^^^^^^^^^^^^^^^^^^^^^^^^^^^^^^^^^^^^^
  File "C:\Users\User\AppData\Local\Programs\Python\Python312\Lib\socket.py", line 976, in getaddrinfo
    for res in _socket.getaddrinfo(host, port, family, type, proto, flags):
               ^^^^^^^^^^^^^^^^^^^^^^^^^^^^^^^^^^^^^^^^^^^^^^^^^^^^^^^^^^^
socket.gaierror: [Errno 11001] getaddrinfo failed

The above exception was the direct cause of the following exception:

Traceback (most recent call last):
  File "C:\pythonstuff\wpimport\env\Lib\site-packages\urllib3\connectionpool.py", line 787, in urlopen
    response = self._make_request(
               ^^^^^^^^^^^^^^^^^^^
  File "C:\pythonstuff\wpimport\env\Lib\site-packages\urllib3\connectionpool.py", line 488, in _make_request
    raise new_e
  File "C:\pythonstuff\wpimport\env\Lib\site-packages\urllib3\connectionpool.py", line 464, in _make_request
    self._validate_conn(conn)
  File "C:\pythonstuff\wpimport\env\Lib\site-packages\urllib3\connectionpool.py", line 1093, in _validate_conn
    conn.connect()
  File "C:\pythonstuff\wpimport\env\Lib\site-packages\urllib3\connection.py", line 759, in connect
    self.sock = sock = self._new_conn()
                       ^^^^^^^^^^^^^^^^
  File "C:\pythonstuff\wpimport\env\Lib\site-packages\urllib3\connection.py", line 211, in _new_conn
    raise NameResolutionError(self.host, self, e) from e
urllib3.exceptions.NameResolutionError: HTTPSConnection(host='shane.maxusvanparts.co.uk', port=443): Failed to resolve 'shane.maxusvanparts.co.uk' ([Errno 11001] getaddrinfo failed)

The above exception was the direct cause of the following exception:

Traceback (most recent call last):
  File "C:\pythonstuff\wpimport\env\Lib\site-packages\requests\adapters.py", line 486, in send
    resp = conn.urlopen(
           ^^^^^^^^^^^^^
  File "C:\pythonstuff\wpimport\env\Lib\site-packages\urllib3\connectionpool.py", line 841, in urlopen
    retries = retries.increment(
              ^^^^^^^^^^^^^^^^^^
  File "C:\pythonstuff\wpimport\env\Lib\site-packages\urllib3\util\retry.py", line 519, in increment
    raise MaxRetryError(_pool, url, reason) from reason  # type: ignore[arg-type]
    ^^^^^^^^^^^^^^^^^^^^^^^^^^^^^^^^^^^^^^^^^^^^^^^^^^^
urllib3.exceptions.MaxRetryError: HTTPSConnectionPool(host='shane.maxusvanparts.co.uk', port=443): Max retries exceeded with url: /wp-json/wc/v3/products/74415 (Caused by NameResolutionError("HTTPSConnection(host='shane.maxusvanparts.co.uk', port=443): Failed to resolve 'shane.maxusvanparts.co.uk' ([Errno 11001] getaddrinfo failed)"))

During handling of the above exception, another exception occurred:

Traceback (most recent call last):
  File "C:\pythonstuff\wpimport\create_all_duplicates.py", line 226, in main
    new_product = duplicate_product(product_id)
                  ^^^^^^^^^^^^^^^^^^^^^^^^^^^^^
  File "C:\pythonstuff\wpimport\createduplicates.py", line 86, in duplicate_product
    resp = wcapi.get(f"products/{product_id}")
           ^^^^^^^^^^^^^^^^^^^^^^^^^^^^^^^^^^^
  File "C:\pythonstuff\wpimport\env\Lib\site-packages\woocommerce\api.py", line 106, in get
    return self.__request("GET", endpoint, None, **kwargs)
           ^^^^^^^^^^^^^^^^^^^^^^^^^^^^^^^^^^^^^^^^^^^^^^^
  File "C:\pythonstuff\wpimport\env\Lib\site-packages\woocommerce\api.py", line 92, in __request
    return request(
           ^^^^^^^^
  File "C:\pythonstuff\wpimport\env\Lib\site-packages\requests\api.py", line 59, in request
    return session.request(method=method, url=url, **kwargs)
           ^^^^^^^^^^^^^^^^^^^^^^^^^^^^^^^^^^^^^^^^^^^^^^^^^
  File "C:\pythonstuff\wpimport\env\Lib\site-packages\requests\sessions.py", line 589, in request
    resp = self.send(prep, **send_kwargs)
           ^^^^^^^^^^^^^^^^^^^^^^^^^^^^^^
  File "C:\pythonstuff\wpimport\env\Lib\site-packages\requests\sessions.py", line 703, in send
    r = adapter.send(request, **kwargs)
        ^^^^^^^^^^^^^^^^^^^^^^^^^^^^^^^
  File "C:\pythonstuff\wpimport\env\Lib\site-packages\requests\adapters.py", line 519, in send
    raise ConnectionError(e, request=request)
requests.exceptions.ConnectionError: HTTPSConnectionPool(host='shane.maxusvanparts.co.uk', port=443): Max retries exceeded with url: /wp-json/wc/v3/products/74415 (Caused by NameResolutionError("HTTPSConnection(host='shane.maxusvanparts.co.uk', port=443): Failed to resolve 'shane.maxusvanparts.co.uk' ([Errno 11001] getaddrinfo failed)"))
2026-09-17 05:41:31 INFO [1295] Creating duplicate for product id=74429 sku=C00072180-24F75C replacement_sku=C00235628
2026-09-17 05:41:31 ERROR [1295] Unexpected error duplicating product id=74429
Traceback (most recent call last):
  File "C:\pythonstuff\wpimport\env\Lib\site-packages\urllib3\connection.py", line 204, in _new_conn
    sock = connection.create_connection(
           ^^^^^^^^^^^^^^^^^^^^^^^^^^^^^
  File "C:\pythonstuff\wpimport\env\Lib\site-packages\urllib3\util\connection.py", line 60, in create_connection
    for res in socket.getaddrinfo(host, port, family, socket.SOCK_STREAM):
               ^^^^^^^^^^^^^^^^^^^^^^^^^^^^^^^^^^^^^^^^^^^^^^^^^^^^^^^^^^
  File "C:\Users\User\AppData\Local\Programs\Python\Python312\Lib\socket.py", line 976, in getaddrinfo
    for res in _socket.getaddrinfo(host, port, family, type, proto, flags):
               ^^^^^^^^^^^^^^^^^^^^^^^^^^^^^^^^^^^^^^^^^^^^^^^^^^^^^^^^^^^
socket.gaierror: [Errno 11001] getaddrinfo failed

The above exception was the direct cause of the following exception:

Traceback (most recent call last):
  File "C:\pythonstuff\wpimport\env\Lib\site-packages\urllib3\connectionpool.py", line 787, in urlopen
    response = self._make_request(
               ^^^^^^^^^^^^^^^^^^^
  File "C:\pythonstuff\wpimport\env\Lib\site-packages\urllib3\connectionpool.py", line 488, in _make_request
    raise new_e
  File "C:\pythonstuff\wpimport\env\Lib\site-packages\urllib3\connectionpool.py", line 464, in _make_request
    self._validate_conn(conn)
  File "C:\pythonstuff\wpimport\env\Lib\site-packages\urllib3\connectionpool.py", line 1093, in _validate_conn
    conn.connect()
  File "C:\pythonstuff\wpimport\env\Lib\site-packages\urllib3\connection.py", line 759, in connect
    self.sock = sock = self._new_conn()
                       ^^^^^^^^^^^^^^^^
  File "C:\pythonstuff\wpimport\env\Lib\site-packages\urllib3\connection.py", line 211, in _new_conn
    raise NameResolutionError(self.host, self, e) from e
urllib3.exceptions.NameResolutionError: HTTPSConnection(host='shane.maxusvanparts.co.uk', port=443): Failed to resolve 'shane.maxusvanparts.co.uk' ([Errno 11001] getaddrinfo failed)

The above exception was the direct cause of the following exception:

Traceback (most recent call last):
  File "C:\pythonstuff\wpimport\env\Lib\site-packages\requests\adapters.py", line 486, in send
    resp = conn.urlopen(
           ^^^^^^^^^^^^^
  File "C:\pythonstuff\wpimport\env\Lib\site-packages\urllib3\connectionpool.py", line 841, in urlopen
    retries = retries.increment(
              ^^^^^^^^^^^^^^^^^^
  File "C:\pythonstuff\wpimport\env\Lib\site-packages\urllib3\util\retry.py", line 519, in increment
    raise MaxRetryError(_pool, url, reason) from reason  # type: ignore[arg-type]
    ^^^^^^^^^^^^^^^^^^^^^^^^^^^^^^^^^^^^^^^^^^^^^^^^^^^
urllib3.exceptions.MaxRetryError: HTTPSConnectionPool(host='shane.maxusvanparts.co.uk', port=443): Max retries exceeded with url: /wp-json/wc/v3/products/74429 (Caused by NameResolutionError("HTTPSConnection(host='shane.maxusvanparts.co.uk', port=443): Failed to resolve 'shane.maxusvanparts.co.uk' ([Errno 11001] getaddrinfo failed)"))

During handling of the above exception, another exception occurred:

Traceback (most recent call last):
  File "C:\pythonstuff\wpimport\create_all_duplicates.py", line 226, in main
    new_product = duplicate_product(product_id)
                  ^^^^^^^^^^^^^^^^^^^^^^^^^^^^^
  File "C:\pythonstuff\wpimport\createduplicates.py", line 86, in duplicate_product
    resp = wcapi.get(f"products/{product_id}")
           ^^^^^^^^^^^^^^^^^^^^^^^^^^^^^^^^^^^
  File "C:\pythonstuff\wpimport\env\Lib\site-packages\woocommerce\api.py", line 106, in get
    return self.__request("GET", endpoint, None, **kwargs)
           ^^^^^^^^^^^^^^^^^^^^^^^^^^^^^^^^^^^^^^^^^^^^^^^
  File "C:\pythonstuff\wpimport\env\Lib\site-packages\woocommerce\api.py", line 92, in __request
    return request(
           ^^^^^^^^
  File "C:\pythonstuff\wpimport\env\Lib\site-packages\requests\api.py", line 59, in request
    return session.request(method=method, url=url, **kwargs)
           ^^^^^^^^^^^^^^^^^^^^^^^^^^^^^^^^^^^^^^^^^^^^^^^^^
  File "C:\pythonstuff\wpimport\env\Lib\site-packages\requests\sessions.py", line 589, in request
    resp = self.send(prep, **send_kwargs)
           ^^^^^^^^^^^^^^^^^^^^^^^^^^^^^^
  File "C:\pythonstuff\wpimport\env\Lib\site-packages\requests\sessions.py", line 703, in send
    r = adapter.send(request, **kwargs)
        ^^^^^^^^^^^^^^^^^^^^^^^^^^^^^^^
  File "C:\pythonstuff\wpimport\env\Lib\site-packages\requests\adapters.py", line 519, in send
    raise ConnectionError(e, request=request)
requests.exceptions.ConnectionError: HTTPSConnectionPool(host='shane.maxusvanparts.co.uk', port=443): Max retries exceeded with url: /wp-json/wc/v3/products/74429 (Caused by NameResolutionError("HTTPSConnection(host='shane.maxusvanparts.co.uk', port=443): Failed to resolve 'shane.maxusvanparts.co.uk' ([Errno 11001] getaddrinfo failed)"))
2026-09-17 05:41:31 INFO [1296] Creating duplicate for product id=74394 sku=C00069211-6D8E08 replacement_sku=C00309677
2026-09-17 05:41:31 ERROR [1296] Unexpected error duplicating product id=74394
Traceback (most recent call last):
  File "C:\pythonstuff\wpimport\env\Lib\site-packages\urllib3\connection.py", line 204, in _new_conn
    sock = connection.create_connection(
           ^^^^^^^^^^^^^^^^^^^^^^^^^^^^^
  File "C:\pythonstuff\wpimport\env\Lib\site-packages\urllib3\util\connection.py", line 60, in create_connection
    for res in socket.getaddrinfo(host, port, family, socket.SOCK_STREAM):
               ^^^^^^^^^^^^^^^^^^^^^^^^^^^^^^^^^^^^^^^^^^^^^^^^^^^^^^^^^^
  File "C:\Users\User\AppData\Local\Programs\Python\Python312\Lib\socket.py", line 976, in getaddrinfo
    for res in _socket.getaddrinfo(host, port, family, type, proto, flags):
               ^^^^^^^^^^^^^^^^^^^^^^^^^^^^^^^^^^^^^^^^^^^^^^^^^^^^^^^^^^^
socket.gaierror: [Errno 11001] getaddrinfo failed

The above exception was the direct cause of the following exception:

Traceback (most recent call last):
  File "C:\pythonstuff\wpimport\env\Lib\site-packages\urllib3\connectionpool.py", line 787, in urlopen
    response = self._make_request(
               ^^^^^^^^^^^^^^^^^^^
  File "C:\pythonstuff\wpimport\env\Lib\site-packages\urllib3\connectionpool.py", line 488, in _make_request
    raise new_e
  File "C:\pythonstuff\wpimport\env\Lib\site-packages\urllib3\connectionpool.py", line 464, in _make_request
    self._validate_conn(conn)
  File "C:\pythonstuff\wpimport\env\Lib\site-packages\urllib3\connectionpool.py", line 1093, in _validate_conn
    conn.connect()
  File "C:\pythonstuff\wpimport\env\Lib\site-packages\urllib3\connection.py", line 759, in connect
    self.sock = sock = self._new_conn()
                       ^^^^^^^^^^^^^^^^
  File "C:\pythonstuff\wpimport\env\Lib\site-packages\urllib3\connection.py", line 211, in _new_conn
    raise NameResolutionError(self.host, self, e) from e
urllib3.exceptions.NameResolutionError: HTTPSConnection(host='shane.maxusvanparts.co.uk', port=443): Failed to resolve 'shane.maxusvanparts.co.uk' ([Errno 11001] getaddrinfo failed)

The above exception was the direct cause of the following exception:

Traceback (most recent call last):
  File "C:\pythonstuff\wpimport\env\Lib\site-packages\requests\adapters.py", line 486, in send
    resp = conn.urlopen(
           ^^^^^^^^^^^^^
  File "C:\pythonstuff\wpimport\env\Lib\site-packages\urllib3\connectionpool.py", line 841, in urlopen
    retries = retries.increment(
              ^^^^^^^^^^^^^^^^^^
  File "C:\pythonstuff\wpimport\env\Lib\site-packages\urllib3\util\retry.py", line 519, in increment
    raise MaxRetryError(_pool, url, reason) from reason  # type: ignore[arg-type]
    ^^^^^^^^^^^^^^^^^^^^^^^^^^^^^^^^^^^^^^^^^^^^^^^^^^^
urllib3.exceptions.MaxRetryError: HTTPSConnectionPool(host='shane.maxusvanparts.co.uk', port=443): Max retries exceeded with url: /wp-json/wc/v3/products/74394 (Caused by NameResolutionError("HTTPSConnection(host='shane.maxusvanparts.co.uk', port=443): Failed to resolve 'shane.maxusvanparts.co.uk' ([Errno 11001] getaddrinfo failed)"))

During handling of the above exception, another exception occurred:

Traceback (most recent call last):
  File "C:\pythonstuff\wpimport\create_all_duplicates.py", line 226, in main
    new_product = duplicate_product(product_id)
                  ^^^^^^^^^^^^^^^^^^^^^^^^^^^^^
  File "C:\pythonstuff\wpimport\createduplicates.py", line 86, in duplicate_product
    resp = wcapi.get(f"products/{product_id}")
           ^^^^^^^^^^^^^^^^^^^^^^^^^^^^^^^^^^^
  File "C:\pythonstuff\wpimport\env\Lib\site-packages\woocommerce\api.py", line 106, in get
    return self.__request("GET", endpoint, None, **kwargs)
           ^^^^^^^^^^^^^^^^^^^^^^^^^^^^^^^^^^^^^^^^^^^^^^^
  File "C:\pythonstuff\wpimport\env\Lib\site-packages\woocommerce\api.py", line 92, in __request
    return request(
           ^^^^^^^^
  File "C:\pythonstuff\wpimport\env\Lib\site-packages\requests\api.py", line 59, in request
    return session.request(method=method, url=url, **kwargs)
           ^^^^^^^^^^^^^^^^^^^^^^^^^^^^^^^^^^^^^^^^^^^^^^^^^
  File "C:\pythonstuff\wpimport\env\Lib\site-packages\requests\sessions.py", line 589, in request
    resp = self.send(prep, **send_kwargs)
           ^^^^^^^^^^^^^^^^^^^^^^^^^^^^^^
  File "C:\pythonstuff\wpimport\env\Lib\site-packages\requests\sessions.py", line 703, in send
    r = adapter.send(request, **kwargs)
        ^^^^^^^^^^^^^^^^^^^^^^^^^^^^^^^
  File "C:\pythonstuff\wpimport\env\Lib\site-packages\requests\adapters.py", line 519, in send
    raise ConnectionError(e, request=request)
requests.exceptions.ConnectionError: HTTPSConnectionPool(host='shane.maxusvanparts.co.uk', port=443): Max retries exceeded with url: /wp-json/wc/v3/products/74394 (Caused by NameResolutionError("HTTPSConnection(host='shane.maxusvanparts.co.uk', port=443): Failed to resolve 'shane.maxusvanparts.co.uk' ([Errno 11001] getaddrinfo failed)"))
2026-09-17 05:41:31 INFO [1297] Creating duplicate for product id=74397 sku=C00070907-1DC20F replacement_sku=C00613812
2026-09-17 05:41:31 ERROR [1297] Unexpected error duplicating product id=74397
Traceback (most recent call last):
  File "C:\pythonstuff\wpimport\env\Lib\site-packages\urllib3\connection.py", line 204, in _new_conn
    sock = connection.create_connection(
           ^^^^^^^^^^^^^^^^^^^^^^^^^^^^^
  File "C:\pythonstuff\wpimport\env\Lib\site-packages\urllib3\util\connection.py", line 60, in create_connection
    for res in socket.getaddrinfo(host, port, family, socket.SOCK_STREAM):
               ^^^^^^^^^^^^^^^^^^^^^^^^^^^^^^^^^^^^^^^^^^^^^^^^^^^^^^^^^^
  File "C:\Users\User\AppData\Local\Programs\Python\Python312\Lib\socket.py", line 976, in getaddrinfo
    for res in _socket.getaddrinfo(host, port, family, type, proto, flags):
               ^^^^^^^^^^^^^^^^^^^^^^^^^^^^^^^^^^^^^^^^^^^^^^^^^^^^^^^^^^^
socket.gaierror: [Errno 11001] getaddrinfo failed

The above exception was the direct cause of the following exception:

Traceback (most recent call last):
  File "C:\pythonstuff\wpimport\env\Lib\site-packages\urllib3\connectionpool.py", line 787, in urlopen
    response = self._make_request(
               ^^^^^^^^^^^^^^^^^^^
  File "C:\pythonstuff\wpimport\env\Lib\site-packages\urllib3\connectionpool.py", line 488, in _make_request
    raise new_e
  File "C:\pythonstuff\wpimport\env\Lib\site-packages\urllib3\connectionpool.py", line 464, in _make_request
    self._validate_conn(conn)
  File "C:\pythonstuff\wpimport\env\Lib\site-packages\urllib3\connectionpool.py", line 1093, in _validate_conn
    conn.connect()
  File "C:\pythonstuff\wpimport\env\Lib\site-packages\urllib3\connection.py", line 759, in connect
    self.sock = sock = self._new_conn()
                       ^^^^^^^^^^^^^^^^
  File "C:\pythonstuff\wpimport\env\Lib\site-packages\urllib3\connection.py", line 211, in _new_conn
    raise NameResolutionError(self.host, self, e) from e
urllib3.exceptions.NameResolutionError: HTTPSConnection(host='shane.maxusvanparts.co.uk', port=443): Failed to resolve 'shane.maxusvanparts.co.uk' ([Errno 11001] getaddrinfo failed)

The above exception was the direct cause of the following exception:

Traceback (most recent call last):
  File "C:\pythonstuff\wpimport\env\Lib\site-packages\requests\adapters.py", line 486, in send
    resp = conn.urlopen(
           ^^^^^^^^^^^^^
  File "C:\pythonstuff\wpimport\env\Lib\site-packages\urllib3\connectionpool.py", line 841, in urlopen
    retries = retries.increment(
              ^^^^^^^^^^^^^^^^^^
  File "C:\pythonstuff\wpimport\env\Lib\site-packages\urllib3\util\retry.py", line 519, in increment
    raise MaxRetryError(_pool, url, reason) from reason  # type: ignore[arg-type]
    ^^^^^^^^^^^^^^^^^^^^^^^^^^^^^^^^^^^^^^^^^^^^^^^^^^^
urllib3.exceptions.MaxRetryError: HTTPSConnectionPool(host='shane.maxusvanparts.co.uk', port=443): Max retries exceeded with url: /wp-json/wc/v3/products/74397 (Caused by NameResolutionError("HTTPSConnection(host='shane.maxusvanparts.co.uk', port=443): Failed to resolve 'shane.maxusvanparts.co.uk' ([Errno 11001] getaddrinfo failed)"))

During handling of the above exception, another exception occurred:

Traceback (most recent call last):
  File "C:\pythonstuff\wpimport\create_all_duplicates.py", line 226, in main
    new_product = duplicate_product(product_id)
                  ^^^^^^^^^^^^^^^^^^^^^^^^^^^^^
  File "C:\pythonstuff\wpimport\createduplicates.py", line 86, in duplicate_product
    resp = wcapi.get(f"products/{product_id}")
           ^^^^^^^^^^^^^^^^^^^^^^^^^^^^^^^^^^^
  File "C:\pythonstuff\wpimport\env\Lib\site-packages\woocommerce\api.py", line 106, in get
    return self.__request("GET", endpoint, None, **kwargs)
           ^^^^^^^^^^^^^^^^^^^^^^^^^^^^^^^^^^^^^^^^^^^^^^^
  File "C:\pythonstuff\wpimport\env\Lib\site-packages\woocommerce\api.py", line 92, in __request
    return request(
           ^^^^^^^^
  File "C:\pythonstuff\wpimport\env\Lib\site-packages\requests\api.py", line 59, in request
    return session.request(method=method, url=url, **kwargs)
           ^^^^^^^^^^^^^^^^^^^^^^^^^^^^^^^^^^^^^^^^^^^^^^^^^
  File "C:\pythonstuff\wpimport\env\Lib\site-packages\requests\sessions.py", line 589, in request
    resp = self.send(prep, **send_kwargs)
           ^^^^^^^^^^^^^^^^^^^^^^^^^^^^^^
  File "C:\pythonstuff\wpimport\env\Lib\site-packages\requests\sessions.py", line 703, in send
    r = adapter.send(request, **kwargs)
        ^^^^^^^^^^^^^^^^^^^^^^^^^^^^^^^
  File "C:\pythonstuff\wpimport\env\Lib\site-packages\requests\adapters.py", line 519, in send
    raise ConnectionError(e, request=request)
requests.exceptions.ConnectionError: HTTPSConnectionPool(host='shane.maxusvanparts.co.uk', port=443): Max retries exceeded with url: /wp-json/wc/v3/products/74397 (Caused by NameResolutionError("HTTPSConnection(host='shane.maxusvanparts.co.uk', port=443): Failed to resolve 'shane.maxusvanparts.co.uk' ([Errno 11001] getaddrinfo failed)"))
2026-09-17 05:41:31 INFO [1298] Creating duplicate for product id=74370 sku=C00008505-01861D replacement_sku=C00681900
2026-09-17 05:41:31 ERROR [1298] Unexpected error duplicating product id=74370
Traceback (most recent call last):
  File "C:\pythonstuff\wpimport\env\Lib\site-packages\urllib3\connection.py", line 204, in _new_conn
    sock = connection.create_connection(
           ^^^^^^^^^^^^^^^^^^^^^^^^^^^^^
  File "C:\pythonstuff\wpimport\env\Lib\site-packages\urllib3\util\connection.py", line 60, in create_connection
    for res in socket.getaddrinfo(host, port, family, socket.SOCK_STREAM):
               ^^^^^^^^^^^^^^^^^^^^^^^^^^^^^^^^^^^^^^^^^^^^^^^^^^^^^^^^^^
  File "C:\Users\User\AppData\Local\Programs\Python\Python312\Lib\socket.py", line 976, in getaddrinfo
    for res in _socket.getaddrinfo(host, port, family, type, proto, flags):
               ^^^^^^^^^^^^^^^^^^^^^^^^^^^^^^^^^^^^^^^^^^^^^^^^^^^^^^^^^^^
socket.gaierror: [Errno 11001] getaddrinfo failed

The above exception was the direct cause of the following exception:

Traceback (most recent call last):
  File "C:\pythonstuff\wpimport\env\Lib\site-packages\urllib3\connectionpool.py", line 787, in urlopen
    response = self._make_request(
               ^^^^^^^^^^^^^^^^^^^
  File "C:\pythonstuff\wpimport\env\Lib\site-packages\urllib3\connectionpool.py", line 488, in _make_request
    raise new_e
  File "C:\pythonstuff\wpimport\env\Lib\site-packages\urllib3\connectionpool.py", line 464, in _make_request
    self._validate_conn(conn)
  File "C:\pythonstuff\wpimport\env\Lib\site-packages\urllib3\connectionpool.py", line 1093, in _validate_conn
    conn.connect()
  File "C:\pythonstuff\wpimport\env\Lib\site-packages\urllib3\connection.py", line 759, in connect
    self.sock = sock = self._new_conn()
                       ^^^^^^^^^^^^^^^^
  File "C:\pythonstuff\wpimport\env\Lib\site-packages\urllib3\connection.py", line 211, in _new_conn
    raise NameResolutionError(self.host, self, e) from e
urllib3.exceptions.NameResolutionError: HTTPSConnection(host='shane.maxusvanparts.co.uk', port=443): Failed to resolve 'shane.maxusvanparts.co.uk' ([Errno 11001] getaddrinfo failed)

The above exception was the direct cause of the following exception:

Traceback (most recent call last):
  File "C:\pythonstuff\wpimport\env\Lib\site-packages\requests\adapters.py", line 486, in send
    resp = conn.urlopen(
           ^^^^^^^^^^^^^
  File "C:\pythonstuff\wpimport\env\Lib\site-packages\urllib3\connectionpool.py", line 841, in urlopen
    retries = retries.increment(
              ^^^^^^^^^^^^^^^^^^
  File "C:\pythonstuff\wpimport\env\Lib\site-packages\urllib3\util\retry.py", line 519, in increment
    raise MaxRetryError(_pool, url, reason) from reason  # type: ignore[arg-type]
    ^^^^^^^^^^^^^^^^^^^^^^^^^^^^^^^^^^^^^^^^^^^^^^^^^^^
urllib3.exceptions.MaxRetryError: HTTPSConnectionPool(host='shane.maxusvanparts.co.uk', port=443): Max retries exceeded with url: /wp-json/wc/v3/products/74370 (Caused by NameResolutionError("HTTPSConnection(host='shane.maxusvanparts.co.uk', port=443): Failed to resolve 'shane.maxusvanparts.co.uk' ([Errno 11001] getaddrinfo failed)"))

During handling of the above exception, another exception occurred:

Traceback (most recent call last):
  File "C:\pythonstuff\wpimport\create_all_duplicates.py", line 226, in main
    new_product = duplicate_product(product_id)
                  ^^^^^^^^^^^^^^^^^^^^^^^^^^^^^
  File "C:\pythonstuff\wpimport\createduplicates.py", line 86, in duplicate_product
    resp = wcapi.get(f"products/{product_id}")
           ^^^^^^^^^^^^^^^^^^^^^^^^^^^^^^^^^^^
  File "C:\pythonstuff\wpimport\env\Lib\site-packages\woocommerce\api.py", line 106, in get
    return self.__request("GET", endpoint, None, **kwargs)
           ^^^^^^^^^^^^^^^^^^^^^^^^^^^^^^^^^^^^^^^^^^^^^^^
  File "C:\pythonstuff\wpimport\env\Lib\site-packages\woocommerce\api.py", line 92, in __request
    return request(
           ^^^^^^^^
  File "C:\pythonstuff\wpimport\env\Lib\site-packages\requests\api.py", line 59, in request
    return session.request(method=method, url=url, **kwargs)
           ^^^^^^^^^^^^^^^^^^^^^^^^^^^^^^^^^^^^^^^^^^^^^^^^^
  File "C:\pythonstuff\wpimport\env\Lib\site-packages\requests\sessions.py", line 589, in request
    resp = self.send(prep, **send_kwargs)
           ^^^^^^^^^^^^^^^^^^^^^^^^^^^^^^
  File "C:\pythonstuff\wpimport\env\Lib\site-packages\requests\sessions.py", line 703, in send
    r = adapter.send(request, **kwargs)
        ^^^^^^^^^^^^^^^^^^^^^^^^^^^^^^^
  File "C:\pythonstuff\wpimport\env\Lib\site-packages\requests\adapters.py", line 519, in send
    raise ConnectionError(e, request=request)
requests.exceptions.ConnectionError: HTTPSConnectionPool(host='shane.maxusvanparts.co.uk', port=443): Max retries exceeded with url: /wp-json/wc/v3/products/74370 (Caused by NameResolutionError("HTTPSConnection(host='shane.maxusvanparts.co.uk', port=443): Failed to resolve 'shane.maxusvanparts.co.uk' ([Errno 11001] getaddrinfo failed)"))
2026-09-17 05:41:31 INFO [1299] Creating duplicate for product id=74295 sku=C00032940-AB1E77 replacement_sku=C00612554
2026-09-17 05:41:31 ERROR [1299] Unexpected error duplicating product id=74295
Traceback (most recent call last):
  File "C:\pythonstuff\wpimport\env\Lib\site-packages\urllib3\connection.py", line 204, in _new_conn
    sock = connection.create_connection(
           ^^^^^^^^^^^^^^^^^^^^^^^^^^^^^
  File "C:\pythonstuff\wpimport\env\Lib\site-packages\urllib3\util\connection.py", line 60, in create_connection
    for res in socket.getaddrinfo(host, port, family, socket.SOCK_STREAM):
               ^^^^^^^^^^^^^^^^^^^^^^^^^^^^^^^^^^^^^^^^^^^^^^^^^^^^^^^^^^
  File "C:\Users\User\AppData\Local\Programs\Python\Python312\Lib\socket.py", line 976, in getaddrinfo
    for res in _socket.getaddrinfo(host, port, family, type, proto, flags):
               ^^^^^^^^^^^^^^^^^^^^^^^^^^^^^^^^^^^^^^^^^^^^^^^^^^^^^^^^^^^
socket.gaierror: [Errno 11001] getaddrinfo failed

The above exception was the direct cause of the following exception:

Traceback (most recent call last):
  File "C:\pythonstuff\wpimport\env\Lib\site-packages\urllib3\connectionpool.py", line 787, in urlopen
    response = self._make_request(
               ^^^^^^^^^^^^^^^^^^^
  File "C:\pythonstuff\wpimport\env\Lib\site-packages\urllib3\connectionpool.py", line 488, in _make_request
    raise new_e
  File "C:\pythonstuff\wpimport\env\Lib\site-packages\urllib3\connectionpool.py", line 464, in _make_request
    self._validate_conn(conn)
  File "C:\pythonstuff\wpimport\env\Lib\site-packages\urllib3\connectionpool.py", line 1093, in _validate_conn
    conn.connect()
  File "C:\pythonstuff\wpimport\env\Lib\site-packages\urllib3\connection.py", line 759, in connect
    self.sock = sock = self._new_conn()
                       ^^^^^^^^^^^^^^^^
  File "C:\pythonstuff\wpimport\env\Lib\site-packages\urllib3\connection.py", line 211, in _new_conn
    raise NameResolutionError(self.host, self, e) from e
urllib3.exceptions.NameResolutionError: HTTPSConnection(host='shane.maxusvanparts.co.uk', port=443): Failed to resolve 'shane.maxusvanparts.co.uk' ([Errno 11001] getaddrinfo failed)

The above exception was the direct cause of the following exception:

Traceback (most recent call last):
  File "C:\pythonstuff\wpimport\env\Lib\site-packages\requests\adapters.py", line 486, in send
    resp = conn.urlopen(
           ^^^^^^^^^^^^^
  File "C:\pythonstuff\wpimport\env\Lib\site-packages\urllib3\connectionpool.py", line 841, in urlopen
    retries = retries.increment(
              ^^^^^^^^^^^^^^^^^^
  File "C:\pythonstuff\wpimport\env\Lib\site-packages\urllib3\util\retry.py", line 519, in increment
    raise MaxRetryError(_pool, url, reason) from reason  # type: ignore[arg-type]
    ^^^^^^^^^^^^^^^^^^^^^^^^^^^^^^^^^^^^^^^^^^^^^^^^^^^
urllib3.exceptions.MaxRetryError: HTTPSConnectionPool(host='shane.maxusvanparts.co.uk', port=443): Max retries exceeded with url: /wp-json/wc/v3/products/74295 (Caused by NameResolutionError("HTTPSConnection(host='shane.maxusvanparts.co.uk', port=443): Failed to resolve 'shane.maxusvanparts.co.uk' ([Errno 11001] getaddrinfo failed)"))

During handling of the above exception, another exception occurred:

Traceback (most recent call last):
  File "C:\pythonstuff\wpimport\create_all_duplicates.py", line 226, in main
    new_product = duplicate_product(product_id)
                  ^^^^^^^^^^^^^^^^^^^^^^^^^^^^^
  File "C:\pythonstuff\wpimport\createduplicates.py", line 86, in duplicate_product
    resp = wcapi.get(f"products/{product_id}")
           ^^^^^^^^^^^^^^^^^^^^^^^^^^^^^^^^^^^
  File "C:\pythonstuff\wpimport\env\Lib\site-packages\woocommerce\api.py", line 106, in get
    return self.__request("GET", endpoint, None, **kwargs)
           ^^^^^^^^^^^^^^^^^^^^^^^^^^^^^^^^^^^^^^^^^^^^^^^
  File "C:\pythonstuff\wpimport\env\Lib\site-packages\woocommerce\api.py", line 92, in __request
    return request(
           ^^^^^^^^
  File "C:\pythonstuff\wpimport\env\Lib\site-packages\requests\api.py", line 59, in request
    return session.request(method=method, url=url, **kwargs)
           ^^^^^^^^^^^^^^^^^^^^^^^^^^^^^^^^^^^^^^^^^^^^^^^^^
  File "C:\pythonstuff\wpimport\env\Lib\site-packages\requests\sessions.py", line 589, in request
    resp = self.send(prep, **send_kwargs)
           ^^^^^^^^^^^^^^^^^^^^^^^^^^^^^^
  File "C:\pythonstuff\wpimport\env\Lib\site-packages\requests\sessions.py", line 703, in send
    r = adapter.send(request, **kwargs)
        ^^^^^^^^^^^^^^^^^^^^^^^^^^^^^^^
  File "C:\pythonstuff\wpimport\env\Lib\site-packages\requests\adapters.py", line 519, in send
    raise ConnectionError(e, request=request)
requests.exceptions.ConnectionError: HTTPSConnectionPool(host='shane.maxusvanparts.co.uk', port=443): Max retries exceeded with url: /wp-json/wc/v3/products/74295 (Caused by NameResolutionError("HTTPSConnection(host='shane.maxusvanparts.co.uk', port=443): Failed to resolve 'shane.maxusvanparts.co.uk' ([Errno 11001] getaddrinfo failed)"))
2026-09-17 05:41:31 INFO [1300] Creating duplicate for product id=74301 sku=C00032961-B2A62F replacement_sku=C00612555
2026-09-17 05:41:31 ERROR [1300] Unexpected error duplicating product id=74301
Traceback (most recent call last):
  File "C:\pythonstuff\wpimport\env\Lib\site-packages\urllib3\connection.py", line 204, in _new_conn
    sock = connection.create_connection(
           ^^^^^^^^^^^^^^^^^^^^^^^^^^^^^
  File "C:\pythonstuff\wpimport\env\Lib\site-packages\urllib3\util\connection.py", line 60, in create_connection
    for res in socket.getaddrinfo(host, port, family, socket.SOCK_STREAM):
               ^^^^^^^^^^^^^^^^^^^^^^^^^^^^^^^^^^^^^^^^^^^^^^^^^^^^^^^^^^
  File "C:\Users\User\AppData\Local\Programs\Python\Python312\Lib\socket.py", line 976, in getaddrinfo
    for res in _socket.getaddrinfo(host, port, family, type, proto, flags):
               ^^^^^^^^^^^^^^^^^^^^^^^^^^^^^^^^^^^^^^^^^^^^^^^^^^^^^^^^^^^
socket.gaierror: [Errno 11001] getaddrinfo failed

The above exception was the direct cause of the following exception:

Traceback (most recent call last):
  File "C:\pythonstuff\wpimport\env\Lib\site-packages\urllib3\connectionpool.py", line 787, in urlopen
    response = self._make_request(
               ^^^^^^^^^^^^^^^^^^^
  File "C:\pythonstuff\wpimport\env\Lib\site-packages\urllib3\connectionpool.py", line 488, in _make_request
    raise new_e
  File "C:\pythonstuff\wpimport\env\Lib\site-packages\urllib3\connectionpool.py", line 464, in _make_request
    self._validate_conn(conn)
  File "C:\pythonstuff\wpimport\env\Lib\site-packages\urllib3\connectionpool.py", line 1093, in _validate_conn
    conn.connect()
  File "C:\pythonstuff\wpimport\env\Lib\site-packages\urllib3\connection.py", line 759, in connect
    self.sock = sock = self._new_conn()
                       ^^^^^^^^^^^^^^^^
  File "C:\pythonstuff\wpimport\env\Lib\site-packages\urllib3\connection.py", line 211, in _new_conn
    raise NameResolutionError(self.host, self, e) from e
urllib3.exceptions.NameResolutionError: HTTPSConnection(host='shane.maxusvanparts.co.uk', port=443): Failed to resolve 'shane.maxusvanparts.co.uk' ([Errno 11001] getaddrinfo failed)

The above exception was the direct cause of the following exception:

Traceback (most recent call last):
  File "C:\pythonstuff\wpimport\env\Lib\site-packages\requests\adapters.py", line 486, in send
    resp = conn.urlopen(
           ^^^^^^^^^^^^^
  File "C:\pythonstuff\wpimport\env\Lib\site-packages\urllib3\connectionpool.py", line 841, in urlopen
    retries = retries.increment(
              ^^^^^^^^^^^^^^^^^^
  File "C:\pythonstuff\wpimport\env\Lib\site-packages\urllib3\util\retry.py", line 519, in increment
    raise MaxRetryError(_pool, url, reason) from reason  # type: ignore[arg-type]
    ^^^^^^^^^^^^^^^^^^^^^^^^^^^^^^^^^^^^^^^^^^^^^^^^^^^
urllib3.exceptions.MaxRetryError: HTTPSConnectionPool(host='shane.maxusvanparts.co.uk', port=443): Max retries exceeded with url: /wp-json/wc/v3/products/74301 (Caused by NameResolutionError("HTTPSConnection(host='shane.maxusvanparts.co.uk', port=443): Failed to resolve 'shane.maxusvanparts.co.uk' ([Errno 11001] getaddrinfo failed)"))

During handling of the above exception, another exception occurred:

Traceback (most recent call last):
  File "C:\pythonstuff\wpimport\create_all_duplicates.py", line 226, in main
    new_product = duplicate_product(product_id)
                  ^^^^^^^^^^^^^^^^^^^^^^^^^^^^^
  File "C:\pythonstuff\wpimport\createduplicates.py", line 86, in duplicate_product
    resp = wcapi.get(f"products/{product_id}")
           ^^^^^^^^^^^^^^^^^^^^^^^^^^^^^^^^^^^
  File "C:\pythonstuff\wpimport\env\Lib\site-packages\woocommerce\api.py", line 106, in get
    return self.__request("GET", endpoint, None, **kwargs)
           ^^^^^^^^^^^^^^^^^^^^^^^^^^^^^^^^^^^^^^^^^^^^^^^
  File "C:\pythonstuff\wpimport\env\Lib\site-packages\woocommerce\api.py", line 92, in __request
    return request(
           ^^^^^^^^
  File "C:\pythonstuff\wpimport\env\Lib\site-packages\requests\api.py", line 59, in request
    return session.request(method=method, url=url, **kwargs)
           ^^^^^^^^^^^^^^^^^^^^^^^^^^^^^^^^^^^^^^^^^^^^^^^^^
  File "C:\pythonstuff\wpimport\env\Lib\site-packages\requests\sessions.py", line 589, in request
    resp = self.send(prep, **send_kwargs)
           ^^^^^^^^^^^^^^^^^^^^^^^^^^^^^^
  File "C:\pythonstuff\wpimport\env\Lib\site-packages\requests\sessions.py", line 703, in send
    r = adapter.send(request, **kwargs)
        ^^^^^^^^^^^^^^^^^^^^^^^^^^^^^^^
  File "C:\pythonstuff\wpimport\env\Lib\site-packages\requests\adapters.py", line 519, in send
    raise ConnectionError(e, request=request)
requests.exceptions.ConnectionError: HTTPSConnectionPool(host='shane.maxusvanparts.co.uk', port=443): Max retries exceeded with url: /wp-json/wc/v3/products/74301 (Caused by NameResolutionError("HTTPSConnection(host='shane.maxusvanparts.co.uk', port=443): Failed to resolve 'shane.maxusvanparts.co.uk' ([Errno 11001] getaddrinfo failed)"))
2026-09-17 05:41:31 WARNING Could not fetch page 14, attempt 1/3: HTTPSConnectionPool(host='shane.maxusvanparts.co.uk', port=443): Max retries exceeded with url: /wp-json/custom/v1/products-with-replacements?per_page=100&page=14 (Caused by NameResolutionError("HTTPSConnection(host='shane.maxusvanparts.co.uk', port=443): Failed to resolve 'shane.maxusvanparts.co.uk' ([Errno 11001] getaddrinfo failed)"))
2026-09-17 05:41:32 WARNING Could not fetch page 14, attempt 2/3: HTTPSConnectionPool(host='shane.maxusvanparts.co.uk', port=443): Max retries exceeded with url: /wp-json/custom/v1/products-with-replacements?per_page=100&page=14 (Caused by NameResolutionError("HTTPSConnection(host='shane.maxusvanparts.co.uk', port=443): Failed to resolve 'shane.maxusvanparts.co.uk' ([Errno 11001] getaddrinfo failed)"))
2026-09-17 05:41:34 WARNING Could not fetch page 14, attempt 3/3: HTTPSConnectionPool(host='shane.maxusvanparts.co.uk', port=443): Max retries exceeded with url: /wp-json/custom/v1/products-with-replacements?per_page=100&page=14 (Caused by NameResolutionError("HTTPSConnection(host='shane.maxusvanparts.co.uk', port=443): Failed to resolve 'shane.maxusvanparts.co.uk' ([Errno 11001] getaddrinfo failed)"))
2026-09-17 05:41:34 ERROR Batch stopped before completion
Traceback (most recent call last):
  File "C:\pythonstuff\wpimport\env\Lib\site-packages\urllib3\connection.py", line 204, in _new_conn
    sock = connection.create_connection(
           ^^^^^^^^^^^^^^^^^^^^^^^^^^^^^
  File "C:\pythonstuff\wpimport\env\Lib\site-packages\urllib3\util\connection.py", line 60, in create_connection
    for res in socket.getaddrinfo(host, port, family, socket.SOCK_STREAM):
               ^^^^^^^^^^^^^^^^^^^^^^^^^^^^^^^^^^^^^^^^^^^^^^^^^^^^^^^^^^
  File "C:\Users\User\AppData\Local\Programs\Python\Python312\Lib\socket.py", line 976, in getaddrinfo
    for res in _socket.getaddrinfo(host, port, family, type, proto, flags):
               ^^^^^^^^^^^^^^^^^^^^^^^^^^^^^^^^^^^^^^^^^^^^^^^^^^^^^^^^^^^
socket.gaierror: [Errno 11001] getaddrinfo failed

The above exception was the direct cause of the following exception:

Traceback (most recent call last):
  File "C:\pythonstuff\wpimport\env\Lib\site-packages\urllib3\connectionpool.py", line 787, in urlopen
    response = self._make_request(
               ^^^^^^^^^^^^^^^^^^^
  File "C:\pythonstuff\wpimport\env\Lib\site-packages\urllib3\connectionpool.py", line 488, in _make_request
    raise new_e
  File "C:\pythonstuff\wpimport\env\Lib\site-packages\urllib3\connectionpool.py", line 464, in _make_request
    self._validate_conn(conn)
  File "C:\pythonstuff\wpimport\env\Lib\site-packages\urllib3\connectionpool.py", line 1093, in _validate_conn
    conn.connect()
  File "C:\pythonstuff\wpimport\env\Lib\site-packages\urllib3\connection.py", line 759, in connect
    self.sock = sock = self._new_conn()
                       ^^^^^^^^^^^^^^^^
  File "C:\pythonstuff\wpimport\env\Lib\site-packages\urllib3\connection.py", line 211, in _new_conn
    raise NameResolutionError(self.host, self, e) from e
urllib3.exceptions.NameResolutionError: HTTPSConnection(host='shane.maxusvanparts.co.uk', port=443): Failed to resolve 'shane.maxusvanparts.co.uk' ([Errno 11001] getaddrinfo failed)

The above exception was the direct cause of the following exception:

Traceback (most recent call last):
  File "C:\pythonstuff\wpimport\env\Lib\site-packages\requests\adapters.py", line 486, in send
    resp = conn.urlopen(
           ^^^^^^^^^^^^^
  File "C:\pythonstuff\wpimport\env\Lib\site-packages\urllib3\connectionpool.py", line 841, in urlopen
    retries = retries.increment(
              ^^^^^^^^^^^^^^^^^^
  File "C:\pythonstuff\wpimport\env\Lib\site-packages\urllib3\util\retry.py", line 519, in increment
    raise MaxRetryError(_pool, url, reason) from reason  # type: ignore[arg-type]
    ^^^^^^^^^^^^^^^^^^^^^^^^^^^^^^^^^^^^^^^^^^^^^^^^^^^
urllib3.exceptions.MaxRetryError: HTTPSConnectionPool(host='shane.maxusvanparts.co.uk', port=443): Max retries exceeded with url: /wp-json/custom/v1/products-with-replacements?per_page=100&page=14 (Caused by NameResolutionError("HTTPSConnection(host='shane.maxusvanparts.co.uk', port=443): Failed to resolve 'shane.maxusvanparts.co.uk' ([Errno 11001] getaddrinfo failed)"))

During handling of the above exception, another exception occurred:

Traceback (most recent call last):
  File "C:\pythonstuff\wpimport\create_all_duplicates.py", line 60, in fetch_replacement_page
    response = session.get(
               ^^^^^^^^^^^^
  File "C:\pythonstuff\wpimport\env\Lib\site-packages\requests\sessions.py", line 602, in get
    return self.request("GET", url, **kwargs)
           ^^^^^^^^^^^^^^^^^^^^^^^^^^^^^^^^^^
  File "C:\pythonstuff\wpimport\env\Lib\site-packages\requests\sessions.py", line 589, in request
    resp = self.send(prep, **send_kwargs)
           ^^^^^^^^^^^^^^^^^^^^^^^^^^^^^^
  File "C:\pythonstuff\wpimport\env\Lib\site-packages\requests\sessions.py", line 703, in send
    r = adapter.send(request, **kwargs)
        ^^^^^^^^^^^^^^^^^^^^^^^^^^^^^^^
  File "C:\pythonstuff\wpimport\env\Lib\site-packages\requests\adapters.py", line 519, in send
    raise ConnectionError(e, request=request)
requests.exceptions.ConnectionError: HTTPSConnectionPool(host='shane.maxusvanparts.co.uk', port=443): Max retries exceeded with url: /wp-json/custom/v1/products-with-replacements?per_page=100&page=14 (Caused by NameResolutionError("HTTPSConnection(host='shane.maxusvanparts.co.uk', port=443): Failed to resolve 'shane.maxusvanparts.co.uk' ([Errno 11001] getaddrinfo failed)"))

The above exception was the direct cause of the following exception:

Traceback (most recent call last):
  File "C:\pythonstuff\wpimport\create_all_duplicates.py", line 194, in main
    else fetch_replacement_page(session, page, args.per_page, logger)
         ^^^^^^^^^^^^^^^^^^^^^^^^^^^^^^^^^^^^^^^^^^^^^^^^^^^^^^^^^^^^
  File "C:\pythonstuff\wpimport\create_all_duplicates.py", line 98, in fetch_replacement_page
    raise RuntimeError(f"Failed to fetch page {page}: {last_error}") from last_error
RuntimeError: Failed to fetch page 14: HTTPSConnectionPool(host='shane.maxusvanparts.co.uk', port=443): Max retries exceeded with url: /wp-json/custom/v1/products-with-replacements?per_page=100&page=14 (Caused by NameResolutionError("HTTPSConnection(host='shane.maxusvanparts.co.uk', port=443): Failed to resolve 'shane.maxusvanparts.co.uk' ([Errno 11001] getaddrinfo failed)"))
