id,title,sku,original_sku,date_updated,edit_link
17723,WEIGHT BALANCE,C00005812-CDFB,C00005812,,https://shane.maxusvanparts.co.uk/wp-admin/post.php?post=17723&action=edit
17729,WEIGHT BALANCE,C00005814-87E9,C00005814,,https://shane.maxusvanparts.co.uk/wp-admin/post.php?post=17729&action=edit
17735,WEIGHT BALANCE,C00005815-1653,C00005815,,https://shane.maxusvanparts.co.uk/wp-admin/post.php?post=17735&action=edit
17740,WEIGHT BALANCE,C00005816-9FC3,C00005816,,https://shane.maxusvanparts.co.uk/wp-admin/post.php?post=17740&action=edit
17745,WEIGHT BALANCE,C00005817-4A73,C00005817,,https://shane.maxusvanparts.co.uk/wp-admin/post.php?post=17745&action=edit
17750,WEIGHT BALANCE,C00005818-D607,C00005818,,https://shane.maxusvanparts.co.uk/wp-admin/post.php?post=17750&action=edit
17757,WEIGHT BALANCE,C00005819-2786,C00005819,,https://shane.maxusvanparts.co.uk/wp-admin/post.php?post=17757&action=edit
17759,WEIGHT BALANCE,C00005820-8A23,C00005820,,https://shane.maxusvanparts.co.uk/wp-admin/post.php?post=17759&action=edit
17760,WEIGHT BALANCE,C00005826-9B87,C00005826,,https://shane.maxusvanparts.co.uk/wp-admin/post.php?post=17760&action=edit
17762,WEIGHT BALANCE,C00005827-2CA5,C00005827,,https://shane.maxusvanparts.co.uk/wp-admin/post.php?post=17762&action=edit
17763,WEIGHT BALANCE,C00005821-AAE3,C00005821,,https://shane.maxusvanparts.co.uk/wp-admin/post.php?post=17763&action=edit
17768,WEIGHT BALANCE,C00005822-691C,C00005822,,https://shane.maxusvanparts.co.uk/wp-admin/post.php?post=17768&action=edit
17769,WEIGHT BALANCE,C00005829-7387,C00005829,,https://shane.maxusvanparts.co.uk/wp-admin/post.php?post=17769&action=edit
17772,WEIGHT BALANCE,C00005823-7FEE,C00005823,,https://shane.maxusvanparts.co.uk/wp-admin/post.php?post=17772&action=edit
17773,WEIGHT BALANCE,C00005830-AECD,C00005830,,https://shane.maxusvanparts.co.uk/wp-admin/post.php?post=17773&action=edit
17776,WEIGHT BALANCE,C00005824-A1FF,C00005824,,https://shane.maxusvanparts.co.uk/wp-admin/post.php?post=17776&action=edit
17777,WEIGHT BALANCE,C00005831-FD90,C00005831,,https://shane.maxusvanparts.co.uk/wp-admin/post.php?post=17777&action=edit
17782,WEIGHT BALANCE,C00005935-7E97,C00005935,,https://shane.maxusvanparts.co.uk/wp-admin/post.php?post=17782&action=edit
17783,WEIGHT BALANCE,C00005825-DE83,C00005825,,https://shane.maxusvanparts.co.uk/wp-admin/post.php?post=17783&action=edit
17793,BULB-FRONT FOG,C00013593-19A8,C00013593,,https://shane.maxusvanparts.co.uk/wp-admin/post.php?post=17793&action=edit
17795,WEIGHT BALANCE,C00015967-5DC3,C00015967,,https://shane.maxusvanparts.co.uk/wp-admin/post.php?post=17795&action=edit
17797,WEIGHT BALANCE,C00015968-1E28,C00015968,,https://shane.maxusvanparts.co.uk/wp-admin/post.php?post=17797&action=edit
17799,WEIGHT BALANCE,C00015981-CF62,C00015981,,https://shane.maxusvanparts.co.uk/wp-admin/post.php?post=17799&action=edit
17801,WEIGHT BALANCE,C00015982-B3C3,C00015982,,https://shane.maxusvanparts.co.uk/wp-admin/post.php?post=17801&action=edit
17957,ADBLUE,C00072843-5B61,C00072843,,https://shane.maxusvanparts.co.uk/wp-admin/post.php?post=17957&action=edit
18380,BALL BEARING-MASS BALANCING SHAFT,C00077262-8DB9,C00077262,,https://shane.maxusvanparts.co.uk/wp-admin/post.php?post=18380&action=edit
18517,OIL-ENGINE,C00083490-C929,C00083490,,https://shane.maxusvanparts.co.uk/wp-admin/post.php?post=18517&action=edit
18559,WHEEL,C00085341-287F,C00085341,,https://shane.maxusvanparts.co.uk/wp-admin/post.php?post=18559&action=edit
18573,INSULATION-DASH PANEL INSULATION(COMPT),C00085566-DACD,C00085566,,https://shane.maxusvanparts.co.uk/wp-admin/post.php?post=18573&action=edit
18577,INSULATION-DASH PANEL INSULATION(DVR),C00085567-4932,C00085567,,https://shane.maxusvanparts.co.uk/wp-admin/post.php?post=18577&action=edit
18949,BRACKET-BODY CONTROL MODULE,C00102212-4D31,C00102212,,https://shane.maxusvanparts.co.uk/wp-admin/post.php?post=18949&action=edit
18969,OIL-REAR AXLE ASSEMBLY,C00103428-3CEF,C00103428,,https://shane.maxusvanparts.co.uk/wp-admin/post.php?post=18969&action=edit
18971,SLEEVE-WIPER MOTOR,C00103546-F506,C00103546,,https://shane.maxusvanparts.co.uk/wp-admin/post.php?post=18971&action=edit
19051,CLIP-CONSOLE PLATE ASSEMBLY LOWER,C00110318-FF34,C00110318,,https://shane.maxusvanparts.co.uk/wp-admin/post.php?post=19051&action=edit
19059,CLIP-INSTRUMENT PANEL SHINING STRIP ASSEMBLY,C00110325-7824,C00110325,,https://shane.maxusvanparts.co.uk/wp-admin/post.php?post=19059&action=edit
19334,HOUSING ASSEMBLY-REDUCER,C00128471-5946,C00128471,,https://shane.maxusvanparts.co.uk/wp-admin/post.php?post=19334&action=edit
19346,COVER-DIFFERENTIAL,C00128487-B787,C00128487,,https://shane.maxusvanparts.co.uk/wp-admin/post.php?post=19346&action=edit
19596,FUSE-MAIN FUSE BOX,C00179646-5560,C00179646,,https://shane.maxusvanparts.co.uk/wp-admin/post.php?post=19596&action=edit
19638,CYLINDER BLOCK MACHINED ASSEMBLY,C00184468-8319,C00184468,,https://shane.maxusvanparts.co.uk/wp-admin/post.php?post=19638&action=edit
19717,SCREW-STOP LAMP,C00193380-F12F,C00193380,,https://shane.maxusvanparts.co.uk/wp-admin/post.php?post=19717&action=edit
19782,ANAEROBIC ADHESIVE-ENGINE,C00207343-65FF,C00207343,,https://shane.maxusvanparts.co.uk/wp-admin/post.php?post=19782&action=edit
19817,PLUGS-RAIL,C00211013-F113-40D7,C00211013-F113,,https://shane.maxusvanparts.co.uk/wp-admin/post.php?post=19817&action=edit
19875,BRACKET-INTERCOOLER MOUNT,C00213625-C270,C00213625,,https://shane.maxusvanparts.co.uk/wp-admin/post.php?post=19875&action=edit
20029,SEALANT-ENGINE,C00221439-7B8B,C00221439,,https://shane.maxusvanparts.co.uk/wp-admin/post.php?post=20029&action=edit
20317,BODY ASSEMBLY-INSTRUMENT PANEL,C00304649-A176-0444,C00304649-A176,,https://shane.maxusvanparts.co.uk/wp-admin/post.php?post=20317&action=edit
20346,PLATE-H/BRAKE COVER FRONT UPPER,C00310211-BF35,C00310211,,https://shane.maxusvanparts.co.uk/wp-admin/post.php?post=20346&action=edit
20390,BOLT/SCREW-DIFFERENTIAL HOUSING,C00325156-E900,C00325156,,https://shane.maxusvanparts.co.uk/wp-admin/post.php?post=20390&action=edit
20414,FUSE-PFB FUSE BOX,C00334164-8AFD,C00334164,,https://shane.maxusvanparts.co.uk/wp-admin/post.php?post=20414&action=edit
20418,CAP-PRE FUSE BOX,C00334165-AF03,C00334165,,https://shane.maxusvanparts.co.uk/wp-admin/post.php?post=20418&action=edit
20422,FUSE-PFB FUSE BOX,C00334166-6959,C00334166,,https://shane.maxusvanparts.co.uk/wp-admin/post.php?post=20422&action=edit
20423,WELDING ASSEMBLY-FUEL TANK,C00338220-25AB,C00338220,,https://shane.maxusvanparts.co.uk/wp-admin/post.php?post=20423&action=edit
20447,RAIL ASSEMBLY-FRONT SIDE,C00357368-4100-A561,C00357368-4100,,https://shane.maxusvanparts.co.uk/wp-admin/post.php?post=20447&action=edit
20470,CAMSHAFT-INTAKE,C00348029-24E1,C00348029,,https://shane.maxusvanparts.co.uk/wp-admin/post.php?post=20470&action=edit
20471,CROSSMEMBER ASSEMBLY-#2,C00363607-4100-CD64,C00363607-4100,,https://shane.maxusvanparts.co.uk/wp-admin/post.php?post=20471&action=edit
20482,PANEL ASSEMBLY-FRONT FLOOR,C00349212-4100-ABA2,C00349212-4100,,https://shane.maxusvanparts.co.uk/wp-admin/post.php?post=20482&action=edit
20495,MUFFLER ASSEMBLY-REAR,C00374109-890A,C00374109,,https://shane.maxusvanparts.co.uk/wp-admin/post.php?post=20495&action=edit
20510,HUB-FRONT OUTER,C00382414-23E6,C00382414,,https://shane.maxusvanparts.co.uk/wp-admin/post.php?post=20510&action=edit
20518,CROSSMEMBER-FRONT ROOF,C00385279-4100-F252,C00385279-4100,,https://shane.maxusvanparts.co.uk/wp-admin/post.php?post=20518&action=edit
20540,PANEL-FRONT ROOF OUTER,C00400891-4100-4782,C00400891-4100,,https://shane.maxusvanparts.co.uk/wp-admin/post.php?post=20540&action=edit
20554,RAIL ASSEMBLY-FRONT SIDE,C00405576-4100-3917,C00405576-4100,,https://shane.maxusvanparts.co.uk/wp-admin/post.php?post=20554&action=edit
20604,PINION-DIFFERENTIAL,C00423609-5A47,C00423609,,https://shane.maxusvanparts.co.uk/wp-admin/post.php?post=20604&action=edit
20624,SENSOR-TMP,C00437642-030A,C00437642,,https://shane.maxusvanparts.co.uk/wp-admin/post.php?post=20624&action=edit
20658,MEMBER-INSTRUMENT PANEL CROSS,C00450210-D0AE,C00450210,,https://shane.maxusvanparts.co.uk/wp-admin/post.php?post=20658&action=edit
20672,CAMSHAFT COVER,C00469711-9F92,C00469711,,https://shane.maxusvanparts.co.uk/wp-admin/post.php?post=20672&action=edit
20674,OIL-ENGINE,C00471078-D8EE,C00471078,,https://shane.maxusvanparts.co.uk/wp-admin/post.php?post=20674&action=edit
20676,OIL-ENGINE,C00471087-FDCE,C00471087,,https://shane.maxusvanparts.co.uk/wp-admin/post.php?post=20676&action=edit
20682,BRACKET-GATEWAY,C00472116-05BC,C00472116,,https://shane.maxusvanparts.co.uk/wp-admin/post.php?post=20682&action=edit
20688,AXLE SHAFT,C00473445-E0C4,C00473445,,https://shane.maxusvanparts.co.uk/wp-admin/post.php?post=20688&action=edit
20696,PLATE-H/BRAKE COVER FRONT LOWER,C00473948-22E1,C00473948,,https://shane.maxusvanparts.co.uk/wp-admin/post.php?post=20696&action=edit
20698,HARDNESS-BATTERY POSITIVE,C00474703-53DE,C00474703,,https://shane.maxusvanparts.co.uk/wp-admin/post.php?post=20698&action=edit
20700,TURBOCHARGER ASSEMBLY,C00479686-81A7,C00479686,,https://shane.maxusvanparts.co.uk/wp-admin/post.php?post=20700&action=edit
20701,GATEWAY ASSEMBLY,C00511493-05FF,C00511493,,https://shane.maxusvanparts.co.uk/wp-admin/post.php?post=20701&action=edit
20709,HARNESS ASSEMBLY-ENGINE,C00517538-F7FB,C00517538,,https://shane.maxusvanparts.co.uk/wp-admin/post.php?post=20709&action=edit
20717,OIL-ENGINE,C00501468-FCF9,C00501468,,https://shane.maxusvanparts.co.uk/wp-admin/post.php?post=20717&action=edit
20720,CRANKSHAFT ASSEMBLY,C00561909-EABC,C00561909,,https://shane.maxusvanparts.co.uk/wp-admin/post.php?post=20720&action=edit
20721,REFRIGERANT-AIR CONDITIONING,C00521629-E5C2,C00521629,,https://shane.maxusvanparts.co.uk/wp-admin/post.php?post=20721&action=edit
20722,OIL-ENGINE,C00501469-175C,C00501469,,https://shane.maxusvanparts.co.uk/wp-admin/post.php?post=20722&action=edit
20732,PLUG-OUTLET OIL,C00563731-F730,C00563731,,https://shane.maxusvanparts.co.uk/wp-admin/post.php?post=20732&action=edit
20745,CASING ASSEMBLY-REAR AXLE,C00532115-F32B,C00532115,,https://shane.maxusvanparts.co.uk/wp-admin/post.php?post=20745&action=edit
20749,OIL-ENGINE,C00539863-C7FE,C00539863,,https://shane.maxusvanparts.co.uk/wp-admin/post.php?post=20749&action=edit
20752,OIL-ENGINE,C00539866-CBA6,C00539866,,https://shane.maxusvanparts.co.uk/wp-admin/post.php?post=20752&action=edit
20757,OIL-ENGINE,C00539867-A268,C00539867,,https://shane.maxusvanparts.co.uk/wp-admin/post.php?post=20757&action=edit
20773,CON-ROD BEARING UPPER SHELL(RED),C00543551-bla-EEC1,C00543551-bla,,https://shane.maxusvanparts.co.uk/wp-admin/post.php?post=20773&action=edit
20777,CON-ROD BEARING UPPER SHELL(RED),C00543551-blu-C642,C00543551-blu,,https://shane.maxusvanparts.co.uk/wp-admin/post.php?post=20777&action=edit
20781,CON-ROD BEARING UPPER SHELL(RED),C00543551-gre-8556,C00543551-gre,,https://shane.maxusvanparts.co.uk/wp-admin/post.php?post=20781&action=edit
20785,BOLT-DRIVE GEAR,C00559196-5971,C00559196,,https://shane.maxusvanparts.co.uk/wp-admin/post.php?post=20785&action=edit
20800,PLUG-FUEL FITTING,C00587973-8241,C00587973,,https://shane.maxusvanparts.co.uk/wp-admin/post.php?post=20800&action=edit
20801,BOLT-MAIN REDUCER ASSEMBLY TO AXLE HOUSING ASSEMBLY,C00559204-AD7D,C00559204,,https://shane.maxusvanparts.co.uk/wp-admin/post.php?post=20801&action=edit
20805,LOCK-NUT PINION,C00559206-7029,C00559206,,https://shane.maxusvanparts.co.uk/wp-admin/post.php?post=20805&action=edit
20812,HOUSING ASSEMBLY-REDUCER,C00638735-FB7F,C00638735,,https://shane.maxusvanparts.co.uk/wp-admin/post.php?post=20812&action=edit
20814,COVER-DIFFERENTIAL,C00638736-985F,C00638736,,https://shane.maxusvanparts.co.uk/wp-admin/post.php?post=20814&action=edit
20822,ASSEMBLY-CYLINDER BLOCK,C00678889-F204,C00678889,,https://shane.maxusvanparts.co.uk/wp-admin/post.php?post=20822&action=edit
20826,GUIDE-ENGINE OIL LEVEL GAUGE,C00690364-1160,C00690364,,https://shane.maxusvanparts.co.uk/wp-admin/post.php?post=20826&action=edit
20828,OIL-REAR AXLE ASSEMBLY,C00693370-1B91,C00693370,,https://shane.maxusvanparts.co.uk/wp-admin/post.php?post=20828&action=edit
20830,MODULE ASSEMBLY-OIL FILTER COOLER,C00697790-7976,C00697790,,https://shane.maxusvanparts.co.uk/wp-admin/post.php?post=20830&action=edit
20832,COVER-HP RAIL INSULATION,C00704930-FD56,C00704930,,https://shane.maxusvanparts.co.uk/wp-admin/post.php?post=20832&action=edit
20834,COVER-CAM COVER INSULATION,C00704931-21D3,C00704931,,https://shane.maxusvanparts.co.uk/wp-admin/post.php?post=20834&action=edit
20836,COVER-CLAMP INJECTOR INSULATION,C00704932-D2E4,C00704932,,https://shane.maxusvanparts.co.uk/wp-admin/post.php?post=20836&action=edit
20838,PINION-DIFFERENTIAL,C00729579-4E97,C00729579,,https://shane.maxusvanparts.co.uk/wp-admin/post.php?post=20838&action=edit
20844,HARNESS ASSEMBLY-ENGINE,C00757042-48A6,C00757042,,https://shane.maxusvanparts.co.uk/wp-admin/post.php?post=20844&action=edit
32014,BOLT-SEAL COVER TO REDUCER,B90000296-BEB9,B90000296,,https://shane.maxusvanparts.co.uk/wp-admin/post.php?post=32014&action=edit
32020,BOLT-BEARING COVER TO REDUCER,B90000301-520F,B90000301,,https://shane.maxusvanparts.co.uk/wp-admin/post.php?post=32020&action=edit
32026,RING-INPUT SHAFT,B90000683-4F8D,B90000683,,https://shane.maxusvanparts.co.uk/wp-admin/post.php?post=32026&action=edit
32032,BOLT-REDUCER HOUSING,B90000967-A559,B90000967,,https://shane.maxusvanparts.co.uk/wp-admin/post.php?post=32032&action=edit
32038,WASHER-ABSORBER RING GEAR,B90001176-CE2A,B90001176,,https://shane.maxusvanparts.co.uk/wp-admin/post.php?post=32038&action=edit
32051,BOLT-REDUCER HOUSING,B90001237-62DD,B90001237,,https://shane.maxusvanparts.co.uk/wp-admin/post.php?post=32051&action=edit
32057,BOLT-REDUCER HOUSING,B90001238-AA48,B90001238,,https://shane.maxusvanparts.co.uk/wp-admin/post.php?post=32057&action=edit
32063,PIN-REDUCER HOUSING,B90001239-1446,B90001239,,https://shane.maxusvanparts.co.uk/wp-admin/post.php?post=32063&action=edit
32083,BOLT-DIFFERENTIAL DRIVE GEAR TO DIFFERENTIAL CASE,B90001241-527D,B90001241,,https://shane.maxusvanparts.co.uk/wp-admin/post.php?post=32083&action=edit
32096,BOLT-DIFFERENTIAL BEARING NUT LOCK,B90001246-E50A,B90001246,,https://shane.maxusvanparts.co.uk/wp-admin/post.php?post=32096&action=edit
32102,BOLT-REDUCER HOUSING,B90001248-4730,B90001248,,https://shane.maxusvanparts.co.uk/wp-admin/post.php?post=32102&action=edit
32108,CROSSMEMBER ASSEMBLY-HEADLAMP UPPER,C00001392-4100-92CC,C00001392-4100,,https://shane.maxusvanparts.co.uk/wp-admin/post.php?post=32108&action=edit
32150,BULB-REAR ROOF INNER READING LAMP,C00013585-1135,C00013585,,https://shane.maxusvanparts.co.uk/wp-admin/post.php?post=32150&action=edit
32177,PLUG-CENTER/CENTRE ACCESS,C00017855-F11A,C00017855,,https://shane.maxusvanparts.co.uk/wp-admin/post.php?post=32177&action=edit
32194,REFRIGERANT-AIR CONDITIONING,C00022606-202F,C00022606,,https://shane.maxusvanparts.co.uk/wp-admin/post.php?post=32194&action=edit
32258,CORNER ASSEMBLY-BRAKE,C00047921-F182,C00047921,,https://shane.maxusvanparts.co.uk/wp-admin/post.php?post=32258&action=edit
32260,BULB-FRONT LOW HEADLAMP,C00027367-A15C,C00027367,,https://shane.maxusvanparts.co.uk/wp-admin/post.php?post=32260&action=edit
32264,CORNER ASSEMBLY-BRAKE,C00047922-883F,C00047922,,https://shane.maxusvanparts.co.uk/wp-admin/post.php?post=32264&action=edit
32269,BOLT-PEDAL BOX,C00054322-B5C9,C00054322,,https://shane.maxusvanparts.co.uk/wp-admin/post.php?post=32269&action=edit
32277,VALVE-TIRE,C00031659-C7DE,C00031659,,https://shane.maxusvanparts.co.uk/wp-admin/post.php?post=32277&action=edit
32282,PIN-POWER BRAKE VAS BOOSTER PU ROD,C00032363-FAC6,C00032363,,https://shane.maxusvanparts.co.uk/wp-admin/post.php?post=32282&action=edit
32357,MEMBER-INSTRUMENT PANEL CROSS,C00052594-1C28,C00052594,,https://shane.maxusvanparts.co.uk/wp-admin/post.php?post=32357&action=edit
32541,CUSHION-BODY FOURTH MOUNTING UNDER,C00086611-FF96,C00086611,,https://shane.maxusvanparts.co.uk/wp-admin/post.php?post=32541&action=edit
32548,CUSHION-BODY SECOND MOUNTING UNDER,C00086764-3CF6,C00086764,,https://shane.maxusvanparts.co.uk/wp-admin/post.php?post=32548&action=edit
32582,SEALANT-REPAIR KIT,C00140051-4DF1,C00140051,,https://shane.maxusvanparts.co.uk/wp-admin/post.php?post=32582&action=edit
32675,BOX ASSEMBLY-RESERVE UPPER,C00086252-F034-94EF,C00086252-F034,,https://shane.maxusvanparts.co.uk/wp-admin/post.php?post=32675&action=edit
32709,RING-BEARING DIFFERENTIAL CASE,C00163271-2905,C00163271,,https://shane.maxusvanparts.co.uk/wp-admin/post.php?post=32709&action=edit
32714,NUT LOCK-DIFFERENTIAL BEARING,C00163272-6CB3,C00163272,,https://shane.maxusvanparts.co.uk/wp-admin/post.php?post=32714&action=edit
32719,ASSEMBLY-REDUCER COUNTER SHAFT GEAR,C00163331-26A9,C00163331,,https://shane.maxusvanparts.co.uk/wp-admin/post.php?post=32719&action=edit
32741,HOOK ASSEMBLY-OUTER,C00176194-9DE4,C00176194,,https://shane.maxusvanparts.co.uk/wp-admin/post.php?post=32741&action=edit
32745,PLUG-HOOK ASSEMBLY-OUTER,C00176195-465E,C00176195,,https://shane.maxusvanparts.co.uk/wp-admin/post.php?post=32745&action=edit
32756,PANEL-REAR DOOR CONTROL TRIM,C00103940-1D0A,C00103940,,https://shane.maxusvanparts.co.uk/wp-admin/post.php?post=32756&action=edit
32769,SCREW-STOP LAMP,C00089203-D563,C00089203,,https://shane.maxusvanparts.co.uk/wp-admin/post.php?post=32769&action=edit
32794,MOUNT-ESP CONTROL,C00222331-E8B6,C00222331,,https://shane.maxusvanparts.co.uk/wp-admin/post.php?post=32794&action=edit
32816,DIFFERENTIAL GEAR,C00197017-8538,C00197017,,https://shane.maxusvanparts.co.uk/wp-admin/post.php?post=32816&action=edit
32817,REFLECTOR-TRIANGLE WARNING,C00252287-3108,C00252287,,https://shane.maxusvanparts.co.uk/wp-admin/post.php?post=32817&action=edit
32826,BUG-REPAIR KIT,C00276787-A402,C00276787,,https://shane.maxusvanparts.co.uk/wp-admin/post.php?post=32826&action=edit
32829,HOUSING ASSEMBLY-REDUCER,C00317754-E1BD,C00317754,,https://shane.maxusvanparts.co.uk/wp-admin/post.php?post=32829&action=edit
32855,CASING ASSEMBLY-REAR AXLE,C00255489-14D1,C00255489,,https://shane.maxusvanparts.co.uk/wp-admin/post.php?post=32855&action=edit
32867,WASHER-COUNTER SHAFT,C00205181-36B1,C00205181,,https://shane.maxusvanparts.co.uk/wp-admin/post.php?post=32867&action=edit
32872,COVER-COUNTER SHAFT BEARING,C00205188-06B7,C00205188,,https://shane.maxusvanparts.co.uk/wp-admin/post.php?post=32872&action=edit
32889,REFLECTOR-TRIANGLE WARNING,C00257475-29F1,C00257475,,https://shane.maxusvanparts.co.uk/wp-admin/post.php?post=32889&action=edit
32892,WHEEL,C00237647-9366,C00237647,,https://shane.maxusvanparts.co.uk/wp-admin/post.php?post=32892&action=edit
32897,WASHER-COUNTER SHAFT,C00242759-F378,C00242759,,https://shane.maxusvanparts.co.uk/wp-admin/post.php?post=32897&action=edit
32919,SECOND ROW SEAT BY BACK COVER ASSEMBLY,C00366968-F087-F155,C00366968-F087,,https://shane.maxusvanparts.co.uk/wp-admin/post.php?post=32919&action=edit
32954,SEAT-SECOND ROW 3-PASSENGER,C00379756-0BA9,C00379756,,https://shane.maxusvanparts.co.uk/wp-admin/post.php?post=32954&action=edit
32968,SCREW-SHIFT LINKAGE COVER TO TRNS CONTROL,C00265947-C8E0,C00265947,,https://shane.maxusvanparts.co.uk/wp-admin/post.php?post=32968&action=edit
32976,BEARING-COUNTER SHAFT,C00248374-704A,C00248374,,https://shane.maxusvanparts.co.uk/wp-admin/post.php?post=32976&action=edit
33003,PANEL-QUARTER PANEL TRIM,C00340696-6102,C00340696,,https://shane.maxusvanparts.co.uk/wp-admin/post.php?post=33003&action=edit
33067,CAP-REAR BRAKE CALIPER BLEED SCREW,C00410155-4F92,C00410155,,https://shane.maxusvanparts.co.uk/wp-admin/post.php?post=33067&action=edit
33069,GUTTER ASSEMBLY-WINDSHIELD,C00412751-4E5B,C00412751,,https://shane.maxusvanparts.co.uk/wp-admin/post.php?post=33069&action=edit
33075,BASE ASSEMBLY-DRIVER SEAT,C00417676-F087-5D20,C00417676-F087,,https://shane.maxusvanparts.co.uk/wp-admin/post.php?post=33075&action=edit
33077,BASE ASSEMBLY-FRONT PASSENGER SEAT,C00417680-F087-8D36,C00417680-F087,,https://shane.maxusvanparts.co.uk/wp-admin/post.php?post=33077&action=edit
33081,RELAY-PRE CHARGE HV,C00523399-BE70,C00523399,,https://shane.maxusvanparts.co.uk/wp-admin/post.php?post=33081&action=edit
33082,INSTRUMENT-INSULATION DETECTION,C00523400-F586,C00523400,,https://shane.maxusvanparts.co.uk/wp-admin/post.php?post=33082&action=edit
33083,BOX ASSEMBLY-FUSE,C00523401-0136,C00523401,,https://shane.maxusvanparts.co.uk/wp-admin/post.php?post=33083&action=edit
33084,INSTRUMENT-INSULATION DETECTION,C00523402-F89F,C00523402,,https://shane.maxusvanparts.co.uk/wp-admin/post.php?post=33084&action=edit
33085,HARNESS-COMMUNICATE,C00523403-E6E3,C00523403,,https://shane.maxusvanparts.co.uk/wp-admin/post.php?post=33085&action=edit
33086,HARNESS-COMMUNICATE,C00523404-2021,C00523404,,https://shane.maxusvanparts.co.uk/wp-admin/post.php?post=33086&action=edit
33087,HARNESS-COMMUNICATE,C00523405-9E97,C00523405,,https://shane.maxusvanparts.co.uk/wp-admin/post.php?post=33087&action=edit
33089,GROMMET-BATTERY BOX,C00523407-F284,C00523407,,https://shane.maxusvanparts.co.uk/wp-admin/post.php?post=33089&action=edit
33090,FOAM-POWER BATTERY WATER COOLING ASSEMBLY,C00523408-5B4A,C00523408,,https://shane.maxusvanparts.co.uk/wp-admin/post.php?post=33090&action=edit
33092,SENSOR-HALL CURRENT,C00523413-99F0,C00523413,,https://shane.maxusvanparts.co.uk/wp-admin/post.php?post=33092&action=edit
33093,SENSOR-PARKING/PARK AID,C00523551-919C,C00523551,,https://shane.maxusvanparts.co.uk/wp-admin/post.php?post=33093&action=edit
33098,CASING ASSEMBLY-REAR AXLE,C00532114-45D8,C00532114,,https://shane.maxusvanparts.co.uk/wp-admin/post.php?post=33098&action=edit
33099,SHAFT ASSEMBLY-WHEEL,C00563612-71D2,C00563612,,https://shane.maxusvanparts.co.uk/wp-admin/post.php?post=33099&action=edit
33100,SHAFT ASSEMBLY-WHEEL,C00563613-63AA,C00563613,,https://shane.maxusvanparts.co.uk/wp-admin/post.php?post=33100&action=edit
33103,SEAL-REAR AXLE CASING,C00573942-B6CD,C00573942,,https://shane.maxusvanparts.co.uk/wp-admin/post.php?post=33103&action=edit
33106,COVER-REAR DOOR STEP,C00632001-F087-BB02,C00632001-F087,,https://shane.maxusvanparts.co.uk/wp-admin/post.php?post=33106&action=edit
33107,COVER-REAR DOOR STEP,C00632003-F087-DFB5,C00632003-F087,,https://shane.maxusvanparts.co.uk/wp-admin/post.php?post=33107&action=edit
33108,COVER-REAR DOOR STEP,C00632004-F087-A1D3,C00632004-F087,,https://shane.maxusvanparts.co.uk/wp-admin/post.php?post=33108&action=edit
33109,WINDOW-FRONT SIDE DOOR,C00688070-2777,C00688070,,https://shane.maxusvanparts.co.uk/wp-admin/post.php?post=33109&action=edit
33110,WINDOW-FRONT SIDE DOOR,C00688071-F4AF,C00688071,,https://shane.maxusvanparts.co.uk/wp-admin/post.php?post=33110&action=edit
33111,WINDOW-REAR SIDE DOOR,C00688072-9EAA,C00688072,,https://shane.maxusvanparts.co.uk/wp-admin/post.php?post=33111&action=edit
33112,WINDOW-REAR SIDE DOOR,C00688073-A71B,C00688073,,https://shane.maxusvanparts.co.uk/wp-admin/post.php?post=33112&action=edit
33134,PANEL-DASH,C00434270-4100-9A1B,C00434270-4100,,https://shane.maxusvanparts.co.uk/wp-admin/post.php?post=33134&action=edit
33135,FLOOR-REAR,C00435537-4100-5118,C00435537-4100,,https://shane.maxusvanparts.co.uk/wp-admin/post.php?post=33135&action=edit
33140,ACCESS  ASSEMBLY-FRONT FLOOR CENTER/CENTRE,C00454833-4100-94F0,C00454833-4100,,https://shane.maxusvanparts.co.uk/wp-admin/post.php?post=33140&action=edit
33145,KUNUCKLE-FRONT STEERING,C00489613-04D4,C00489613,,https://shane.maxusvanparts.co.uk/wp-admin/post.php?post=33145&action=edit
33146,KUNUCKLE-FRONT STEERING,C00489614-F754,C00489614,,https://shane.maxusvanparts.co.uk/wp-admin/post.php?post=33146&action=edit
33151,ROD-TRNS CONTROL,C00498146-A0D2,C00498146,,https://shane.maxusvanparts.co.uk/wp-admin/post.php?post=33151&action=edit
33153,BATTERY BRACKET-FRONT,C00509960-6482,C00509960,,https://shane.maxusvanparts.co.uk/wp-admin/post.php?post=33153&action=edit
33157,EXPLOSION-PROOF VALVE,C00523356-3628,C00523356,,https://shane.maxusvanparts.co.uk/wp-admin/post.php?post=33157&action=edit
33158,SYSTEM-BATTERY MANAGEMENT,C00523393-123D,C00523393,,https://shane.maxusvanparts.co.uk/wp-admin/post.php?post=33158&action=edit
33159,SYSTEM-BATTERY MANAGEMENT,C00523394-0A7C,C00523394,,https://shane.maxusvanparts.co.uk/wp-admin/post.php?post=33159&action=edit
33160,RESISTOR-PRE CHARGE,C00523395-98C2,C00523395,,https://shane.maxusvanparts.co.uk/wp-admin/post.php?post=33160&action=edit
33161,SLEEVE-TROUGH HOLE RBBER,C00523396-49F1,C00523396,,https://shane.maxusvanparts.co.uk/wp-admin/post.php?post=33161&action=edit
33162,RELAY-PRE CHARGE HV,C00523398-7285,C00523398,,https://shane.maxusvanparts.co.uk/wp-admin/post.php?post=33162&action=edit
35505,FUSE-AUXILIARY FUSE BOX,C00011888-4672,C00011888,,https://shane.maxusvanparts.co.uk/wp-admin/post.php?post=35505&action=edit
35610,FUSE-AUXILIARY FUSE BOX,C00005713-8B4B,C00005713,,https://shane.maxusvanparts.co.uk/wp-admin/post.php?post=35610&action=edit
35672,BUSHING-REAR LEAF SPRING FRONT EAR,C00049732-D4D6,C00049732,,https://shane.maxusvanparts.co.uk/wp-admin/post.php?post=35672&action=edit
35674,REAR-AIR CLEANER OUTLET PIPE,C00032253-C66F,C00032253,,https://shane.maxusvanparts.co.uk/wp-admin/post.php?post=35674&action=edit
36314,OIL-TRANSMISSION,C00185130-8498,C00185130,,https://shane.maxusvanparts.co.uk/wp-admin/post.php?post=36314&action=edit
36419,TUBE ASSEMBLY-OIL RETURN TUBE FRONT,C00213866-254A,C00213866,,https://shane.maxusvanparts.co.uk/wp-admin/post.php?post=36419&action=edit
36500,OIL-ENGINE,C00207610-4750,C00207610,,https://shane.maxusvanparts.co.uk/wp-admin/post.php?post=36500&action=edit
36517,OIL-ENGINE,C00207611-AF1B,C00207611,,https://shane.maxusvanparts.co.uk/wp-admin/post.php?post=36517&action=edit
36636,WAX-NOISE REDUCTION,C00368954-5549,C00368954,,https://shane.maxusvanparts.co.uk/wp-admin/post.php?post=36636&action=edit
36680,GROMMET-FUEL FILLER PIPE,C00412893-5109,C00412893,,https://shane.maxusvanparts.co.uk/wp-admin/post.php?post=36680&action=edit
36799,PICKUP BOX ASSEMBLY,C00472661-4100-D19E,C00472661-4100,,https://shane.maxusvanparts.co.uk/wp-admin/post.php?post=36799&action=edit
36803,STRUT SUB ASSEMBLY-FRONT SHOCK ABSORBER,C00433021-D53D,C00433021,,https://shane.maxusvanparts.co.uk/wp-admin/post.php?post=36803&action=edit
36857,CLIP-OIL TUBE TO FLOOR,C00524724-5050,C00524724,,https://shane.maxusvanparts.co.uk/wp-admin/post.php?post=36857&action=edit
36887,BOLT-AXLE TO FRAME LONGITUDINAL,C00538852-A1E7,C00538852,,https://shane.maxusvanparts.co.uk/wp-admin/post.php?post=36887&action=edit
36888,ACCESS  ASSEMBLY-FRONT FLOOR CENTER/CENTRE,C00560795-4100-208E,C00560795-4100,,https://shane.maxusvanparts.co.uk/wp-admin/post.php?post=36888&action=edit
36890,BRACKET-NOX SENSOR MOUNT,C00560982-461C,C00560982,,https://shane.maxusvanparts.co.uk/wp-admin/post.php?post=36890&action=edit
36895,WCAC,C00563418-8604,C00563418,,https://shane.maxusvanparts.co.uk/wp-admin/post.php?post=36895&action=edit
36906,HEAT SHIELD-ENGINE EXHAUST,C00782358-7FCB,C00782358,,https://shane.maxusvanparts.co.uk/wp-admin/post.php?post=36906&action=edit
36907,HEATSHIELD-TURBOCHARGER,C00783243-EC3E,C00783243,,https://shane.maxusvanparts.co.uk/wp-admin/post.php?post=36907&action=edit
36910,SENSOR-MIDSTREAM NOX,C00880640-F576,C00880640,,https://shane.maxusvanparts.co.uk/wp-admin/post.php?post=36910&action=edit
36919,SEAT-FRONT EXHAUST PIPE BRACKET,C00577478-A29D,C00577478,,https://shane.maxusvanparts.co.uk/wp-admin/post.php?post=36919&action=edit
36925,WELDING ASSEMBLY-FULL FRAME LONGITUDINAL N0.1&amp;2,C00583894-4100-CA85,C00583894-4100,,https://shane.maxusvanparts.co.uk/wp-admin/post.php?post=36925&action=edit
36927,HOLDER ASSEMBLY-CONSOLE CUP,C00583967-8A7B,C00583967,,https://shane.maxusvanparts.co.uk/wp-admin/post.php?post=36927&action=edit
36928,AIR OUTLET-CONSOLE,C00583974-9854,C00583974,,https://shane.maxusvanparts.co.uk/wp-admin/post.php?post=36928&action=edit
36929,ARMREST ASSEMBLY-CONSOLE,C00583975-F059-246D,C00583975-F059,,https://shane.maxusvanparts.co.uk/wp-admin/post.php?post=36929&action=edit
36930,CLIP-CONSOLE PLATE BD ASSEMBLY,C00583980-ECFA,C00583980,,https://shane.maxusvanparts.co.uk/wp-admin/post.php?post=36930&action=edit
36935,FUSE-MAIN FUSE BOX,C00589188-B2BD,C00589188,,https://shane.maxusvanparts.co.uk/wp-admin/post.php?post=36935&action=edit
36937,FUSE-MAIN FUSE BOX,C00589202-47FE,C00589202,,https://shane.maxusvanparts.co.uk/wp-admin/post.php?post=36937&action=edit
36938,FUSE-MAIN FUSE BOX,C00589208-1E2F,C00589208,,https://shane.maxusvanparts.co.uk/wp-admin/post.php?post=36938&action=edit
36939,FUSE-MAIN FUSE BOX,C00589215-F0C1,C00589215,,https://shane.maxusvanparts.co.uk/wp-admin/post.php?post=36939&action=edit
36940,FUSE-MAIN FUSE BOX,C00589217-E682,C00589217,,https://shane.maxusvanparts.co.uk/wp-admin/post.php?post=36940&action=edit
36941,FUSE-MAIN FUSE BOX,C00589230-8F94,C00589230,,https://shane.maxusvanparts.co.uk/wp-admin/post.php?post=36941&action=edit
36942,FUSE-MAIN FUSE BOX,C00589231-D5BE,C00589231,,https://shane.maxusvanparts.co.uk/wp-admin/post.php?post=36942&action=edit
36943,FUSE-MAIN FUSE BOX,C00589245-6F13,C00589245,,https://shane.maxusvanparts.co.uk/wp-admin/post.php?post=36943&action=edit
36945,FUSE-MAIN FUSE BOX,C00589252-2297,C00589252,,https://shane.maxusvanparts.co.uk/wp-admin/post.php?post=36945&action=edit
36951,RELAY-MAIN FUSEBOX,C00589309-7B0E,C00589309,,https://shane.maxusvanparts.co.uk/wp-admin/post.php?post=36951&action=edit
36956,BOTTOM  PANEL-SUSPENSION,C00592424-BAB7,C00592424,,https://shane.maxusvanparts.co.uk/wp-admin/post.php?post=36956&action=edit
36957,PANEL-SUB INSTRUMENT PANEL ASSEMBLY,C00593502-D3D1,C00593502,,https://shane.maxusvanparts.co.uk/wp-admin/post.php?post=36957&action=edit
36970,WASHER-CONNECTOR SUPERCHARGER UNDER BRACKET,C00618034-38E1,C00618034,,https://shane.maxusvanparts.co.uk/wp-admin/post.php?post=36970&action=edit
36972,CORNER ASSEMBLY-BRAKE,C00638499-81F7,C00638499,,https://shane.maxusvanparts.co.uk/wp-admin/post.php?post=36972&action=edit
36975,CORNER ASSEMBLY-BRAKE,C00638501-13AB,C00638501,,https://shane.maxusvanparts.co.uk/wp-admin/post.php?post=36975&action=edit
36978,CROSS MEMBER-FULL FRAME NO.3 CENTER/CENTRE,C00640404-4100-6EA7,C00640404-4100,,https://shane.maxusvanparts.co.uk/wp-admin/post.php?post=36978&action=edit
36980,SECTION-FRONT WINDSHIELD LOWER CROSS MEMBER,C00642103-4100-B83E,C00642103-4100,,https://shane.maxusvanparts.co.uk/wp-admin/post.php?post=36980&action=edit
36988,PANEL-DASH,C00670524-4100-D0AB,C00670524-4100,,https://shane.maxusvanparts.co.uk/wp-admin/post.php?post=36988&action=edit
36997,PIPE ASSEMBLY-PRESSURE SENSOR,C00672266-7A31,C00672266,,https://shane.maxusvanparts.co.uk/wp-admin/post.php?post=36997&action=edit
36999,COVER-REAR DOOR STEP,C00632002-F087-1BA9,C00632002-F087,,https://shane.maxusvanparts.co.uk/wp-admin/post.php?post=36999&action=edit
37002,SPRING ASSEMBLY-REAR LEAF,C00675177-16CB,C00675177,,https://shane.maxusvanparts.co.uk/wp-admin/post.php?post=37002&action=edit
37023,PANEL ASSEMBLY-SIDE FRONT,C00683415-4100-4E09,C00683415-4100,,https://shane.maxusvanparts.co.uk/wp-admin/post.php?post=37023&action=edit
37025,BRAKE-ELECTRICAL PARKING,C00650967-7970,C00650967,,https://shane.maxusvanparts.co.uk/wp-admin/post.php?post=37025&action=edit
37028,BRAKE-ELECTRICAL PARKING,C00650968-7681,C00650968,,https://shane.maxusvanparts.co.uk/wp-admin/post.php?post=37028&action=edit
37032,FLUID-RADIATOR COOLER,C00684376-58B1,C00684376,,https://shane.maxusvanparts.co.uk/wp-admin/post.php?post=37032&action=edit
37033,WHEELHOUSE ASSEMBLY-FRONT,C00636199-4100-A93E,C00636199-4100,,https://shane.maxusvanparts.co.uk/wp-admin/post.php?post=37033&action=edit
37040,REAR AXEL ASSEMBLY-BRAKE,C00651670-5B48,C00651670,,https://shane.maxusvanparts.co.uk/wp-admin/post.php?post=37040&action=edit
37053,MOUNT-ENGINE REAR,C00636819-55A3,C00636819,,https://shane.maxusvanparts.co.uk/wp-admin/post.php?post=37053&action=edit
37054,CLIP-INTERMEDIATE NOX SENSOR HARNESS,C00687690-9C36,C00687690,,https://shane.maxusvanparts.co.uk/wp-admin/post.php?post=37054&action=edit
37078,TUBE-FUEL TANK TO CLEANER,C00662364-1091,C00662364,,https://shane.maxusvanparts.co.uk/wp-admin/post.php?post=37078&action=edit
37090,WHEEL,C00664791-80DF,C00664791,,https://shane.maxusvanparts.co.uk/wp-admin/post.php?post=37090&action=edit
49202,RUBBER SHACKLE-FRAME TO EXH(HT),C00001726-9AB16,C00001726,,https://shane.maxusvanparts.co.uk/wp-admin/post.php?post=49202&action=edit
49259,SHIELD-REAR ROOF INNER READING LAMP,C00013586-345FD,C00013586,,https://shane.maxusvanparts.co.uk/wp-admin/post.php?post=49259&action=edit
49416,BULB-FRONT LOW HEADLAMP,C00045073-4591B,C00045073,,https://shane.maxusvanparts.co.uk/wp-admin/post.php?post=49416&action=edit
49472,WCAC,C00076336-70F9B,C00076336,,https://shane.maxusvanparts.co.uk/wp-admin/post.php?post=49472&action=edit
49479,ROD ASSEMBLY-CONNECTOR,C00072270-B-FB3A1,C00072270-B,,https://shane.maxusvanparts.co.uk/wp-admin/post.php?post=49479&action=edit
49485,ROD ASSEMBLY-CONNECTOR,C00072270-C-586FD,C00072270-C,,https://shane.maxusvanparts.co.uk/wp-admin/post.php?post=49485&action=edit
49491,ROD ASSEMBLY-CONNECTOR,C00072270-D-1262E,C00072270-D,,https://shane.maxusvanparts.co.uk/wp-admin/post.php?post=49491&action=edit
49498,ROD ASSEMBLY-CONNECTOR,C00072270-E-36991,C00072270-E,,https://shane.maxusvanparts.co.uk/wp-admin/post.php?post=49498&action=edit
49504,ROD ASSEMBLY-CONNECTOR,C00072270-F-7145A,C00072270-F,,https://shane.maxusvanparts.co.uk/wp-admin/post.php?post=49504&action=edit
49510,ROD ASSEMBLY-CONNECTOR,C00072270-G-132D7,C00072270-G,,https://shane.maxusvanparts.co.uk/wp-admin/post.php?post=49510&action=edit
49535,MEMBER-INSTRUMENT PANEL CROSS,C00077223-8AB05,C00077223,,https://shane.maxusvanparts.co.uk/wp-admin/post.php?post=49535&action=edit
49619,SPROCKET-HIGH PRESSURE PUMP TIMING,C00077426-9D696,C00077426,,https://shane.maxusvanparts.co.uk/wp-admin/post.php?post=49619&action=edit
49651,PIPE ASSEMBLY-REAR BRK(FRT),C00075685-BF84F,C00075685,,https://shane.maxusvanparts.co.uk/wp-admin/post.php?post=49651&action=edit
49657,PIPE ASSEMBLY-REAR BRK(FRT),C00075686-AED05,C00075686,,https://shane.maxusvanparts.co.uk/wp-admin/post.php?post=49657&action=edit
49766,PANEL ASSEMBLY-FRONT FLOOR,C00081135-4100-AB874,C00081135-4100,,https://shane.maxusvanparts.co.uk/wp-admin/post.php?post=49766&action=edit
49767,PANEL ASSEMBLY-FRONT SIDE DOOR INNER TRIM,C00078397-A131-CF6B7,C00078397-A131,,https://shane.maxusvanparts.co.uk/wp-admin/post.php?post=49767&action=edit
49772,PIPE ASSEMBLY-VACUUM,C00085651-F16CE,C00085651,,https://shane.maxusvanparts.co.uk/wp-admin/post.php?post=49772&action=edit
49835,BOLT-BEARING CAP,C00090243-A1D7F,C00090243,,https://shane.maxusvanparts.co.uk/wp-admin/post.php?post=49835&action=edit
49840,CROSSMEMBER ASSEMBLY-#3,C00090252-4100-3BF3C,C00090252-4100,,https://shane.maxusvanparts.co.uk/wp-admin/post.php?post=49840&action=edit
49879,BRACKET-ACCESSORIES,C00084404-F1873,C00084404,,https://shane.maxusvanparts.co.uk/wp-admin/post.php?post=49879&action=edit
49897,COVER-MASS BALANCE SHAFT INTERMEDIATE GEAR,C00084813-A2DD6,C00084813,,https://shane.maxusvanparts.co.uk/wp-admin/post.php?post=49897&action=edit
49919,WHEEL,C00088388-6A51E,C00088388,,https://shane.maxusvanparts.co.uk/wp-admin/post.php?post=49919&action=edit
49993,LONGITUDINAL ASSEMBLY-REAR,C00080861-4100-87FE4,C00080861-4100,,https://shane.maxusvanparts.co.uk/wp-admin/post.php?post=49993&action=edit
50015,CROSSMEMBER SUB ASSEMBLY-S/TYRE FRONT,C00089117-4100-EAF90,C00089117-4100,,https://shane.maxusvanparts.co.uk/wp-admin/post.php?post=50015&action=edit
50017,PANEL-REAR ROOF CROSS MEMBER INNER,C00080914-4100-CA025,C00080914-4100,,https://shane.maxusvanparts.co.uk/wp-admin/post.php?post=50017&action=edit
50042,CROSSMEMBER ASSEMBLY-#7,C00087585-4100-48713,C00087585-4100,,https://shane.maxusvanparts.co.uk/wp-admin/post.php?post=50042&action=edit
50067,PLATE ASSEMBLY-B/PILLAR UPPER TRIM,C00100189-A136-6A0CB,C00100189-A136,,https://shane.maxusvanparts.co.uk/wp-admin/post.php?post=50067&action=edit
50072,PIPE ASSEMBLY-REAR BRK(CTR),C00105004-93A8C,C00105004,,https://shane.maxusvanparts.co.uk/wp-admin/post.php?post=50072&action=edit
50076,CLIP-FRONT BRAKE PIPE,C00095413-E945E,C00095413,,https://shane.maxusvanparts.co.uk/wp-admin/post.php?post=50076&action=edit
50077,PIPE ASSEMBLY-REAR BRK(CTR),C00105005-2D2D8,C00105005,,https://shane.maxusvanparts.co.uk/wp-admin/post.php?post=50077&action=edit
50080,CLIP-FRONT BRAKE PIPE,C00095414-30C82,C00095414,,https://shane.maxusvanparts.co.uk/wp-admin/post.php?post=50080&action=edit
50088,PLATE-H/BRAKE COVER FRONT UPPER,C00105102-5737A,C00105102,,https://shane.maxusvanparts.co.uk/wp-admin/post.php?post=50088&action=edit
50092,HARNESS ASSEMBLY-ENGINE,C00095485-FCFC0,C00095485,,https://shane.maxusvanparts.co.uk/wp-admin/post.php?post=50092&action=edit
50119,PANEL-FRONT SIDE PANEL INNER TRIM,C00109672-3D3B7,C00109672,,https://shane.maxusvanparts.co.uk/wp-admin/post.php?post=50119&action=edit
50125,PANEL-CENTER/CENTRE SIDE PANEL INNER TRIM,C00109697-47CF5,C00109697,,https://shane.maxusvanparts.co.uk/wp-admin/post.php?post=50125&action=edit
50163,CYLINDER BLOCK MACHINED ASSEMBLY,C00097243-1546A,C00097243,,https://shane.maxusvanparts.co.uk/wp-admin/post.php?post=50163&action=edit
50166,CROSSMEMBER ASSEMBLY-#5,C00113582-4100-F0975,C00113582-4100,,https://shane.maxusvanparts.co.uk/wp-admin/post.php?post=50166&action=edit
50169,PIPE-SMALL CIR OUT WATER,C00097258-0C3A3,C00097258,,https://shane.maxusvanparts.co.uk/wp-admin/post.php?post=50169&action=edit
50174,EXHAUST GAS RECIRCULATION ASSEMBLY-LAMP,C00097349-C6054,C00097349,,https://shane.maxusvanparts.co.uk/wp-admin/post.php?post=50174&action=edit
50180,LONGITUDINAL ASSEMBLY-REAR,C00097403-4100-ABAA6,C00097403-4100,,https://shane.maxusvanparts.co.uk/wp-admin/post.php?post=50180&action=edit
50196,BOLT-EXHAUST GAS RECIRCULATION INLET &amp; OUTLET PIPE,C00119242-CCBE9,C00119242,,https://shane.maxusvanparts.co.uk/wp-admin/post.php?post=50196&action=edit
50221,CLIP-BRAKE PIPE TRIPORATE,C00120457-B7E99,C00120457,,https://shane.maxusvanparts.co.uk/wp-admin/post.php?post=50221&action=edit
50232,PANEL-MID FLOOR,C00098097-4100-3E5C7,C00098097-4100,,https://shane.maxusvanparts.co.uk/wp-admin/post.php?post=50232&action=edit
50294,TRIM ASSEMBLY-INSTRUMENT PANEL SHINING,C00118088-2144-A5A06,C00118088-2144,,https://shane.maxusvanparts.co.uk/wp-admin/post.php?post=50294&action=edit
50313,BRACKET-GATEWAY,C00123939-106B5,C00123939,,https://shane.maxusvanparts.co.uk/wp-admin/post.php?post=50313&action=edit
50336,PIPE ASSEMBLY-REAR BRK(CTR),C00105000-081C5,C00105000,,https://shane.maxusvanparts.co.uk/wp-admin/post.php?post=50336&action=edit
50341,PIPE ASSEMBLY-REAR BRK(CTR),C00105003-96229,C00105003,,https://shane.maxusvanparts.co.uk/wp-admin/post.php?post=50341&action=edit
50363,PANEL-REAR ROOF CROSS MEMBER INNER,C00134447-4100-57F99,C00134447-4100,,https://shane.maxusvanparts.co.uk/wp-admin/post.php?post=50363&action=edit
50388,BRACKET-EXHAUST GAS RECIRCULATION BYPASS VALVE VACUUM VALVE HOSE,C00207615-FF1A4,C00207615,,https://shane.maxusvanparts.co.uk/wp-admin/post.php?post=50388&action=edit
50396,GATEWAY ASSEMBLY,C00183602-23E3F,C00183602,,https://shane.maxusvanparts.co.uk/wp-admin/post.php?post=50396&action=edit
50397,NUT-INSTRUMENT PANEL,C00212331-200D3,C00212331,,https://shane.maxusvanparts.co.uk/wp-admin/post.php?post=50397&action=edit
50442,ANTI-SEIZE/HIGH TEMPERATURE FASTENERS,C00210106-E6C9E,C00210106,,https://shane.maxusvanparts.co.uk/wp-admin/post.php?post=50442&action=edit
50461,BRACKET-CRANKSHAFT SENSOR,C00193841-25E04,C00193841,,https://shane.maxusvanparts.co.uk/wp-admin/post.php?post=50461&action=edit
50516,BRACKET-INTERCOOLER MOUNT,C00213633-2788A,C00213633,,https://shane.maxusvanparts.co.uk/wp-admin/post.php?post=50516&action=edit
50552,BRACKET-CAMSHAFT POSITION SENSOR,C00200878-D4BBF,C00200878,,https://shane.maxusvanparts.co.uk/wp-admin/post.php?post=50552&action=edit
50556,PIPE-SMALL CIR OUT WATER,C00211249-DC897,C00211249,,https://shane.maxusvanparts.co.uk/wp-admin/post.php?post=50556&action=edit
50563,BALANCE SHAFT,C00202003-93073,C00202003,,https://shane.maxusvanparts.co.uk/wp-admin/post.php?post=50563&action=edit
50580,BIN ASSEMBLY-RESERVE,C00211486-A126-65A55,C00211486-A126,,https://shane.maxusvanparts.co.uk/wp-admin/post.php?post=50580&action=edit
50590,BRACKET-ENGINE HARNESS,C00153841-8024D,C00153841,,https://shane.maxusvanparts.co.uk/wp-admin/post.php?post=50590&action=edit
50642,CONTROLLER-DRIVE ASSIST SYSTEM,C00206002-606A8,C00206002,,https://shane.maxusvanparts.co.uk/wp-admin/post.php?post=50642&action=edit
50664,FUSE-MAIN FUSE BOX,C00215327-F9B13,C00215327,,https://shane.maxusvanparts.co.uk/wp-admin/post.php?post=50664&action=edit
50673,PIPE-EXHAUST MANIFOLD TO HP EXHAUST GAS RECIRCULATION ASSEMBLY,C00215485-D06A5,C00215485,,https://shane.maxusvanparts.co.uk/wp-admin/post.php?post=50673&action=edit
50686,SYNCHRONIZER ASSEMBLY-3/4,C00246092-F3373,C00246092,,https://shane.maxusvanparts.co.uk/wp-admin/post.php?post=50686&action=edit
50695,HANDLE-DRIVER SEAT RECLINER,C00216406-167D1,C00216406,,https://shane.maxusvanparts.co.uk/wp-admin/post.php?post=50695&action=edit
50722,CYLINDER BLOCK MACHINED ASSEMBLY,C00224751-B2B18,C00224751,,https://shane.maxusvanparts.co.uk/wp-admin/post.php?post=50722&action=edit
50791,PANEL ASSEMBLY-SILL INNER,C00237251-4100-A7429,C00237251-4100,,https://shane.maxusvanparts.co.uk/wp-admin/post.php?post=50791&action=edit
50880,GATEWAY ASSEMBLY,C00270572-BCE71,C00270572,,https://shane.maxusvanparts.co.uk/wp-admin/post.php?post=50880&action=edit
50885,"PANEL-B,C/PILLAR CONNECTOR",C00247000-4100-6196A,C00247000-4100,,https://shane.maxusvanparts.co.uk/wp-admin/post.php?post=50885&action=edit
50913,HARNESS ASSEMBLY-ENGINE,C00218477-EEFD5,C00218477,,https://shane.maxusvanparts.co.uk/wp-admin/post.php?post=50913&action=edit
50954,BRACKET-OXYGEN SENSOR TO ENGINE,C00274529-5DAD6,C00274529,,https://shane.maxusvanparts.co.uk/wp-admin/post.php?post=50954&action=edit
50963,CUSHION-B/PILLAR BARRIER,C00279853-FB8EA,C00279853,,https://shane.maxusvanparts.co.uk/wp-admin/post.php?post=50963&action=edit
50964,MEMBER ASSEMBLY-R/ALX,C00314993-8630B,C00314993,,https://shane.maxusvanparts.co.uk/wp-admin/post.php?post=50964&action=edit
50965,BRACKET-INTERCOOLER MOUNT,C00281639-C3898,C00281639,,https://shane.maxusvanparts.co.uk/wp-admin/post.php?post=50965&action=edit
50966,RUBBER SHACKLE-FRAME TO EXH(HT),C00316705-C6497,C00316705,,https://shane.maxusvanparts.co.uk/wp-admin/post.php?post=50966&action=edit
50989,RELEASE-MANUAL TRANSMISSION RANGE OPERATOR,C00731552-E4A3E,C00731552,,https://shane.maxusvanparts.co.uk/wp-admin/post.php?post=50989&action=edit
50993,SHAFT-TRANSMISSION SHIFT SELECT,C00744243-5AD7C,C00744243,,https://shane.maxusvanparts.co.uk/wp-admin/post.php?post=50993&action=edit
51076,"PANEL-B PILLAR,CLSG,UPR",C00306700-4100-DBBA3,C00306700-4100,,https://shane.maxusvanparts.co.uk/wp-admin/post.php?post=51076&action=edit
51088,WASHER-EXHAUST MANIFOLD,C00308737-4F8CB,C00308737,,https://shane.maxusvanparts.co.uk/wp-admin/post.php?post=51088&action=edit
51102,AIR OUTLET ASSEMBLY-INSTRUMENT PANEL LEFT HAND CENTER/CENTRE,C00618313-78D2D,C00618313,,https://shane.maxusvanparts.co.uk/wp-admin/post.php?post=51102&action=edit
51106,AIR OUTLET ASSEMBLY-INSTRUMENT PANEL RIGHT HAND CENTER/CENTRE,C00618314-3E9A7,C00618314,,https://shane.maxusvanparts.co.uk/wp-admin/post.php?post=51106&action=edit
51119,CYLINDER BLOCK MACHINED ASSEMBLY,C00678886-826EC,C00678886,,https://shane.maxusvanparts.co.uk/wp-admin/post.php?post=51119&action=edit
55938,BOLT/STUD-REAR CROSS MEMBER ASSEMBLY,C00056196-0BBAD,C00056196,,https://shane.maxusvanparts.co.uk/wp-admin/post.php?post=55938&action=edit
56006,BOX-CHARGE FITTING,C00031606-EFF0B,C00031606,,https://shane.maxusvanparts.co.uk/wp-admin/post.php?post=56006&action=edit
56040,FILTER-VACUUM SOCKET,C00038061-538B7,C00038061,,https://shane.maxusvanparts.co.uk/wp-admin/post.php?post=56040&action=edit
56112,PANEL-CENTER/CENTRE SIDE PANEL INNER TRIM,C00045218-27FF8,C00045218,,https://shane.maxusvanparts.co.uk/wp-admin/post.php?post=56112&action=edit
56118,PANEL-CENTER/CENTRE SIDE PANEL INNER TRIM,C00045221-06E2B,C00045221,,https://shane.maxusvanparts.co.uk/wp-admin/post.php?post=56118&action=edit
56306,CROSSMEMBER ASSEMBLY-#3,C00087640-4100-7F05B,C00087640-4100,,https://shane.maxusvanparts.co.uk/wp-admin/post.php?post=56306&action=edit
56354,PANEL-FUEL FILLER COVER,C00099635-4100-F3CEE,C00099635-4100,,https://shane.maxusvanparts.co.uk/wp-admin/post.php?post=56354&action=edit
56462,SWITCH GROUP ASSEMBLY-CENTER/CENTRE CONTROL,C00212228-3016-B5466,C00212228-3016,,https://shane.maxusvanparts.co.uk/wp-admin/post.php?post=56462&action=edit
56467,BOLT/SCREW-LOCKER ASSEMBLY-HEADER,C00138009-DBE7B,C00138009,,https://shane.maxusvanparts.co.uk/wp-admin/post.php?post=56467&action=edit
56520,PLATE-SIDE PANEL SUPPORT,C00118988-4100-98FEE,C00118988-4100,,https://shane.maxusvanparts.co.uk/wp-admin/post.php?post=56520&action=edit
56537,ANTI FRICTION OIL,C00186732-92D94,C00186732,,https://shane.maxusvanparts.co.uk/wp-admin/post.php?post=56537&action=edit
56596,LONGITUDINAL ASSEMBLY-REAR,C00196928-4100-37E94,C00196928-4100,,https://shane.maxusvanparts.co.uk/wp-admin/post.php?post=56596&action=edit
56603,LONGITUDINAL ASSEMBLY-REAR,C00196929-4100-63C6E,C00196929-4100,,https://shane.maxusvanparts.co.uk/wp-admin/post.php?post=56603&action=edit
56629,FUSE-MAIN FUSE BOX,C00215313-EE5E2,C00215313,,https://shane.maxusvanparts.co.uk/wp-admin/post.php?post=56629&action=edit
56693,PANEL ASSEMBLY-FRONT FLOOR,C00224597-4100-8E930,C00224597-4100,,https://shane.maxusvanparts.co.uk/wp-admin/post.php?post=56693&action=edit
56725,BRACKET-EVP,C00215921-4783A,C00215921,,https://shane.maxusvanparts.co.uk/wp-admin/post.php?post=56725&action=edit
56754,WIRE-DRIVER MOTOR GROUND,C00285771-D393A,C00285771,,https://shane.maxusvanparts.co.uk/wp-admin/post.php?post=56754&action=edit
56779,COMPRESSOR ASSEMBLY-AIR CONDITIONING,C00433479-FEF9D,C00433479,,https://shane.maxusvanparts.co.uk/wp-admin/post.php?post=56779&action=edit
56780,CLUSTER ASSEMBLY-INSTRUMENT,C00324089-B66D6,C00324089,,https://shane.maxusvanparts.co.uk/wp-admin/post.php?post=56780&action=edit
56790,CONTROLLER-ELECTRIC DRIVER COMPLETE VEHICLE,C00325517-36694,C00325517,,https://shane.maxusvanparts.co.uk/wp-admin/post.php?post=56790&action=edit
56791,LOW SPEED ALARM MODULE,C00437559-3BF85,C00437559,,https://shane.maxusvanparts.co.uk/wp-admin/post.php?post=56791&action=edit
56796,ELECTRONIC CONTROL UNIT-PEPS,C00438060-CC720,C00438060,,https://shane.maxusvanparts.co.uk/wp-admin/post.php?post=56796&action=edit
56817,OIL GUIDE GROOVE,C00285787-DC52E,C00285787,,https://shane.maxusvanparts.co.uk/wp-admin/post.php?post=56817&action=edit
56820,BEARING-DIFFERENTIAL CASE,C00300238-A3C1D,C00300238,,https://shane.maxusvanparts.co.uk/wp-admin/post.php?post=56820&action=edit
56826,PLATE ASSEMBLY-B/PILLAR UPPER TRIM,C00303108-A136-600AD,C00303108-A136,,https://shane.maxusvanparts.co.uk/wp-admin/post.php?post=56826&action=edit
56835,PLATE ASSEMBLY-B/PILLAR UPPER TRIM,C00303109-A136-995AE,C00303109-A136,,https://shane.maxusvanparts.co.uk/wp-admin/post.php?post=56835&action=edit
56839,ALNICO-TRANSMISSION,C00332699-CBF3E,C00332699,,https://shane.maxusvanparts.co.uk/wp-admin/post.php?post=56839&action=edit
56878,BASE ASSEMBLY-DRIVER SEAT,C00303954-56814,C00303954,,https://shane.maxusvanparts.co.uk/wp-admin/post.php?post=56878&action=edit
56884,CROSSMEMBER ASSEMBLY-#5,C00238043-4100-BFC34,C00238043-4100,,https://shane.maxusvanparts.co.uk/wp-admin/post.php?post=56884&action=edit
56911,ALNICO-TRANSMISSION,C00285992-BD2C4,C00285992,,https://shane.maxusvanparts.co.uk/wp-admin/post.php?post=56911&action=edit
56917,PIPE ASSEMBLY-REAR BRK(CTR),C00340202-F19AF,C00340202,,https://shane.maxusvanparts.co.uk/wp-admin/post.php?post=56917&action=edit
56922,INPUT SHAFT,C00285997-F37B7,C00285997,,https://shane.maxusvanparts.co.uk/wp-admin/post.php?post=56922&action=edit
56924,PIPE ASSEMBLY-REAR BRK(CTR),C00340203-BF30A,C00340203,,https://shane.maxusvanparts.co.uk/wp-admin/post.php?post=56924&action=edit
56927,CABLE ASSEMBLY-PARKING/PARK BRAKE FRONT,C00308964-1807D,C00308964,,https://shane.maxusvanparts.co.uk/wp-admin/post.php?post=56927&action=edit
56928,INPUT SHAFT BEARING,C00285998-BABD2,C00285998,,https://shane.maxusvanparts.co.uk/wp-admin/post.php?post=56928&action=edit
56934,INPUT SHAFT BEARING,C00286002-861C4,C00286002,,https://shane.maxusvanparts.co.uk/wp-admin/post.php?post=56934&action=edit
56945,COUNTER SHAFT,C00286007-2B3D3,C00286007,,https://shane.maxusvanparts.co.uk/wp-admin/post.php?post=56945&action=edit
56951,BRACKET-HV HARNESS MOUNT,C00286012-2F9B2,C00286012,,https://shane.maxusvanparts.co.uk/wp-admin/post.php?post=56951&action=edit
56959,MEMBER ASSEMBLY-R/ALX,C00312602-A09C7,C00312602,,https://shane.maxusvanparts.co.uk/wp-admin/post.php?post=56959&action=edit
56968,BEARING-DIFFERENTIAL CASE,C00286019-DAECF,C00286019,,https://shane.maxusvanparts.co.uk/wp-admin/post.php?post=56968&action=edit
56974,MAIN REDUCTION GEAR,C00286023-8245A,C00286023,,https://shane.maxusvanparts.co.uk/wp-admin/post.php?post=56974&action=edit
56979,BRACKET-HV HARNESS MOUNT,C00285754-55AE3,C00285754,,https://shane.maxusvanparts.co.uk/wp-admin/post.php?post=56979&action=edit
56983,CAP-FRONT HOOD HARNESS FUSE BOX UPPER,C00316867-47DEA,C00316867,,https://shane.maxusvanparts.co.uk/wp-admin/post.php?post=56983&action=edit
56985,BRACKET-HV HARNESS MOUNT,C00285757-E19E3,C00285757,,https://shane.maxusvanparts.co.uk/wp-admin/post.php?post=56985&action=edit
56986,CASE-DIFFERENTIAL,C00286026-FC53B,C00286026,,https://shane.maxusvanparts.co.uk/wp-admin/post.php?post=56986&action=edit
56989,CROSS MEMBER ASSEMBLY-FRONT WINDSHIELD LOWER,C00250661-4100-0F8C8,C00250661-4100,,https://shane.maxusvanparts.co.uk/wp-admin/post.php?post=56989&action=edit
56991,BOLT-HV BOX OUTPUT HARNESS BRACKET,C00285758-2B9B2,C00285758,,https://shane.maxusvanparts.co.uk/wp-admin/post.php?post=56991&action=edit
56992,GEAR-HALF SHAFT,C00286027-82315,C00286027,,https://shane.maxusvanparts.co.uk/wp-admin/post.php?post=56992&action=edit
56995,GUTTER-WINDSHIELD COVER PANEL DRAIN,C00252632-E1E36,C00252632,,https://shane.maxusvanparts.co.uk/wp-admin/post.php?post=56995&action=edit
56997,BOLT-HV BOX OUTPUT HARNESS BRACKET,C00285759-FFD0D,C00285759,,https://shane.maxusvanparts.co.uk/wp-admin/post.php?post=56997&action=edit
56998,SHIM-DIFFERENTIAL SIDE GEAR,C00286028-818CF,C00286028,,https://shane.maxusvanparts.co.uk/wp-admin/post.php?post=56998&action=edit
57002,HANDLE-TRANSMISSION CONTROL ROD,C00386116-1F3A2,C00386116,,https://shane.maxusvanparts.co.uk/wp-admin/post.php?post=57002&action=edit
57004,GEAR-DIFFERENTIAL PINION,C00286029-F5048,C00286029,,https://shane.maxusvanparts.co.uk/wp-admin/post.php?post=57004&action=edit
57008,SHIELD-TRANSMISSION CONTROL ROD DUST,C00386120-7374D,C00386120,,https://shane.maxusvanparts.co.uk/wp-admin/post.php?post=57008&action=edit
57010,SHIM-DIFFERENTIAL PINION GEAR,C00286033-15C57,C00286033,,https://shane.maxusvanparts.co.uk/wp-admin/post.php?post=57010&action=edit
57014,SHIFT INDICATOR PANEL,C00386121-7A2AF,C00386121,,https://shane.maxusvanparts.co.uk/wp-admin/post.php?post=57014&action=edit
57019,INSULATION-BODY LOWER,C00254475-A84B5,C00254475,,https://shane.maxusvanparts.co.uk/wp-admin/post.php?post=57019&action=edit
57021,SHAFT-DIFFERENTIAL PINION GEAR,C00286068-B6D4E,C00286068,,https://shane.maxusvanparts.co.uk/wp-admin/post.php?post=57021&action=edit
57024,HARDNESS-BATTERY CAT,C00254687-9EA87,C00254687,,https://shane.maxusvanparts.co.uk/wp-admin/post.php?post=57024&action=edit
57026,SCREW/BOLT-TRANSMISSION FRONT DIFFERENTIAL RING GEAR OIL BAFFLE PLATE,C00286069-0A4AB,C00286069,,https://shane.maxusvanparts.co.uk/wp-admin/post.php?post=57026&action=edit
57032,CORNER ASSEMBLY-BRAKE,C00399995-61312,C00399995,,https://shane.maxusvanparts.co.uk/wp-admin/post.php?post=57032&action=edit
57782,PIPE ASSEMBLY-REAR BRK(CTR),C00075687-08E30,C00075687,,https://shane.maxusvanparts.co.uk/wp-admin/post.php?post=57782&action=edit
57788,PIPE ASSEMBLY-REAR BRK(CTR),C00075688-88CD4,C00075688,,https://shane.maxusvanparts.co.uk/wp-admin/post.php?post=57788&action=edit
58154,PIPE-LAMP EXHAUST GAS RECIRCULATION ASSEMBLY TO TURBOCHARGER,C00087852-B3CD8,C00087852,,https://shane.maxusvanparts.co.uk/wp-admin/post.php?post=58154&action=edit
58158,CYLINDER BLOCK MACHINED ASSEMBLY,C00080001-B1C3C,C00080001,,https://shane.maxusvanparts.co.uk/wp-admin/post.php?post=58158&action=edit
58159,PIPE ASSEMBLY-REAR BRK(CTR),C00085392-23F56,C00085392,,https://shane.maxusvanparts.co.uk/wp-admin/post.php?post=58159&action=edit
58165,PIPE ASSEMBLY-REAR BRK(CTR),C00085393-DA950,C00085393,,https://shane.maxusvanparts.co.uk/wp-admin/post.php?post=58165&action=edit
58327,HARNESS ASSEMBLY-ENGINE,C00095484-38BBC,C00095484,,https://shane.maxusvanparts.co.uk/wp-admin/post.php?post=58327&action=edit
58372,CROSSMEMBER ASSEMBLY-#5,C00107801-4100-885AA,C00107801-4100,,https://shane.maxusvanparts.co.uk/wp-admin/post.php?post=58372&action=edit
58394,BOLT-STARTER SHIELD TO ENGINE REAR MOUNTING BRACKET,C00097689-3C427,C00097689,,https://shane.maxusvanparts.co.uk/wp-admin/post.php?post=58394&action=edit
58459,HARNESS-CHASSIS LINK,C00138382-AF7A8,C00138382,,https://shane.maxusvanparts.co.uk/wp-admin/post.php?post=58459&action=edit
58951,HEAT SHIELD-ENGINE EXHAUST,C00184428-102C2,C00184428,,https://shane.maxusvanparts.co.uk/wp-admin/post.php?post=58951&action=edit
59046,RAIL ASSEMBLY-FRONT SIDE,C00308691-4100-6F0D7,C00308691-4100,,https://shane.maxusvanparts.co.uk/wp-admin/post.php?post=59046&action=edit
59128,TANK ASSEMBLY-FUEL,C00275602-04BFD,C00275602,,https://shane.maxusvanparts.co.uk/wp-admin/post.php?post=59128&action=edit
59133,WELDING ASSEMBLY-FUEL TANK,C00275603-9D76E,C00275603,,https://shane.maxusvanparts.co.uk/wp-admin/post.php?post=59133&action=edit
59150,RAIL ASSEMBLY-FRONT SIDE,C00248518-4100-1D224,C00248518-4100,,https://shane.maxusvanparts.co.uk/wp-admin/post.php?post=59150&action=edit
59156,RUBBER SHACKLE-FRAME TO EXH(HT),C00248838-E374E,C00248838,,https://shane.maxusvanparts.co.uk/wp-admin/post.php?post=59156&action=edit
59244,LONGITUDINAL ASSEMBLY-REAR,C00290803-4100-47136,C00290803-4100,,https://shane.maxusvanparts.co.uk/wp-admin/post.php?post=59244&action=edit
59249,LONGITUDINAL ASSEMBLY-REAR,C00290804-4100-48B1E,C00290804-4100,,https://shane.maxusvanparts.co.uk/wp-admin/post.php?post=59249&action=edit
59819,WEIGHT BALANCE,C00017616-AC0C2,C00017616,,https://shane.maxusvanparts.co.uk/wp-admin/post.php?post=59819&action=edit
59824,WEIGHT BALANCE,C00017617-38CCE,C00017617,,https://shane.maxusvanparts.co.uk/wp-admin/post.php?post=59824&action=edit
59831,WEIGHT BALANCE,C00017618-32E5F,C00017618,,https://shane.maxusvanparts.co.uk/wp-admin/post.php?post=59831&action=edit
59838,WEIGHT BALANCE,C00017619-2AB6F,C00017619,,https://shane.maxusvanparts.co.uk/wp-admin/post.php?post=59838&action=edit
59844,WEIGHT BALANCE,C00017620-60A4A,C00017620,,https://shane.maxusvanparts.co.uk/wp-admin/post.php?post=59844&action=edit
59852,WEIGHT BALANCE,C00017621-F7FD5,C00017621,,https://shane.maxusvanparts.co.uk/wp-admin/post.php?post=59852&action=edit
59861,WEIGHT BALANCE,C00017622-D9D08,C00017622,,https://shane.maxusvanparts.co.uk/wp-admin/post.php?post=59861&action=edit
59868,WEIGHT BALANCE,C00017623-44878,C00017623,,https://shane.maxusvanparts.co.uk/wp-admin/post.php?post=59868&action=edit
59877,WEIGHT BALANCE,C00017624-A6D93,C00017624,,https://shane.maxusvanparts.co.uk/wp-admin/post.php?post=59877&action=edit
59884,WEIGHT BALANCE,C00017625-5DC50,C00017625,,https://shane.maxusvanparts.co.uk/wp-admin/post.php?post=59884&action=edit
59893,WEIGHT BALANCE,C00017626-0602F,C00017626,,https://shane.maxusvanparts.co.uk/wp-admin/post.php?post=59893&action=edit
59900,WEIGHT BALANCE,C00017627-69AAD,C00017627,,https://shane.maxusvanparts.co.uk/wp-admin/post.php?post=59900&action=edit
60062,FUSE-AUXILIARY FUSE BOX,C00011886-79C75,C00011886,,https://shane.maxusvanparts.co.uk/wp-admin/post.php?post=60062&action=edit
60855,WELD ASSEMBLY-FRONT SIDE DOOR,C00374770-4100-ED0BF,C00374770-4100,,https://shane.maxusvanparts.co.uk/wp-admin/post.php?post=60855&action=edit
60862,WELD ASSEMBLY-FRONT SIDE DOOR,C00374780-4100-DB6DF,C00374780-4100,,https://shane.maxusvanparts.co.uk/wp-admin/post.php?post=60862&action=edit
60874,WHEEL,C00375213-246A0,C00375213,,https://shane.maxusvanparts.co.uk/wp-admin/post.php?post=60874&action=edit
60931,SWITCH-POWER TOTAL,C00398102-FBA9B,C00398102,,https://shane.maxusvanparts.co.uk/wp-admin/post.php?post=60931&action=edit
60963,EXHAUST GAS RECIRCULATION ASSEMBLY-HP,C00388266-F46CC,C00388266,,https://shane.maxusvanparts.co.uk/wp-admin/post.php?post=60963&action=edit
60982,DOOR ASSEMBLY-FUEL FILLER,C00405488-432B9,C00405488,,https://shane.maxusvanparts.co.uk/wp-admin/post.php?post=60982&action=edit
60994,PANEL ASSEMBLY-REAR ROOF CROSS MEMBER OUTER,C00406068-4100-5E43E,C00406068-4100,,https://shane.maxusvanparts.co.uk/wp-admin/post.php?post=60994&action=edit
61028,PANEL ASSEMBLY SET-SILL INNER,C00548635-4100-01D46,C00548635-4100,,https://shane.maxusvanparts.co.uk/wp-admin/post.php?post=61028&action=edit
61057,SECTION-CYLINDER AND KEY MAINTENANCE,C00549054-E992F,C00549054,,https://shane.maxusvanparts.co.uk/wp-admin/post.php?post=61057&action=edit
61073,PANEL-MID SIDE PANEL UPPER OUTER,C00422658-4100-EAA4D,C00422658-4100,,https://shane.maxusvanparts.co.uk/wp-admin/post.php?post=61073&action=edit
61083,PANEL-REAR SIDE PANEL UPPER OUTER,C00422678-4100-787B0,C00422678-4100,,https://shane.maxusvanparts.co.uk/wp-admin/post.php?post=61083&action=edit
61088,RAIL ASSEMBLY-FRONT SIDE,C00549775-4100-E9E38,C00549775-4100,,https://shane.maxusvanparts.co.uk/wp-admin/post.php?post=61088&action=edit
61135,CHECK ASSEMBLY-FRONT SIDE DOOR,C00443149-B918F,C00443149,,https://shane.maxusvanparts.co.uk/wp-admin/post.php?post=61135&action=edit
61144,SPRING ASSEMBLY-REAR LEAF,C00559817-A4A7D,C00559817,,https://shane.maxusvanparts.co.uk/wp-admin/post.php?post=61144&action=edit
61169,ARM ASSEMBLY-FRONT SUSPENSION  LOWER,C00561578-12534,C00561578,,https://shane.maxusvanparts.co.uk/wp-admin/post.php?post=61169&action=edit
61175,ARM ASSEMBLY-FRONT SUSPENSION  LOWER,C00561579-08F73,C00561579,,https://shane.maxusvanparts.co.uk/wp-admin/post.php?post=61175&action=edit
61180,REINFORCEMENT ASSEMBLY-D/PILLAR INNER PANEL,C00585616-4100-D2C5A,C00585616-4100,,https://shane.maxusvanparts.co.uk/wp-admin/post.php?post=61180&action=edit
61182,PLUG-REAR BUMPER,C00535941-F081-12294,C00535941-F081,,https://shane.maxusvanparts.co.uk/wp-admin/post.php?post=61182&action=edit
61198,STRUT&amp;SPRING ASSEMBLY-FRONT SHOCK ABSORBER,C00587683-9D063,C00587683,,https://shane.maxusvanparts.co.uk/wp-admin/post.php?post=61198&action=edit
61204,SPRING-FRONT SHOCK ABSORBER COIL,C00587685-67FCD,C00587685,,https://shane.maxusvanparts.co.uk/wp-admin/post.php?post=61204&action=edit
61211,FLUID-HYDRAULIC BRAKE,C00540872-1DE68,C00540872,,https://shane.maxusvanparts.co.uk/wp-admin/post.php?post=61211&action=edit
61214,PLATE ASSEMBLY-BODY SIDE MID UPPER,C00588750-4100-0F375,C00588750-4100,,https://shane.maxusvanparts.co.uk/wp-admin/post.php?post=61214&action=edit
61220,PLATE ASSEMBLY-PLD SIDE INNER MID,C00588759-4100-883A9,C00588759-4100,,https://shane.maxusvanparts.co.uk/wp-admin/post.php?post=61220&action=edit
61226,PANEL ASSEMBLY-UPPER SIDE RAIL INSTALL,C00589273-4100-5AD7E,C00589273-4100,,https://shane.maxusvanparts.co.uk/wp-admin/post.php?post=61226&action=edit
61252,PANEL-MID SIDE PANEL UPPER SUPPORT,C00568451-4100-FBC53,C00568451-4100,,https://shane.maxusvanparts.co.uk/wp-admin/post.php?post=61252&action=edit
61259,SECTION-FRONT DOOR LOCKER INSTALL PANEL,C00568455-4100-5F474,C00568455-4100,,https://shane.maxusvanparts.co.uk/wp-admin/post.php?post=61259&action=edit
61264,SECTION-FRONT DOOR LOCKER INSTALL PANEL,C00568456-4100-66869,C00568456-4100,,https://shane.maxusvanparts.co.uk/wp-admin/post.php?post=61264&action=edit
61283,REINFORCEMENT ASSEMBLY-A/PILLAR,C00548074-4100-60BBC,C00548074-4100,,https://shane.maxusvanparts.co.uk/wp-admin/post.php?post=61283&action=edit
61289,REINFORCEMENT ASSEMBLY-A/PILLAR,C00548075-4100-4352F,C00548075-4100,,https://shane.maxusvanparts.co.uk/wp-admin/post.php?post=61289&action=edit
61294,CROSSMEMBER ASSEMBLY-FRONT ROOF,C00548076-4100-62287,C00548076-4100,,https://shane.maxusvanparts.co.uk/wp-admin/post.php?post=61294&action=edit
61296,PEDAL ASSEMBLY-SLD,C00493995-4100-AA025,C00493995-4100,,https://shane.maxusvanparts.co.uk/wp-admin/post.php?post=61296&action=edit
61298,BOW ASSEMBLY-ROOF NO.1,C00548077-4100-38975,C00548077-4100,,https://shane.maxusvanparts.co.uk/wp-admin/post.php?post=61298&action=edit
61302,PLATE ASSEMBLY-A/PILLAR INNER,C00548084-4100-539D0,C00548084-4100,,https://shane.maxusvanparts.co.uk/wp-admin/post.php?post=61302&action=edit
61306,PLATE ASSEMBLY-A/PILLAR INNER,C00548085-4100-D4F87,C00548085-4100,,https://shane.maxusvanparts.co.uk/wp-admin/post.php?post=61306&action=edit
61311,PANEL ASSEMBLY SET-SILL INNER,C00548625-4100-B594C,C00548625-4100,,https://shane.maxusvanparts.co.uk/wp-admin/post.php?post=61311&action=edit
61321,PIPE ASSEMBLY-FRONT AIR CONDITIONING INLET &amp; OUTLET,C00657012-906B8,C00657012,,https://shane.maxusvanparts.co.uk/wp-admin/post.php?post=61321&action=edit
61332,TRIM-FRONT WHEELHOUSE COVER,C00661475-FB7D2,C00661475,,https://shane.maxusvanparts.co.uk/wp-admin/post.php?post=61332&action=edit
61334,TRIM-FRONT WHEELHOUSE COVER,C00661476-252C0,C00661476,,https://shane.maxusvanparts.co.uk/wp-admin/post.php?post=61334&action=edit
61336,GUTTER ASSEMBLY-WINDSHIELD,C00662351-6E6E3,C00662351,,https://shane.maxusvanparts.co.uk/wp-admin/post.php?post=61336&action=edit
61338,SUB ASSEMBLY-SILL INNER PANEL,C00668967-4100-2F46D,C00668967-4100,,https://shane.maxusvanparts.co.uk/wp-admin/post.php?post=61338&action=edit
61339,PIPE-FRONT BRAKE,C00618545-76650,C00618545,,https://shane.maxusvanparts.co.uk/wp-admin/post.php?post=61339&action=edit
61340,SUB ASSEMBLY-SILL INNER PANEL,C00669108-4100-7FCD8,C00669108-4100,,https://shane.maxusvanparts.co.uk/wp-admin/post.php?post=61340&action=edit
61341,PIPE ASSEMBLY-BRAKE (M/CYL1-ESP),C00618547-675BF,C00618547,,https://shane.maxusvanparts.co.uk/wp-admin/post.php?post=61341&action=edit
61342,PANEL ASSEMBLY-SILL INNER,C00670830-4100-B38B7,C00670830-4100,,https://shane.maxusvanparts.co.uk/wp-admin/post.php?post=61342&action=edit
61343,PIPE ASSEMBLY-BRAKE (M/CYL2-ESP),C00618549-BE8CC,C00618549,,https://shane.maxusvanparts.co.uk/wp-admin/post.php?post=61343&action=edit
61344,PANEL ASSEMBLY-SILL INNER,C00670840-4100-DA64C,C00670840-4100,,https://shane.maxusvanparts.co.uk/wp-admin/post.php?post=61344&action=edit
61348,TRIM-REAR FLOOR,C00672998-65C37,C00672998,,https://shane.maxusvanparts.co.uk/wp-admin/post.php?post=61348&action=edit
61350,TRIM-REAR FLOOR,C00673001-66DF1,C00673001,,https://shane.maxusvanparts.co.uk/wp-admin/post.php?post=61350&action=edit
61354,CAP-FRONT HOOD HARNESS FUSE BOX UPPER,C00622478-D58ED,C00622478,,https://shane.maxusvanparts.co.uk/wp-admin/post.php?post=61354&action=edit
61356,PANEL-FOREHOLD,C00622915-68374,C00622915,,https://shane.maxusvanparts.co.uk/wp-admin/post.php?post=61356&action=edit
61366,MEMBER ASSEMBLY-R/ALX,C00625702-2F41C,C00625702,,https://shane.maxusvanparts.co.uk/wp-admin/post.php?post=61366&action=edit
61368,CROSS MEMBER ASSEMBLY-FRONT WINDSHIELD LOWER,C00626019-4100-A1272,C00626019-4100,,https://shane.maxusvanparts.co.uk/wp-admin/post.php?post=61368&action=edit
61369,ELECTRONIC ACTUATOR-TURBOCHARGER,C00697893-75E4E,C00697893,,https://shane.maxusvanparts.co.uk/wp-admin/post.php?post=61369&action=edit
61374,COLUMN ASSEMBLY-STEERING,C00631136-DDA5B,C00631136,,https://shane.maxusvanparts.co.uk/wp-admin/post.php?post=61374&action=edit
61378,FASCIA-FRONT BUMPER,C00635949-0B4B7,C00635949,,https://shane.maxusvanparts.co.uk/wp-admin/post.php?post=61378&action=edit
61382,UNIT-ENGINE FRONT MOUNT BRACKET,C00750585-84533,C00750585,,https://shane.maxusvanparts.co.uk/wp-admin/post.php?post=61382&action=edit
61388,HEAT SHIELD-ENGINE EXHAUST,C00782359-4DC50,C00782359,,https://shane.maxusvanparts.co.uk/wp-admin/post.php?post=61388&action=edit
61390,HEATSHIELD-TURBOCHARGER,C00783242-F773B,C00783242,,https://shane.maxusvanparts.co.uk/wp-admin/post.php?post=61390&action=edit
63761,PLUG-SIDE INNER PLATE,C00003315-57090,C00003315,,https://shane.maxusvanparts.co.uk/wp-admin/post.php?post=63761&action=edit
64128,PANEL SUB ASSEMBLY-DASH,C00211510-4100-854DB,C00211510-4100,,https://shane.maxusvanparts.co.uk/wp-admin/post.php?post=64128&action=edit
64153,BOLT-COOPERBAR TO HV CONNECTOR,C00099107-6AA8C,C00099107,,https://shane.maxusvanparts.co.uk/wp-admin/post.php?post=64153&action=edit
64161,SECTION-FRONT EVAPORATOR CYLINDER,C00220666-DE274,C00220666,,https://shane.maxusvanparts.co.uk/wp-admin/post.php?post=64161&action=edit
64350,PANEL-MID FLOOR,C00377665-4100-49320,C00377665-4100,,https://shane.maxusvanparts.co.uk/wp-admin/post.php?post=64350&action=edit
64490,HARNESS ASSEMBLY-POWER BATTERY,C00387407-06D7C,C00387407,,https://shane.maxusvanparts.co.uk/wp-admin/post.php?post=64490&action=edit
64512,BASE-POWER BATTERY,C00367811-6BF49,C00367811,,https://shane.maxusvanparts.co.uk/wp-admin/post.php?post=64512&action=edit
64518,MEMBER ASSEMBLY-R/ALX,C00368000-25CF9,C00368000,,https://shane.maxusvanparts.co.uk/wp-admin/post.php?post=64518&action=edit
64531,CELL,C00397398-B6DBF,C00397398,,https://shane.maxusvanparts.co.uk/wp-admin/post.php?post=64531&action=edit
64599,HARNESS-POWER BATTERY GROUND,C00390218-35514,C00390218,,https://shane.maxusvanparts.co.uk/wp-admin/post.php?post=64599&action=edit
64605,END PALETE-MODEL,C00390312-DD232,C00390312,,https://shane.maxusvanparts.co.uk/wp-admin/post.php?post=64605&action=edit
64633,PANEL-REAR SIDE PANEL OUTER,C00392003-4100-34213,C00392003-4100,,https://shane.maxusvanparts.co.uk/wp-admin/post.php?post=64633&action=edit
64749,BATTERY BRACKET-ADAPTER,C00445372-EEB2A,C00445372,,https://shane.maxusvanparts.co.uk/wp-admin/post.php?post=64749&action=edit
64750,MEMBER-INSTRUMENT PANEL CROSS,C00421119-077FD,C00421119,,https://shane.maxusvanparts.co.uk/wp-admin/post.php?post=64750&action=edit
64755,BATTERY BRACKET-ADAPTER,C00445373-0633E,C00445373,,https://shane.maxusvanparts.co.uk/wp-admin/post.php?post=64755&action=edit
64758,BATTERY BRACKET-ADAPTER,C00456643-0DF7B,C00456643,,https://shane.maxusvanparts.co.uk/wp-admin/post.php?post=64758&action=edit
64760,CROSS MEMBER-MOTOR MOUNTING,C00406930-F6F48,C00406930,,https://shane.maxusvanparts.co.uk/wp-admin/post.php?post=64760&action=edit
64761,BATTERY BRACKET-ADAPTER,C00445374-BE3AE,C00445374,,https://shane.maxusvanparts.co.uk/wp-admin/post.php?post=64761&action=edit
64767,PANEL-REAR SIDE PANEL UPPER OUTER,C00422676-4100-8ACA3,C00422676-4100,,https://shane.maxusvanparts.co.uk/wp-admin/post.php?post=64767&action=edit
64773,PANEL-REAR SIDE PANEL OUTER,C00422682-4100-371B4,C00422682-4100,,https://shane.maxusvanparts.co.uk/wp-admin/post.php?post=64773&action=edit
64774,BATTERY BRACKET-REAR,C00445398-6B550,C00445398,,https://shane.maxusvanparts.co.uk/wp-admin/post.php?post=64774&action=edit
64779,PANEL-SILL OUTER,C00422689-4100-48EAF,C00422689-4100,,https://shane.maxusvanparts.co.uk/wp-admin/post.php?post=64779&action=edit
64780,BATTERY BRACKET-ADAPTER,C00446794-E0E02,C00446794,,https://shane.maxusvanparts.co.uk/wp-admin/post.php?post=64780&action=edit
64838,BATTERY BRACKET-ADAPTER,C00448287-015D7,C00448287,,https://shane.maxusvanparts.co.uk/wp-admin/post.php?post=64838&action=edit
64849,OUTPUT BASE-MODEL,C00401889-E8F1B,C00401889,,https://shane.maxusvanparts.co.uk/wp-admin/post.php?post=64849&action=edit
64873,CCS-MODEL,C00403407-094C7,C00403407,,https://shane.maxusvanparts.co.uk/wp-admin/post.php?post=64873&action=edit
64944,PANEL ASSEMBLY-FRONT WINDSHIELD COVER,C00533767-C28F0,C00533767,,https://shane.maxusvanparts.co.uk/wp-admin/post.php?post=64944&action=edit
64956,FRONT HALF SHAFT,C00612560-09A85,C00612560,,https://shane.maxusvanparts.co.uk/wp-admin/post.php?post=64956&action=edit
64960,FRONT HALF SHAFT,C00612561-3C44E,C00612561,,https://shane.maxusvanparts.co.uk/wp-admin/post.php?post=64960&action=edit
64964,HOSE-FRONT AIR CONDITIONING ASSEMBLY DRAIN,C00612659-670ED,C00612659,,https://shane.maxusvanparts.co.uk/wp-admin/post.php?post=64964&action=edit
64975,PANEL ASSEMBLY-FRONT SIDE DOOR INNER TRIM,C00614666-2231-7BC7E,C00614666-2231,,https://shane.maxusvanparts.co.uk/wp-admin/post.php?post=64975&action=edit
64979,PANEL ASSEMBLY-FRONT SIDE DOOR INNER TRIM,C00614667-2231-CBABF,C00614667-2231,,https://shane.maxusvanparts.co.uk/wp-admin/post.php?post=64979&action=edit
64982,CAP-FRONT HOOD HARNESS FUSE BOX UPPER,C00622479-3A252,C00622479,,https://shane.maxusvanparts.co.uk/wp-admin/post.php?post=64982&action=edit
64987,MEMBER ASSEMBLY-HEADLAMP FRAME UPPER,C00571154-4100-AA67F,C00571154-4100,,https://shane.maxusvanparts.co.uk/wp-admin/post.php?post=64987&action=edit
64988,STEM,C00540354-73B43,C00540354,,https://shane.maxusvanparts.co.uk/wp-admin/post.php?post=64988&action=edit
64991,MEMBER ASSEMBLY-HEADLAMP FRAME UPPER,C00571661-4100-9AF65,C00571661-4100,,https://shane.maxusvanparts.co.uk/wp-admin/post.php?post=64991&action=edit
64994,CELL,C00658538-96CA3,C00658538,,https://shane.maxusvanparts.co.uk/wp-admin/post.php?post=64994&action=edit
65001,PET BANDAGE-MODEL SHEATH,C00541880-A7357,C00541880,,https://shane.maxusvanparts.co.uk/wp-admin/post.php?post=65001&action=edit
65003,REINFORCEMENT-FRONT BUMPER,C00678524-6F57F,C00678524,,https://shane.maxusvanparts.co.uk/wp-admin/post.php?post=65003&action=edit
65010,TOP COVER-MODEL,C00703378-2EC5B,C00703378,,https://shane.maxusvanparts.co.uk/wp-admin/post.php?post=65010&action=edit
65017,MODULE-BATTERY,C00546051-7BA51,C00546051,,https://shane.maxusvanparts.co.uk/wp-admin/post.php?post=65017&action=edit
65037,BATTERY BRACKET-ADAPTER,C00523511-62045,C00523511,,https://shane.maxusvanparts.co.uk/wp-admin/post.php?post=65037&action=edit
65038,BATTERY BRACKET-ADAPTER,C00523513-8B9EE,C00523513,,https://shane.maxusvanparts.co.uk/wp-admin/post.php?post=65038&action=edit
65052,INTELLIGENT DRIVING MM RADAR FRONT,C00586044-0519D,C00586044,,https://shane.maxusvanparts.co.uk/wp-admin/post.php?post=65052&action=edit
65063,SUBFRAME ASSEMBLY,C00527869-DC3C0,C00527869,,https://shane.maxusvanparts.co.uk/wp-admin/post.php?post=65063&action=edit
65092,BRACKET-BRAKE PIPE,C00595193-D39A9,C00595193,,https://shane.maxusvanparts.co.uk/wp-admin/post.php?post=65092&action=edit
65101,STAPLE BOLT-MODULE COVER,C00564193-D976D,C00564193,,https://shane.maxusvanparts.co.uk/wp-admin/post.php?post=65101&action=edit
65103,STAPLE BOLT-CCS,C00564194-189AB,C00564194,,https://shane.maxusvanparts.co.uk/wp-admin/post.php?post=65103&action=edit
65105,CROSSMEMBER ASSEMBLY-FRONT ROOF,C00564483-4100-5899C,C00564483-4100,,https://shane.maxusvanparts.co.uk/wp-admin/post.php?post=65105&action=edit
66888,WHEEL,C00473884-1CC57,C00473884,,https://shane.maxusvanparts.co.uk/wp-admin/post.php?post=66888&action=edit
67143,WATER PUMP ASSEMBLY,C00810716-668A2,C00810716,,https://shane.maxusvanparts.co.uk/wp-admin/post.php?post=67143&action=edit
71403,PLATE ASSEMBLY-REAR ROOF CROSS MEMBER INNER,C00588749-4100-B3559C,C00588749-4100,,https://shane.maxusvanparts.co.uk/wp-admin/post.php?post=71403&action=edit
71404,PLATE ASSEMBLY-BODY SIDE MID UPPER,C00588752-4100-0A7098,C00588752-4100,,https://shane.maxusvanparts.co.uk/wp-admin/post.php?post=71404&action=edit
71407,PLATE ASSEMBLY-BODY SIDE MID UPPER,C00588753-4100-EE5384,C00588753-4100,,https://shane.maxusvanparts.co.uk/wp-admin/post.php?post=71407&action=edit
71489,STRIP ASSEMBLY-REAR SIDE PANEL UPPER,C00617736-984BA1,C00617736,,https://shane.maxusvanparts.co.uk/wp-admin/post.php?post=71489&action=edit
71491,STRIP ASSEMBLY-REAR SIDE PANEL UPPER,C00617737-38F1AC,C00617737,,https://shane.maxusvanparts.co.uk/wp-admin/post.php?post=71491&action=edit
74261,PANEL-REAR SIDE PANEL UPPER OUTER,C00027222-4100-233771,C00027222-4100,,https://shane.maxusvanparts.co.uk/wp-admin/post.php?post=74261&action=edit
74357,PANEL-REAR SIDE PANEL OUTER,C00066424-4100-ABFE53,C00066424-4100,,https://shane.maxusvanparts.co.uk/wp-admin/post.php?post=74357&action=edit
74543,WEATHERSTRIP-PANEL SIDE DOOR DOOR FRAME,C00076863-FED444,C00076863,,https://shane.maxusvanparts.co.uk/wp-admin/post.php?post=74543&action=edit
74627,SEALING STRIP ASSEMBLY-SLIDING SIDE DOOR UPPER,C00080429-E9609D,C00080429,,https://shane.maxusvanparts.co.uk/wp-admin/post.php?post=74627&action=edit
74714,PLATE ASSEMBLY-B/PILLAR INNER,C00097393-4100-66739A,C00097393-4100,,https://shane.maxusvanparts.co.uk/wp-admin/post.php?post=74714&action=edit
74720,PLATE ASSEMBLY-B/PILLAR INNER,C00097395-4100-B3E4A7,C00097395-4100,,https://shane.maxusvanparts.co.uk/wp-admin/post.php?post=74720&action=edit
74726,PLATE ASSEMBLY-BODY SIDE MID UPPER,C00097402-4100-48CBBF,C00097402-4100,,https://shane.maxusvanparts.co.uk/wp-admin/post.php?post=74726&action=edit
74733,PLATE ASSEMBLY-REAR SIDE PANEL UPPER INNER,C00097416-4100-EC3444,C00097416-4100,,https://shane.maxusvanparts.co.uk/wp-admin/post.php?post=74733&action=edit
74739,PLATE ASSEMBLY-REAR SIDE PANEL UPPER INNER,C00097417-4100-2B753D,C00097417-4100,,https://shane.maxusvanparts.co.uk/wp-admin/post.php?post=74739&action=edit
74745,PANEL-B/PILLAR CONNECTOR,C00097422-4100-278F52,C00097422-4100,,https://shane.maxusvanparts.co.uk/wp-admin/post.php?post=74745&action=edit
74751,PANEL ASSEMBLY-SILL INNER,C00097464-4100-48153A,C00097464-4100,,https://shane.maxusvanparts.co.uk/wp-admin/post.php?post=74751&action=edit
74757,PANEL ASSEMBLY-SILL INNER,C00097465-4100-2B64E5,C00097465-4100,,https://shane.maxusvanparts.co.uk/wp-admin/post.php?post=74757&action=edit
74763,PEDAL ASSEMBLY-SLD,C00097467-4100-38C885,C00097467-4100,,https://shane.maxusvanparts.co.uk/wp-admin/post.php?post=74763&action=edit
74769,PANEL-FRONT ROOF OUTER,C00097474-4100-63BF37,C00097474-4100,,https://shane.maxusvanparts.co.uk/wp-admin/post.php?post=74769&action=edit
74775,PANEL-ROOF CENTER/CENTRE OUTER,C00097475-4100-97ED7B,C00097475-4100,,https://shane.maxusvanparts.co.uk/wp-admin/post.php?post=74775&action=edit
74789,CABLE ASSEMBLY-SLIDING DOOR INNER,C00085902-285AB4,C00085902,,https://shane.maxusvanparts.co.uk/wp-admin/post.php?post=74789&action=edit
74800,GUIDE ASSEMBLY-SLIDING SIDE DOOR CENTER/CENTRE,C00087356-D56DAC,C00087356,,https://shane.maxusvanparts.co.uk/wp-admin/post.php?post=74800&action=edit
74808,PANEL-REAR FLOOR CENTER/CENTRE,C00098037-4100-F77B83,C00098037-4100,,https://shane.maxusvanparts.co.uk/wp-admin/post.php?post=74808&action=edit
74828,CABLE-REAR DOOR RELEASE,C00085913-878A9E,C00085913,,https://shane.maxusvanparts.co.uk/wp-admin/post.php?post=74828&action=edit
74838,PANEL-B/PILLAR CONNECTOR,C00098199-4100-B832A4,C00098199-4100,,https://shane.maxusvanparts.co.uk/wp-admin/post.php?post=74838&action=edit
74862,PANEL-CENTER PILLAR LOWER INNER,C00099102-4100-20BF17,C00099102-4100,,https://shane.maxusvanparts.co.uk/wp-admin/post.php?post=74862&action=edit
74868,PANEL-CENTER PILLAR LOWER INNER,C00099103-4100-9793CF,C00099103-4100,,https://shane.maxusvanparts.co.uk/wp-admin/post.php?post=74868&action=edit
74878,TRIM-REAR FLOOR,C00085503-7D8C7F,C00085503,,https://shane.maxusvanparts.co.uk/wp-admin/post.php?post=74878&action=edit
74939,PLATE ASSEMBLY-D/PILLAR INNER,C00086253-4100-CB0FBD,C00086253-4100,,https://shane.maxusvanparts.co.uk/wp-admin/post.php?post=74939&action=edit
74946,PLATE ASSEMBLY-D/PILLAR INNER,C00086286-4100-7F2DDC,C00086286-4100,,https://shane.maxusvanparts.co.uk/wp-admin/post.php?post=74946&action=edit
74998,PANEL-REAR SIDE PANEL INNER TRIM,C00117992-E3162B,C00117992,,https://shane.maxusvanparts.co.uk/wp-admin/post.php?post=74998&action=edit
75007,GUARD ASSEMBLY-SLIDING SIDE DOOR,C00147880-C7EB94,C00147880,,https://shane.maxusvanparts.co.uk/wp-admin/post.php?post=75007&action=edit
75016,PLATE ASSEMBLY-QUARTER INNER LOWER,C00105979-4100-8B7E77,C00105979-4100,,https://shane.maxusvanparts.co.uk/wp-admin/post.php?post=75016&action=edit
75037,PLATE ASSEMBLY-QUARTER INNER LOWER,C00154488-4100-43FC13,C00154488-4100,,https://shane.maxusvanparts.co.uk/wp-admin/post.php?post=75037&action=edit
75062,LONGITUDINAL ASSEMBLY-REAR,C00106878-4100-EEFE08,C00106878-4100,,https://shane.maxusvanparts.co.uk/wp-admin/post.php?post=75062&action=edit
75068,LONGITUDINAL ASSEMBLY-REAR,C00106879-4100-79B25E,C00106879-4100,,https://shane.maxusvanparts.co.uk/wp-admin/post.php?post=75068&action=edit
75078,PANEL ASSEMBLY-C PILLAR  OUTER,C00118331-4100-70A7A8,C00118331-4100,,https://shane.maxusvanparts.co.uk/wp-admin/post.php?post=75078&action=edit
75079,PANEL ASSEMBLY-UPPER BULKHEAD EXTENSION,C00112356-4100-D493A3,C00112356-4100,,https://shane.maxusvanparts.co.uk/wp-admin/post.php?post=75079&action=edit
75090,PANEL ASSEMBLY-UPPER BULKHEAD,C00112461-4100-03CF37,C00112461-4100,,https://shane.maxusvanparts.co.uk/wp-admin/post.php?post=75090&action=edit
75125,PIPE-EXHAUST TAIL,C00101866-B0C415,C00101866,,https://shane.maxusvanparts.co.uk/wp-admin/post.php?post=75125&action=edit
75175,PLATE-BODY CENTER PILLAR INNER,C00102581-4100-8F4BFA,C00102581-4100,,https://shane.maxusvanparts.co.uk/wp-admin/post.php?post=75175&action=edit
75184,REINFORCEMENT ASSEMBLY-B/PILLAR,C00109185-4100-E6AB5E,C00109185-4100,,https://shane.maxusvanparts.co.uk/wp-admin/post.php?post=75184&action=edit
75204,PANEL-FRONT SIDE PANEL INNER TRIM,C00109668-97D39B,C00109668,,https://shane.maxusvanparts.co.uk/wp-admin/post.php?post=75204&action=edit
75221,PIPE-EXHAUST TAIL,C00165650-B8829B,C00165650,,https://shane.maxusvanparts.co.uk/wp-admin/post.php?post=75221&action=edit
75272,PIPE ASSEMBLY-REAR BRK(CTR),C00105336-EF7254,C00105336,,https://shane.maxusvanparts.co.uk/wp-admin/post.php?post=75272&action=edit
75279,PIPE ASSEMBLY-REAR BRK(CTR),C00105340-5BD71D,C00105340,,https://shane.maxusvanparts.co.uk/wp-admin/post.php?post=75279&action=edit
75287,REINFORCEMENT ASSEMBLY-CENTER PILLAR,C00117852-4100-00DE9E,C00117852-4100,,https://shane.maxusvanparts.co.uk/wp-admin/post.php?post=75287&action=edit
75291,PANEL-REAR SIDE PANEL INNER TRIM,C00117991-D2D90F,C00117991,,https://shane.maxusvanparts.co.uk/wp-admin/post.php?post=75291&action=edit
75302,HEADLINING ASSEMBLY-DRIVER,C00203234-F21FAF,C00203234,,https://shane.maxusvanparts.co.uk/wp-admin/post.php?post=75302&action=edit
75401,TRIM-REAR WHEELHOUSE COVER,C00191654-00AE09,C00191654,,https://shane.maxusvanparts.co.uk/wp-admin/post.php?post=75401&action=edit
75407,TRIM-REAR WHEELHOUSE COVER,C00191655-490BDF,C00191655,,https://shane.maxusvanparts.co.uk/wp-admin/post.php?post=75407&action=edit
75524,HARNESS-REAR DOOR,C00200268-CA4FD6,C00200268,,https://shane.maxusvanparts.co.uk/wp-admin/post.php?post=75524&action=edit
75530,HARNESS-REAR DOOR,C00200270-310343,C00200270,,https://shane.maxusvanparts.co.uk/wp-admin/post.php?post=75530&action=edit
75540,PLATE ASSEMBLY-BODY SIDE MID UPPER,C00200521-4100-758989,C00200521-4100,,https://shane.maxusvanparts.co.uk/wp-admin/post.php?post=75540&action=edit
75619,PLATE-BODY SIDE MID,C00235572-4100-78CD6C,C00235572-4100,,https://shane.maxusvanparts.co.uk/wp-admin/post.php?post=75619&action=edit
75635,COVER-LICENCE CIS,C00236683-FB7237,C00236683,,https://shane.maxusvanparts.co.uk/wp-admin/post.php?post=75635&action=edit
75685,PANEL ASSEMBLY-UPPER SIDE RAIL INSTALL,C00241088-4100-9208C7,C00241088-4100,,https://shane.maxusvanparts.co.uk/wp-admin/post.php?post=75685&action=edit
75691,ELECTRONIC CONTROL UNIT-PEPS,C00243060-A21D5D,C00243060,,https://shane.maxusvanparts.co.uk/wp-admin/post.php?post=75691&action=edit
75697,TRANSITION ASSEMBLY-SLIDING DOOR LATCH,C00243346-2D8BAF,C00243346,,https://shane.maxusvanparts.co.uk/wp-admin/post.php?post=75697&action=edit
75853,PANEL ASSEMBLY-PILLAR D OUTER PANEL REINFORCEMENT,C00254221-4100-5AAD81,C00254221-4100,,https://shane.maxusvanparts.co.uk/wp-admin/post.php?post=75853&action=edit
75857,CROSSMEMBER ASSEMBLY-#5,C00283252-4100-B17672,C00283252-4100,,https://shane.maxusvanparts.co.uk/wp-admin/post.php?post=75857&action=edit
76097,PIN-SELECTOR CABLE ASSEMBLY,B00004140-9D90B8,B00004140,,https://shane.maxusvanparts.co.uk/wp-admin/post.php?post=76097&action=edit
76200,CLAMP-RADIATOR TO SURGE TANK HOSE,B00004645-03F390,B00004645,,https://shane.maxusvanparts.co.uk/wp-admin/post.php?post=76200&action=edit
76215,BOLT/SCREW-A PILLAR TRIM LOW,B00004107-612961,B00004107,,https://shane.maxusvanparts.co.uk/wp-admin/post.php?post=76215&action=edit
76220,WASHER-POWER STEERING FLUID RESERVOIR BRACKET,B00003519-9D4E9A,B00003519,,https://shane.maxusvanparts.co.uk/wp-admin/post.php?post=76220&action=edit
76264,BOLT/SCREW-FRONT WHEELHOUSE LINER,B00004197-A51751,B00004197,,https://shane.maxusvanparts.co.uk/wp-admin/post.php?post=76264&action=edit
76267,WASHER-SUPPT MOUNT TRA INSTALL BRACKET ASSEMBLY,B00004042-B8C331,B00004042,,https://shane.maxusvanparts.co.uk/wp-admin/post.php?post=76267&action=edit
76280,BOLT/SCREW-GLOVE BOX LOCKER,B00004112-43418B,B00004112,,https://shane.maxusvanparts.co.uk/wp-admin/post.php?post=76280&action=edit
76281,CLAMP-INTERCOOLER TO ENGINE HOSE,B00004730-C020C3,B00004730,,https://shane.maxusvanparts.co.uk/wp-admin/post.php?post=76281&action=edit
76284,BOLT-WIPER MOTOR,B00004022-EF6B92,B00004022,,https://shane.maxusvanparts.co.uk/wp-admin/post.php?post=76284&action=edit
76298,WASHER-FUEL TANK LOW CONE TO BODY CROSS MEMBER,B00004044-B8CC61,B00004044,,https://shane.maxusvanparts.co.uk/wp-admin/post.php?post=76298&action=edit
76300,CLIP NUT-IP CROSS MEMBER DASH PANEL,B00004200-E4B29C,B00004200,,https://shane.maxusvanparts.co.uk/wp-admin/post.php?post=76300&action=edit
76302,STRAP-POWER STEERING GEAR RESERVOIR,B00004778-893763,B00004778,,https://shane.maxusvanparts.co.uk/wp-admin/post.php?post=76302&action=edit
76327,BOLT/SCREW-AIR BAG ELECTRONIC CONTROL UNIT,B00004127-08E65A,B00004127,,https://shane.maxusvanparts.co.uk/wp-admin/post.php?post=76327&action=edit
76353,CLAMP-ENGINE TO SURGE TANK HOSE,B00004571-17E1D9,B00004571,,https://shane.maxusvanparts.co.uk/wp-admin/post.php?post=76353&action=edit
76364,NUT-HIGH PRESSURE FUEL PIPE TO S/FRAME,B00004611-D21290,B00004611,,https://shane.maxusvanparts.co.uk/wp-admin/post.php?post=76364&action=edit
76368,CLAMP-HEATER HOSE,B00005104-CA2BAD,B00005104,,https://shane.maxusvanparts.co.uk/wp-admin/post.php?post=76368&action=edit
76374,CLAMP-HEATER HOSE,B00005189-36112F,B00005189,,https://shane.maxusvanparts.co.uk/wp-admin/post.php?post=76374&action=edit
76386,CLUTCH MASTER CYLINDER RESERVOIR TO MASTER CYLINDER HOSE,B00005191-C2F37B,B00005191,,https://shane.maxusvanparts.co.uk/wp-admin/post.php?post=76386&action=edit
76396,BOLT-WASHER WATER TANK ASSEMBLY,B00005243-F7D815,B00005243,,https://shane.maxusvanparts.co.uk/wp-admin/post.php?post=76396&action=edit
76400,STRAP-FRONT FUEL TANK,C00001265-E42C3E,C00001265,,https://shane.maxusvanparts.co.uk/wp-admin/post.php?post=76400&action=edit
76402,CLIP-BRAKE PIPE SINGLE I,C00001664-9881BB,C00001664,,https://shane.maxusvanparts.co.uk/wp-admin/post.php?post=76402&action=edit
76406,STRAP-REAR FUEL TANK,C00001266-FC7888,C00001266,,https://shane.maxusvanparts.co.uk/wp-admin/post.php?post=76406&action=edit
76407,CLAMP-RADIATOR BOTTOM HOSE,B00005279-F5A6E7,B00005279,,https://shane.maxusvanparts.co.uk/wp-admin/post.php?post=76407&action=edit
76429,PIN-GLOVE BOX HINGE,C00003114-876EA3,C00003114,,https://shane.maxusvanparts.co.uk/wp-admin/post.php?post=76429&action=edit
76439,CLAMP-RADIATOR UPPER  HOSE,B00005383-B2193A,B00005383,,https://shane.maxusvanparts.co.uk/wp-admin/post.php?post=76439&action=edit
76441,GUARD-INSTRUMENT PANEL CENTER/CENTRE LOWER,C00003120-A006-819C29,C00003120-A006,,https://shane.maxusvanparts.co.uk/wp-admin/post.php?post=76441&action=edit
76445,WASHER-REAR SHOCK ABSORBER TO BODY,C00002905-1C23F9,C00002905,,https://shane.maxusvanparts.co.uk/wp-admin/post.php?post=76445&action=edit
76453,O RING-FUEL FLRT,C00003129-8427D2,C00003129,,https://shane.maxusvanparts.co.uk/wp-admin/post.php?post=76453&action=edit
76455,ORING-RESERVOIR GUTTER HOSE,C00001367-B5C862,C00001367,,https://shane.maxusvanparts.co.uk/wp-admin/post.php?post=76455&action=edit
76460,TRIM-FRONT SIDE DOOR STEP COVER,C00001716-F006-7C7811,C00001716-F006,,https://shane.maxusvanparts.co.uk/wp-admin/post.php?post=76460&action=edit
76469,BRACKET-POWER STEERING PUMP,C00002348-1F556B,C00002348,,https://shane.maxusvanparts.co.uk/wp-admin/post.php?post=76469&action=edit
76476,CIRCLE-CIGARETTE LIGHTER INSTALL,C00000045-A033-21DB6F,C00000045-A033,,https://shane.maxusvanparts.co.uk/wp-admin/post.php?post=76476&action=edit
76482,LIGHTER-CIGARETTE,C00000046-A033-600A7D,C00000046-A033,,https://shane.maxusvanparts.co.uk/wp-admin/post.php?post=76482&action=edit
76483,BOLT-FRONT SIDE PANEL ASSEMBLY,C00001997-38C123,C00001997,,https://shane.maxusvanparts.co.uk/wp-admin/post.php?post=76483&action=edit
76492,PLATE ASSEMBLY-CONSOLE UPPER TRIM,C00002935-892734,C00002935,,https://shane.maxusvanparts.co.uk/wp-admin/post.php?post=76492&action=edit
76504,HOLDER-CONSOLE LOWER TRIM PANEL,C00002942-AF238E,C00002942,,https://shane.maxusvanparts.co.uk/wp-admin/post.php?post=76504&action=edit
76538,BRACKET-DUST SHIELD FLYWHEEL,C00001530-0460B7,C00001530,,https://shane.maxusvanparts.co.uk/wp-admin/post.php?post=76538&action=edit
76552,WASHER-INSTRUMENT PANEL DEFROSTER HOSE,C00003022-640367,C00003022,,https://shane.maxusvanparts.co.uk/wp-admin/post.php?post=76552&action=edit
76560,BOLT/SCREW-BATTERY HARNESS GROUND,C00003460-F7D8AD,C00003460,,https://shane.maxusvanparts.co.uk/wp-admin/post.php?post=76560&action=edit
76569,DAMP MAT-SPARE WHEEL CARRIER,C00001608-21BF91,C00001608,,https://shane.maxusvanparts.co.uk/wp-admin/post.php?post=76569&action=edit
76571,MOUNT-AIR CLEANER,C00002458-D5BF2A,C00002458,,https://shane.maxusvanparts.co.uk/wp-admin/post.php?post=76571&action=edit
76572,BOLT/SCREW-FRONT ROOF INTERIOR READING LAMP MOUNTING,C00003461-EEA324,C00003461,,https://shane.maxusvanparts.co.uk/wp-admin/post.php?post=76572&action=edit
76576,CLIP-VACUUM PIPE TO FILTER RETURN TUBE,C00001613-A171C0,C00001613,,https://shane.maxusvanparts.co.uk/wp-admin/post.php?post=76576&action=edit
76580,CLIP-FUEL VENT HOSE TO FUEL FILLER MASTER HOSE,C00003034-152788,C00003034,,https://shane.maxusvanparts.co.uk/wp-admin/post.php?post=76580&action=edit
76589,PIPE-FUEL FLRT,C00002478-2B2402,C00002478,,https://shane.maxusvanparts.co.uk/wp-admin/post.php?post=76589&action=edit
76592,CLIP-ROOF HEADLINING TRIM PANEL,C00000601-A004-65916B,C00000601-A004,,https://shane.maxusvanparts.co.uk/wp-admin/post.php?post=76592&action=edit
76593,CLIP-VACUUM PUMP PIPE TO EXHAUST GAS RECIRCULATION MOD PIPE ASSEMBLY,C00001620-EAFDF9,C00001620,,https://shane.maxusvanparts.co.uk/wp-admin/post.php?post=76593&action=edit
76594,DUCT ASSEMBLY-VENTILATION,C00003037-5B422E,C00003037,,https://shane.maxusvanparts.co.uk/wp-admin/post.php?post=76594&action=edit
76598,CLIP-ROOF HEADLINING TRIM PANEL,C00000602-A004-490F73,C00000602-A004,,https://shane.maxusvanparts.co.uk/wp-admin/post.php?post=76598&action=edit
76601,BOX-FRONT SIDE DOOR RESERVE,C00002166-A086-0E1AF2,C00002166-A086,,https://shane.maxusvanparts.co.uk/wp-admin/post.php?post=76601&action=edit
76604,DUCT ASSEMBLY-VENTILATION,C00003041-4CEBCA,C00003041,,https://shane.maxusvanparts.co.uk/wp-admin/post.php?post=76604&action=edit
76606,CLIP-OIL RETURN INTERNAL TUBE ASSEMBLY TO TURBINE TO INTERCOOLER PIPE BRACKET,C00001622-AAC86B,C00001622,,https://shane.maxusvanparts.co.uk/wp-admin/post.php?post=76606&action=edit
76609,CONE-FUEL TANK LOWER,C00002493-5BD7E8,C00002493,,https://shane.maxusvanparts.co.uk/wp-admin/post.php?post=76609&action=edit
76616,COVER ASSEMBLY-INSTRUMENT CLUSTER,C00003045-A015-40EFC2,C00003045-A015,,https://shane.maxusvanparts.co.uk/wp-admin/post.php?post=76616&action=edit
76617,CLIP-VACUUM PIPE TO FILTER RETURN TUBE,C00001623-92F402,C00001623,,https://shane.maxusvanparts.co.uk/wp-admin/post.php?post=76617&action=edit
76628,GRILLE-INSTRUMENT PANEL SPEAKER,C00003046-A009-49FFBD,C00003046-A009,,https://shane.maxusvanparts.co.uk/wp-admin/post.php?post=76628&action=edit
76635,CLIP-FRONT HEATER PIPE TO AIR CONDITIONING PIPE,C00001624-AF49FC,C00001624,,https://shane.maxusvanparts.co.uk/wp-admin/post.php?post=76635&action=edit
76636,COVER-FRONT SIDE DOOR HANDLE,C00003598-34523A,C00003598,,https://shane.maxusvanparts.co.uk/wp-admin/post.php?post=76636&action=edit
76640,GRILLE-INSTRUMENT PANEL SPEAKER,C00003047-A009-01F324,C00003047-A009,,https://shane.maxusvanparts.co.uk/wp-admin/post.php?post=76640&action=edit
76653,CAP-INSTRUMENT PANEL MOUNT HOLE,C00003049-A008-9A6949,C00003049-A008,,https://shane.maxusvanparts.co.uk/wp-admin/post.php?post=76653&action=edit
76654,COVER-FRONT SIDE DOOR HANDLE,C00003601-705C88,C00003601,,https://shane.maxusvanparts.co.uk/wp-admin/post.php?post=76654&action=edit
76657,CLIP-CLUTCH MASTER RELEASE CYLINDER CONNECTOR HOSE TO TRANSMISSION,C00001626-13556E,C00001626,,https://shane.maxusvanparts.co.uk/wp-admin/post.php?post=76657&action=edit
76665,DUCT-SIDE DEMIST,C00003057-84374B,C00003057,,https://shane.maxusvanparts.co.uk/wp-admin/post.php?post=76665&action=edit
76672,WASHER-FRONT LOWER CONTROL ARM TO S/FRAME,C00003655-B3984E,C00003655,,https://shane.maxusvanparts.co.uk/wp-admin/post.php?post=76672&action=edit
76675,BRACKET-ENGINE WATER OUTLET HOSE,C00001629-49D828,C00001629,,https://shane.maxusvanparts.co.uk/wp-admin/post.php?post=76675&action=edit
76677,DUCT-SIDE DEMIST,C00003058-1D6783,C00003058,,https://shane.maxusvanparts.co.uk/wp-admin/post.php?post=76677&action=edit
76678,WASHER-FRONT LOWER CONTROL ARM TO S/FRAME,C00003658-23C8C7,C00003658,,https://shane.maxusvanparts.co.uk/wp-admin/post.php?post=76678&action=edit
76683,BOLT-FRONT CONTROL ARM TO SUB FRAME REAR INSTALL BRACKET,C00003659-CC2766,C00003659,,https://shane.maxusvanparts.co.uk/wp-admin/post.php?post=76683&action=edit
76700,SPANNER,C00005833-C41DF6,C00005833,,https://shane.maxusvanparts.co.uk/wp-admin/post.php?post=76700&action=edit
76706,SCREWDRIVER,C00005836-1CE1E9,C00005836,,https://shane.maxusvanparts.co.uk/wp-admin/post.php?post=76706&action=edit
76708,PLUG-FRONT PEDAL ASSEMBLY,C00009218-4358B9,C00009218,,https://shane.maxusvanparts.co.uk/wp-admin/post.php?post=76708&action=edit
76712,HANDLE-SCREWDRIVER,C00005837-D672FC,C00005837,,https://shane.maxusvanparts.co.uk/wp-admin/post.php?post=76712&action=edit
76719,PLUG-FRONT WHEELHOUSE DOUBLE SEAL,C00009221-5BC7C3,C00009221,,https://shane.maxusvanparts.co.uk/wp-admin/post.php?post=76719&action=edit
76724,CLIP-WASHER HOSE,C00005871-F9B3A4,C00005871,,https://shane.maxusvanparts.co.uk/wp-admin/post.php?post=76724&action=edit
76731,PLUG-FRONT SIDE PANEL OUTER PANEL,C00009223-9D375F,C00009223,,https://shane.maxusvanparts.co.uk/wp-admin/post.php?post=76731&action=edit
76735,HOSE ASSEMBLY-FRONT SOLVENT,C00013571-A8A6BC,C00013571,,https://shane.maxusvanparts.co.uk/wp-admin/post.php?post=76735&action=edit
76737,PLUGS-REAR FLOOR,C00009225-2E41BC,C00009225,,https://shane.maxusvanparts.co.uk/wp-admin/post.php?post=76737&action=edit
76739,SHIELD-AIR INLET DUST SIDE,C00003835-4F9328,C00003835,,https://shane.maxusvanparts.co.uk/wp-admin/post.php?post=76739&action=edit
76745,CLIP-SIDE AIR INLET SHIELD TO FRAME,C00003836-BEBE10,C00003836,,https://shane.maxusvanparts.co.uk/wp-admin/post.php?post=76745&action=edit
76747,HOSE ASSEMBLY-FRONT SOLVENT,C00013572-0D3D05,C00013572,,https://shane.maxusvanparts.co.uk/wp-admin/post.php?post=76747&action=edit
76749,SCREW-REAR BRAKE CALIPER BLEED,C00013529-B0FA40,C00013529,,https://shane.maxusvanparts.co.uk/wp-admin/post.php?post=76749&action=edit
76759,HOSE ASSEMBLY-FRONT SOLVENT,C00013573-D3ED44,C00013573,,https://shane.maxusvanparts.co.uk/wp-admin/post.php?post=76759&action=edit
76762,KNOB-FRONT SEAT BELT HEIGHT ADJUST,C00006098-A007-77F25E,C00006098-A007,,https://shane.maxusvanparts.co.uk/wp-admin/post.php?post=76762&action=edit
76763,BOLT ASSEMBLY-FRONT SIDE RAIL INNER PANEL ASSEMBLY EARTH,C00003908-4C0E27,C00003908,,https://shane.maxusvanparts.co.uk/wp-admin/post.php?post=76763&action=edit
76767,NUT-FRONT SEAT BELT HEIGHT ADJUST,C00006099-3F71B7,C00006099,,https://shane.maxusvanparts.co.uk/wp-admin/post.php?post=76767&action=edit
76771,HOSE ASSEMBLY-FRONT SOLVENT,C00013574-3463B3,C00013574,,https://shane.maxusvanparts.co.uk/wp-admin/post.php?post=76771&action=edit
76784,SCREW-STOP LAMP,C00013535-FA55C0,C00013535,,https://shane.maxusvanparts.co.uk/wp-admin/post.php?post=76784&action=edit
76795,BRACKET-INSTRUMENT PANEL SUPPORT CENTER/CENTRE,C00005114-4100-687EFF,C00005114-4100,,https://shane.maxusvanparts.co.uk/wp-admin/post.php?post=76795&action=edit
76812,COVER-CENTER/CENTRE CONSOLE SMALL SWITCH,C00011392-D445AA,C00011392,,https://shane.maxusvanparts.co.uk/wp-admin/post.php?post=76812&action=edit
76814,WASHER-INSTRUMENT CLUSTER COVER,C00004119-7556BC,C00004119,,https://shane.maxusvanparts.co.uk/wp-admin/post.php?post=76814&action=edit
76819,FILTER-HYDRAULIC BRAKE FLUID,C00013543-41C8FC,C00013543,,https://shane.maxusvanparts.co.uk/wp-admin/post.php?post=76819&action=edit
76824,COVER-CENTER/CENTRE CONSOLE SMALL SWITCH,C00011396-E018EA,C00011396,,https://shane.maxusvanparts.co.uk/wp-admin/post.php?post=76824&action=edit
76826,WASHER-INSTRUMENT PANEL FRONT,C00004120-9A33E3,C00004120,,https://shane.maxusvanparts.co.uk/wp-admin/post.php?post=76826&action=edit
76831,PIN-BRAKE RESERVOIR,C00013545-7B5741,C00013545,,https://shane.maxusvanparts.co.uk/wp-admin/post.php?post=76831&action=edit
76845,HOSE ASSEMBLY-RESERVOIR,C00006451-EE3567,C00006451,,https://shane.maxusvanparts.co.uk/wp-admin/post.php?post=76845&action=edit
76863,CROSSMEMBER-SPARE TYRE REAR,C00011670-4100-C0327C,C00011670-4100,,https://shane.maxusvanparts.co.uk/wp-admin/post.php?post=76863&action=edit
76865,BOLT-SUPPT MOUNT TRA INSTALL BRACKET ASSEMBLY,C00006524-8097B0,C00006524,,https://shane.maxusvanparts.co.uk/wp-admin/post.php?post=76865&action=edit
76866,NUT-VACUUM BOOSTER TO MASTER CYLINDER,C00013548-C7AFA6,C00013548,,https://shane.maxusvanparts.co.uk/wp-admin/post.php?post=76866&action=edit
76869,CROSSMEMBER ASSEMBLY-FLOOR CAB REAR,C00004192-4100-1ECE4E,C00004192-4100,,https://shane.maxusvanparts.co.uk/wp-admin/post.php?post=76869&action=edit
76870,HARNESS-FRONT AIR CONDITIONING,C00013624-13C38A,C00013624,,https://shane.maxusvanparts.co.uk/wp-admin/post.php?post=76870&action=edit
76881,CAP-FRONT HOOD HARNESS FUSE BOX UNDER,C00013705-EE9417,C00013705,,https://shane.maxusvanparts.co.uk/wp-admin/post.php?post=76881&action=edit
76884,HEIGHT ADJUSTOR ASSEMBLY-FRONT SEAT BELT,C00005622-DF32B3,C00005622,,https://shane.maxusvanparts.co.uk/wp-admin/post.php?post=76884&action=edit
76888,GASKET-POWER BRAKE BOOSTER,C00013550-E99D09,C00013550,,https://shane.maxusvanparts.co.uk/wp-admin/post.php?post=76888&action=edit
76897,NUT-WIPER ARM,C00006601-662722,C00006601,,https://shane.maxusvanparts.co.uk/wp-admin/post.php?post=76897&action=edit
76898,STUD-FUEL TANK ASSEMBLY TO BODY,C00013187-0B924A,C00013187,,https://shane.maxusvanparts.co.uk/wp-admin/post.php?post=76898&action=edit
76900,GASKET-POWER BRAKE BOOSTER,C00013551-3B4D9B,C00013551,,https://shane.maxusvanparts.co.uk/wp-admin/post.php?post=76900&action=edit
76901,BOLT/SCREW-INSTRUMENT PANEL CROSS MEMBER TO BODY,C00005653-00C7F9,C00005653,,https://shane.maxusvanparts.co.uk/wp-admin/post.php?post=76901&action=edit
76912,NUT-BRAKE PEDAL,C00013552-3D3BDC,C00013552,,https://shane.maxusvanparts.co.uk/wp-admin/post.php?post=76912&action=edit
76921,FUSE-FRONT HOOD HARNESS,C00013723-DF0A5F,C00013723,,https://shane.maxusvanparts.co.uk/wp-admin/post.php?post=76921&action=edit
76925,WASHER-PEDAL BOX,C00013553-6356C8,C00013553,,https://shane.maxusvanparts.co.uk/wp-admin/post.php?post=76925&action=edit
76927,PENSTOCK-AIR CLEANER,C00013724-30485C,C00013724,,https://shane.maxusvanparts.co.uk/wp-admin/post.php?post=76927&action=edit
76936,CLIP-PLENUM DRAIN HOSE,C00004305-348673,C00004305,,https://shane.maxusvanparts.co.uk/wp-admin/post.php?post=76936&action=edit
76937,CONE-TANK UPPER,C00006816-F24FA4,C00006816,,https://shane.maxusvanparts.co.uk/wp-admin/post.php?post=76937&action=edit
76938,BUSHING-PEDAL BOX,C00013554-EC8495,C00013554,,https://shane.maxusvanparts.co.uk/wp-admin/post.php?post=76938&action=edit
76941,PLUG-FRONT AC DRAIN HOSE,C00004310-863563,C00004310,,https://shane.maxusvanparts.co.uk/wp-admin/post.php?post=76941&action=edit
76947,FRONT FLOOR-COCKPIT,C00004451-4100-AA022B,C00004451-4100,,https://shane.maxusvanparts.co.uk/wp-admin/post.php?post=76947&action=edit
76958,CAP-FRONT BRAKE CALIPER BLEED SCREW,C00013515-AF4576,C00013515,,https://shane.maxusvanparts.co.uk/wp-admin/post.php?post=76958&action=edit
76959,BUMPER-BRAKE PEDAL,C00013561-2E0043,C00013561,,https://shane.maxusvanparts.co.uk/wp-admin/post.php?post=76959&action=edit
76965,SCREW-FRONT BRAKE CALIPER BLEED,C00013516-40D006,C00013516,,https://shane.maxusvanparts.co.uk/wp-admin/post.php?post=76965&action=edit
76967,KEY-SYNCHRO,C00013882-5506AF,C00013882,,https://shane.maxusvanparts.co.uk/wp-admin/post.php?post=76967&action=edit
76989,COVER-FRONT SEAT BELT D LOOP GUIDE,C00008658-A007-5B51F4,C00008658-A007,,https://shane.maxusvanparts.co.uk/wp-admin/post.php?post=76989&action=edit
76994,BRACKET-FRONT BRAKE HOSE,C00005832-7422A1,C00005832,,https://shane.maxusvanparts.co.uk/wp-admin/post.php?post=76994&action=edit
77003,DOWEL PIN-CYLINDER UPPER COVER,C00014503-9E9C6E,C00014503,,https://shane.maxusvanparts.co.uk/wp-admin/post.php?post=77003&action=edit
77004,MOUT-AIR SPRING LOWER,C00014559-85EC7A,C00014559,,https://shane.maxusvanparts.co.uk/wp-admin/post.php?post=77004&action=edit
77006,BRACKET-AIR CONDITIONING COMPRESSOR,C00014692-B2AD89,C00014692,,https://shane.maxusvanparts.co.uk/wp-admin/post.php?post=77006&action=edit
77007,SPRING-VALVE,C00014560-80E6F2,C00014560,,https://shane.maxusvanparts.co.uk/wp-admin/post.php?post=77007&action=edit
77011,MOUT-AIR SPRING UPPER,C00014561-B57D81,C00014561,,https://shane.maxusvanparts.co.uk/wp-admin/post.php?post=77011&action=edit
77015,DOWEL PIN-AIR CONDITIONING GENERATOR BRACKET,C00014693-4EDE30,C00014693,,https://shane.maxusvanparts.co.uk/wp-admin/post.php?post=77015&action=edit
77016,BOLT-FUEL RETURN HOSE,C00016150-377965,C00016150,,https://shane.maxusvanparts.co.uk/wp-admin/post.php?post=77016&action=edit
77018,FRONT BEARING ASSY -ENGINE,C00014505-A6CCC8,C00014505,,https://shane.maxusvanparts.co.uk/wp-admin/post.php?post=77018&action=edit
77024,FRONT BEARING ASSY -ENGINE,C00014506-1E1564,C00014506,,https://shane.maxusvanparts.co.uk/wp-admin/post.php?post=77024&action=edit
77031,OIL VALVE PLUG ASSY-CYLINDER BLOCK,C00014507-260BBC,C00014507,,https://shane.maxusvanparts.co.uk/wp-admin/post.php?post=77031&action=edit
77033,LIFT HOOK-ENGINE,C00014696-565C16,C00014696,,https://shane.maxusvanparts.co.uk/wp-admin/post.php?post=77033&action=edit
77035,INTERMEDIATE BEARING HOUSING ASSY-ENGINE,C00014568-40E204,C00014568,,https://shane.maxusvanparts.co.uk/wp-admin/post.php?post=77035&action=edit
77036,PLUG-OIL SUMP,C00014636-E8B608,C00014636,,https://shane.maxusvanparts.co.uk/wp-admin/post.php?post=77036&action=edit
77037,O RING-OIL VALVE,C00014508-5E750E,C00014508,,https://shane.maxusvanparts.co.uk/wp-admin/post.php?post=77037&action=edit
77044,SPRING-BRAKE PEDAL,C00015744-EBAC25,C00015744,,https://shane.maxusvanparts.co.uk/wp-admin/post.php?post=77044&action=edit
77045,OIL RELIEF VALVE SPRING-CYLINDER BLOCK,C00014509-088154,C00014509,,https://shane.maxusvanparts.co.uk/wp-admin/post.php?post=77045&action=edit
77046,BOLT/SCREW-TURBOCHARGER BRACKET,C00016153-B1B352,C00016153,,https://shane.maxusvanparts.co.uk/wp-admin/post.php?post=77046&action=edit
77047,SCREW-CRANKSHAFT SPEED SENSOR WHEEL,C00014571-D03220,C00014571,,https://shane.maxusvanparts.co.uk/wp-admin/post.php?post=77047&action=edit
77051,CLAMP-EXHAUST GAS RECIRCULATION PIPE,C00016157-64A0BC,C00016157,,https://shane.maxusvanparts.co.uk/wp-admin/post.php?post=77051&action=edit
77052,OIL PRESSURE VALVE-CYLINDER BLOCK,C00014510-9087A6,C00014510,,https://shane.maxusvanparts.co.uk/wp-admin/post.php?post=77052&action=edit
77053,BOLT-PEDAL BOX,C00015745-44070E,C00015745,,https://shane.maxusvanparts.co.uk/wp-admin/post.php?post=77053&action=edit
77058,DOWEL PIN-CYLINDER HEAD,C00014511-4EA01A,C00014511,,https://shane.maxusvanparts.co.uk/wp-admin/post.php?post=77058&action=edit
77059,BOLT-PEDAL BOX,C00015746-C5E21C,C00015746,,https://shane.maxusvanparts.co.uk/wp-admin/post.php?post=77059&action=edit
77060,BRACKET-BY PASSENGER HOSE,C00014701-AB3C12,C00014701,,https://shane.maxusvanparts.co.uk/wp-admin/post.php?post=77060&action=edit
77070,PLUG-CYLINDER BLOCK ASSEMBLY,C00014512-3C4672,C00014512,,https://shane.maxusvanparts.co.uk/wp-admin/post.php?post=77070&action=edit
77071,GASKET-OIL FILLER CAP,C00014704-4923ED,C00014704,,https://shane.maxusvanparts.co.uk/wp-admin/post.php?post=77071&action=edit
77074,BOLT-REAR BEARING PILLOW,C00014577-98BE63,C00014577,,https://shane.maxusvanparts.co.uk/wp-admin/post.php?post=77074&action=edit
77075,SEAL-CRANKSHAFT FRONT OIL,C00014515-EF172D,C00014515,,https://shane.maxusvanparts.co.uk/wp-admin/post.php?post=77075&action=edit
77076,PIPE-OIL PUMP INLET,C00014639-61CB9B,C00014639,,https://shane.maxusvanparts.co.uk/wp-admin/post.php?post=77076&action=edit
77085,SPROCKET ASSEMBLY-TIMING,C00014517-7FE286,C00014517,,https://shane.maxusvanparts.co.uk/wp-admin/post.php?post=77085&action=edit
77086,GUDGEON PIN-PISTON/CONNECTOR ROD ASSEMBLY,C00014583-C0F064,C00014583,,https://shane.maxusvanparts.co.uk/wp-admin/post.php?post=77086&action=edit
77087,O RING-OIL PUMP INLET PIPE,C00014640-3EC832,C00014640,,https://shane.maxusvanparts.co.uk/wp-admin/post.php?post=77087&action=edit
77090,CLAMP-FUEL LINE,C00016165-DFAB0E,C00016165,,https://shane.maxusvanparts.co.uk/wp-admin/post.php?post=77090&action=edit
77092,ROD ASSEMBLY-CONNECTOR,C00014584-53B1CD,C00014584,,https://shane.maxusvanparts.co.uk/wp-admin/post.php?post=77092&action=edit
77095,NUT-HIGH PRESSURE PUMP PUMP SPROCKET,C00016166-341BC9,C00016166,,https://shane.maxusvanparts.co.uk/wp-admin/post.php?post=77095&action=edit
77096,CYLINDER BLOCK ASSY MACHINGED-EGN,C00016114-584207,C00016114,,https://shane.maxusvanparts.co.uk/wp-admin/post.php?post=77096&action=edit
77097,BUSHING-TIMING SPROCKET CHAMBER,C00014519-E33092,C00014519,,https://shane.maxusvanparts.co.uk/wp-admin/post.php?post=77097&action=edit
77099,STUD-HIGH PRESSURE PUMP,C00016167-C4C899,C00016167,,https://shane.maxusvanparts.co.uk/wp-admin/post.php?post=77099&action=edit
77100,HOSE TURBOCHARGER-OIL RETURN RUBBER,C00014642-F18FF4,C00014642,,https://shane.maxusvanparts.co.uk/wp-admin/post.php?post=77100&action=edit
77102,GASKETS KIT-CYLINDER,C00016115-15668A,C00016115,,https://shane.maxusvanparts.co.uk/wp-admin/post.php?post=77102&action=edit
77103,CUSHION-TIMING SPROCKET CHAMBER,C00014520-DD4C8A,C00014520,,https://shane.maxusvanparts.co.uk/wp-admin/post.php?post=77103&action=edit
77105,NOZZLE-PISTON COOLING,C00014586-842974,C00014586,,https://shane.maxusvanparts.co.uk/wp-admin/post.php?post=77105&action=edit
77106,SECTION-PISTON RING MAINTENANCE,C00014713-C9E131,C00014713,,https://shane.maxusvanparts.co.uk/wp-admin/post.php?post=77106&action=edit
77108,SECTION-CYLINDER LINER SERVI,C00016116-E9817A,C00016116,,https://shane.maxusvanparts.co.uk/wp-admin/post.php?post=77108&action=edit
77109,BUSHING-TIMING SPROCKET CHAMBER,C00014521-03D544,C00014521,,https://shane.maxusvanparts.co.uk/wp-admin/post.php?post=77109&action=edit
77113,GASKET-CYLINDER,C00014590-B2A8EC,C00014590,,https://shane.maxusvanparts.co.uk/wp-admin/post.php?post=77113&action=edit
77114,SECTION-CYLINDER LINER SEAL SERVICE,C00016117-BBACA4,C00016117,,https://shane.maxusvanparts.co.uk/wp-admin/post.php?post=77114&action=edit
77115,GASKET-TIMING SPROCKET CHAMBER IDLER HOLE,C00014522-DCB153,C00014522,,https://shane.maxusvanparts.co.uk/wp-admin/post.php?post=77115&action=edit
77118,BOLT-POWER STEERING PUMP,C00016169-9F8A2A,C00016169,,https://shane.maxusvanparts.co.uk/wp-admin/post.php?post=77118&action=edit
77119,WASHER-CYLINDER BLOCK ASSEMBLY,C00016121-248BE9,C00016121,,https://shane.maxusvanparts.co.uk/wp-admin/post.php?post=77119&action=edit
77120,GASKET-CYLINDER,C00014591-3861D6,C00014591,,https://shane.maxusvanparts.co.uk/wp-admin/post.php?post=77120&action=edit
77123,NIPPLE-TURBOCHARGER OIL INLET PIPE,C00014647-DCBE78,C00014647,,https://shane.maxusvanparts.co.uk/wp-admin/post.php?post=77123&action=edit
77126,GASKET-CYLINDER,C00014592-400A21,C00014592,,https://shane.maxusvanparts.co.uk/wp-admin/post.php?post=77126&action=edit
77128,PLUG-CYLINDER BLOCK ASSEMBLY,C00014758-BED05E,C00014758,,https://shane.maxusvanparts.co.uk/wp-admin/post.php?post=77128&action=edit
77130,SCREW-OIL JET VALVE,C00016122-CC0B1A,C00016122,,https://shane.maxusvanparts.co.uk/wp-admin/post.php?post=77130&action=edit
77132,GASKET-CYLINDER,C00014593-9372E1,C00014593,,https://shane.maxusvanparts.co.uk/wp-admin/post.php?post=77132&action=edit
77133,BOLT-TIMING SPROCKET CHAMBER,C00014525-C334B8,C00014525,,https://shane.maxusvanparts.co.uk/wp-admin/post.php?post=77133&action=edit
77134,BRACKET-BY PASSENGER HOSE,C00014761-3A57C8,C00014761,,https://shane.maxusvanparts.co.uk/wp-admin/post.php?post=77134&action=edit
77135,SECTION-OIL PRESSURE VALVE SERVICE,C00016128-25A2E1,C00016128,,https://shane.maxusvanparts.co.uk/wp-admin/post.php?post=77135&action=edit
77136,BOLT-ENGINE FUEL INLET PIPE,C00016170-BA2A74,C00016170,,https://shane.maxusvanparts.co.uk/wp-admin/post.php?post=77136&action=edit
77137,GASKET-CYLINDER,C00014594-930290,C00014594,,https://shane.maxusvanparts.co.uk/wp-admin/post.php?post=77137&action=edit
77142,CLAMP-ENGINE FUEL INLET PIPE,C00016171-61301F,C00016171,,https://shane.maxusvanparts.co.uk/wp-admin/post.php?post=77142&action=edit
77143,OIL BAFFLE-OIL SUMP,C00014595-B463A4,C00014595,,https://shane.maxusvanparts.co.uk/wp-admin/post.php?post=77143&action=edit
77148,SCREW-CRANKSHAFT SHOCK ABSORBER,C00016132-13293A,C00016132,,https://shane.maxusvanparts.co.uk/wp-admin/post.php?post=77148&action=edit
77151,BRACKET-S/TANK TO WATT/PUMP HOSE,C00014771-4F9E93,C00014771,,https://shane.maxusvanparts.co.uk/wp-admin/post.php?post=77151&action=edit
77153,BOLT-GEAR CHAMBER COVER,C00016172-7E2598,C00016172,,https://shane.maxusvanparts.co.uk/wp-admin/post.php?post=77153&action=edit
77155,LOCATING PIN-OIL BOLSTER,C00014596-741321,C00014596,,https://shane.maxusvanparts.co.uk/wp-admin/post.php?post=77155&action=edit
77157,CLIP-EXHAUST GAS RECIRCULATION VACUUM PIPE,C00014791-779FBB,C00014791,,https://shane.maxusvanparts.co.uk/wp-admin/post.php?post=77157&action=edit
77170,CLIP-RADIATOR UPPER HOSE TO ENGINE HARNESS,C00014793-0BB38A,C00014793,,https://shane.maxusvanparts.co.uk/wp-admin/post.php?post=77170&action=edit
77174,SECTION-CYLINDER UPPER HEAD ASSEMBLY MAINTENANCE,C00016133-8DCCB5,C00016133,,https://shane.maxusvanparts.co.uk/wp-admin/post.php?post=77174&action=edit
77177,BRACKET-OIL PIPE,C00014794-127FBD,C00014794,,https://shane.maxusvanparts.co.uk/wp-admin/post.php?post=77177&action=edit
77178,STUD-WATER PUMP,C00016174-2C5205,C00016174,,https://shane.maxusvanparts.co.uk/wp-admin/post.php?post=77178&action=edit
77181,CLIP-OIL SUPPLY INTERNAL TUBE ASSEMBLY TO FRONT BRAKE PIPE,C00014800-84A060,C00014800,,https://shane.maxusvanparts.co.uk/wp-admin/post.php?post=77181&action=edit
77182,PLUG-CYLINDER HEAD ASSEMBLY,C00014539-B59D4F,C00014539,,https://shane.maxusvanparts.co.uk/wp-admin/post.php?post=77182&action=edit
77186,SECTION-OIL FILLER CAP SERVICE,C00016135-3E65B4,C00016135,,https://shane.maxusvanparts.co.uk/wp-admin/post.php?post=77186&action=edit
77189,PLUG-CYLINDER HEAD ASSEMBLY,C00014540-BF860F,C00014540,,https://shane.maxusvanparts.co.uk/wp-admin/post.php?post=77189&action=edit
77190,BOLT-WATER PUMP,C00016175-792855,C00016175,,https://shane.maxusvanparts.co.uk/wp-admin/post.php?post=77190&action=edit
77191,SECTION-OIL &amp; AIR SEPARATOR ASSEMBLY MAINTENANCE,C00016136-71BA54,C00016136,,https://shane.maxusvanparts.co.uk/wp-admin/post.php?post=77191&action=edit
77192,SENSOR-CRANKSHAFT SPEED,C00014661-376CC2,C00014661,,https://shane.maxusvanparts.co.uk/wp-admin/post.php?post=77192&action=edit
77194,CLIP-FUEL TANK TO FUEL FILTER RETURN TUBE,C00014812-403E78,C00014812,,https://shane.maxusvanparts.co.uk/wp-admin/post.php?post=77194&action=edit
77202,CLIP-OIL RETURN REAR TUBE ASSEMBLY TO AIR TANK BRACKET,C00014813-51CB83,C00014813,,https://shane.maxusvanparts.co.uk/wp-admin/post.php?post=77202&action=edit
77203,PLUG-CYLINDER HEAD COVER,C00016138-CCDACF,C00016138,,https://shane.maxusvanparts.co.uk/wp-admin/post.php?post=77203&action=edit
77207,DOWEL PIN-GEAR CHAMBER COVER,C00016177-F1D3DE,C00016177,,https://shane.maxusvanparts.co.uk/wp-admin/post.php?post=77207&action=edit
77211,SCREW-OIL PUMP ASSEMBLY,C00016178-BD6F7A,C00016178,,https://shane.maxusvanparts.co.uk/wp-admin/post.php?post=77211&action=edit
77212,STUD-RAIL AND WIRING HARNESS,C00014613-5749F0,C00014613,,https://shane.maxusvanparts.co.uk/wp-admin/post.php?post=77212&action=edit
77215,BRACKET-EXHAUST GAS RECIRCULATION VACUUM PIPE,C00015128-C7AC6B,C00015128,,https://shane.maxusvanparts.co.uk/wp-admin/post.php?post=77215&action=edit
77225,BOLT-CYLINDER UPPER COVER,C00016140-BA8585,C00016140,,https://shane.maxusvanparts.co.uk/wp-admin/post.php?post=77225&action=edit
77226,BRACKET A-CABLE,C00015181-129EC1,C00015181,,https://shane.maxusvanparts.co.uk/wp-admin/post.php?post=77226&action=edit
77227,CAMSHAFT-INTAKE,C00014548-C43A09,C00014548,,https://shane.maxusvanparts.co.uk/wp-admin/post.php?post=77227&action=edit
77228,BRACKET-ENGINE HARNESS,C00014664-4094B5,C00014664,,https://shane.maxusvanparts.co.uk/wp-admin/post.php?post=77228&action=edit
77230,WASHER-CAMSHAFT PHASER SENSOR,C00016179-23E262,C00016179,,https://shane.maxusvanparts.co.uk/wp-admin/post.php?post=77230&action=edit
77233,CAMSHAFT-EXHAUST,C00014549-E59690,C00014549,,https://shane.maxusvanparts.co.uk/wp-admin/post.php?post=77233&action=edit
77248,SCREW-OIL &amp; AIR SEPARATOR OUTLET PIPE,C00016142-B8C734,C00016142,,https://shane.maxusvanparts.co.uk/wp-admin/post.php?post=77248&action=edit
77255,SECTION-CRANKSHAFT SPEED SENSOR WHEEL MAINTENANCE,C00016144-1AEB0A,C00016144,,https://shane.maxusvanparts.co.uk/wp-admin/post.php?post=77255&action=edit
77257,CLAMP -PIPE-FUEL INLET RAIL,C00014623-B61E7E,C00014623,,https://shane.maxusvanparts.co.uk/wp-admin/post.php?post=77257&action=edit
77261,WASHER-OIL FILLER CAP SPACER,C00014555-451B4B,C00014555,,https://shane.maxusvanparts.co.uk/wp-admin/post.php?post=77261&action=edit
77265,BOLT-AIR CONDITIONING COMPRESSOR BRACKET,C00016180-1D55E9,C00016180,,https://shane.maxusvanparts.co.uk/wp-admin/post.php?post=77265&action=edit
77267,SECTION-PISTON MAINTENANCE,C00016146-44E2C5,C00016146,,https://shane.maxusvanparts.co.uk/wp-admin/post.php?post=77267&action=edit
77268,ELBOW-OIL &amp; AIR SEPARATOR OUTLET PIPE,C00014556-F00291,C00014556,,https://shane.maxusvanparts.co.uk/wp-admin/post.php?post=77268&action=edit
77269,HOSE ASSEMBLY-FUEL RETURN,C00014627-42E0CA,C00014627,,https://shane.maxusvanparts.co.uk/wp-admin/post.php?post=77269&action=edit
77273,PIN-FLYWHEEL,C00016147-E4F224,C00016147,,https://shane.maxusvanparts.co.uk/wp-admin/post.php?post=77273&action=edit
77274,SPACE-FUEL RETURN HOSE ASSEMBLY,C00014630-BA9E43,C00014630,,https://shane.maxusvanparts.co.uk/wp-admin/post.php?post=77274&action=edit
77277,BRACKET ASSEMBLY-TRANSMISSION INSTALL MOUNT,C00015303-B960C2,C00015303,,https://shane.maxusvanparts.co.uk/wp-admin/post.php?post=77277&action=edit
77278,RING-GUDGEON PIN RETAINER,C00016148-AB48B5,C00016148,,https://shane.maxusvanparts.co.uk/wp-admin/post.php?post=77278&action=edit
77282,BRACKET-RANS TO CLUTCH TUBE CLAMP,C00015334-EFDAE0,C00015334,,https://shane.maxusvanparts.co.uk/wp-admin/post.php?post=77282&action=edit
77288,BOLT-AIR CONDITIONING COMPRESSOR BRACKET,C00016181-56C651,C00016181,,https://shane.maxusvanparts.co.uk/wp-admin/post.php?post=77288&action=edit
77295,BOLT-AIR CONDITIONING COMPRESSOR BRACKET,C00016182-D23FEC,C00016182,,https://shane.maxusvanparts.co.uk/wp-admin/post.php?post=77295&action=edit
77297,SECTION-FRONT EVAPORATOR CYLINDER,C00019992-E326C6,C00019992,,https://shane.maxusvanparts.co.uk/wp-admin/post.php?post=77297&action=edit
77300,WASHER-VACUUM PUMP CHECK VALVE ASSEMBLY,C00016183-BE2914,C00016183,,https://shane.maxusvanparts.co.uk/wp-admin/post.php?post=77300&action=edit
77307,MOTOR-FRONT REMP SERVO,C00019995-3C9A15,C00019995,,https://shane.maxusvanparts.co.uk/wp-admin/post.php?post=77307&action=edit
77322,SNAP RING-TRANSMISSION,C00024747-92BE8B,C00024747,,https://shane.maxusvanparts.co.uk/wp-admin/post.php?post=77322&action=edit
77329,BOLT-TENSIONER,C00016186-532A4A,C00016186,,https://shane.maxusvanparts.co.uk/wp-admin/post.php?post=77329&action=edit
77330,PLUG-DASH PANEL UPPER CROSS MEMBER,C00021817-DD3F27,C00021817,,https://shane.maxusvanparts.co.uk/wp-admin/post.php?post=77330&action=edit
77334,SNAP RING-TRANSMISSION,C00024749-89D87A,C00024749,,https://shane.maxusvanparts.co.uk/wp-admin/post.php?post=77334&action=edit
77340,BOLT -ALTERNATOR,C00016188-925299,C00016188,,https://shane.maxusvanparts.co.uk/wp-admin/post.php?post=77340&action=edit
77350,NUT-ENGINE HARNESS BRACKET,C00016189-9B1F42,C00016189,,https://shane.maxusvanparts.co.uk/wp-admin/post.php?post=77350&action=edit
77361,BOLT/SCREW-CAMSHAFT PHASER SENSOR,C00016192-9A595D,C00016192,,https://shane.maxusvanparts.co.uk/wp-admin/post.php?post=77361&action=edit
77372,FLUID-RADIATOR COOLER,C00022607-806C8F,C00022607,,https://shane.maxusvanparts.co.uk/wp-admin/post.php?post=77372&action=edit
77379,BOLT-OIL COOLER WATER INLET PIPE,C00022915-5534B7,C00022915,,https://shane.maxusvanparts.co.uk/wp-admin/post.php?post=77379&action=edit
77380,BOLT-AIR CONDITIONING COMPRESSOR BRACKET,C00028119-8AB91E,C00028119,,https://shane.maxusvanparts.co.uk/wp-admin/post.php?post=77380&action=edit
77384,BRACKET-ENGINE HARNESS,C00016193-8E9CF8,C00016193,,https://shane.maxusvanparts.co.uk/wp-admin/post.php?post=77384&action=edit
77396,WASHER-AIR INLET TEMPERATURE/PRESSURE SENSOR,C00016194-8AAEE9,C00016194,,https://shane.maxusvanparts.co.uk/wp-admin/post.php?post=77396&action=edit
77405,CONNECTOR-BATTERY,C00023017-6015AB,C00023017,,https://shane.maxusvanparts.co.uk/wp-admin/post.php?post=77405&action=edit
77412,NUT-PRE FUSE BOX,C00023018-00F241,C00023018,,https://shane.maxusvanparts.co.uk/wp-admin/post.php?post=77412&action=edit
77416,BOLT-AIR CONDITIONING COMPRESSOR BRACKET,C00028120-6B8C63,C00028120,,https://shane.maxusvanparts.co.uk/wp-admin/post.php?post=77416&action=edit
77419,BRACKET-ENGINE HARNESS,C00016196-B1B1AA,C00016196,,https://shane.maxusvanparts.co.uk/wp-admin/post.php?post=77419&action=edit
77440,BOLT-POWER STEERING PUMP,C00028122-845AA4,C00028122,,https://shane.maxusvanparts.co.uk/wp-admin/post.php?post=77440&action=edit
77442,BOLT-DRIVESHAFT SUPPORT BRACKET,C00016236-3AEC76,C00016236,,https://shane.maxusvanparts.co.uk/wp-admin/post.php?post=77442&action=edit
77448,BOLT-AIR CONDITIONING COMPRESSOR,C00016237-F5F002,C00016237,,https://shane.maxusvanparts.co.uk/wp-admin/post.php?post=77448&action=edit
77449,FLUID-RADIATOR COOLER,C00024946-BD9AF3,C00024946,,https://shane.maxusvanparts.co.uk/wp-admin/post.php?post=77449&action=edit
77450,BAG -ACCESSORY TOOL KIT,C00024419-614CE7,C00024419,,https://shane.maxusvanparts.co.uk/wp-admin/post.php?post=77450&action=edit
77451,BOLT-CYLINDER UPPER COVER,C00028123-05AACA,C00028123,,https://shane.maxusvanparts.co.uk/wp-admin/post.php?post=77451&action=edit
77455,BOLT/SCREW-TURBOCHARGER BRACKET,C00028124-92B62D,C00028124,,https://shane.maxusvanparts.co.uk/wp-admin/post.php?post=77455&action=edit
77458,SPRING-BRAKE PEDAL,C00024959-303C74,C00024959,,https://shane.maxusvanparts.co.uk/wp-admin/post.php?post=77458&action=edit
77460,BRACKET-ENGINE HARNESS,C00016238-866DCC,C00016238,,https://shane.maxusvanparts.co.uk/wp-admin/post.php?post=77460&action=edit
77461,BOLT-AIR CONDITIONING COMPRESSOR BRACKET,C00028125-1403B2,C00028125,,https://shane.maxusvanparts.co.uk/wp-admin/post.php?post=77461&action=edit
77463,BUSHING-PEDAL BOX,C00024960-075F02,C00024960,,https://shane.maxusvanparts.co.uk/wp-admin/post.php?post=77463&action=edit
77473,BOLT -ALTERNATOR,C00028126-4C729D,C00028126,,https://shane.maxusvanparts.co.uk/wp-admin/post.php?post=77473&action=edit
77475,CLUTCH HOSE-NEUTRAL,C00024699-DFA870,C00024699,,https://shane.maxusvanparts.co.uk/wp-admin/post.php?post=77475&action=edit
77484,BOLT-TENSIONER,C00028127-25ECFB,C00028127,,https://shane.maxusvanparts.co.uk/wp-admin/post.php?post=77484&action=edit
77490,CLUTCH PIPE SUB ASSEMBLY-OUTLET AIR CONNECTOR,C00024701-A4468C,C00024701,,https://shane.maxusvanparts.co.uk/wp-admin/post.php?post=77490&action=edit
77494,BOLT-GEAR CHAMBER COVER,C00028128-FA9FC7,C00028128,,https://shane.maxusvanparts.co.uk/wp-admin/post.php?post=77494&action=edit
77499,BLEED VALVE-HIGH PRESSURE PUMP,C00016702-0C43F7,C00016702,,https://shane.maxusvanparts.co.uk/wp-admin/post.php?post=77499&action=edit
77508,GEARR PUMP-HIGH PRESSURE PUMP,C00016703-144E0F,C00016703,,https://shane.maxusvanparts.co.uk/wp-admin/post.php?post=77508&action=edit
77529,RING-OIL GUIDE,C00024807-795221,C00024807,,https://shane.maxusvanparts.co.uk/wp-admin/post.php?post=77529&action=edit
77536,CLIP-DRIVER SEAT GUARD,C00026011-A006-708110,C00026011-A006,,https://shane.maxusvanparts.co.uk/wp-admin/post.php?post=77536&action=edit
77544,CLIP-FUEL TANK TO FUEL FILTER RETURN TUBE,C00017388-597F3C,C00017388,,https://shane.maxusvanparts.co.uk/wp-admin/post.php?post=77544&action=edit
77550,BULB-REAR LAMP REAR FOG LAMP,C00026550-C7F124,C00026550,,https://shane.maxusvanparts.co.uk/wp-admin/post.php?post=77550&action=edit
77551,BEARING-BALL,C00024829-6B7FE1,C00024829,,https://shane.maxusvanparts.co.uk/wp-admin/post.php?post=77551&action=edit
77595,BOLT-THERMOSTAT ASSEMBLY,C00028134-562E9D,C00028134,,https://shane.maxusvanparts.co.uk/wp-admin/post.php?post=77595&action=edit
77599,BOLT-AIR CONDITIONING COMPRESSOR,C00028137-1C6BEE,C00028137,,https://shane.maxusvanparts.co.uk/wp-admin/post.php?post=77599&action=edit
77602,SCREW-OIL &amp; AIR SEPARATOR OUTLET PIPE,C00028139-974766,C00028139,,https://shane.maxusvanparts.co.uk/wp-admin/post.php?post=77602&action=edit
77604,BOLT/SCREW-CAMSHAFT PHASER SENSOR,C00028140-3CA11E,C00028140,,https://shane.maxusvanparts.co.uk/wp-admin/post.php?post=77604&action=edit
77606,ALTERNATOR-ENGINE,C00033428-7821B8,C00033428,,https://shane.maxusvanparts.co.uk/wp-admin/post.php?post=77606&action=edit
77607,KONG-04,C00035742-CA463C,C00035742,,https://shane.maxusvanparts.co.uk/wp-admin/post.php?post=77607&action=edit
77616,CLIP-RADIATOR UPPER HOSE TO EXPN TANK HOSE,C00035753-36B53E,C00035753,,https://shane.maxusvanparts.co.uk/wp-admin/post.php?post=77616&action=edit
77622,PIPE ASSEMBLY-ENGINE FUEL INLET,C00035932-D1F7DC,C00035932,,https://shane.maxusvanparts.co.uk/wp-admin/post.php?post=77622&action=edit
77627,BRACKET-FUEL FILTER,C00030857-36918A,C00030857,,https://shane.maxusvanparts.co.uk/wp-admin/post.php?post=77627&action=edit
77628,BRACKET ASSEMBLY-BATTERY HARNESS,C00035967-E36D06,C00035967,,https://shane.maxusvanparts.co.uk/wp-admin/post.php?post=77628&action=edit
77634,NUT-ENGINE HARNESS BRACKET,C00036000-B32ECA,C00036000,,https://shane.maxusvanparts.co.uk/wp-admin/post.php?post=77634&action=edit
77642,SCREW-CRANKSHAFT SHOCK ABSORBER,C00036037-C372BA,C00036037,,https://shane.maxusvanparts.co.uk/wp-admin/post.php?post=77642&action=edit
77643,NUT-WATER PUMP,C00036001-E5692C,C00036001,,https://shane.maxusvanparts.co.uk/wp-admin/post.php?post=77643&action=edit
77645,BRACKET A-CABLE,C00033805-4375DC,C00033805,,https://shane.maxusvanparts.co.uk/wp-admin/post.php?post=77645&action=edit
77651,BRACKET A-CABLE,C00033806-C3ACF1,C00033806,,https://shane.maxusvanparts.co.uk/wp-admin/post.php?post=77651&action=edit
77656,BOLT-AIR CONDITIONING COMPRESSOR,C00038457-0E768F,C00038457,,https://shane.maxusvanparts.co.uk/wp-admin/post.php?post=77656&action=edit
77658,BRACKET-OXYGEN SENSOR,C00033887-89ED98,C00033887,,https://shane.maxusvanparts.co.uk/wp-admin/post.php?post=77658&action=edit
77667,NUT-ALTERNATOR,C00036002-CF9925,C00036002,,https://shane.maxusvanparts.co.uk/wp-admin/post.php?post=77667&action=edit
77675,BOLT-THERMOSTAT ASSEMBLY,C00036038-8C0931,C00036038,,https://shane.maxusvanparts.co.uk/wp-admin/post.php?post=77675&action=edit
77679,SCREW-DUST SHIELD BRACKET,C00036004-DD4E1B,C00036004,,https://shane.maxusvanparts.co.uk/wp-admin/post.php?post=77679&action=edit
77680,PIN-POWER BRAKE VAS BOOSTER PU ROD,C00032230-75F350,C00032230,,https://shane.maxusvanparts.co.uk/wp-admin/post.php?post=77680&action=edit
77689,WASHER-SHIFT CABLE PIN,C00028857-468550,C00028857,,https://shane.maxusvanparts.co.uk/wp-admin/post.php?post=77689&action=edit
77696,BRACKET-ENGINE HARNESS,C00033953-D1ED6C,C00033953,,https://shane.maxusvanparts.co.uk/wp-admin/post.php?post=77696&action=edit
77697,BOLT-DRIVESHAFT SUPPORT BRACKET,C00036008-59B9D5,C00036008,,https://shane.maxusvanparts.co.uk/wp-admin/post.php?post=77697&action=edit
77703,BOLT-AIR CONDITIONING COMPRESSOR BRACKET,C00036009-AC3FD9,C00036009,,https://shane.maxusvanparts.co.uk/wp-admin/post.php?post=77703&action=edit
77704,BOLT-THERMOSTAT ASSEMBLY,C00036039-E04240,C00036039,,https://shane.maxusvanparts.co.uk/wp-admin/post.php?post=77704&action=edit
77710,BOLT-ENGINE HARNESS,C00033955-0F719D,C00033955,,https://shane.maxusvanparts.co.uk/wp-admin/post.php?post=77710&action=edit
77722,PIN-ENGINE DRIVESHAFT BRACKET LOCATING,C00032638-A7422B,C00032638,,https://shane.maxusvanparts.co.uk/wp-admin/post.php?post=77722&action=edit
77723,NUT-ENGINE HARNESS BRACKET,C00033956-08BB4D,C00033956,,https://shane.maxusvanparts.co.uk/wp-admin/post.php?post=77723&action=edit
77733,CUSHION-TIMING SPROCKET CHAMBER,C00033958-D5A7DA,C00033958,,https://shane.maxusvanparts.co.uk/wp-admin/post.php?post=77733&action=edit
77734,BOLT-POWER STEERING PUMP,C00036013-6880EB,C00036013,,https://shane.maxusvanparts.co.uk/wp-admin/post.php?post=77734&action=edit
77737,BRACKET-ESP CONTROL MOD,C00032706-CEF74A,C00032706,,https://shane.maxusvanparts.co.uk/wp-admin/post.php?post=77737&action=edit
77743,CLIP-BRAKE PIPE DUAL I,C00032721-7684F9,C00032721,,https://shane.maxusvanparts.co.uk/wp-admin/post.php?post=77743&action=edit
77744,BOLT-EXHAUST GAS RECIRCULATION COOLER ADAPTER BRACKET,C00036044-84ACC8,C00036044,,https://shane.maxusvanparts.co.uk/wp-admin/post.php?post=77744&action=edit
77745,BOLT-ENGINE HARNESS,C00036014-99D04D,C00036014,,https://shane.maxusvanparts.co.uk/wp-admin/post.php?post=77745&action=edit
77749,CLIP-BRAKE PIPE TRIPORATE,C00032722-6A78C1,C00032722,,https://shane.maxusvanparts.co.uk/wp-admin/post.php?post=77749&action=edit
77755,BOLT-AIR CONDITIONING COMPRESSOR BRACKET,C00036046-28C60E,C00036046,,https://shane.maxusvanparts.co.uk/wp-admin/post.php?post=77755&action=edit
77762,PLUG-CYLINDER BLOCK ASSEMBLY,C00033962-BF308A,C00033962,,https://shane.maxusvanparts.co.uk/wp-admin/post.php?post=77762&action=edit
77771,BOLT-EXHAUST GAS RECIRCULATION INLET PIPE BRACKET,C00036015-957ADB,C00036015,,https://shane.maxusvanparts.co.uk/wp-admin/post.php?post=77771&action=edit
77783,BOLT-AIR CONDITIONING COMPRESSOR BRACKET,C00036016-AA7B34,C00036016,,https://shane.maxusvanparts.co.uk/wp-admin/post.php?post=77783&action=edit
77791,STRAP-TRANSMISSION CONTROL ROD &amp; DUST SHIELD,C00034134-4CC2CE,C00034134,,https://shane.maxusvanparts.co.uk/wp-admin/post.php?post=77791&action=edit
77793,OIL-ENGINE,C00039479-C6A258,C00039479,,https://shane.maxusvanparts.co.uk/wp-admin/post.php?post=77793&action=edit
77795,BOLT -ALTERNATOR,C00036025-5C57C4,C00036025,,https://shane.maxusvanparts.co.uk/wp-admin/post.php?post=77795&action=edit
77804,CLIP-VACUUM PIPE,C00034199-49000F,C00034199,,https://shane.maxusvanparts.co.uk/wp-admin/post.php?post=77804&action=edit
77807,BOLT-TENSIONER,C00036026-0EA86C,C00036026,,https://shane.maxusvanparts.co.uk/wp-admin/post.php?post=77807&action=edit
77809,CLIP-TRIPORATE PIPE,C00032907-3722D2,C00032907,,https://shane.maxusvanparts.co.uk/wp-admin/post.php?post=77809&action=edit
77810,OIL-ENGINE,C00034264-30DA78,C00034264,,https://shane.maxusvanparts.co.uk/wp-admin/post.php?post=77810&action=edit
77813,CLIP-DUAL PIPE,C00032908-7731D7,C00032908,,https://shane.maxusvanparts.co.uk/wp-admin/post.php?post=77813&action=edit
77817,SCREW-AIR INLET TEMPERATURE/PRESSURE SENSOR,C00040140-9C26AD,C00040140,,https://shane.maxusvanparts.co.uk/wp-admin/post.php?post=77817&action=edit
77819,SCREW-OIL SUMP,C00036027-65981A,C00036027,,https://shane.maxusvanparts.co.uk/wp-admin/post.php?post=77819&action=edit
77822,BOLT-FUEL RETURN HOSE,C00034361-ED5F9E,C00034361,,https://shane.maxusvanparts.co.uk/wp-admin/post.php?post=77822&action=edit
77826,BRACKET-PRESSURE SENSOR,C00036814-AD0C9F,C00036814,,https://shane.maxusvanparts.co.uk/wp-admin/post.php?post=77826&action=edit
77835,BOLT-WATER PUMP,C00040141-39289D,C00040141,,https://shane.maxusvanparts.co.uk/wp-admin/post.php?post=77835&action=edit
77849,HEAT SHIELD - STARTER METER,C00030735-C7F32C,C00030735,,https://shane.maxusvanparts.co.uk/wp-admin/post.php?post=77849&action=edit
77853,INTERMEDIATE BEARING-CRANKSHAFT,C00034999-2E013E,C00034999,,https://shane.maxusvanparts.co.uk/wp-admin/post.php?post=77853&action=edit
77855,CLIP-TMP SENSOR,C00033351-2CAEB0,C00033351,,https://shane.maxusvanparts.co.uk/wp-admin/post.php?post=77855&action=edit
77857,CAP-AIR BAG ELECTRONIC CONTROL UNIT WATERPROOF,C00037972-BA655A,C00037972,,https://shane.maxusvanparts.co.uk/wp-admin/post.php?post=77857&action=edit
77861,CLUTCH PIPE SUB ASSEMBLY-MASTER PUMP,C00040829-294032,C00040829,,https://shane.maxusvanparts.co.uk/wp-admin/post.php?post=77861&action=edit
77868,PIN-PARKING/PARK BRAKE HANDLE,C00037980-5BE3B7,C00037980,,https://shane.maxusvanparts.co.uk/wp-admin/post.php?post=77868&action=edit
77871,CLIP-RADIATOR TOP HOSE AND POSITIVE CRANKCASE VENTILATION HOSE,C00035537-B3B368,C00035537,,https://shane.maxusvanparts.co.uk/wp-admin/post.php?post=77871&action=edit
77881,AIR CLEANER-UPPER,C00035633-624125,C00035633,,https://shane.maxusvanparts.co.uk/wp-admin/post.php?post=77881&action=edit
77885,AIR CLEANER-LOWER,C00035634-A9E549,C00035634,,https://shane.maxusvanparts.co.uk/wp-admin/post.php?post=77885&action=edit
77896,LIFT HOOK-ENGINE,C00041950-EAB0D1,C00041950,,https://shane.maxusvanparts.co.uk/wp-admin/post.php?post=77896&action=edit
77908,STUD-WATER PUMP,C00043234-549999,C00043234,,https://shane.maxusvanparts.co.uk/wp-admin/post.php?post=77908&action=edit
77909,BOLT/SCREW-FRONT SIDE DOOR WINDOW REGULATOR,C00047886-75C2F0,C00047886,,https://shane.maxusvanparts.co.uk/wp-admin/post.php?post=77909&action=edit
77910,WASHER-TRANSMISSION CONTROL ROD,C00070327-449028,C00070327,,https://shane.maxusvanparts.co.uk/wp-admin/post.php?post=77910&action=edit
77912,NUT-ENGINE HARNESS BRACKET,C00126832-A1E88F,C00126832,,https://shane.maxusvanparts.co.uk/wp-admin/post.php?post=77912&action=edit
77914,CYLINDER BLOCK ASSY MACHINGED-EGN,C00048074-6A5E48,C00048074,,https://shane.maxusvanparts.co.uk/wp-admin/post.php?post=77914&action=edit
77916,BRACKET-TURBOCHARGER,C00046459-BAC1EE,C00046459,,https://shane.maxusvanparts.co.uk/wp-admin/post.php?post=77916&action=edit
77919,DISC ASSEMBLY-CLUTCH,C00043261-23BBC9,C00043261,,https://shane.maxusvanparts.co.uk/wp-admin/post.php?post=77919&action=edit
77930,BRACKET-EXHAUST GAS RECIRCULATION VACUUM PIPE,C00057243-F2BB78,C00057243,,https://shane.maxusvanparts.co.uk/wp-admin/post.php?post=77930&action=edit
77942,SECTION-OIL FILLER CAP SERVICE,C00043521-C37DF9,C00043521,,https://shane.maxusvanparts.co.uk/wp-admin/post.php?post=77942&action=edit
77943,WATER INLET HOSE-OIL COOLER,C00046464-D273C4,C00046464,,https://shane.maxusvanparts.co.uk/wp-admin/post.php?post=77943&action=edit
77949,WATER RETURN HOSE - OIL COOLER,C00046465-819FFA,C00046465,,https://shane.maxusvanparts.co.uk/wp-admin/post.php?post=77949&action=edit
77950,O-RING-OIL DIPSTIK,C00046466-B5511B,C00046466,,https://shane.maxusvanparts.co.uk/wp-admin/post.php?post=77950&action=edit
77952,BOLT/SCREW-THROTTLE BODY,C00071474-C3F5ED,C00071474,,https://shane.maxusvanparts.co.uk/wp-admin/post.php?post=77952&action=edit
77956,BRACKET-INSTRUMENT PANEL SUPPORT CENTER/CENTRE,C00043866-F32AA8,C00043866,,https://shane.maxusvanparts.co.uk/wp-admin/post.php?post=77956&action=edit
77958,OIL DIPSTIK-ENGINE,C00222070-24ED01,C00222070,,https://shane.maxusvanparts.co.uk/wp-admin/post.php?post=77958&action=edit
77959,WASHER-AIR CLEANER OUTLET PIPE MID,C00050499-9251AA,C00050499,,https://shane.maxusvanparts.co.uk/wp-admin/post.php?post=77959&action=edit
77960,PLUG-OUTSIDE REAR VIEW MIRROR,C00059652-1C4502,C00059652,,https://shane.maxusvanparts.co.uk/wp-admin/post.php?post=77960&action=edit
77986,HEADREST-DRIVER SEAT,C00275296-B0CC69,C00275296,,https://shane.maxusvanparts.co.uk/wp-admin/post.php?post=77986&action=edit
77990,CAP-ALTERNATOR OVERRUNNING DECOUPLER,C00091667-AD35F8,C00091667,,https://shane.maxusvanparts.co.uk/wp-admin/post.php?post=77990&action=edit
77991,BRACKET-AIR CONDITIONING COMPRESSOR,C00044971-538723,C00044971,,https://shane.maxusvanparts.co.uk/wp-admin/post.php?post=77991&action=edit
77992,SLEEVE-DRIVER SEAT HEADREST GUIDE,C00275301-15C3F4,C00275301,,https://shane.maxusvanparts.co.uk/wp-admin/post.php?post=77992&action=edit
77998,SLEEVE-DRIVER SEAT HEADREST GUIDE,C00275302-394D2C,C00275302,,https://shane.maxusvanparts.co.uk/wp-admin/post.php?post=77998&action=edit
77999,PIPE-VACUUM PUMP CONNECTOR,C00046473-417866,C00046473,,https://shane.maxusvanparts.co.uk/wp-admin/post.php?post=77999&action=edit
78002,OIL-ENGINE,C00050807-4D8152,C00050807,,https://shane.maxusvanparts.co.uk/wp-admin/post.php?post=78002&action=edit
78005,CLAMP-VACUUM PUMP CONNECTOR PIPE,C00046474-15610E,C00046474,,https://shane.maxusvanparts.co.uk/wp-admin/post.php?post=78005&action=edit
78006,SECTION-FRONT COVER,C00093503-BD8A52,C00093503,,https://shane.maxusvanparts.co.uk/wp-admin/post.php?post=78006&action=edit
78011,BLOCK-VACUUM PUMP CONNECTOR PIPE,C00046475-11328F,C00046475,,https://shane.maxusvanparts.co.uk/wp-admin/post.php?post=78011&action=edit
78013,SECTION-FRONT BRAKE FACING,C00097255-630A3A,C00097255,,https://shane.maxusvanparts.co.uk/wp-admin/post.php?post=78013&action=edit
78017,BRACKET-ENGINE HARNESS,C00046476-DAA1FE,C00046476,,https://shane.maxusvanparts.co.uk/wp-admin/post.php?post=78017&action=edit
78019,SECTION-REAR BRAKE FACING,C00097256-CCD669,C00097256,,https://shane.maxusvanparts.co.uk/wp-admin/post.php?post=78019&action=edit
78025,HEAD COVER MACHINED-ENGINE,C00097506-9CFC41,C00097506,,https://shane.maxusvanparts.co.uk/wp-admin/post.php?post=78025&action=edit
78027,SPEAKER-FRONT,C00045260-672771,C00045260,,https://shane.maxusvanparts.co.uk/wp-admin/post.php?post=78027&action=edit
78038,BUSHING-TIMING SPROCKET CHAMBER,C00097508-FC1EB6,C00097508,,https://shane.maxusvanparts.co.uk/wp-admin/post.php?post=78038&action=edit
78042,CLAMP-EXHAUST GAS RECIRCULATION WATER INLET PIPE,C00046480-5A5E99,C00046480,,https://shane.maxusvanparts.co.uk/wp-admin/post.php?post=78042&action=edit
78043,ARMREST-DRIVER SEAT,C00314006-5B37D6,C00314006,,https://shane.maxusvanparts.co.uk/wp-admin/post.php?post=78043&action=edit
78053,CYLINDER BLOCK ASSY MACHINGED-EGN,C00061960-FA766D,C00061960,,https://shane.maxusvanparts.co.uk/wp-admin/post.php?post=78053&action=edit
78054,CAP-AIR INLET TEMPERATURE/PRESSURE SENSOR,C00046487-6A13BD,C00046487,,https://shane.maxusvanparts.co.uk/wp-admin/post.php?post=78054&action=edit
78055,SECTION-FRONT COVER,C00379769-C84402,C00379769,,https://shane.maxusvanparts.co.uk/wp-admin/post.php?post=78055&action=edit
78056,ROD-C0LD AND WARM AIR DOOR ACTUATOR LEVER,C00098034-EDD535,C00098034,,https://shane.maxusvanparts.co.uk/wp-admin/post.php?post=78056&action=edit
78057,HOSE-CRANKCASE,C00045729-C2F58F,C00045729,,https://shane.maxusvanparts.co.uk/wp-admin/post.php?post=78057&action=edit
78061,OVERRUNNING DECOUPLER- ALTERNATOR,C00425309-60F4CA,C00425309,,https://shane.maxusvanparts.co.uk/wp-admin/post.php?post=78061&action=edit
78062,ROD-C0LD AND WARM AIR DOOR CONNECTING,C00098035-480E69,C00098035,,https://shane.maxusvanparts.co.uk/wp-admin/post.php?post=78062&action=edit
78065,BRACKET-AIR CLEANER OUTLET HOSE,C00051561-739EEA,C00051561,,https://shane.maxusvanparts.co.uk/wp-admin/post.php?post=78065&action=edit
78066,BRACKET-EXHAUST GAS RECIRCULATION COOLER ADAPTER,C00046489-28223A,C00046489,,https://shane.maxusvanparts.co.uk/wp-admin/post.php?post=78066&action=edit
78067,ROD-FRESH AIR DOOR LEVER,C00098036-E021E6,C00098036,,https://shane.maxusvanparts.co.uk/wp-admin/post.php?post=78067&action=edit
78071,SECTION-CRANKSHAFT MAINTENANCE,C00051593-24A63C,C00051593,,https://shane.maxusvanparts.co.uk/wp-admin/post.php?post=78071&action=edit
78074,ALTERNATOR-ENGINE,C00425352-7FD1C5,C00425352,,https://shane.maxusvanparts.co.uk/wp-admin/post.php?post=78074&action=edit
78075,SECTION-OIL FILLER CAP SERVICE,C00046263-0895D6,C00046263,,https://shane.maxusvanparts.co.uk/wp-admin/post.php?post=78075&action=edit
78077,GASKET-TIMING SPROCKET CHAMBER,C00051912-DDB645,C00051912,,https://shane.maxusvanparts.co.uk/wp-admin/post.php?post=78077&action=edit
78080,CYLINDER HEAD ASSY-ENGINE,C00046492-816A28,C00046492,,https://shane.maxusvanparts.co.uk/wp-admin/post.php?post=78080&action=edit
78083,CLAMP-AIR CLEANER TO TURBOCHARGER PIPE,C00051919-11699E,C00051919,,https://shane.maxusvanparts.co.uk/wp-admin/post.php?post=78083&action=edit
78085,ALTERNATOR-ENGINE,C00425354-7A5225,C00425354,,https://shane.maxusvanparts.co.uk/wp-admin/post.php?post=78085&action=edit
78087,STP,C00046445-4D5C7E,C00046445,,https://shane.maxusvanparts.co.uk/wp-admin/post.php?post=78087&action=edit
78089,CLAMP-AIR CLEANER TO TURBOCHARGER PIPE,C00051931-E8AFE9,C00051931,,https://shane.maxusvanparts.co.uk/wp-admin/post.php?post=78089&action=edit
78092,ELBOW-ENGINE OUTLET,C00046495-E44A76,C00046495,,https://shane.maxusvanparts.co.uk/wp-admin/post.php?post=78092&action=edit
78094,SECTION-PISTON MAINTENANCE,C00065174-643909,C00065174,,https://shane.maxusvanparts.co.uk/wp-admin/post.php?post=78094&action=edit
78096,COVER-COMMON RAIL,C00100570-F154A3,C00100570,,https://shane.maxusvanparts.co.uk/wp-admin/post.php?post=78096&action=edit
78098,SECTION-CYLINDER BLOCK SERVICE,C00046447-58EA75,C00046447,,https://shane.maxusvanparts.co.uk/wp-admin/post.php?post=78098&action=edit
78106,COVER-INJECTOR,C00100571-EBEDBD,C00100571,,https://shane.maxusvanparts.co.uk/wp-admin/post.php?post=78106&action=edit
78115,CLAMP-CONNECTOR WATER HOSE,C00101167-5A3554,C00101167,,https://shane.maxusvanparts.co.uk/wp-admin/post.php?post=78115&action=edit
78121,OIL-ENGINE,C00053510-90D5B6,C00053510,,https://shane.maxusvanparts.co.uk/wp-admin/post.php?post=78121&action=edit
78125,BRACKET-ENGINE HARNESS,C00102679-E1D2E5,C00102679,,https://shane.maxusvanparts.co.uk/wp-admin/post.php?post=78125&action=edit
78133,SCREW-CRANKSHAFT SPEED SENSOR WHEEL,C00067902-24D432,C00067902,,https://shane.maxusvanparts.co.uk/wp-admin/post.php?post=78133&action=edit
78134,BRACKET-EGN INTAKE ELBOW,C00046454-FAE46F,C00046454,,https://shane.maxusvanparts.co.uk/wp-admin/post.php?post=78134&action=edit
78135,BOLT-ENGINE HARNESS,C00102756-8774E9,C00102756,,https://shane.maxusvanparts.co.uk/wp-admin/post.php?post=78135&action=edit
78136,SHIELD-FUEL FILLER,C00054179-52676C,C00054179,,https://shane.maxusvanparts.co.uk/wp-admin/post.php?post=78136&action=edit
78138,BRACKET-EXHAUST GAS RECIRCULATION VACUUM PIPE,C00068278-097876,C00068278,,https://shane.maxusvanparts.co.uk/wp-admin/post.php?post=78138&action=edit
78146,GASKET-OIL FILLER CAP,C00069123-464491,C00069123,,https://shane.maxusvanparts.co.uk/wp-admin/post.php?post=78146&action=edit
78148,STP,C00054521-18D49A,C00054521,,https://shane.maxusvanparts.co.uk/wp-admin/post.php?post=78148&action=edit
78150,WASHER-OIL FILLER CAP SPACER,C00069124-37D4D2,C00069124,,https://shane.maxusvanparts.co.uk/wp-admin/post.php?post=78150&action=edit
78155,SECTION-CRANKSHAFT MAINTENANCE,C00108684-0F7934,C00108684,,https://shane.maxusvanparts.co.uk/wp-admin/post.php?post=78155&action=edit
78158,SCREW-OIL &amp; AIR SEPARATOR OUTLET PIPE,C00069126-3BE2FB,C00069126,,https://shane.maxusvanparts.co.uk/wp-admin/post.php?post=78158&action=edit
78162,DOWEL PIN-INTERMEDIATE BEARING HOUSING ASSY,C00069370-48CE50,C00069370,,https://shane.maxusvanparts.co.uk/wp-admin/post.php?post=78162&action=edit
78165,WASHER-TRANSMISSION CONTROL ROD,C00070326-DB7902,C00070326,,https://shane.maxusvanparts.co.uk/wp-admin/post.php?post=78165&action=edit
78166,BOLT-ENGINE HARNESS,C00126831-E186E6,C00126831,,https://shane.maxusvanparts.co.uk/wp-admin/post.php?post=78166&action=edit
78167,BRACKET-RADIATOR TO S/TANK HOSE,C00056936-51B03F,C00056936,,https://shane.maxusvanparts.co.uk/wp-admin/post.php?post=78167&action=edit
78679,BOLT/SCREW-SLIDING DOOR UPPER HANDLE,B00004764-1B72AB,B00004764,,https://shane.maxusvanparts.co.uk/wp-admin/post.php?post=78679&action=edit
78704,CLAMP-TURBINE TO INTERCOOLER,B00005446-992803,B00005446,,https://shane.maxusvanparts.co.uk/wp-admin/post.php?post=78704&action=edit
78721,WASHER-CARGO TIE LOOP BASE UPPER,B00005874-3059A8,B00005874,,https://shane.maxusvanparts.co.uk/wp-admin/post.php?post=78721&action=edit
78726,PANEL ASSEMBLY-FRONT SIDE DOOR INNER TRIM,C00002140-A086-6FED37,C00002140-A086,,https://shane.maxusvanparts.co.uk/wp-admin/post.php?post=78726&action=edit
78727,BOLT/STUD-STARTER MOTOR,B00006007-27EF7B,B00006007,,https://shane.maxusvanparts.co.uk/wp-admin/post.php?post=78727&action=edit
78733,PANEL ASSEMBLY-FRONT SIDE DOOR INNER TRIM,C00002144-A086-D6EF17,C00002144-A086,,https://shane.maxusvanparts.co.uk/wp-admin/post.php?post=78733&action=edit
78743,BOLT/SCREW-SLIDING SIDE DOOR CONTACT SWITCH,B00004843-039F8F,B00004843,,https://shane.maxusvanparts.co.uk/wp-admin/post.php?post=78743&action=edit
78799,ARMREST ASSEMBLY-FRONT SIDE DOOR INNER,C00003597-A083-F9CB42,C00003597-A083,,https://shane.maxusvanparts.co.uk/wp-admin/post.php?post=78799&action=edit
78805,ARMREST ASSEMBLY-FRONT SIDE DOOR INNER,C00003600-A083-8413BD,C00003600-A083,,https://shane.maxusvanparts.co.uk/wp-admin/post.php?post=78805&action=edit
78844,CLIP-CLUTCH PIPE TO CLB BRACKET,C00001627-54681E,C00001627,,https://shane.maxusvanparts.co.uk/wp-admin/post.php?post=78844&action=edit
78854,SENSOR-PARKING/PARK AID,C00000512-L001-3574F6,C00000512-L001,,https://shane.maxusvanparts.co.uk/wp-admin/post.php?post=78854&action=edit
78862,BRACKET ASSEMBLY-BATTERY HARNESS,C00002964-9CB33D,C00002964,,https://shane.maxusvanparts.co.uk/wp-admin/post.php?post=78862&action=edit
78889,GRILLE-INSTRUMENT PANEL SPEAKER,C00003046-A082-A4358C,C00003046-A082,,https://shane.maxusvanparts.co.uk/wp-admin/post.php?post=78889&action=edit
78894,GRILLE-INSTRUMENT PANEL SPEAKER,C00003047-A082-B1A13E,C00003047-A082,,https://shane.maxusvanparts.co.uk/wp-admin/post.php?post=78894&action=edit
78899,CAP-INSTRUMENT PANEL MOUNT HOLE,C00003049-A086-4F7F72,C00003049-A086,,https://shane.maxusvanparts.co.uk/wp-admin/post.php?post=78899&action=edit
78934,GUARD-INSTRUMENT PANEL CENTER/CENTRE LOWER,C00003120-A082-15A297,C00003120-A082,,https://shane.maxusvanparts.co.uk/wp-admin/post.php?post=78934&action=edit
78965,PLATE ASSEMBLY-REAR BUMPER ASSEMBLY,C00002005-AF4A4D,C00002005,,https://shane.maxusvanparts.co.uk/wp-admin/post.php?post=78965&action=edit
78974,MAT-INSTRUMENT PANEL UPPER,C00004073-A085-90A377,C00004073-A085,,https://shane.maxusvanparts.co.uk/wp-admin/post.php?post=78974&action=edit
78976,PANEL-FRONT DOOR CONTROL TRIM,C00006135-F093-6529C2,C00006135-F093,,https://shane.maxusvanparts.co.uk/wp-admin/post.php?post=78976&action=edit
78977,PLUG-A/PILLAR PULL HANDLE ASSEMBLY,C00011290-A090-15CE1B,C00011290-A090,,https://shane.maxusvanparts.co.uk/wp-admin/post.php?post=78977&action=edit
78980,MAT-INSTRUMENT PANEL UPPER,C00004075-A085-D202A2,C00004075-A085,,https://shane.maxusvanparts.co.uk/wp-admin/post.php?post=78980&action=edit
78983,PANEL-FRONT DOOR CONTROL TRIM,C00006136-F093-D20D65,C00006136-F093,,https://shane.maxusvanparts.co.uk/wp-admin/post.php?post=78983&action=edit
78989,SHROUD-SPINDLE UPPER,C00006177-F094-7D65A2,C00006177-F094,,https://shane.maxusvanparts.co.uk/wp-admin/post.php?post=78989&action=edit
78995,SHROUD-SPINDLE LOWER,C00006178-F094-8AE2F2,C00006178-F094,,https://shane.maxusvanparts.co.uk/wp-admin/post.php?post=78995&action=edit
79036,REINFORCEMENT-B/PILLAR UPPER,C00011588-4100-8D68CD,C00011588-4100,,https://shane.maxusvanparts.co.uk/wp-admin/post.php?post=79036&action=edit
79052,PLATE-D/PILLAR UPPER OUTER,C00006645-4100-9BA104,C00006645-4100,,https://shane.maxusvanparts.co.uk/wp-admin/post.php?post=79052&action=edit
79071,COVER-REAR D/PILLAR LOWER,C00012317-A086-AAD77F,C00012317-A086,,https://shane.maxusvanparts.co.uk/wp-admin/post.php?post=79071&action=edit
79079,OUTRIGGER-LOAD FLOOR FRONT,C00004767-4100-AD5904,C00004767-4100,,https://shane.maxusvanparts.co.uk/wp-admin/post.php?post=79079&action=edit
79089,REINFORCEMENT-B/PILLAR UPPER,C00013280-4100-0956FC,C00013280-4100,,https://shane.maxusvanparts.co.uk/wp-admin/post.php?post=79089&action=edit
79098,PLATE-D/PILLAR UPPER OUTER,C00006695-4100-51B095,C00006695-4100,,https://shane.maxusvanparts.co.uk/wp-admin/post.php?post=79098&action=edit
79104,PANEL-ROOF CROSS MEMBER CONNECTOR,C00006769-4100-2B2F91,C00006769-4100,,https://shane.maxusvanparts.co.uk/wp-admin/post.php?post=79104&action=edit
79122,PANEL-FUEL FILLER COVER,C00006843-4100-6BDCF1,C00006843-4100,,https://shane.maxusvanparts.co.uk/wp-admin/post.php?post=79122&action=edit
79128,PANEL-FUEL FILLER COVER,C00006844-4100-FB0F09,C00006844-4100,,https://shane.maxusvanparts.co.uk/wp-admin/post.php?post=79128&action=edit
79157,LONGITUDINAL ASSEMBLY-REAR,C00006977-4100-E184C0,C00006977-4100,,https://shane.maxusvanparts.co.uk/wp-admin/post.php?post=79157&action=edit
79163,LONGITUDINAL ASSEMBLY-REAR,C00006979-4100-3202BA,C00006979-4100,,https://shane.maxusvanparts.co.uk/wp-admin/post.php?post=79163&action=edit
79168,LOOP ASSEMBLY-CARGO TIE,C00004319-F091-532895,C00004319-F091,,https://shane.maxusvanparts.co.uk/wp-admin/post.php?post=79168&action=edit
79173,MOUNT-CARGO TIE LOOP,C00004321-F091-E94DA8,C00004321-F091,,https://shane.maxusvanparts.co.uk/wp-admin/post.php?post=79173&action=edit
79179,BLOCK-CARGO TIE LOOP,C00004325-F091-998F03,C00004325-F091,,https://shane.maxusvanparts.co.uk/wp-admin/post.php?post=79179&action=edit
79185,REINFORCEMENT-FLOOR EDGE STEP LWB,C00008092-4100-D62574,C00008092-4100,,https://shane.maxusvanparts.co.uk/wp-admin/post.php?post=79185&action=edit
79266,COVER ASSEMBLY-FRONT SIDE DOOR DEFROSTER DUCT,C00006129-A086-3B471F,C00006129-A086,,https://shane.maxusvanparts.co.uk/wp-admin/post.php?post=79266&action=edit
79267,COVER ASSEMBLY-FRONT SIDE DOOR DEFROSTER DUCT,C00006132-A086-4F3B26,C00006132-A086,,https://shane.maxusvanparts.co.uk/wp-admin/post.php?post=79267&action=edit
79421,HEADREST-FRONT PASSENGER SEAT,C00016212-3800B2,C00016212,,https://shane.maxusvanparts.co.uk/wp-admin/post.php?post=79421&action=edit
79422,CLIP-BULKHEAD COVER,C00015425-A087-87097A,C00015425-A087,,https://shane.maxusvanparts.co.uk/wp-admin/post.php?post=79422&action=edit
79434,CLIP-BULKHEAD COVER,C00015526-A087-3FF34C,C00015526-A087,,https://shane.maxusvanparts.co.uk/wp-admin/post.php?post=79434&action=edit
79464,PANEL ASSEMBLY-UPPER BULKHEAD EXTENSION,C00016271-4100-79485F,C00016271-4100,,https://shane.maxusvanparts.co.uk/wp-admin/post.php?post=79464&action=edit
79506,PAD-FLOOR,C00015973-192EBD,C00015973,,https://shane.maxusvanparts.co.uk/wp-admin/post.php?post=79506&action=edit
79507,BRACKET-AIR CONDITIONING COMPRESSOR,C00014690-C3793A,C00014690,,https://shane.maxusvanparts.co.uk/wp-admin/post.php?post=79507&action=edit
79515,RUBBER SHACKLE-FRAME TO EXH(HT),C00016716-AD6618,C00016716,,https://shane.maxusvanparts.co.uk/wp-admin/post.php?post=79515&action=edit
79564,TAPE-BLACK ADHESIVE ROOF,C00017860-E74C3C,C00017860,,https://shane.maxusvanparts.co.uk/wp-admin/post.php?post=79564&action=edit
79570,BRACKET-SIDE DOOR FINISHER INSTALL,C00019873-4100-747F78,C00019873-4100,,https://shane.maxusvanparts.co.uk/wp-admin/post.php?post=79570&action=edit
79575,ASHTRAY ASSEMBLY,C00024773-C64D95,C00024773,,https://shane.maxusvanparts.co.uk/wp-admin/post.php?post=79575&action=edit
79687,PLUG-INSTRUMENT PANEL BOLT,C00023023-A086-01623A,C00023023-A086,,https://shane.maxusvanparts.co.uk/wp-admin/post.php?post=79687&action=edit
79688,COVER-HEADREST LOCK,C00037490-710B27,C00037490,,https://shane.maxusvanparts.co.uk/wp-admin/post.php?post=79688&action=edit
79693,PLUG-INSTRUMENT PANEL BOLT,C00023024-A086-B0E182,C00023024-A086,,https://shane.maxusvanparts.co.uk/wp-admin/post.php?post=79693&action=edit
79753,COVER-HEADREST FREE,C00037492-89DB22,C00037492,,https://shane.maxusvanparts.co.uk/wp-admin/post.php?post=79753&action=edit
79807,CONNECTOR-SHAFT CABLE ASAM,C00034875-01E1BC,C00034875,,https://shane.maxusvanparts.co.uk/wp-admin/post.php?post=79807&action=edit
79825,PIPE ASSEMBLY-REAR BRK(RR),C00035263-6F1DD9,C00035263,,https://shane.maxusvanparts.co.uk/wp-admin/post.php?post=79825&action=edit
79837,BRACKET-ENGINE DRIVESHAFT,C00032640-8F2B10,C00032640,,https://shane.maxusvanparts.co.uk/wp-admin/post.php?post=79837&action=edit
79847,PIPE ASSEMBLY-REAR BRK(CTR),C00038013-1FAC65,C00038013,,https://shane.maxusvanparts.co.uk/wp-admin/post.php?post=79847&action=edit
79887,BOLT-DIFFERENTIAL DRIVE,C00050191-B83A0C,C00050191,,https://shane.maxusvanparts.co.uk/wp-admin/post.php?post=79887&action=edit
79893,GEAR-DIFFERENTIAL PINION,C00050192-94D90D,C00050192,,https://shane.maxusvanparts.co.uk/wp-admin/post.php?post=79893&action=edit
79900,SHIM-DIFFERENTIAL PINION GEAR,C00050193-FC015B,C00050193,,https://shane.maxusvanparts.co.uk/wp-admin/post.php?post=79900&action=edit
79907,SUNSHADE ASSEMBLY,C00044733-A029-2D35D3,C00044733-A029,,https://shane.maxusvanparts.co.uk/wp-admin/post.php?post=79907&action=edit
79911,BOLT-CSC,C00050125-593A89,C00050125,,https://shane.maxusvanparts.co.uk/wp-admin/post.php?post=79911&action=edit
79912,SHAFT-DIFFERENTIAL PINION GEAR,C00050195-37FFC4,C00050195,,https://shane.maxusvanparts.co.uk/wp-admin/post.php?post=79912&action=edit
79913,BRACKET-AIR CONDITIONING COMPRESSOR,C00044969-67565E,C00044969,,https://shane.maxusvanparts.co.uk/wp-admin/post.php?post=79913&action=edit
79918,PANEL-BODY SIDE INNER EXTENSION,C00050293-4100-6ECA00,C00050293-4100,,https://shane.maxusvanparts.co.uk/wp-admin/post.php?post=79918&action=edit
79920,PLATE-BODY SIDE MID,C00039595-4100-D4B8DC,C00039595-4100,,https://shane.maxusvanparts.co.uk/wp-admin/post.php?post=79920&action=edit
79937,SWITCH-HEADLAMP HORIZONTAL ADJUSTER,C00050613-F041-2DE2AE,C00050613-F041,,https://shane.maxusvanparts.co.uk/wp-admin/post.php?post=79937&action=edit
79948,HOUSING ASSEMBLY-SHIFT CONTROL,C00050131-D1C04B,C00050131,,https://shane.maxusvanparts.co.uk/wp-admin/post.php?post=79948&action=edit
79968,RING-OIL GUIDE,C00054393-125DE6,C00054393,,https://shane.maxusvanparts.co.uk/wp-admin/post.php?post=79968&action=edit
79970,PANEL-REAR SIDE PANEL INNER,C00045920-4100-B88C0F,C00045920-4100,,https://shane.maxusvanparts.co.uk/wp-admin/post.php?post=79970&action=edit
79976,BUSHING-CSC OIL,C00051138-62DEFB,C00051138,,https://shane.maxusvanparts.co.uk/wp-admin/post.php?post=79976&action=edit
79978,SPRING PIN-PARKING/PARK LAMP SWITCH ASSEMBLY BLOCK,C00050134-2209C1,C00050134,,https://shane.maxusvanparts.co.uk/wp-admin/post.php?post=79978&action=edit
79980,PANEL-REAR SIDE PANEL INNER,C00045924-4100-13207A,C00045924-4100,,https://shane.maxusvanparts.co.uk/wp-admin/post.php?post=79980&action=edit
79982,ALNICO-TRANSMISSION,C00054395-D2DCF2,C00054395,,https://shane.maxusvanparts.co.uk/wp-admin/post.php?post=79982&action=edit
79983,BLOCK-PARKING/PARK LAMP SWITCH ASSEMBLY,C00050135-F412FC,C00050135,,https://shane.maxusvanparts.co.uk/wp-admin/post.php?post=79983&action=edit
79987,WAHSER-TRANSMISSION OIL LEVEL PLUG,C00051144-317642,C00051144,,https://shane.maxusvanparts.co.uk/wp-admin/post.php?post=79987&action=edit
79989,SLEEVE ASSEMBLY-SHIFT CONTROL,C00050137-F7F260,C00050137,,https://shane.maxusvanparts.co.uk/wp-admin/post.php?post=79989&action=edit
79992,WAHSER-TRANSMISSION OIL DRAIN PLUG,C00051146-AE7DA2,C00051146,,https://shane.maxusvanparts.co.uk/wp-admin/post.php?post=79992&action=edit
80000,CLUTCH HOSE-NEUTRAL,C00040830-9C90D7,C00040830,,https://shane.maxusvanparts.co.uk/wp-admin/post.php?post=80000&action=edit
80002,ROCKER ASSEMBLY-SELECT CONTROL,C00050139-60FF6C,C00050139,,https://shane.maxusvanparts.co.uk/wp-admin/post.php?post=80002&action=edit
80012,CLUTCH PIPE SUB ASSEMBLY-OUTLET AIR CONNECTOR,C00040831-C6C9EF,C00040831,,https://shane.maxusvanparts.co.uk/wp-admin/post.php?post=80012&action=edit
80030,PLATE-LR DOOR,C00047389-725ECC,C00047389,,https://shane.maxusvanparts.co.uk/wp-admin/post.php?post=80030&action=edit
80049,"FORK ASSEMBLY-3RD,4TH &amp; REVERSE SHIFT",C00050148-40503F,C00050148,,https://shane.maxusvanparts.co.uk/wp-admin/post.php?post=80049&action=edit
80053,"PANEL-D PILLAR,UPPER",C00055223-4100-392365,C00055223-4100,,https://shane.maxusvanparts.co.uk/wp-admin/post.php?post=80053&action=edit
80059,"PANEL-D PILLAR,UPPER",C00055225-4100-7B1FA3,C00055225-4100,,https://shane.maxusvanparts.co.uk/wp-admin/post.php?post=80059&action=edit
80061,FORK-SHIFT (3RD/4TH),C00050151-76763F,C00050151,,https://shane.maxusvanparts.co.uk/wp-admin/post.php?post=80061&action=edit
80081,PANEL-B/PILLAR INNER,C00049486-4100-014F0B,C00049486-4100,,https://shane.maxusvanparts.co.uk/wp-admin/post.php?post=80081&action=edit
80085,NEEDLE BEARING-REVERSE IDLER GEAR,C00050155-9D4FCE,C00050155,,https://shane.maxusvanparts.co.uk/wp-admin/post.php?post=80085&action=edit
80086,CLIP-FUEL FILTER TO FILTER FUEL CHARGE TUBE ASSEMBLY,C00042590-2B9824,C00042590,,https://shane.maxusvanparts.co.uk/wp-admin/post.php?post=80086&action=edit
80087,PLATE ASSEMBLY-SIDE BEAM INNER,C00049487-4100-F5CB47,C00049487-4100,,https://shane.maxusvanparts.co.uk/wp-admin/post.php?post=80087&action=edit
80091,GEAR ASSEMBLY-REVERSE IDLER,C00050156-0EF865,C00050156,,https://shane.maxusvanparts.co.uk/wp-admin/post.php?post=80091&action=edit
80093,SHIM-DIFFERENTIAL SIDE GEAR,C00056917-88567E,C00056917,,https://shane.maxusvanparts.co.uk/wp-admin/post.php?post=80093&action=edit
80099,SHIM-DIFFERENTIAL SIDE GEAR,C00056918-614676,C00056918,,https://shane.maxusvanparts.co.uk/wp-admin/post.php?post=80099&action=edit
80104,SHIM-DIFFERENTIAL SIDE GEAR,C00056919-FC8999,C00056919,,https://shane.maxusvanparts.co.uk/wp-admin/post.php?post=80104&action=edit
80108,BOLT-REVERSE IDLER GEAR,C00050159-6A8A93,C00050159,,https://shane.maxusvanparts.co.uk/wp-admin/post.php?post=80108&action=edit
80111,SHIM-DIFFERENTIAL SIDE GEAR,C00056920-443032,C00056920,,https://shane.maxusvanparts.co.uk/wp-admin/post.php?post=80111&action=edit
80117,SHIM-DIFFERENTIAL SIDE GEAR,C00056921-13119D,C00056921,,https://shane.maxusvanparts.co.uk/wp-admin/post.php?post=80117&action=edit
80122,BRACKET A-CABLE,C00050115-BC754E,C00050115,,https://shane.maxusvanparts.co.uk/wp-admin/post.php?post=80122&action=edit
80123,SHIM-DIFFERENTIAL SIDE GEAR,C00056922-0A99A3,C00056922,,https://shane.maxusvanparts.co.uk/wp-admin/post.php?post=80123&action=edit
80129,SHIM-DIFFERENTIAL SIDE GEAR,C00056923-1D3B31,C00056923,,https://shane.maxusvanparts.co.uk/wp-admin/post.php?post=80129&action=edit
80133,SHIM-TAPER BEARING,C00056924-0616C5,C00056924,,https://shane.maxusvanparts.co.uk/wp-admin/post.php?post=80133&action=edit
80138,SHIM-TAPER BEARING,C00056925-A7EAFB,C00056925,,https://shane.maxusvanparts.co.uk/wp-admin/post.php?post=80138&action=edit
80143,SHIM-TAPER BEARING,C00056926-8092AF,C00056926,,https://shane.maxusvanparts.co.uk/wp-admin/post.php?post=80143&action=edit
80147,PENSTOCK-FUEL FILTER,C00052792-B32B35,C00052792,,https://shane.maxusvanparts.co.uk/wp-admin/post.php?post=80147&action=edit
80148,SHIM-TAPER BEARING,C00056927-42E294,C00056927,,https://shane.maxusvanparts.co.uk/wp-admin/post.php?post=80148&action=edit
80150,CASE-DIFFERENTIAL,C00050171-7B2CA1,C00050171,,https://shane.maxusvanparts.co.uk/wp-admin/post.php?post=80150&action=edit
80152,PANEL-REAR SIDE PANEL UPPER OUTER,C00052824-4100-B63E2F,C00052824-4100,,https://shane.maxusvanparts.co.uk/wp-admin/post.php?post=80152&action=edit
80153,SHIM-TAPER BEARING,C00056928-D05047,C00056928,,https://shane.maxusvanparts.co.uk/wp-admin/post.php?post=80153&action=edit
80156,GEAR-HALF SHAFT,C00050189-98F189,C00050189,,https://shane.maxusvanparts.co.uk/wp-admin/post.php?post=80156&action=edit
80157,PANEL-REAR SIDE PANEL UPPER OUTER,C00052825-4100-1B1EB7,C00052825-4100,,https://shane.maxusvanparts.co.uk/wp-admin/post.php?post=80157&action=edit
80158,SHIM-TAPER BEARING,C00056929-85D830,C00056929,,https://shane.maxusvanparts.co.uk/wp-admin/post.php?post=80158&action=edit
80160,GEAR-DIFFERENTIAL RING,C00050190-FB76CD,C00050190,,https://shane.maxusvanparts.co.uk/wp-admin/post.php?post=80160&action=edit
80161,SHIM-TAPER BEARING,C00056930-932359,C00056930,,https://shane.maxusvanparts.co.uk/wp-admin/post.php?post=80161&action=edit
80166,FRONT HALF SHAFT,C00057050-5CCEF3,C00057050,,https://shane.maxusvanparts.co.uk/wp-admin/post.php?post=80166&action=edit
80169,KIT-TRIPOD JOINT ASSEMBLY,C00057149-C8E513,C00057149,,https://shane.maxusvanparts.co.uk/wp-admin/post.php?post=80169&action=edit
80172,BRACKET-ENGINE DRIVESHAFT,C00057213-7A2AA2,C00057213,,https://shane.maxusvanparts.co.uk/wp-admin/post.php?post=80172&action=edit
80182,CABLE ASSEMBLY-PARKING/PARK BRAKE FRONT,C00058080-E48F25,C00058080,,https://shane.maxusvanparts.co.uk/wp-admin/post.php?post=80182&action=edit
80186,MOUNT-ESP CONTROL,C00058185-C65F88,C00058185,,https://shane.maxusvanparts.co.uk/wp-admin/post.php?post=80186&action=edit
80189,NUT-UREA PUMP COVER,C00071288-800165,C00071288,,https://shane.maxusvanparts.co.uk/wp-admin/post.php?post=80189&action=edit
80191,PLATE ASSEMBLY-CONSOLE UPPER TRIM,C00104309-99128B,C00104309,,https://shane.maxusvanparts.co.uk/wp-admin/post.php?post=80191&action=edit
80194,INSULATOR-CARBAMIDE TANK,C00071290-157553,C00071290,,https://shane.maxusvanparts.co.uk/wp-admin/post.php?post=80194&action=edit
80196,CAP-ADBLUE FILLER PIPE,C00063788-24432A,C00063788,,https://shane.maxusvanparts.co.uk/wp-admin/post.php?post=80196&action=edit
80197,AIR OUTLET-INSTRUMENT PANEL LEFT HAND CENTER/CENTRE,C00104312-R002-72705F,C00104312-R002,,https://shane.maxusvanparts.co.uk/wp-admin/post.php?post=80197&action=edit
80203,COVER-UREA PUMP,C00063790-375F86,C00063790,,https://shane.maxusvanparts.co.uk/wp-admin/post.php?post=80203&action=edit
80208,AIR OUTLET-INSTRUMENT PANEL RIGHT HAND CENTER/CENTRE,C00104313-R002-D30168,C00104313-R002,,https://shane.maxusvanparts.co.uk/wp-admin/post.php?post=80208&action=edit
80210,HOSE-PLENUM DRAIN,C00099403-0673CF,C00099403,,https://shane.maxusvanparts.co.uk/wp-admin/post.php?post=80210&action=edit
80218,CLUTCH PIPE SUB ASSEMBLY-MASTER PUMP,C00071847-E8E0A1,C00071847,,https://shane.maxusvanparts.co.uk/wp-admin/post.php?post=80218&action=edit
80219,CLIP-SLIDING SIDE DOOR TRIM PANEL,C00059724-A086-0A2971,C00059724-A086,,https://shane.maxusvanparts.co.uk/wp-admin/post.php?post=80219&action=edit
80223,CLUTCH HOSE-NEUTRAL,C00071851-2E4559,C00071851,,https://shane.maxusvanparts.co.uk/wp-admin/post.php?post=80223&action=edit
80226,COVER ASSEMBLY-INSTRUMENT CLUSTER,C00104335-A083-48439D,C00104335-A083,,https://shane.maxusvanparts.co.uk/wp-admin/post.php?post=80226&action=edit
80227,HOSE ASSEMBLY-RESERVOIR,C00065569-422EEF,C00065569,,https://shane.maxusvanparts.co.uk/wp-admin/post.php?post=80227&action=edit
80235,HOSE-RESERVOIR TO CLUTCH MASTER CYLINDER OIL,C00071868-12FD37,C00071868,,https://shane.maxusvanparts.co.uk/wp-admin/post.php?post=80235&action=edit
80236,BRACKET ASSEMBLY-BATTERY HARNESS,C00087760-CF1572,C00087760,,https://shane.maxusvanparts.co.uk/wp-admin/post.php?post=80236&action=edit
80238,GUARD-DRIVER SEAT,C00104358-A006-B2E17E,C00104358-A006,,https://shane.maxusvanparts.co.uk/wp-admin/post.php?post=80238&action=edit
80239,TUBE-CLUTCH MASTER CYLINDER TO CSC OUTLET CONNECTOR,C00065574-40540A,C00065574,,https://shane.maxusvanparts.co.uk/wp-admin/post.php?post=80239&action=edit
80241,ORING-RESERVOIR GUTTER HOSE,C00071869-2E99F8,C00071869,,https://shane.maxusvanparts.co.uk/wp-admin/post.php?post=80241&action=edit
80252,STEERING WHEEL ASSEMBLY,C00099928-A18ECE,C00099928,,https://shane.maxusvanparts.co.uk/wp-admin/post.php?post=80252&action=edit
80262,GUARD-DRIVER SEAT,C00104361-A006-99DF95,C00104361-A006,,https://shane.maxusvanparts.co.uk/wp-admin/post.php?post=80262&action=edit
80284,FRONT FLOOR-COCKPIT,C00072493-4100-0839AD,C00072493-4100,,https://shane.maxusvanparts.co.uk/wp-admin/post.php?post=80284&action=edit
80287,SWITCH ASSEMBLY-ENTERTAINMENT CONTROL,C00100529-589A34,C00100529,,https://shane.maxusvanparts.co.uk/wp-admin/post.php?post=80287&action=edit
80289,NUT-CARBAMIDE TANK INSULATOR,C00072517-9C9C36,C00072517,,https://shane.maxusvanparts.co.uk/wp-admin/post.php?post=80289&action=edit
80300,PANEL-WHEELHOUSE OUTER,C00088675-4100-5B1FDF,C00088675-4100,,https://shane.maxusvanparts.co.uk/wp-admin/post.php?post=80300&action=edit
80302,MEMBER WELDING ASSEMBLY-CCB CROSS,C00104421-A4CF0B,C00104421,,https://shane.maxusvanparts.co.uk/wp-admin/post.php?post=80302&action=edit
80307,PANEL-WHEELHOUSE OUTER,C00088676-4100-E0532C,C00088676-4100,,https://shane.maxusvanparts.co.uk/wp-admin/post.php?post=80307&action=edit
80310,COVER-CENTER/CENTRE CONSOLE SMALL SWITCH,C00100669-B761D4,C00100669,,https://shane.maxusvanparts.co.uk/wp-admin/post.php?post=80310&action=edit
80313,CONE-TANK UPPER,C00104446-A1F3A9,C00104446,,https://shane.maxusvanparts.co.uk/wp-admin/post.php?post=80313&action=edit
80317,COVER-CENTER/CENTRE CONSOLE SMALL SWITCH,C00100671-0C6F64,C00100671,,https://shane.maxusvanparts.co.uk/wp-admin/post.php?post=80317&action=edit
80322,BUFFER-ADBLUE,C00066926-9870EB,C00066926,,https://shane.maxusvanparts.co.uk/wp-admin/post.php?post=80322&action=edit
80328,PANEL -FRONT SIDE PANEL OUTER,C00066929-4100-A6B703,C00066929-4100,,https://shane.maxusvanparts.co.uk/wp-admin/post.php?post=80328&action=edit
80335,BOW-ROOF NO.2,C00101174-4100-23EDB8,C00101174-4100,,https://shane.maxusvanparts.co.uk/wp-admin/post.php?post=80335&action=edit
80351,PLATE ASSEMBLY-SIDE BEAM INNER,C00090804-4100-AC14A4,C00090804-4100,,https://shane.maxusvanparts.co.uk/wp-admin/post.php?post=80351&action=edit
80365,CLIP-ADBLUE SUPPLY PIPE,C00075723-9E14F3,C00075723,,https://shane.maxusvanparts.co.uk/wp-admin/post.php?post=80365&action=edit
80366,PLENUM ASSEMBLY,C00104551-1BBB2B,C00104551,,https://shane.maxusvanparts.co.uk/wp-admin/post.php?post=80366&action=edit
80371,CLIP-ADBLUE SUPPLY PIPE,C00075727-B59F90,C00075727,,https://shane.maxusvanparts.co.uk/wp-admin/post.php?post=80371&action=edit
80373,PANEL-B/PILLAR INNER,C00062468-4100-BA9590,C00062468-4100,,https://shane.maxusvanparts.co.uk/wp-admin/post.php?post=80373&action=edit
80378,TRIM-REAR WHEELHOUSE COVER,C00104557-F090-ADCC84,C00104557-F090,,https://shane.maxusvanparts.co.uk/wp-admin/post.php?post=80378&action=edit
80384,TRIM-REAR WHEELHOUSE COVER,C00104560-F090-4B7165,C00104560-F090,,https://shane.maxusvanparts.co.uk/wp-admin/post.php?post=80384&action=edit
80387,"PANEL-B PILLAR,CLSG,UPR",C00096886-4100-AF4E50,C00096886-4100,,https://shane.maxusvanparts.co.uk/wp-admin/post.php?post=80387&action=edit
80393,HEAT SHIELD - STARTER METER,C00078908-A2ECF4,C00078908,,https://shane.maxusvanparts.co.uk/wp-admin/post.php?post=80393&action=edit
80406,BOLT/SCREW-BATTERY HARNESS GROUND,C00079310-A55CE9,C00079310,,https://shane.maxusvanparts.co.uk/wp-admin/post.php?post=80406&action=edit
80418,TUBE ASSEMBLY-FILTER TO FILTER FUEL,C00080654-33E908,C00080654,,https://shane.maxusvanparts.co.uk/wp-admin/post.php?post=80418&action=edit
80421,BRACKET-ADBLUE PRESSURE LINE FRONT,C00063785-D012BE,C00063785,,https://shane.maxusvanparts.co.uk/wp-admin/post.php?post=80421&action=edit
80423,LOGO-FRONT GRILLE,C00103728-EF2B5B,C00103728,,https://shane.maxusvanparts.co.uk/wp-admin/post.php?post=80423&action=edit
80425,FILTER ASSEMBLY-FUEL,C00080655-1423C8,C00080655,,https://shane.maxusvanparts.co.uk/wp-admin/post.php?post=80425&action=edit
80428,PANEL ASSEMBLY-DASH,C00103995-4100-F3E46E,C00103995-4100,,https://shane.maxusvanparts.co.uk/wp-admin/post.php?post=80428&action=edit
80430,COVER-BULKHEAD,C00104727-A087-ECC2C7,C00104727-A087,,https://shane.maxusvanparts.co.uk/wp-admin/post.php?post=80430&action=edit
80431,TUBE ASSEMBLY-OIL SUPPLY TUBE INNER,C00080656-C4386C,C00080656,,https://shane.maxusvanparts.co.uk/wp-admin/post.php?post=80431&action=edit
80432,BRACKET-ADBLUE PRESSURE LINE REAR,C00063787-D188EA,C00063787,,https://shane.maxusvanparts.co.uk/wp-admin/post.php?post=80432&action=edit
80434,PANEL ASSEMBLY-INSTRUMENT PANEL CENTER/CENTRE,C00104238-A083-C92AD7,C00104238-A083,,https://shane.maxusvanparts.co.uk/wp-admin/post.php?post=80434&action=edit
80436,COVER-BULKHEAD,C00104728-A087-E92430,C00104728-A087,,https://shane.maxusvanparts.co.uk/wp-admin/post.php?post=80436&action=edit
80441,PLATE ASSEMBLY-A/PILLAR UPPER TRIM,C00104740-A078-D024E7,C00104740-A078,,https://shane.maxusvanparts.co.uk/wp-admin/post.php?post=80441&action=edit
80442,CROSSMEMBER ASSEMBLY-FLOOR CAB REAR,C00069746-4100-DD655B,C00069746-4100,,https://shane.maxusvanparts.co.uk/wp-admin/post.php?post=80442&action=edit
80444,CROSSMEMBER-B/PILLAR LOWER,C00069747-4100-83767F,C00069747-4100,,https://shane.maxusvanparts.co.uk/wp-admin/post.php?post=80444&action=edit
80448,COVER ASSEMBLY-DEFROST,C00104301-A082-707886,C00104301-A082,,https://shane.maxusvanparts.co.uk/wp-admin/post.php?post=80448&action=edit
80451,CLAMP-ACTUATOR LEVER,C00098033-02F2EB,C00098033,,https://shane.maxusvanparts.co.uk/wp-admin/post.php?post=80451&action=edit
80452,CROSSMEMBER-SPARE TYRE FRONT,C00069749-4100-194D96,C00069749-4100,,https://shane.maxusvanparts.co.uk/wp-admin/post.php?post=80452&action=edit
80460,PLATE ASSEMBLY-B/PILLAR LOWER TRIM,C00104745-A086-423022,C00104745-A086,,https://shane.maxusvanparts.co.uk/wp-admin/post.php?post=80460&action=edit
80463,COVER-REAR D/PILLAR,C00104746-A086-694427,C00104746-A086,,https://shane.maxusvanparts.co.uk/wp-admin/post.php?post=80463&action=edit
80465,COVER ASSEMBLY-INSTRUMENT PANEL SIDE UPPER COVER,C00104771-A086-812BC1,C00104771-A086,,https://shane.maxusvanparts.co.uk/wp-admin/post.php?post=80465&action=edit
80466,COVER ASSEMBLY-FUSE BOX,C00104772-A082-FFFA04,C00104772-A082,,https://shane.maxusvanparts.co.uk/wp-admin/post.php?post=80466&action=edit
80470,PIPE ASSEMBLY-DRYER RECEIVER TO THERMAL EXPANSIVE VALVE A,C00104809-ED76B4,C00104809,,https://shane.maxusvanparts.co.uk/wp-admin/post.php?post=80470&action=edit
80472,HOSE ASSEMBLY-AIR CONDITIONING EVAPORATOR TO COMPRESSOR,C00104810-77E759,C00104810,,https://shane.maxusvanparts.co.uk/wp-admin/post.php?post=80472&action=edit
80474,PANEL-D/PILLAR INNER LOWER,C00113922-4100-009EF5,C00113922-4100,,https://shane.maxusvanparts.co.uk/wp-admin/post.php?post=80474&action=edit
80476,CAP ASSEMBLY-ADBLUE,C00146669-4100-F7EE81,C00146669-4100,,https://shane.maxusvanparts.co.uk/wp-admin/post.php?post=80476&action=edit
80477,PANEL ASSEMBLY-DUAL MICROPHONE,C00113949-1D29D0,C00113949,,https://shane.maxusvanparts.co.uk/wp-admin/post.php?post=80477&action=edit
80480,HANDLE ASSEMBLY-D/PILLAR,C00113973-A090-0F5519,C00113973-A090,,https://shane.maxusvanparts.co.uk/wp-admin/post.php?post=80480&action=edit
80482,PANEL-CENTER/CENTRE SIDE PANEL INNER TRIM,C00148151-F4F78E,C00148151,,https://shane.maxusvanparts.co.uk/wp-admin/post.php?post=80482&action=edit
80484,WASHER-SLIDING DOOR CENTER/CENTRE GUIDE ASSEMBLY,C00116538-0C8160,C00116538,,https://shane.maxusvanparts.co.uk/wp-admin/post.php?post=80484&action=edit
80486,PANEL-CENTER/CENTRE SIDE PANEL INNER TRIM,C00148152-8C5272,C00148152,,https://shane.maxusvanparts.co.uk/wp-admin/post.php?post=80486&action=edit
80487,REINFORCEMENT-SLIDING DOOR PEDAL,C00116691-4100-78E25D,C00116691-4100,,https://shane.maxusvanparts.co.uk/wp-admin/post.php?post=80487&action=edit
80489,AIR CLEANER-UPPER,C00105256-EDFCC7,C00105256,,https://shane.maxusvanparts.co.uk/wp-admin/post.php?post=80489&action=edit
80490,PANEL-SLIDING SIDE DOOR TRIM,C00148163-13D032,C00148163,,https://shane.maxusvanparts.co.uk/wp-admin/post.php?post=80490&action=edit
80491,BOW-ROOF NO.2,C00185455-4100-79DE4A,C00185455-4100,,https://shane.maxusvanparts.co.uk/wp-admin/post.php?post=80491&action=edit
80492,BRACKET-PRESSURE SENSOR TO BODY,C00116852-06E44F,C00116852,,https://shane.maxusvanparts.co.uk/wp-admin/post.php?post=80492&action=edit
80494,PANEL-FRONT SIDE PANEL INNER TRIM,C00148174-3476AE,C00148174,,https://shane.maxusvanparts.co.uk/wp-admin/post.php?post=80494&action=edit
80495,BEARING-NEEDLE ROLLER,C00343612-47BC5E,C00343612,,https://shane.maxusvanparts.co.uk/wp-admin/post.php?post=80495&action=edit
80499,PANEL-REAR DOOR TRIM INNER,C00148176-A7361C,C00148176,,https://shane.maxusvanparts.co.uk/wp-admin/post.php?post=80499&action=edit
80502,REAR AXLE ASSEMBLY,C00116894-A-B551AF,C00116894-A,,https://shane.maxusvanparts.co.uk/wp-admin/post.php?post=80502&action=edit
80503,CABLE-ANTENNA,C00105788-8A1171,C00105788,,https://shane.maxusvanparts.co.uk/wp-admin/post.php?post=80503&action=edit
80504,PANEL-REAR DOOR TRIM INNER,C00148177-B03EE8,C00148177,,https://shane.maxusvanparts.co.uk/wp-admin/post.php?post=80504&action=edit
80506,PANEL-D/PILLAR UPPER INNER,C00106267-4100-FD43F3,C00106267-4100,,https://shane.maxusvanparts.co.uk/wp-admin/post.php?post=80506&action=edit
80509,PANEL-REAR SIDE PANEL INNER TRIM,C00148188-2B1DAE,C00148188,,https://shane.maxusvanparts.co.uk/wp-admin/post.php?post=80509&action=edit
80510,PANEL-D/PILLAR UPPER INNER,C00106268-4100-C9AED0,C00106268-4100,,https://shane.maxusvanparts.co.uk/wp-admin/post.php?post=80510&action=edit
80513,CROSS MEMBER ASSEMBLY-COCKPIT FLOOR FRONT,C00117067-4100-57F051,C00117067-4100,,https://shane.maxusvanparts.co.uk/wp-admin/post.php?post=80513&action=edit
80514,PANEL-REAR SIDE PANEL INNER TRIM,C00148191-7DAD40,C00148191,,https://shane.maxusvanparts.co.uk/wp-admin/post.php?post=80514&action=edit
80516,PEDAL ASSEMBLY-BRAKE,C00210426-C3F823,C00210426,,https://shane.maxusvanparts.co.uk/wp-admin/post.php?post=80516&action=edit
80517,SWITCH-STEERING SWITCH ASSEMBLY,C00406451-0E386A,C00406451,,https://shane.maxusvanparts.co.uk/wp-admin/post.php?post=80517&action=edit
80519,CLIP-SLIDING SIDE DOOR REAR LOCK ROD,C00149190-2FF207,C00149190,,https://shane.maxusvanparts.co.uk/wp-admin/post.php?post=80519&action=edit
80520,BODY ASSEMBLY-INSTRUMENT PANEL,C00106656-A083-629CD8,C00106656-A083,,https://shane.maxusvanparts.co.uk/wp-admin/post.php?post=80520&action=edit
80521,PLATE-A/PILLAR LOWER TRIM,C00118437-F092-F07DD7,C00118437-F092,,https://shane.maxusvanparts.co.uk/wp-admin/post.php?post=80521&action=edit
80523,HOLDER ASSEMBLY-CUP,C00150214-A082-6C8A01,C00150214-A082,,https://shane.maxusvanparts.co.uk/wp-admin/post.php?post=80523&action=edit
80525,INSULATION-DASH PANEL INSULATION(DVR),C00106753-66633C,C00106753,,https://shane.maxusvanparts.co.uk/wp-admin/post.php?post=80525&action=edit
80526,PLATE-A/PILLAR LOWER TRIM,C00118438-F092-75A436,C00118438-F092,,https://shane.maxusvanparts.co.uk/wp-admin/post.php?post=80526&action=edit
80530,RING-GEAR TRIM,C00106846-R002-D41D39,C00106846-R002,,https://shane.maxusvanparts.co.uk/wp-admin/post.php?post=80530&action=edit
80534,WEBB-C PILLAR REAR UPPER,C00153782-4100-BCBD38,C00153782-4100,,https://shane.maxusvanparts.co.uk/wp-admin/post.php?post=80534&action=edit
80536,HOUSING -CLUTCH,C00224836-314595,C00224836,,https://shane.maxusvanparts.co.uk/wp-admin/post.php?post=80536&action=edit
80539,WEBB-C PILLAR REAR UPPER,C00153784-4100-AEA1F2,C00153784-4100,,https://shane.maxusvanparts.co.uk/wp-admin/post.php?post=80539&action=edit
80546,GEAR ASSY-SECOND SPEED,C00623495-44439C,C00623495,,https://shane.maxusvanparts.co.uk/wp-admin/post.php?post=80546&action=edit
80547,BODY-TRANSMISSION,C00224837-40B580,C00224837,,https://shane.maxusvanparts.co.uk/wp-admin/post.php?post=80547&action=edit
80552,GEAR-MAIN SHAFT FIFTH,C00623496-CC150E,C00623496,,https://shane.maxusvanparts.co.uk/wp-admin/post.php?post=80552&action=edit
80555,GEAR-OUTPUT SHAFT THIRD TRANSMISSION,C00689411-C924E2,C00689411,,https://shane.maxusvanparts.co.uk/wp-admin/post.php?post=80555&action=edit
80560,SHAFT OUTPUT-SECOND,C00689412-85F9C6,C00689412,,https://shane.maxusvanparts.co.uk/wp-admin/post.php?post=80560&action=edit
80564,SHAFT-INPUT,C00690386-593F2C,C00690386,,https://shane.maxusvanparts.co.uk/wp-admin/post.php?post=80564&action=edit
80566,BOX ASSEMBLY-GLOVE,C00160150-A086-B23978,C00160150-A086,,https://shane.maxusvanparts.co.uk/wp-admin/post.php?post=80566&action=edit
80570,"SHAFT ASSEMBLY-OUTPUT(1ST,2ND,5ST&amp;6ST GEAR)",C00690387-2539DC,C00690387,,https://shane.maxusvanparts.co.uk/wp-admin/post.php?post=80570&action=edit
80574,DUCT ASSEMBLY-VENTILATION,C00109111-FFEDD7,C00109111,,https://shane.maxusvanparts.co.uk/wp-admin/post.php?post=80574&action=edit
80576,SENSOR-EVAPORATOR TMP,C00163779-36B050,C00163779,,https://shane.maxusvanparts.co.uk/wp-admin/post.php?post=80576&action=edit
80582,DUCT ASSEMBLY-VENTILATION,C00109114-06FBD0,C00109114,,https://shane.maxusvanparts.co.uk/wp-admin/post.php?post=80582&action=edit
80607,HARNESS-RIGHT HAND SIDE ROOF,C00121333-91B8A7,C00121333,,https://shane.maxusvanparts.co.uk/wp-admin/post.php?post=80607&action=edit
80610,NUT-WATER PUMP,C00257665-7CA3A5,C00257665,,https://shane.maxusvanparts.co.uk/wp-admin/post.php?post=80610&action=edit
80613,BULKHEAD ASSEMBLY,C00123487-4100-085775,C00123487-4100,,https://shane.maxusvanparts.co.uk/wp-admin/post.php?post=80613&action=edit
80617,HARNESS-LEFT HAND SIDE ROOF,C00124127-979E10,C00124127,,https://shane.maxusvanparts.co.uk/wp-admin/post.php?post=80617&action=edit
80634,HEADLINING ASSEMBLY-DRIVER,C00127774-A019-832FDE,C00127774-A019,,https://shane.maxusvanparts.co.uk/wp-admin/post.php?post=80634&action=edit
80638,PANEL ASSEMBLY-SLIDING SIDE DOOR LOWER CHECK MOUNT INSTALL,C00177666-4100-1224FD,C00177666-4100,,https://shane.maxusvanparts.co.uk/wp-admin/post.php?post=80638&action=edit
80644,BRACKE-SUNSHADE SUPPORT,C00129766-A004-07BDB2,C00129766-A004,,https://shane.maxusvanparts.co.uk/wp-admin/post.php?post=80644&action=edit
80647,ARM ASSEMBLY-SLIDING DOOR OPEN MAX CHECK,C00112614-5F6155,C00112614,,https://shane.maxusvanparts.co.uk/wp-admin/post.php?post=80647&action=edit
80648,PANEL-SIDE DOOR ROCKER INNER,C00178206-4100-7C45DE,C00178206-4100,,https://shane.maxusvanparts.co.uk/wp-admin/post.php?post=80648&action=edit
80650,HOSE ASSEMBLY-RESERVOIR,C00283494-A436C1,C00283494,,https://shane.maxusvanparts.co.uk/wp-admin/post.php?post=80650&action=edit
80652,PANEL-REAR ROOF CROSS MEMBER OUTER,C00131613-4100-340AFF,C00131613-4100,,https://shane.maxusvanparts.co.uk/wp-admin/post.php?post=80652&action=edit
80653,HOSE ASSEMBLY-RESERVOIR,C00283495-2FBFB9,C00283495,,https://shane.maxusvanparts.co.uk/wp-admin/post.php?post=80653&action=edit
80654,PANEL ASSEMBLY-D/PILLAR INNER UPPER IN WHITE,C00178214-4100-0E8C13,C00178214-4100,,https://shane.maxusvanparts.co.uk/wp-admin/post.php?post=80654&action=edit
80656,IDENTIFICATION-REFLECTIVITY LIGHT,C00134512-07AC97,C00134512,,https://shane.maxusvanparts.co.uk/wp-admin/post.php?post=80656&action=edit
80658,BRACKET-BUMPER MOUNTING  INSTALL,C00178217-4100-D3FEFD,C00178217-4100,,https://shane.maxusvanparts.co.uk/wp-admin/post.php?post=80658&action=edit
80660,IDENTIFICATION-REFLECTIVITY LIGHT,C00134513-B3A1B7,C00134513,,https://shane.maxusvanparts.co.uk/wp-admin/post.php?post=80660&action=edit
80662,BRACKET-BUMPER MOUNTING  INSTALL,C00178218-4100-BE2ECB,C00178218-4100,,https://shane.maxusvanparts.co.uk/wp-admin/post.php?post=80662&action=edit
80664,HARNESS-255° HINGE TRANSMISSION CAME CONNECTOR,C00138689-C96263,C00138689,,https://shane.maxusvanparts.co.uk/wp-admin/post.php?post=80664&action=edit
80665,PANEL-SIDE DOOR ROCKER INNER,C00178224-4100-76F973,C00178224-4100,,https://shane.maxusvanparts.co.uk/wp-admin/post.php?post=80665&action=edit
80669,PANEL-REAR SIDE PANEL UPPER INNER,C00178225-4100-000B5D,C00178225-4100,,https://shane.maxusvanparts.co.uk/wp-admin/post.php?post=80669&action=edit
80670,GEAR ASSY-FIRST SPEED (1ST),C00343570-82A5ED,C00343570,,https://shane.maxusvanparts.co.uk/wp-admin/post.php?post=80670&action=edit
80672,TRIM-REAR FLOOR,C00141733-F090-0AC762,C00141733-F090,,https://shane.maxusvanparts.co.uk/wp-admin/post.php?post=80672&action=edit
80673,BRACKET ASSEMBLY-REAR BUMPER IMPACT,C00178226-4100-399DCD,C00178226-4100,,https://shane.maxusvanparts.co.uk/wp-admin/post.php?post=80673&action=edit
80675,BRACKET ASSEMBLY-REAR BUMPER IMPACT,C00178227-4100-EEC34B,C00178227-4100,,https://shane.maxusvanparts.co.uk/wp-admin/post.php?post=80675&action=edit
80676,RING-DIFFERENTIAL BEARING INNER,C00343587-393474,C00343587,,https://shane.maxusvanparts.co.uk/wp-admin/post.php?post=80676&action=edit
80677,GATEWAY ASSEMBLY,C00181544-D7F6E4,C00181544,,https://shane.maxusvanparts.co.uk/wp-admin/post.php?post=80677&action=edit
80678,RING-DIFFERENTIAL BEARING INNER,C00343590-6C81F3,C00343590,,https://shane.maxusvanparts.co.uk/wp-admin/post.php?post=80678&action=edit
80682,RING-DIFFERENTIAL BEARING INNER,C00343611-B94045,C00343611,,https://shane.maxusvanparts.co.uk/wp-admin/post.php?post=80682&action=edit
83289,HANDLE &amp; CABLE-FRONT SINGLE PASSENGER SEAT UNLOCK,C00003208-C598,C00003208,,https://shane.maxusvanparts.co.uk/wp-admin/post.php?post=83289&action=edit
83292,HANDLE &amp; CABLE-DRIVER SEAT UNLOCK,C00003209-A7DE,C00003209,,https://shane.maxusvanparts.co.uk/wp-admin/post.php?post=83292&action=edit
83357,ADHESIVE-DRY SEALING,C00017192-F001-2B5C,C00017192-F001,,https://shane.maxusvanparts.co.uk/wp-admin/post.php?post=83357&action=edit
83370,PLUG-CONSOLE ASSEMBLY,C00026641-F017-2F3E,C00026641-F017,,https://shane.maxusvanparts.co.uk/wp-admin/post.php?post=83370&action=edit
83376,BULB-FRONT HIGH HEADLAMP,C00027370-5F57,C00027370,,https://shane.maxusvanparts.co.uk/wp-admin/post.php?post=83376&action=edit
83462,CAP-DUST,C00084801-0CA6,C00084801,,https://shane.maxusvanparts.co.uk/wp-admin/post.php?post=83462&action=edit
83485,NUT-VACUUM BOOSTER TO MASTER CYLINDER,C00088346-2A4C,C00088346,,https://shane.maxusvanparts.co.uk/wp-admin/post.php?post=83485&action=edit
83496,PLATE-H/BRAKE COVER FRONT,C00077242-5719,C00077242,,https://shane.maxusvanparts.co.uk/wp-admin/post.php?post=83496&action=edit
83527,COVER ASSEMBLY-FRONT SIDE DOOR OBLIQUE HANDLE,C00103938-4ED5,C00103938,,https://shane.maxusvanparts.co.uk/wp-admin/post.php?post=83527&action=edit
83528,COVER ASSEMBLY-FRONT DOOR WINDOW GARNISH,C00103959-AF30,C00103959,,https://shane.maxusvanparts.co.uk/wp-admin/post.php?post=83528&action=edit
83533,BOLT-TRANSMISSION,C00104607-95D3,C00104607,,https://shane.maxusvanparts.co.uk/wp-admin/post.php?post=83533&action=edit
83553,TRIM-FRONT SIDE DOOR STEP COVER,C00124921-3828,C00124921,,https://shane.maxusvanparts.co.uk/wp-admin/post.php?post=83553&action=edit
83556,MOUNT-EPT,C00122574-FF15,C00122574,,https://shane.maxusvanparts.co.uk/wp-admin/post.php?post=83556&action=edit
83558,BRACKET-REDUCER MOUNT,C00122579-2C5E,C00122579,,https://shane.maxusvanparts.co.uk/wp-admin/post.php?post=83558&action=edit
83600,WASHER-FRONT SHOCK ABSORBER LOWER SPRING WHEEL,C00134553-A7DF,C00134553,,https://shane.maxusvanparts.co.uk/wp-admin/post.php?post=83600&action=edit
83617,CLIP-BRAKE PIPE SINGLE II,C00145293-BC6C,C00145293,,https://shane.maxusvanparts.co.uk/wp-admin/post.php?post=83617&action=edit
83626,MEMBER ASSEMBLY-R/ALX,C00142714-FABA,C00142714,,https://shane.maxusvanparts.co.uk/wp-admin/post.php?post=83626&action=edit
83640,PLUG-REAR DOOR INNER PLATE ASSEMBLY,C00146565-0A8B,C00146565,,https://shane.maxusvanparts.co.uk/wp-admin/post.php?post=83640&action=edit
83649,CORNER ASSEMBLY-BRAKE,C00154168-BA5D,C00154168,,https://shane.maxusvanparts.co.uk/wp-admin/post.php?post=83649&action=edit
83653,WASHER-REAR HUB,C00145263-4C10,C00145263,,https://shane.maxusvanparts.co.uk/wp-admin/post.php?post=83653&action=edit
83655,BOLT/SCREW-DRIVER SEAT,C00156174-3BBB,C00156174,,https://shane.maxusvanparts.co.uk/wp-admin/post.php?post=83655&action=edit
83671,PANEL-FRONT DOOR CONTROL TRIM,C00165566-2D24,C00165566,,https://shane.maxusvanparts.co.uk/wp-admin/post.php?post=83671&action=edit
83680,PANEL ASSEMBLY-REAR SIDE TRIM,C00165784-FB68,C00165784,,https://shane.maxusvanparts.co.uk/wp-admin/post.php?post=83680&action=edit
83694,BRACKET-EPT MOUNT,C00169136-C6DE,C00169136,,https://shane.maxusvanparts.co.uk/wp-admin/post.php?post=83694&action=edit
83712,AIR OUTLET-INSTRUMENT PANEL LEFT HAND,C00174126-D128-74AA,C00174126-D128,,https://shane.maxusvanparts.co.uk/wp-admin/post.php?post=83712&action=edit
83726,BRACKET-CONSOLE INSTRUMENT PANEL FLOOR CONNECTOR,C00174384-4162,C00174384,,https://shane.maxusvanparts.co.uk/wp-admin/post.php?post=83726&action=edit
83731,WIRE-DRIVER MOTOR GROUND,C00176484-EA1F,C00176484,,https://shane.maxusvanparts.co.uk/wp-admin/post.php?post=83731&action=edit
83768,INSULATION-DASH PANEL INSULATION(DVR),C00167481-4F16,C00167481,,https://shane.maxusvanparts.co.uk/wp-admin/post.php?post=83768&action=edit
83788,SLEEVE-FRONT PASSENGER SEAT HEADREST GUIDE,C00191100-F139-4B8F,C00191100-F139,,https://shane.maxusvanparts.co.uk/wp-admin/post.php?post=83788&action=edit
83792,SLEEVE-FRONT PASSENGER SEAT HEADREST GUIDE,C00191101-F139-2BB2,C00191101-F139,,https://shane.maxusvanparts.co.uk/wp-admin/post.php?post=83792&action=edit
83800,HANDLE-DRIVER SEAT RECLINER,C00191289-0017,C00191289,,https://shane.maxusvanparts.co.uk/wp-admin/post.php?post=83800&action=edit
83802,HANDLE-FRONT PASSENGER SEAT RECLINER,C00191296-608A,C00191296,,https://shane.maxusvanparts.co.uk/wp-admin/post.php?post=83802&action=edit
83815,PLUG-SUB INSTRUMENT PANEL PANEL ASSEMBLY,C00195768-C479,C00195768,,https://shane.maxusvanparts.co.uk/wp-admin/post.php?post=83815&action=edit
83822,CLAMP-RADIATOR OUTLET WATER PIPE,C00198477-213A,C00198477,,https://shane.maxusvanparts.co.uk/wp-admin/post.php?post=83822&action=edit
83823,CLAMP-RADIATOR OUTLET WATER PIPE,C00198480-E26B,C00198480,,https://shane.maxusvanparts.co.uk/wp-admin/post.php?post=83823&action=edit
83825,KEY ASSEMBLY,C00199837-AD75,C00199837,,https://shane.maxusvanparts.co.uk/wp-admin/post.php?post=83825&action=edit
83845,LOCKNUT-OUTPUT SHAFT,C00211082-2FC8,C00211082,,https://shane.maxusvanparts.co.uk/wp-admin/post.php?post=83845&action=edit
83853,BOLT-FR BEARING RETAINER ASSY,C00211100-C774,C00211100,,https://shane.maxusvanparts.co.uk/wp-admin/post.php?post=83853&action=edit
83859,PIN-TRANSMISSION LOCATING,C00211163-8E70,C00211163,,https://shane.maxusvanparts.co.uk/wp-admin/post.php?post=83859&action=edit
83862,WAHSER-TRANSMISSION BODY,C00211164-5C1E,C00211164,,https://shane.maxusvanparts.co.uk/wp-admin/post.php?post=83862&action=edit
83865,BOLT-TRANSMISSION BODY,C00211165-5E75,C00211165,,https://shane.maxusvanparts.co.uk/wp-admin/post.php?post=83865&action=edit
83868,BOLT-TRANSMISSION BODY,C00211169-D901,C00211169,,https://shane.maxusvanparts.co.uk/wp-admin/post.php?post=83868&action=edit
83873,"RETAINER ASSY-BRG, FR",C00213573-8179,C00213573,,https://shane.maxusvanparts.co.uk/wp-admin/post.php?post=83873&action=edit
83879,PLUG ASSEMBLY-BREATHER,C00213564-DCCA,C00213564,,https://shane.maxusvanparts.co.uk/wp-admin/post.php?post=83879&action=edit
83881,SHIM-TAPER BEARING,C00213574-ED5B,C00213574,,https://shane.maxusvanparts.co.uk/wp-admin/post.php?post=83881&action=edit
83886,PLATE ASSEMBLY-A/PILLAR UPPER TRIM,C00235824-2DF7,C00235824,,https://shane.maxusvanparts.co.uk/wp-admin/post.php?post=83886&action=edit
83890,MAIN REDUCTION GEAR,C00213575-6EDD,C00213575,,https://shane.maxusvanparts.co.uk/wp-admin/post.php?post=83890&action=edit
83894,CASE ASSEMBLY-TRANSMISSION,C00213565-7A60,C00213565,,https://shane.maxusvanparts.co.uk/wp-admin/post.php?post=83894&action=edit
83896,PLATE ASSEMBLY-B/PILLAR UPPER TRIM,C00235835-F80F,C00235835,,https://shane.maxusvanparts.co.uk/wp-admin/post.php?post=83896&action=edit
83898,CASE-DIFFERENTIAL,C00213576-B25F,C00213576,,https://shane.maxusvanparts.co.uk/wp-admin/post.php?post=83898&action=edit
83904,THE INPUT SHAFT BALL BEARING IMPORTS-TRANSMISSION,C00213568-55C4,C00213568,,https://shane.maxusvanparts.co.uk/wp-admin/post.php?post=83904&action=edit
83906,SHIM-DIFFERENTIAL PINION GEAR,C00213577-2DB9,C00213577,,https://shane.maxusvanparts.co.uk/wp-admin/post.php?post=83906&action=edit
83913,SHAFT-OUTPUT,C00213571-33CE,C00213571,,https://shane.maxusvanparts.co.uk/wp-admin/post.php?post=83913&action=edit
83915,GEAR-DIFFERENTIAL PINION,C00213578-7512,C00213578,,https://shane.maxusvanparts.co.uk/wp-admin/post.php?post=83915&action=edit
83923,SHAFT-DIFFERENTIAL PINION GEAR,C00213579-E05A,C00213579,,https://shane.maxusvanparts.co.uk/wp-admin/post.php?post=83923&action=edit
83929,SHIM-DIFFERENTIAL PINION GEAR,C00213581-0266,C00213581,,https://shane.maxusvanparts.co.uk/wp-admin/post.php?post=83929&action=edit
83935,SHIM-DIFFERENTIAL SIDE GEAR,C00213582-F65C,C00213582,,https://shane.maxusvanparts.co.uk/wp-admin/post.php?post=83935&action=edit
83941,GEAR-HALF SHAFT,C00213583-E269,C00213583,,https://shane.maxusvanparts.co.uk/wp-admin/post.php?post=83941&action=edit
83974,BUSHING-PEDAL BOX,C00222917-635F,C00222917,,https://shane.maxusvanparts.co.uk/wp-admin/post.php?post=83974&action=edit
83977,FILM-FRONT DOOR WATERPROOF,C00267531-0944,C00267531,,https://shane.maxusvanparts.co.uk/wp-admin/post.php?post=83977&action=edit
83981,GUARD-FRONT SEAT,C00268263-343A,C00268263,,https://shane.maxusvanparts.co.uk/wp-admin/post.php?post=83981&action=edit
83983,GUARD-DRIVER SEAT,C00268265-4DCC,C00268265,,https://shane.maxusvanparts.co.uk/wp-admin/post.php?post=83983&action=edit
83988,ARMREST-DRIVER SEAT,C00268267-A8FA,C00268267,,https://shane.maxusvanparts.co.uk/wp-admin/post.php?post=83988&action=edit
83991,TRIM ASSEMBLY-FRONT SINGLE PASSENGER SEAT ASSEMBLY CUSHION,C00268472-3E9C,C00268472,,https://shane.maxusvanparts.co.uk/wp-admin/post.php?post=83991&action=edit
83992,TRIM ASSEMBLY-DRIVER SEAT ASSEMBLY CUSHION,C00268473-F1D1,C00268473,,https://shane.maxusvanparts.co.uk/wp-admin/post.php?post=83992&action=edit
84004,INSULATION-DASH PANEL INSULATION(COMPT),C00326298-6787,C00326298,,https://shane.maxusvanparts.co.uk/wp-admin/post.php?post=84004&action=edit
84006,PIPE ASSEMBLY-REAR BRK(CTR),C00333494-A08D,C00333494,,https://shane.maxusvanparts.co.uk/wp-admin/post.php?post=84006&action=edit
84011,PIPE ASSEMBLY-REAR BRK(CTR),C00333495-58AF,C00333495,,https://shane.maxusvanparts.co.uk/wp-admin/post.php?post=84011&action=edit
84017,HARNESS ASSEMBLY-HIGH VOLTAGE BATTERY OUTLET,C00336020-2C49,C00336020,,https://shane.maxusvanparts.co.uk/wp-admin/post.php?post=84017&action=edit
84024,REAR AXEL ASSEMBLY-BRAKE,C00277590-B48E,C00277590,,https://shane.maxusvanparts.co.uk/wp-admin/post.php?post=84024&action=edit
84027,TRIM-REAR FLOOR,C00339887-5B6B,C00339887,,https://shane.maxusvanparts.co.uk/wp-admin/post.php?post=84027&action=edit
84039,TRIM-FRONT FLOOR,C00288607-6531,C00288607,,https://shane.maxusvanparts.co.uk/wp-admin/post.php?post=84039&action=edit
84041,FRAME ASSEMBLY-REAR FLOOR,C00345476-4100-A899,C00345476-4100,,https://shane.maxusvanparts.co.uk/wp-admin/post.php?post=84041&action=edit
84043,PANEL ASSEMBLY-REAR SIDE TRIM,C00352818-4AAF,C00352818,,https://shane.maxusvanparts.co.uk/wp-admin/post.php?post=84043&action=edit
84047,PANEL ASSEMBLY-REAR SIDE TRIM,C00352821-3470,C00352821,,https://shane.maxusvanparts.co.uk/wp-admin/post.php?post=84047&action=edit
84049,TRAY ASSEMBLY-BATTERY,C00278385-11A1,C00278385,,https://shane.maxusvanparts.co.uk/wp-admin/post.php?post=84049&action=edit
84050,BRACKET PANEL ASSEMBLY-DRIVER SEAT INSTALL,C00291597-41C4,C00291597,,https://shane.maxusvanparts.co.uk/wp-admin/post.php?post=84050&action=edit
84053,BRACKET PANEL ASSEMBLY-FRONT SINGLE PASSENGER INSTALL,C00291598-B353,C00291598,,https://shane.maxusvanparts.co.uk/wp-admin/post.php?post=84053&action=edit
84057,DUSTSHIELD ASSEMBLY,C00280119-DEB6,C00280119,,https://shane.maxusvanparts.co.uk/wp-admin/post.php?post=84057&action=edit
84063,CLAMP-POWER STEERING GEAR INNER LEVER,C00280125-F4F7,C00280125,,https://shane.maxusvanparts.co.uk/wp-admin/post.php?post=84063&action=edit
84067,SHIELD-INTERMEDIATE STEERING COLUMN SHAFT CAP DUST,C00392360-B893,C00392360,,https://shane.maxusvanparts.co.uk/wp-admin/post.php?post=84067&action=edit
84070,BRACKET ASSEMBLY-INSTRUMENT PANEL CROSS MEMBER,C00393228-4100-41F2,C00393228-4100,,https://shane.maxusvanparts.co.uk/wp-admin/post.php?post=84070&action=edit
84074,CLAMP-STEERING GEAR,C00280478-2B3B,C00280478,,https://shane.maxusvanparts.co.uk/wp-admin/post.php?post=84074&action=edit
84080,CASE ASSEMBLY-TRANSMISSION,C00280656-825C,C00280656,,https://shane.maxusvanparts.co.uk/wp-admin/post.php?post=84080&action=edit
84085,WASHER-REAR SHOCK ABSORBER TO BODY,C00399477-B79D,C00399477,,https://shane.maxusvanparts.co.uk/wp-admin/post.php?post=84085&action=edit
84088,WASHER-REAR SHOCK ABSORBER TO BODY,C00399478-046C,C00399478,,https://shane.maxusvanparts.co.uk/wp-admin/post.php?post=84088&action=edit
84093,HARNESS-POWER BATTERY GROUND,C00306666-CED4,C00306666,,https://shane.maxusvanparts.co.uk/wp-admin/post.php?post=84093&action=edit
84094,THREE PHASE LINE-MOTOR TO MCU,C00419031-3B2F,C00419031,,https://shane.maxusvanparts.co.uk/wp-admin/post.php?post=84094&action=edit
84098,PIPE ASSEMBLY-REAR BRK(CTR),C00308578-35CF,C00308578,,https://shane.maxusvanparts.co.uk/wp-admin/post.php?post=84098&action=edit
84101,PANEL-REAR WHEELHOUSE OUTER,C00308810-4100-0BC5,C00308810-4100,,https://shane.maxusvanparts.co.uk/wp-admin/post.php?post=84101&action=edit
84107,PLATE ASSEMBLY-SIDE RAIL INNER,C00427755-85D1,C00427755,,https://shane.maxusvanparts.co.uk/wp-admin/post.php?post=84107&action=edit
84111,LOW SPEED ALARM MODULE,C00428094-7F09,C00428094,,https://shane.maxusvanparts.co.uk/wp-admin/post.php?post=84111&action=edit
84114,MOUNT-REDUCER,C00313113-5E7E,C00313113,,https://shane.maxusvanparts.co.uk/wp-admin/post.php?post=84114&action=edit
84120,HARNESS ASSEMBLY-FRONT AIR CONDITIONING COMPRESSOR,C00313462-A76F,C00313462,,https://shane.maxusvanparts.co.uk/wp-admin/post.php?post=84120&action=edit
84124,HARNESS-ROOF,C00315897-0857,C00315897,,https://shane.maxusvanparts.co.uk/wp-admin/post.php?post=84124&action=edit
84125,BRACKET-MOTOR CONTROLLER,C00452602-70D2,C00452602,,https://shane.maxusvanparts.co.uk/wp-admin/post.php?post=84125&action=edit
84133,BOW ASSEMBLY-ROOF NO.1,C00323911-4100-B8B4,C00323911-4100,,https://shane.maxusvanparts.co.uk/wp-admin/post.php?post=84133&action=edit
84135,PLATE ASSEMBLY-SIDE RAIL INNER,C00323930-BBBD,C00323930,,https://shane.maxusvanparts.co.uk/wp-admin/post.php?post=84135&action=edit
84139,BRACKET-MOTOR CONTROLLER,C00452603-80A1,C00452603,,https://shane.maxusvanparts.co.uk/wp-admin/post.php?post=84139&action=edit
84141,HOSE-MOTOR CONTROL TO MOTOR,C00457823-4E5C,C00457823,,https://shane.maxusvanparts.co.uk/wp-admin/post.php?post=84141&action=edit
84142,MOTOR-DRIVER,C00476279-7755,C00476279,,https://shane.maxusvanparts.co.uk/wp-admin/post.php?post=84142&action=edit
84147,HARNESS ASSEMBLY-INSTRUMENT PANEL WIRING,C00489232-D405,C00489232,,https://shane.maxusvanparts.co.uk/wp-admin/post.php?post=84147&action=edit
84150,SEATBELT LOCK REMINDER MODULE SBR,C00489676-5262,C00489676,,https://shane.maxusvanparts.co.uk/wp-admin/post.php?post=84150&action=edit
84155,EXPLOSION-PROOF VALVE,C00564029-BA51,C00564029,,https://shane.maxusvanparts.co.uk/wp-admin/post.php?post=84155&action=edit
84157,SYSTEM-BATTERY MANAGEMENT,C00564032-8837,C00564032,,https://shane.maxusvanparts.co.uk/wp-admin/post.php?post=84157&action=edit
84158,RESISTOR-PRE CHARGE,C00564033-59A9,C00564033,,https://shane.maxusvanparts.co.uk/wp-admin/post.php?post=84158&action=edit
84159,BOX ASSEMBLY-FUSE,C00564034-A7B2,C00564034,,https://shane.maxusvanparts.co.uk/wp-admin/post.php?post=84159&action=edit
84160,RELAY-PRE CHARGE HV,C00564035-105F,C00564035,,https://shane.maxusvanparts.co.uk/wp-admin/post.php?post=84160&action=edit
84161,RELAY-PRE CHARGE HV,C00564036-F890,C00564036,,https://shane.maxusvanparts.co.uk/wp-admin/post.php?post=84161&action=edit
84162,INSTRUMENT-INSULATION DETECTION,C00564037-1A20,C00564037,,https://shane.maxusvanparts.co.uk/wp-admin/post.php?post=84162&action=edit
84163,BOX ASSEMBLY-FUSE,C00564038-85FE,C00564038,,https://shane.maxusvanparts.co.uk/wp-admin/post.php?post=84163&action=edit
84164,INSTRUMENT-INSULATION DETECTION,C00564039-A112,C00564039,,https://shane.maxusvanparts.co.uk/wp-admin/post.php?post=84164&action=edit
84165,HARNESS-COMMUNICATE,C00564040-9410,C00564040,,https://shane.maxusvanparts.co.uk/wp-admin/post.php?post=84165&action=edit
84168,HARNESS-COMMUNICATE,C00564043-D85E,C00564043,,https://shane.maxusvanparts.co.uk/wp-admin/post.php?post=84168&action=edit
84169,GROMMET-BATTERY BOX,C00564044-C650,C00564044,,https://shane.maxusvanparts.co.uk/wp-admin/post.php?post=84169&action=edit
84173,PANEL-USB,C00638474-65E2,C00638474,,https://shane.maxusvanparts.co.uk/wp-admin/post.php?post=84173&action=edit
84174,COVER-DEFROST,C00638478-03F8,C00638478,,https://shane.maxusvanparts.co.uk/wp-admin/post.php?post=84174&action=edit
84175,COVER-DEFROST,C00638479-DEBF,C00638479,,https://shane.maxusvanparts.co.uk/wp-admin/post.php?post=84175&action=edit
84178,POWER BATTERY lINK BRACKET-RIGHT/FRONT,C00888881-E43E,C00888881,,https://shane.maxusvanparts.co.uk/wp-admin/post.php?post=84178&action=edit
84180,POWER BATTERY lINK BRACKET,C00888882-8005,C00888882,,https://shane.maxusvanparts.co.uk/wp-admin/post.php?post=84180&action=edit
87128,PLUG-AERATE,B90000877-5E92,B90000877,,https://shane.maxusvanparts.co.uk/wp-admin/post.php?post=87128&action=edit
88040,BRACKET-PUR COVER TO ENGINE,C00154340-0661,C00154340,,https://shane.maxusvanparts.co.uk/wp-admin/post.php?post=88040&action=edit
88481,CYLINDER BLOCK MACHINED ASSEMBLY,C00264290-BBDB,C00264290,,https://shane.maxusvanparts.co.uk/wp-admin/post.php?post=88481&action=edit
88507,WELDING ASSEMBLY-FUEL TANK,C00275609-56EC,C00275609,,https://shane.maxusvanparts.co.uk/wp-admin/post.php?post=88507&action=edit
100221,HINGE A-DOOR REAR,C00613382-2BE4,C00613382,,https://shane.maxusvanparts.co.uk/wp-admin/post.php?post=100221&action=edit
100222,HINGE A-DOOR REAR,C00613383-E7E5,C00613383,,https://shane.maxusvanparts.co.uk/wp-admin/post.php?post=100222&action=edit
100223,INSULATOR ASSEMBLY-MOUNT TRANSMISSION,C00614245-F2E5,C00614245,,https://shane.maxusvanparts.co.uk/wp-admin/post.php?post=100223&action=edit
100231,PANEL-CENTER/CENTRE SIDE PANEL INNER TRIM,C00625813-4BFE,C00625813,,https://shane.maxusvanparts.co.uk/wp-admin/post.php?post=100231&action=edit
100232,PANEL-CENTER/CENTRE SIDE PANEL INNER TRIM,C00625818-4CF9,C00625818,,https://shane.maxusvanparts.co.uk/wp-admin/post.php?post=100232&action=edit
100243,CROSSMEMBER SUB ASSEMBLY-S/TYRE FRONT,C00641685-4100-75ED,C00641685-4100,,https://shane.maxusvanparts.co.uk/wp-admin/post.php?post=100243&action=edit
100248,REAR AXEL ASSEMBLY-BRAKE,C00653855-5221,C00653855,,https://shane.maxusvanparts.co.uk/wp-admin/post.php?post=100248&action=edit
100264,WATER PUMP ASSEMBLY-ELECTRONIC,C00681980-E824,C00681980,,https://shane.maxusvanparts.co.uk/wp-admin/post.php?post=100264&action=edit
100289,BASE ASSEMBLY-DRIVER SEAT,C00700649-8234,C00700649,,https://shane.maxusvanparts.co.uk/wp-admin/post.php?post=100289&action=edit
100299,RAIL ASSEMBLY-FRONT SIDE,C00502665-4100-8E84,C00502665-4100,,https://shane.maxusvanparts.co.uk/wp-admin/post.php?post=100299&action=edit
100390,HARDNESS-BATTERY POSITIVE,C00517719-39F1,C00517719,,https://shane.maxusvanparts.co.uk/wp-admin/post.php?post=100390&action=edit
100519,RAIL ASSEMBLY-FRONT SIDE,C00524767-4100-56E4,C00524767-4100,,https://shane.maxusvanparts.co.uk/wp-admin/post.php?post=100519&action=edit
100527,SECTION-FRONT BRAKE FACING,C00791132-5A19,C00791132,,https://shane.maxusvanparts.co.uk/wp-admin/post.php?post=100527&action=edit
100547,CALIPER ASSEMBLY-FRONT BRAKE,C00791340-1AAB,C00791340,,https://shane.maxusvanparts.co.uk/wp-admin/post.php?post=100547&action=edit
100568,CALIPER ASSEMBLY-FRONT BRAKE,C00791342-5C3F,C00791342,,https://shane.maxusvanparts.co.uk/wp-admin/post.php?post=100568&action=edit
100619,CROSSMEMBER ASSEMBLY-#5,C00527903-4100-BEA4,C00527903-4100,,https://shane.maxusvanparts.co.uk/wp-admin/post.php?post=100619&action=edit
100643,PIPE ASSEMBLY-REAR BRK(CTR),C00339897-6ECA,C00339897,,https://shane.maxusvanparts.co.uk/wp-admin/post.php?post=100643&action=edit
100661,PIPE ASSEMBLY-REAR BRK(CTR),C00339899-4956,C00339899,,https://shane.maxusvanparts.co.uk/wp-admin/post.php?post=100661&action=edit
100680,PIPE ASSEMBLY-REAR BRK(CTR),C00340190-841F,C00340190,,https://shane.maxusvanparts.co.uk/wp-admin/post.php?post=100680&action=edit
100698,PIPE ASSEMBLY-REAR BRK(CTR),C00340194-F5A6,C00340194,,https://shane.maxusvanparts.co.uk/wp-admin/post.php?post=100698&action=edit
101368,BRACKET-BODY CONTROL MODULE,C00572338-2B36,C00572338,,https://shane.maxusvanparts.co.uk/wp-admin/post.php?post=101368&action=edit
101434,FUSE-MAIN FUSE BOX,C00365698-C82A,C00365698,,https://shane.maxusvanparts.co.uk/wp-admin/post.php?post=101434&action=edit
101535,HARDNESS-ENGINE GROUND,C00574713-F8F6,C00574713,,https://shane.maxusvanparts.co.uk/wp-admin/post.php?post=101535&action=edit
101613,PIPE-EXHAUST TAIL,C00374099-464E,C00374099,,https://shane.maxusvanparts.co.uk/wp-admin/post.php?post=101613&action=edit
101648,LONGITUDINAL ASSEMBLY-REAR,C00575751-4100-E5E4,C00575751-4100,,https://shane.maxusvanparts.co.uk/wp-admin/post.php?post=101648&action=edit
101686,PANEL ASSEMBLY-SIDE FRONT,C00576707-4100-BD22,C00576707-4100,,https://shane.maxusvanparts.co.uk/wp-admin/post.php?post=101686&action=edit
101798,PITMAN-LOCK CYLINDER LINK,C00475614-A51F,C00475614,,https://shane.maxusvanparts.co.uk/wp-admin/post.php?post=101798&action=edit
101837,MOUDLE-AFTER SALES ESP CONTROL,C00384128-6882,C00384128,,https://shane.maxusvanparts.co.uk/wp-admin/post.php?post=101837&action=edit
101890,BOX ASSEMBLY-MAIN FUSE,C00594158-3450,C00594158,,https://shane.maxusvanparts.co.uk/wp-admin/post.php?post=101890&action=edit
101963,BRACKET-BRAKE PIPE,C00599573-18AB,C00599573,,https://shane.maxusvanparts.co.uk/wp-admin/post.php?post=101963&action=edit
101996,LOCK BOLT TRANSMISSION,C00488343-D5ED,C00488343,,https://shane.maxusvanparts.co.uk/wp-admin/post.php?post=101996&action=edit
102139,WHEELHOUSE ASSEMBLY-FRONT,C00497281-4100-D194,C00497281-4100,,https://shane.maxusvanparts.co.uk/wp-admin/post.php?post=102139&action=edit
102195,BOLT-REAR SEAT BACK LOCK,C00687409-D805,C00687409,,https://shane.maxusvanparts.co.uk/wp-admin/post.php?post=102195&action=edit
102197,DEFLECTOR-INLET,C00687760-7FAE,C00687760,,https://shane.maxusvanparts.co.uk/wp-admin/post.php?post=102197&action=edit
102198,DEFLECTOR-RADIATOR,C00687761-ACA6,C00687761,,https://shane.maxusvanparts.co.uk/wp-admin/post.php?post=102198&action=edit
102201,HARNESS-TRAILER TRANSFER,C00688557-46DD,C00688557,,https://shane.maxusvanparts.co.uk/wp-admin/post.php?post=102201&action=edit
102202,BOLT/SCREW-DRIVER SEAT,C00688652-4AD7,C00688652,,https://shane.maxusvanparts.co.uk/wp-admin/post.php?post=102202&action=edit
102210,SCREW-DRIVER SEAT PLASTIC PLASTIC SHIELD,C00688653-B4EC,C00688653,,https://shane.maxusvanparts.co.uk/wp-admin/post.php?post=102210&action=edit
102218,BOLT/SCREW-SEAT ARMEST,C00688896-22BA,C00688896,,https://shane.maxusvanparts.co.uk/wp-admin/post.php?post=102218&action=edit
102219,SHIELD-SECOND ROW 3 PASSENGER SEAT ASSEMBLY ARMREST,C00688897-F320-7006,C00688897-F320,,https://shane.maxusvanparts.co.uk/wp-admin/post.php?post=102219&action=edit
102220,BOLT/SCREW-SEAT SIDE GUARD,C00688898-3204,C00688898,,https://shane.maxusvanparts.co.uk/wp-admin/post.php?post=102220&action=edit
102221,LOCK-SEAT CUSHION,C00688899-D718,C00688899,,https://shane.maxusvanparts.co.uk/wp-admin/post.php?post=102221&action=edit
102222,LOCK-SEAT CUSHION,C00688910-197D,C00688910,,https://shane.maxusvanparts.co.uk/wp-admin/post.php?post=102222&action=edit
102223,BELT-REAR SEAT RELEASE LOCK,C00688911-F311-7FD5,C00688911-F311,,https://shane.maxusvanparts.co.uk/wp-admin/post.php?post=102223&action=edit
102224,SYSTEM-ELECTRIC DRIVER,C00688958-5EE1,C00688958,,https://shane.maxusvanparts.co.uk/wp-admin/post.php?post=102224&action=edit
102225,SYSTEM-ELECTRIC DRIVER,C00688959-5BAA,C00688959,,https://shane.maxusvanparts.co.uk/wp-admin/post.php?post=102225&action=edit
102227,MOULDING-CONSOLE INSTRUMENT PANEL,C00690146-58F8,C00690146,,https://shane.maxusvanparts.co.uk/wp-admin/post.php?post=102227&action=edit
102229,BOLT/SCREW-SECOND ROW SEAT,C00690324-2161,C00690324,,https://shane.maxusvanparts.co.uk/wp-admin/post.php?post=102229&action=edit
102233,COVER-FRONT WINDSHIELD COVER PANEL TRIM,C00690525-54E0,C00690525,,https://shane.maxusvanparts.co.uk/wp-admin/post.php?post=102233&action=edit
102234,FUSE-MAIN FUSE BOX,C00589233-028B,C00589233,,https://shane.maxusvanparts.co.uk/wp-admin/post.php?post=102234&action=edit
102238,COVER-FRONT WINDSHIELD COVER PANEL TRIM,C00690526-EC0E,C00690526,,https://shane.maxusvanparts.co.uk/wp-admin/post.php?post=102238&action=edit
102239,FUSE-MAIN FUSE BOX,C00589237-2FFA,C00589237,,https://shane.maxusvanparts.co.uk/wp-admin/post.php?post=102239&action=edit
102243,HARNESS-INSTRUMENT PANEL HARNESS ADAPTER,C00690977-85DB,C00690977,,https://shane.maxusvanparts.co.uk/wp-admin/post.php?post=102243&action=edit
102244,WHEEL,C00392869-1AAE,C00392869,,https://shane.maxusvanparts.co.uk/wp-admin/post.php?post=102244&action=edit
102248,OUTRIGGER ASSEMBLY-FRONT WHEELHOUSE,C00691330-4100-8EDB,C00691330-4100,,https://shane.maxusvanparts.co.uk/wp-admin/post.php?post=102248&action=edit
102253,LOWER GUARD-MOTOR,C00554624-ACCB,C00554624,,https://shane.maxusvanparts.co.uk/wp-admin/post.php?post=102253&action=edit
102254,OUTRIGGER ASSEMBLY-FRONT WHEELHOUSE,C00691340-4100-FAA8,C00691340-4100,,https://shane.maxusvanparts.co.uk/wp-admin/post.php?post=102254&action=edit
102255,BOX ASSEMBLY-DRIVER SEAT SWITCH,C00396239-B9EE,C00396239,,https://shane.maxusvanparts.co.uk/wp-admin/post.php?post=102255&action=edit
102259,PLUG-FRONT WINDSHIELD COVER PANEL TRIM,C00554980-60BC,C00554980,,https://shane.maxusvanparts.co.uk/wp-admin/post.php?post=102259&action=edit
102265,PLUG-FRONT WINDSHIELD COVER PANEL TRIM,C00554981-B79E,C00554981,,https://shane.maxusvanparts.co.uk/wp-admin/post.php?post=102265&action=edit
102266,DEFLECTOR-FRONT BOTTOM,C00693138-3647,C00693138,,https://shane.maxusvanparts.co.uk/wp-admin/post.php?post=102266&action=edit
102270,ANTENNA-INNER LOW FREQUENCY,C00556142-33A1,C00556142,,https://shane.maxusvanparts.co.uk/wp-admin/post.php?post=102270&action=edit
102272,FUSE-MAIN FUSE BOX,C00589258-177E,C00589258,,https://shane.maxusvanparts.co.uk/wp-admin/post.php?post=102272&action=edit
102274,SPEAKER-FRONT,C00168518-97AC,C00168518,,https://shane.maxusvanparts.co.uk/wp-admin/post.php?post=102274&action=edit
102278,SPONGE-FENDER INSULATOR,C00527325-FCA4,C00527325,,https://shane.maxusvanparts.co.uk/wp-admin/post.php?post=102278&action=edit
102281,SPEAKER-BACK,C00168519-1FF8,C00168519,,https://shane.maxusvanparts.co.uk/wp-admin/post.php?post=102281&action=edit
102284,MEMBER-INSTRUMENT PANEL CROSS,C00693368-8BAD,C00693368,,https://shane.maxusvanparts.co.uk/wp-admin/post.php?post=102284&action=edit
102285,SPONGE-FENDER INSULATOR,C00527326-8601,C00527326,,https://shane.maxusvanparts.co.uk/wp-admin/post.php?post=102285&action=edit
102288,SPEAKER-DOOR INNER TRIM PANEL,C00168522-9564,C00168522,,https://shane.maxusvanparts.co.uk/wp-admin/post.php?post=102288&action=edit
102289,MUDGUARD-STEERING BRAKE ROTOR,C00399905-747F,C00399905,,https://shane.maxusvanparts.co.uk/wp-admin/post.php?post=102289&action=edit
102290,SWITCH ASSEMBLY-CONSOLE,C00693886-2560,C00693886,,https://shane.maxusvanparts.co.uk/wp-admin/post.php?post=102290&action=edit
102298,MUDGUARD-STEERING BRAKE ROTOR,C00399906-F50F,C00399906,,https://shane.maxusvanparts.co.uk/wp-admin/post.php?post=102298&action=edit
102310,CROSSMEMBER ASSEMBLY-#8,C00695049-4100-9A98,C00695049-4100,,https://shane.maxusvanparts.co.uk/wp-admin/post.php?post=102310&action=edit
102313,BRACKET-FULL FRAME NO.3 MOUNTING,C00528988-4100-89FD,C00528988-4100,,https://shane.maxusvanparts.co.uk/wp-admin/post.php?post=102313&action=edit
102316,PLATE-REAR QUARTER INTERL,C00695339-700A,C00695339,,https://shane.maxusvanparts.co.uk/wp-admin/post.php?post=102316&action=edit
102320,EQUIPMENT-SPARE TIRE,C00412639-19FD,C00412639,,https://shane.maxusvanparts.co.uk/wp-admin/post.php?post=102320&action=edit
102321,BRACKET-FULL FRAME NO.3 MOUNTING,C00528989-4100-E71B,C00528989-4100,,https://shane.maxusvanparts.co.uk/wp-admin/post.php?post=102321&action=edit
102324,BOLT/SCREW-TAILGATE TOP TRIM PLATE,C00647124-A945,C00647124,,https://shane.maxusvanparts.co.uk/wp-admin/post.php?post=102324&action=edit
102325,COVER-ALUMINUM WHEEL HUB TRIM,C00181219-4508,C00181219,,https://shane.maxusvanparts.co.uk/wp-admin/post.php?post=102325&action=edit
102326,PLATE ASSEMBLY-SILL OUTER,C00695750-4100-A399,C00695750-4100,,https://shane.maxusvanparts.co.uk/wp-admin/post.php?post=102326&action=edit
102327,PANLE ASSEMBLY-TAIL LAMP INSTALL,C00557560-4100-B2B6,C00557560-4100,,https://shane.maxusvanparts.co.uk/wp-admin/post.php?post=102327&action=edit
102328,SWITCH ASSEMBLY-SUNROOF,C00417238-9AAE,C00417238,,https://shane.maxusvanparts.co.uk/wp-admin/post.php?post=102328&action=edit
102330,BRACKET-FULL FRAME FRONT GUARD MEMBER MOUNT,C00529001-4100-9829,C00529001-4100,,https://shane.maxusvanparts.co.uk/wp-admin/post.php?post=102330&action=edit
102332,HOOP-REAR STABILIZER,C00592078-A656,C00592078,,https://shane.maxusvanparts.co.uk/wp-admin/post.php?post=102332&action=edit
102333,PLATE ASSEMBLY-SILL OUTER,C00695760-4100-2EDE,C00695760-4100,,https://shane.maxusvanparts.co.uk/wp-admin/post.php?post=102333&action=edit
102335,MAT-SPARE TIRE SUPPORT FOAM,C00648123-E7AE,C00648123,,https://shane.maxusvanparts.co.uk/wp-admin/post.php?post=102335&action=edit
102336,PANLE ASSEMBLY-TAIL LAMP INSTALL,C00557562-4100-F901,C00557562-4100,,https://shane.maxusvanparts.co.uk/wp-admin/post.php?post=102336&action=edit
102338,FRONT HALF SHAFT,C00421470-AB5E,C00421470,,https://shane.maxusvanparts.co.uk/wp-admin/post.php?post=102338&action=edit
102339,BRACKET-FULL FRAME FRONT GUARD MEMBER MOUNT,C00529002-4100-CD34,C00529002-4100,,https://shane.maxusvanparts.co.uk/wp-admin/post.php?post=102339&action=edit
102342,HARNESS-CAMERA,C00695788-55AD,C00695788,,https://shane.maxusvanparts.co.uk/wp-admin/post.php?post=102342&action=edit
102344,TRIM ASSEMBLY-WRAPPING,C00558333-M037-2659,C00558333-M037,,https://shane.maxusvanparts.co.uk/wp-admin/post.php?post=102344&action=edit
102345,BOLT-BLOCK TO FRAME,C00648971-67A0,C00648971,,https://shane.maxusvanparts.co.uk/wp-admin/post.php?post=102345&action=edit
102347,FRONT HALF SHAFT,C00421471-7C77,C00421471,,https://shane.maxusvanparts.co.uk/wp-admin/post.php?post=102347&action=edit
102348,BODY MOUNT BEMA ON FRAME,C00529003-4100-4F27,C00529003-4100,,https://shane.maxusvanparts.co.uk/wp-admin/post.php?post=102348&action=edit
102353,BRACKET-CHS HARNESS MOUNT,C00558887-F934,C00558887,,https://shane.maxusvanparts.co.uk/wp-admin/post.php?post=102353&action=edit
102356,BODY MOUNT BEMA ON FRAME,C00529004-4100-7006,C00529004-4100,,https://shane.maxusvanparts.co.uk/wp-admin/post.php?post=102356&action=edit
102357,MOUNT-REDUCER,C00431846-3764,C00431846,,https://shane.maxusvanparts.co.uk/wp-admin/post.php?post=102357&action=edit
102363,BRACKET-CHS HARNESS MOUNT,C00558888-795F,C00558888,,https://shane.maxusvanparts.co.uk/wp-admin/post.php?post=102363&action=edit
102364,HAMMER-SAFETY,C00650022-258E,C00650022,,https://shane.maxusvanparts.co.uk/wp-admin/post.php?post=102364&action=edit
102365,BRACKET-FULL FRAME FRONT SUSPENSION SHOCK ABSORBER MOUNT,C00529013-4100-D882,C00529013-4100,,https://shane.maxusvanparts.co.uk/wp-admin/post.php?post=102365&action=edit
102367,MOUNT-EPT,C00431847-9893,C00431847,,https://shane.maxusvanparts.co.uk/wp-admin/post.php?post=102367&action=edit
102373,HARNESS ASSEMBLY-FRONT PASSENGER DOOR,C00559123-2825,C00559123,,https://shane.maxusvanparts.co.uk/wp-admin/post.php?post=102373&action=edit
102375,BRACKET-FULL FRAME FRONT SUSPENSION SHOCK ABSORBER MOUNT,C00529014-4100-5117,C00529014-4100,,https://shane.maxusvanparts.co.uk/wp-admin/post.php?post=102375&action=edit
102376,PIN-ENDGATE,C00650399-B733,C00650399,,https://shane.maxusvanparts.co.uk/wp-admin/post.php?post=102376&action=edit
102383,CONVERTER-TRAN TOOLING MOUNT,C00529017-4100-3AB2,C00529017-4100,,https://shane.maxusvanparts.co.uk/wp-admin/post.php?post=102383&action=edit
102385,HARNESS ASSEMBLY-LR DOOR,C00559131-4AFC,C00559131,,https://shane.maxusvanparts.co.uk/wp-admin/post.php?post=102385&action=edit
102386,HARNESS-REAR BUMPER MID,C00696263-8E67,C00696263,,https://shane.maxusvanparts.co.uk/wp-admin/post.php?post=102386&action=edit
102396,ORNAMENT-PICKUP BOX,C00698032-3FA9,C00698032,,https://shane.maxusvanparts.co.uk/wp-admin/post.php?post=102396&action=edit
102397,HARNESS ASSEMBLY-REAR DOOR,C00559137-5712,C00559137,,https://shane.maxusvanparts.co.uk/wp-admin/post.php?post=102397&action=edit
102403,PEDAL ASSEMBLY-BRAKE,C00592654-FFB4,C00592654,,https://shane.maxusvanparts.co.uk/wp-admin/post.php?post=102403&action=edit
102405,BOLT/SCREW-FRONT COMPARTMENT COVER LOCKER,C00221842-D373,C00221842,,https://shane.maxusvanparts.co.uk/wp-admin/post.php?post=102405&action=edit
102409,MODULE-CH HARNESS REAR MOTOR,C00559143-28FB,C00559143,,https://shane.maxusvanparts.co.uk/wp-admin/post.php?post=102409&action=edit
102410,RAIL ASSEMBLY-GUIDE REAR HCD-LEFT HAND,C00481416-8567,C00481416,,https://shane.maxusvanparts.co.uk/wp-admin/post.php?post=102410&action=edit
102412,MEMBER-FRONT COCKPIT INSTALL,C00698736-4100-D6CE,C00698736-4100,,https://shane.maxusvanparts.co.uk/wp-admin/post.php?post=102412&action=edit
102413,CONVERTER-TRAN TOOLING MOUNT,C00529018-4100-4848,C00529018-4100,,https://shane.maxusvanparts.co.uk/wp-admin/post.php?post=102413&action=edit
102414,VALVE-FRONT AIR CONDITIONING EXPN,C00435886-24D0,C00435886,,https://shane.maxusvanparts.co.uk/wp-admin/post.php?post=102414&action=edit
102416,LEVER ASSEMBLY-POWER STEERING GEAR OUTLET,C00650868-A2D8,C00650868,,https://shane.maxusvanparts.co.uk/wp-admin/post.php?post=102416&action=edit
102418,PANEL -FRONT SIDE PANEL OUTER,C00458831-4100-C52E,C00458831-4100,,https://shane.maxusvanparts.co.uk/wp-admin/post.php?post=102418&action=edit
102419,DUCT-FRONT FLOOR,C00504000-F5DE,C00504000,,https://shane.maxusvanparts.co.uk/wp-admin/post.php?post=102419&action=edit
102420,BOLT-LOWER CONTROL ARM TO S/FRAME,B00005833-7124,B00005833,,https://shane.maxusvanparts.co.uk/wp-admin/post.php?post=102420&action=edit
102426,HARNESS-DCDC BATTERY,C00559144-4A2E,C00559144,,https://shane.maxusvanparts.co.uk/wp-admin/post.php?post=102426&action=edit
102434,PANEL -FRONT SIDE PANEL OUTER,C00458832-4100-745B,C00458832-4100,,https://shane.maxusvanparts.co.uk/wp-admin/post.php?post=102434&action=edit
102437,SENSOR-AIR BAG(FACE),C00238074-BC39,C00238074,,https://shane.maxusvanparts.co.uk/wp-admin/post.php?post=102437&action=edit
102442,HARDNESS-BATTERY NEGATIVE,C00559145-5FF9,C00559145,,https://shane.maxusvanparts.co.uk/wp-admin/post.php?post=102442&action=edit
102444,RAIL ASSEMBLY-GUIDE REAR HCD-LEFT HAND,C00481431-E449,C00481431,,https://shane.maxusvanparts.co.uk/wp-admin/post.php?post=102444&action=edit
102446,BRACKET ASSEMBLY-FRONT COMPARTMENT FUSE BOX,C00676573-6833,C00676573,,https://shane.maxusvanparts.co.uk/wp-admin/post.php?post=102446&action=edit
102456,CABLE-POWER BATTERY AND FUSE,C00559148-EE4F,C00559148,,https://shane.maxusvanparts.co.uk/wp-admin/post.php?post=102456&action=edit
102458,PANEL ASSEMBLY SET-SILL INNER,C00701310-4100-4AD8,C00701310-4100,,https://shane.maxusvanparts.co.uk/wp-admin/post.php?post=102458&action=edit
102459,CHANNEL ASSEMBLY-REAR SIDE DOOR REAR LOWER,C00481559-BF33,C00481559,,https://shane.maxusvanparts.co.uk/wp-admin/post.php?post=102459&action=edit
102463,FRAME ASSEMBLY-HEADLAMP,C00529450-4100-1BCF,C00529450-4100,,https://shane.maxusvanparts.co.uk/wp-admin/post.php?post=102463&action=edit
102465,UNIT-COMBINED CHARGING,C00595238-FFC2,C00595238,,https://shane.maxusvanparts.co.uk/wp-admin/post.php?post=102465&action=edit
102466,PANEL ASSEMBLY-REAR SIDE DOOR INNER TRIM,C00504553-3049-14B6,C00504553-3049,,https://shane.maxusvanparts.co.uk/wp-admin/post.php?post=102466&action=edit
102473,HARDNESS-BATTERY CAT,C00559149-76D7,C00559149,,https://shane.maxusvanparts.co.uk/wp-admin/post.php?post=102473&action=edit
102474,CHECK ASSEMBLY-REAR SIDE DOOR,C00481561-1FDC,C00481561,,https://shane.maxusvanparts.co.uk/wp-admin/post.php?post=102474&action=edit
102476,PANEL ASSEMBLY SET-SILL INNER,C00701320-4100-7962,C00701320-4100,,https://shane.maxusvanparts.co.uk/wp-admin/post.php?post=102476&action=edit
102479,FRAME ASSEMBLY-HEADLAMP,C00529460-4100-EC7B,C00529460-4100,,https://shane.maxusvanparts.co.uk/wp-admin/post.php?post=102479&action=edit
102480,ASSEMBLY-40% SEAT BACK,C00595264-M303-17F1,C00595264-M303,,https://shane.maxusvanparts.co.uk/wp-admin/post.php?post=102480&action=edit
102483,PANEL ASSEMBLY-REAR SIDE DOOR INNER TRIM,C00504554-3049-3DAF,C00504554-3049,,https://shane.maxusvanparts.co.uk/wp-admin/post.php?post=102483&action=edit
102489,CHANNEL ASSEMBLY-REAR SIDE DOOR REAR LOWER,C00481562-C309,C00481562,,https://shane.maxusvanparts.co.uk/wp-admin/post.php?post=102489&action=edit
102490,BRACKET-REAR BUMPER MOUNT,C00559983-BD2D,C00559983,,https://shane.maxusvanparts.co.uk/wp-admin/post.php?post=102490&action=edit
102492,WHEELHOUSE ASSEMBLY-FRONT,C00701480-4100-B527,C00701480-4100,,https://shane.maxusvanparts.co.uk/wp-admin/post.php?post=102492&action=edit
102493,CROSSMEMBER ASSEMBLY-HEADLAMP UPPER,C00529470-4100-79F4,C00529470-4100,,https://shane.maxusvanparts.co.uk/wp-admin/post.php?post=102493&action=edit
102494,BOLT/SCREW-TAILGATE TOP TRIM PLATE,C00678462-CC42,C00678462,,https://shane.maxusvanparts.co.uk/wp-admin/post.php?post=102494&action=edit
102495,GEAR-STEERING,C00650871-56A2,C00650871,,https://shane.maxusvanparts.co.uk/wp-admin/post.php?post=102495&action=edit
102497,CUSHION-FRONT SIDE DOOR HANDLE BOX,C00504555-7C63,C00504555,,https://shane.maxusvanparts.co.uk/wp-admin/post.php?post=102497&action=edit
102498,SENSOR ASSEMBLY-FRONT SUSPENSION ECAS HEIGHT,C00459032-C4C2,C00459032,,https://shane.maxusvanparts.co.uk/wp-admin/post.php?post=102498&action=edit
102499,ASSEMBLY-60% SEAT BACK,C00595265-M303-B4C5,C00595265-M303,,https://shane.maxusvanparts.co.uk/wp-admin/post.php?post=102499&action=edit
102505,BRACKET-REAR BUMPER MOUNT,C00559984-4417,C00559984,,https://shane.maxusvanparts.co.uk/wp-admin/post.php?post=102505&action=edit
102506,WHEELHOUSE ASSEMBLY-FRONT,C00701490-4100-25B9,C00701490-4100,,https://shane.maxusvanparts.co.uk/wp-admin/post.php?post=102506&action=edit
102510,CROSSMEMBER ASSEMBLY-HEADLAMP UPPER,C00529480-4100-A0AA,C00529480-4100,,https://shane.maxusvanparts.co.uk/wp-admin/post.php?post=102510&action=edit
102511,PIPE-PMP TO MOTOR,C00651233-3E60,C00651233,,https://shane.maxusvanparts.co.uk/wp-admin/post.php?post=102511&action=edit
102513,SENSOR ASSEMBLY-FRONT SUSPENSION ECAS HEIGHT,C00459033-F87D,C00459033,,https://shane.maxusvanparts.co.uk/wp-admin/post.php?post=102513&action=edit
102514,CUSHION-FRONT SIDE DOOR HANDLE BOX,C00504556-B0A0,C00504556,,https://shane.maxusvanparts.co.uk/wp-admin/post.php?post=102514&action=edit
102515,SECTION-FENDER INSTALL BRACKET,C00597221-4100-22FA,C00597221-4100,,https://shane.maxusvanparts.co.uk/wp-admin/post.php?post=102515&action=edit
102518,FRAME-FRONT LOUVER CROSS MEMBER,C00481610-4100-BFB8,C00481610-4100,,https://shane.maxusvanparts.co.uk/wp-admin/post.php?post=102518&action=edit
102521,ANTIFRICTION GASKET,C00436216-A6C3,C00436216,,https://shane.maxusvanparts.co.uk/wp-admin/post.php?post=102521&action=edit
102524,ELECTRONIC CONTROL UNIT-SEAT MEMORY,C00702215-D19B,C00702215,,https://shane.maxusvanparts.co.uk/wp-admin/post.php?post=102524&action=edit
102525,PANEL ASSEMBLY-SIDE END GATE INNER,C00680828-4100-21BE,C00680828-4100,,https://shane.maxusvanparts.co.uk/wp-admin/post.php?post=102525&action=edit
102526,CROSSMEMBER ASSEMBLY-LOWER WASHER TANK,C00529540-4100-7ECF,C00529540-4100,,https://shane.maxusvanparts.co.uk/wp-admin/post.php?post=102526&action=edit
102528,ACCESS  ASSEMBLY-FRONT FLOOR CENTER/CENTRE,C00469810-4100-928F,C00469810-4100,,https://shane.maxusvanparts.co.uk/wp-admin/post.php?post=102528&action=edit
102530,BRACKET-FRONT SIDE DOOR HANDLE BOX,C00504603-2769,C00504603,,https://shane.maxusvanparts.co.uk/wp-admin/post.php?post=102530&action=edit
102533,SECTION-FENDER INSTALL BRACKET,C00597222-4100-C507,C00597222-4100,,https://shane.maxusvanparts.co.uk/wp-admin/post.php?post=102533&action=edit
102534,CHECK ASSEMBLY-FRONT SIDE DOOR,C00481706-F561,C00481706,,https://shane.maxusvanparts.co.uk/wp-admin/post.php?post=102534&action=edit
102537,HARNESS-POWER BATTERY HIGH VOLTAGE,C00561768-1FF5,C00561768,,https://shane.maxusvanparts.co.uk/wp-admin/post.php?post=102537&action=edit
102539,HOUSING ASSEMBLY-BRAKE CALIPER,C00680858-E5BD,C00680858,,https://shane.maxusvanparts.co.uk/wp-admin/post.php?post=102539&action=edit
102542,MIRROR ASSEMBLY-INSIDE REAR VIEW,C00651329-85F0,C00651329,,https://shane.maxusvanparts.co.uk/wp-admin/post.php?post=102542&action=edit
102544,FRAME ASSEMBLY-REAR FLOOR,C00471410-4100-8E9B,C00471410-4100,,https://shane.maxusvanparts.co.uk/wp-admin/post.php?post=102544&action=edit
102545,PANEL ASSEMBLY-FRONT WINDSHIELD LOWER CROSS MEMBER COVER,C00529570-4100-6895,C00529570-4100,,https://shane.maxusvanparts.co.uk/wp-admin/post.php?post=102545&action=edit
102546,BOX ASSEMBLY-RESERVE,C00504785-024A,C00504785,,https://shane.maxusvanparts.co.uk/wp-admin/post.php?post=102546&action=edit
102548,NUT-TAIL LAMP,C00286871-2FC2,C00286871,,https://shane.maxusvanparts.co.uk/wp-admin/post.php?post=102548&action=edit
102549,BUSHING-REAR SUSPENSION TRAILING ARM,C00597320-ECBB,C00597320,,https://shane.maxusvanparts.co.uk/wp-admin/post.php?post=102549&action=edit
102551,HOUSING ASSEMBLY-BRAKE CALIPER,C00680863-36B6,C00680863,,https://shane.maxusvanparts.co.uk/wp-admin/post.php?post=102551&action=edit
102555,MODULE-DUAL ROW BATTERY,C00561800-93B4,C00561800,,https://shane.maxusvanparts.co.uk/wp-admin/post.php?post=102555&action=edit
102556,PLATE ASSEMBLY-REAR ROOF CROSS MEMBER INNER,C00706030-4100-172E,C00706030-4100,,https://shane.maxusvanparts.co.uk/wp-admin/post.php?post=102556&action=edit
102560,CROSSMEMBER ASSEMBLY-FRONT ROOF,C00471700-4100-F2EB,C00471700-4100,,https://shane.maxusvanparts.co.uk/wp-admin/post.php?post=102560&action=edit
102561,HOSE-ELECTRONIC WATER PUMP TO PCU,C00529858-181B,C00529858,,https://shane.maxusvanparts.co.uk/wp-admin/post.php?post=102561&action=edit
102564,PANEL-FOREHOLD,C00504806-EF4D,C00504806,,https://shane.maxusvanparts.co.uk/wp-admin/post.php?post=102564&action=edit
102565,HOSE-FRONT AIR CONDITIONING ASSEMBLY DRAIN,C00597604-CFE5,C00597604,,https://shane.maxusvanparts.co.uk/wp-admin/post.php?post=102565&action=edit
102566,BRACKET-ULTRASONIC RADAR SENSOR,C00482219-F041-BD47,C00482219-F041,,https://shane.maxusvanparts.co.uk/wp-admin/post.php?post=102566&action=edit
102567,PANEL-FRONT SIDE REINFORCEMENT,C00437709-4100-80FD,C00437709-4100,,https://shane.maxusvanparts.co.uk/wp-admin/post.php?post=102567&action=edit
102568,PACKAGE-CALIPER BRACKET ASSEMBLY REPAIR,C00680864-969F,C00680864,,https://shane.maxusvanparts.co.uk/wp-admin/post.php?post=102568&action=edit
102573,PANEL-ROOF OUTER,C00706107-4100-E30E,C00706107-4100,,https://shane.maxusvanparts.co.uk/wp-admin/post.php?post=102573&action=edit
102576,SECTION-FENDER INSTALL BRACKET,C00471703-4100-6F91,C00471703-4100,,https://shane.maxusvanparts.co.uk/wp-admin/post.php?post=102576&action=edit
102577,PIPE-PMP TO MOTOR,C00529859-4E86,C00529859,,https://shane.maxusvanparts.co.uk/wp-admin/post.php?post=102577&action=edit
102578,PLATE-D/PILLAR TRIM,C00504819-01D2,C00504819,,https://shane.maxusvanparts.co.uk/wp-admin/post.php?post=102578&action=edit
102582,BRACKET-ULTRASONIC RADAR SENSOR,C00482220-A214-904C,C00482220-A214,,https://shane.maxusvanparts.co.uk/wp-admin/post.php?post=102582&action=edit
102585,WELD ASSEMBLY-FRONT SUSPENSION LOWER CONTROL ARM,C00488443-A841,C00488443,,https://shane.maxusvanparts.co.uk/wp-admin/post.php?post=102585&action=edit
102586,BOLT/SCREW-RADIATOR GRILLE,C00706343-9E7A,C00706343,,https://shane.maxusvanparts.co.uk/wp-admin/post.php?post=102586&action=edit
102588,MODULE-DUAL ROW BATTERY,C00561801-DB30,C00561801,,https://shane.maxusvanparts.co.uk/wp-admin/post.php?post=102588&action=edit
102591,SWITCH GROUP ASSEMBLY-CENTER/CENTRE CONTROL,C00651509-8837,C00651509,,https://shane.maxusvanparts.co.uk/wp-admin/post.php?post=102591&action=edit
102593,REINFORCEMENT ASSEMBLY-A/PILLAR UPPER,C00471770-4100-30B9,C00471770-4100,,https://shane.maxusvanparts.co.uk/wp-admin/post.php?post=102593&action=edit
102594,PLATE-D/PILLAR TRIM,C00504820-8124,C00504820,,https://shane.maxusvanparts.co.uk/wp-admin/post.php?post=102594&action=edit
102598,BRACKET-ULTRASONIC RADAR SENSOR,C00482221-A214-2EB3,C00482221-A214,,https://shane.maxusvanparts.co.uk/wp-admin/post.php?post=102598&action=edit
102599,SCREW-REAR BRAKE CALIPER BLEED,C00680866-2BDA,C00680866,,https://shane.maxusvanparts.co.uk/wp-admin/post.php?post=102599&action=edit
102605,ASSEMBLY-ROOF REAR SPOILER,C00707731-7695,C00707731,,https://shane.maxusvanparts.co.uk/wp-admin/post.php?post=102605&action=edit
102608,REINFORCEMENT ASSEMBLY-A/PILLAR UPPER,C00471780-4100-DD98,C00471780-4100,,https://shane.maxusvanparts.co.uk/wp-admin/post.php?post=102608&action=edit
102610,BRACKET-DASH GUARD,C00530488-1041,C00530488,,https://shane.maxusvanparts.co.uk/wp-admin/post.php?post=102610&action=edit
102614,BRACKET-ULTRASONIC RADAR SENSOR,C00482222-F041-F33B,C00482222-F041,,https://shane.maxusvanparts.co.uk/wp-admin/post.php?post=102614&action=edit
102615,PACKAGE-MOTOR MAINTENANCE ACCESSORY,C00680867-D3BD,C00680867,,https://shane.maxusvanparts.co.uk/wp-admin/post.php?post=102615&action=edit
102616,FENDER-REAR BRAKE ROTOR,C00438003-AE5A,C00438003,,https://shane.maxusvanparts.co.uk/wp-admin/post.php?post=102616&action=edit
102617,MODULE-BATTERY,C00561802-87CA,C00561802,,https://shane.maxusvanparts.co.uk/wp-admin/post.php?post=102617&action=edit
102620,PIPE-COMPRESSOR OUTLET,C00488463-AA1B,C00488463,,https://shane.maxusvanparts.co.uk/wp-admin/post.php?post=102620&action=edit
102621,HARNESS ASSEMBLY-INSTRUMENT PANEL WIRING,C00708919-F335,C00708919,,https://shane.maxusvanparts.co.uk/wp-admin/post.php?post=102621&action=edit
102623,REINFORCEMENT ASSEMBLY-A/PILLAR LOWER,C00471790-4100-4866,C00471790-4100,,https://shane.maxusvanparts.co.uk/wp-admin/post.php?post=102623&action=edit
102624,SYSTEM-ELECTRIC DRIVER,C00653489-AD9A,C00653489,,https://shane.maxusvanparts.co.uk/wp-admin/post.php?post=102624&action=edit
102625,CONNECTOR ASSEMBLY-BRAKE PIPE 2WAY,C00530713-CBFB,C00530713,,https://shane.maxusvanparts.co.uk/wp-admin/post.php?post=102625&action=edit
102630,BRACKET-ULTRASONIC RADAR SENSOR,C00482223-F041-3FDA,C00482223-F041,,https://shane.maxusvanparts.co.uk/wp-admin/post.php?post=102630&action=edit
102632,PACKAGE-GUIDE PIN,C00680870-9976,C00680870,,https://shane.maxusvanparts.co.uk/wp-admin/post.php?post=102632&action=edit
102633,FENDER-REAR BRAKE ROTOR,C00438004-A031,C00438004,,https://shane.maxusvanparts.co.uk/wp-admin/post.php?post=102633&action=edit
102637,HARNESS-REAR SILL,C00709059-3BF1,C00709059,,https://shane.maxusvanparts.co.uk/wp-admin/post.php?post=102637&action=edit
102638,TUBE ASSEMBLY-CONDENSER INTAKE,C00488465-FCC3,C00488465,,https://shane.maxusvanparts.co.uk/wp-admin/post.php?post=102638&action=edit
102639,PIPE-FRAME FRONT BRAKE,C00530786-ECB9,C00530786,,https://shane.maxusvanparts.co.uk/wp-admin/post.php?post=102639&action=edit
102640,REINFORCEMENT ASSEMBLY-A/PILLAR LOWER,C00471800-4100-5B99,C00471800-4100,,https://shane.maxusvanparts.co.uk/wp-admin/post.php?post=102640&action=edit
102646,BRACKET-ULTRASONIC RADAR SENSOR,C00482224-F041-4F71,C00482224-F041,,https://shane.maxusvanparts.co.uk/wp-admin/post.php?post=102646&action=edit
102647,PANEL ASSEMBLY-SIDE END GATE INNER,C00680936-4100-658A,C00680936-4100,,https://shane.maxusvanparts.co.uk/wp-admin/post.php?post=102647&action=edit
102648,SEAT ASSEMBLY-FRONT SINGLE PASSENGER,C00438999-M203-9232,C00438999-M203,,https://shane.maxusvanparts.co.uk/wp-admin/post.php?post=102648&action=edit
102650,HARNESS-FRONT BUMPER,C00562790-93E8,C00562790,,https://shane.maxusvanparts.co.uk/wp-admin/post.php?post=102650&action=edit
102654,TUBE ASSEMBLY-BATTERY COOLING AIR CONDITIONING INTAKE &amp; OUTLET,C00488468-0DAE,C00488468,,https://shane.maxusvanparts.co.uk/wp-admin/post.php?post=102654&action=edit
102655,PIPE-FRAME FRONT BRAKE,C00530787-C617,C00530787,,https://shane.maxusvanparts.co.uk/wp-admin/post.php?post=102655&action=edit
102657,REINFORCEMENT ASSEMBLY-B/PILLAR,C00471810-4100-5CDD,C00471810-4100,,https://shane.maxusvanparts.co.uk/wp-admin/post.php?post=102657&action=edit
102659,ELASTIC CLIP-BRAKE PIPE,C00654241-1B39,C00654241,,https://shane.maxusvanparts.co.uk/wp-admin/post.php?post=102659&action=edit
102661,BOLT-EPT MOUNT TO BRACKET,B00010803-F3FC,B00010803,,https://shane.maxusvanparts.co.uk/wp-admin/post.php?post=102661&action=edit
102662,BRACKET-ULTRASONIC RADAR SENSOR,C00482225-F041-588E,C00482225-F041,,https://shane.maxusvanparts.co.uk/wp-admin/post.php?post=102662&action=edit
102663,BOX-PEDAL,C00681052-5F2B,C00681052,,https://shane.maxusvanparts.co.uk/wp-admin/post.php?post=102663&action=edit
102669,PIPE-IEH OUTLET,C00488469-61E6,C00488469,,https://shane.maxusvanparts.co.uk/wp-admin/post.php?post=102669&action=edit
102670,PANEL-FRONT FLOOR CENTER/CENTRE,C00715451-4100-0654,C00715451-4100,,https://shane.maxusvanparts.co.uk/wp-admin/post.php?post=102670&action=edit
102672,WHEELHOUSE-REAR INNER,C00531710-4100-A920,C00531710-4100,,https://shane.maxusvanparts.co.uk/wp-admin/post.php?post=102672&action=edit
102673,BOLT-BRAKE HOSE TO BRAKE CALIPER,C00654242-372B,C00654242,,https://shane.maxusvanparts.co.uk/wp-admin/post.php?post=102673&action=edit
102674,BRACKET-ESP CONTROL MOD,C00600058-D2CA,C00600058,,https://shane.maxusvanparts.co.uk/wp-admin/post.php?post=102674&action=edit
102675,REINFORCEMENT ASSEMBLY-B/PILLAR,C00471820-4100-49FD,C00471820-4100,,https://shane.maxusvanparts.co.uk/wp-admin/post.php?post=102675&action=edit
102676,BOLT-FRONT SUSPENSION UPPER CONTROL ARM ASSEMBLY TO FRAME,B00011458-3210,B00011458,,https://shane.maxusvanparts.co.uk/wp-admin/post.php?post=102676&action=edit
102677,BRACKET-ULTRASONIC RADAR SENSOR,C00482226-F041-0A29,C00482226-F041,,https://shane.maxusvanparts.co.uk/wp-admin/post.php?post=102677&action=edit
102678,SECTION-FENDER INSTALL BRACKET,C00505118-4100-17EA,C00505118-4100,,https://shane.maxusvanparts.co.uk/wp-admin/post.php?post=102678&action=edit
102679,MAT-BRAKE STEP,C00681054-31C8,C00681054,,https://shane.maxusvanparts.co.uk/wp-admin/post.php?post=102679&action=edit
102687,WHEELHOUSE-REAR INNER,C00531720-4100-D1E9,C00531720-4100,,https://shane.maxusvanparts.co.uk/wp-admin/post.php?post=102687&action=edit
102688,PLATE ASSEMBLY-BODY A/PILLAR UPPER INNER,C00471890-4100-77A3,C00471890-4100,,https://shane.maxusvanparts.co.uk/wp-admin/post.php?post=102688&action=edit
102689,BRACKET-FRONT ABSORBER SENSOR,C00600059-A2F2,C00600059,,https://shane.maxusvanparts.co.uk/wp-admin/post.php?post=102689&action=edit
102692,BOLT/SCREW-REAR BUMPER BRACKET TO FRAME,B00011459-6C14,B00011459,,https://shane.maxusvanparts.co.uk/wp-admin/post.php?post=102692&action=edit
102693,SENSOR-ULTRASONIC RADAR,C00482227-A214-4186,C00482227-A214,,https://shane.maxusvanparts.co.uk/wp-admin/post.php?post=102693&action=edit
102694,BUSHING-PEDAL BOX,C00681055-25A4,C00681055,,https://shane.maxusvanparts.co.uk/wp-admin/post.php?post=102694&action=edit
102695,SECTION-FENDER INSTALL BRACKET,C00505119-4100-C07F,C00505119-4100,,https://shane.maxusvanparts.co.uk/wp-admin/post.php?post=102695&action=edit
102696,SECTION-FENDER MOUNT BRACKET,C00441097-4100-3BA3,C00441097-4100,,https://shane.maxusvanparts.co.uk/wp-admin/post.php?post=102696&action=edit
102699,HARNESS-CHASSIS LINK,C00563164-56BD,C00563164,,https://shane.maxusvanparts.co.uk/wp-admin/post.php?post=102699&action=edit
102700,PLATE ASSEMBLY-A/PILLAR LOWER TRIM,C00488484-774C,C00488484,,https://shane.maxusvanparts.co.uk/wp-admin/post.php?post=102700&action=edit
102701,COMBINATION COVER-RAIN SUN SENSOR,C00531733-1CCE,C00531733,,https://shane.maxusvanparts.co.uk/wp-admin/post.php?post=102701&action=edit
102703,CAMERA-BACK UP REAR,C00727915-EB81,C00727915,,https://shane.maxusvanparts.co.uk/wp-admin/post.php?post=102703&action=edit
102704,PLATE ASSEMBLY-BODY A/PILLAR UPPER INNER,C00471900-4100-CAFE,C00471900-4100,,https://shane.maxusvanparts.co.uk/wp-admin/post.php?post=102704&action=edit
102706,BRACKET-FRONT ABSORBER SENSOR,C00600060-9007,C00600060,,https://shane.maxusvanparts.co.uk/wp-admin/post.php?post=102706&action=edit
102708,BOLT-MOUNT REAR TO S/FRAME,B00011460-CB18,B00011460,,https://shane.maxusvanparts.co.uk/wp-admin/post.php?post=102708&action=edit
102709,SWITCH-REAR DOOR,C00681193-C540,C00681193,,https://shane.maxusvanparts.co.uk/wp-admin/post.php?post=102709&action=edit
102711,SECTION-FENDER MOUNT BRACKET,C00441098-4100-3ECF,C00441098-4100,,https://shane.maxusvanparts.co.uk/wp-admin/post.php?post=102711&action=edit
102712,COOLANT LINE-WARM PUMP INLET &amp; HVH OUTLET,C00505507-4CB1,C00505507,,https://shane.maxusvanparts.co.uk/wp-admin/post.php?post=102712&action=edit
102715,HARNESS-WASHER,C00563170-3D85,C00563170,,https://shane.maxusvanparts.co.uk/wp-admin/post.php?post=102715&action=edit
102716,PLATE ASSEMBLY-B/PILLAR UPPER TRIM,C00488485-9BE1,C00488485,,https://shane.maxusvanparts.co.uk/wp-admin/post.php?post=102716&action=edit
102717,COMBINATION COVER-RAIN SUN SENSOR,C00531952-CB29,C00531952,,https://shane.maxusvanparts.co.uk/wp-admin/post.php?post=102717&action=edit
102719,PLATE ASSEMBLY-B/PILLAR UPPER INNER,C00471910-4100-C404,C00471910-4100,,https://shane.maxusvanparts.co.uk/wp-admin/post.php?post=102719&action=edit
102720,BRACKET-FRONT ABSORBER SENSOR,C00600061-61A8,C00600061,,https://shane.maxusvanparts.co.uk/wp-admin/post.php?post=102720&action=edit
102723,BOLT-EPT MOUNT BRACKET TO EPT,B00011461-BB99,B00011461,,https://shane.maxusvanparts.co.uk/wp-admin/post.php?post=102723&action=edit
102725,PLATE ASSEMBLY-DASH,C00482450-4100-5F1F,C00482450-4100,,https://shane.maxusvanparts.co.uk/wp-admin/post.php?post=102725&action=edit
102727,COOLANT LINE-WARM PUMP TO HVH,C00505508-EF58,C00505508,,https://shane.maxusvanparts.co.uk/wp-admin/post.php?post=102727&action=edit
102728,BUSHING-REAR SUSPENSION UPPER ARM OUTER,C00444408-3387,C00444408,,https://shane.maxusvanparts.co.uk/wp-admin/post.php?post=102728&action=edit
102731,SCREW-JACK MOUNT ADJUST,C00563741-7DE9,C00563741,,https://shane.maxusvanparts.co.uk/wp-admin/post.php?post=102731&action=edit
102732,PLATE ASSEMBLY-B/PILLAR UPPER TRIM,C00488486-EDFC,C00488486,,https://shane.maxusvanparts.co.uk/wp-admin/post.php?post=102732&action=edit
102733,BRACKET-FRONT ABSORBER SENSOR,C00600062-D39C,C00600062,,https://shane.maxusvanparts.co.uk/wp-admin/post.php?post=102733&action=edit
102735,BRACKET-BODY CONTROL MODULE,C00532127-F51C,C00532127,,https://shane.maxusvanparts.co.uk/wp-admin/post.php?post=102735&action=edit
102737,PLATE ASSEMBLY-B/PILLAR UPPER INNER,C00471920-4100-007B,C00471920-4100,,https://shane.maxusvanparts.co.uk/wp-admin/post.php?post=102737&action=edit
102739,CAP-WIPER ARM,C00348019-E086,C00348019,,https://shane.maxusvanparts.co.uk/wp-admin/post.php?post=102739&action=edit
102741,PLATE ASSEMBLY-DASH,C00482460-4100-CE4D,C00482460-4100,,https://shane.maxusvanparts.co.uk/wp-admin/post.php?post=102741&action=edit
102743,BUSHING-REAR SUSPENSION TRAILING ARM,C00444559-854B,C00444559,,https://shane.maxusvanparts.co.uk/wp-admin/post.php?post=102743&action=edit
102747,COOLANT LINE-HVH TO TMIM,C00505509-E4B3,C00505509,,https://shane.maxusvanparts.co.uk/wp-admin/post.php?post=102747&action=edit
102749,BRACKET-FRONT ABSORBER SENSOR,C00600063-134D,C00600063,,https://shane.maxusvanparts.co.uk/wp-admin/post.php?post=102749&action=edit
102750,SWITCH-DOOR HANDLE,C00656845-B04D,C00656845,,https://shane.maxusvanparts.co.uk/wp-admin/post.php?post=102750&action=edit
102751,BRACKET-BODY CONTROL MODULE,C00532128-25CC,C00532128,,https://shane.maxusvanparts.co.uk/wp-admin/post.php?post=102751&action=edit
102752,PLATE ASSEMBLY-B/PILLAR LOWER TRIM,C00488487-2E34,C00488487,,https://shane.maxusvanparts.co.uk/wp-admin/post.php?post=102752&action=edit
102753,"PANEL ASSEMBLY-B,C/PILLAR CONNECTOR",C00471930-4100-F2B1,C00471930-4100,,https://shane.maxusvanparts.co.uk/wp-admin/post.php?post=102753&action=edit
102756,GEAR ASSEMBLY-STEERING,C00740268-159C,C00740268,,https://shane.maxusvanparts.co.uk/wp-admin/post.php?post=102756&action=edit
102757,PANEL ASSEMBLY-CONSOLE INSTRUMENT PANEL LEFT HAND FRONT EXTENSION,C00482485-3D56,C00482485,,https://shane.maxusvanparts.co.uk/wp-admin/post.php?post=102757&action=edit
102758,KIT-CONSTANT VELOCITY JOINT DUST SHIELD ASSEMBLY,C00682313-D3F4,C00682313,,https://shane.maxusvanparts.co.uk/wp-admin/post.php?post=102758&action=edit
102763,BRACKET-FRONT ABSORBER SENSOR,C00600064-D679,C00600064,,https://shane.maxusvanparts.co.uk/wp-admin/post.php?post=102763&action=edit
102764,MODULE-CH HARNESS SUBFRAME ASSEMBLY,C00565228-7D29,C00565228,,https://shane.maxusvanparts.co.uk/wp-admin/post.php?post=102764&action=edit
102766,MODULE SUPPORT,C00532256-AD64,C00532256,,https://shane.maxusvanparts.co.uk/wp-admin/post.php?post=102766&action=edit
102768,"PANEL ASSEMBLY-B,C/PILLAR CONNECTOR",C00471940-4100-13FC,C00471940-4100,,https://shane.maxusvanparts.co.uk/wp-admin/post.php?post=102768&action=edit
102769,PLATE ASSEMBLY-B/PILLAR LOWER TRIM,C00488488-4AE8,C00488488,,https://shane.maxusvanparts.co.uk/wp-admin/post.php?post=102769&action=edit
102772,FUSE BOX-FRONT COMPARTMENT,C00740276-B8F5,C00740276,,https://shane.maxusvanparts.co.uk/wp-admin/post.php?post=102772&action=edit
102774,KIT-TRIPOD JOINT ASSEMBLY,C00682315-C19B,C00682315,,https://shane.maxusvanparts.co.uk/wp-admin/post.php?post=102774&action=edit
102775,PANEL ASSEMBLY-CONSOLE INSTRUMENT PANEL RIGHT HAND FRONT EXTENSION,C00482487-9296,C00482487,,https://shane.maxusvanparts.co.uk/wp-admin/post.php?post=102775&action=edit
102777,SWITCH-ROOF LAMP,C00505939-F42C,C00505939,,https://shane.maxusvanparts.co.uk/wp-admin/post.php?post=102777&action=edit
102779,BRACKET-BMS INSTALL,C00532258-EBD3,C00532258,,https://shane.maxusvanparts.co.uk/wp-admin/post.php?post=102779&action=edit
102781,HARDNESS-BATTERY POSITIVE,C00565230-2501,C00565230,,https://shane.maxusvanparts.co.uk/wp-admin/post.php?post=102781&action=edit
102784,PLATE ASSEMBLY-CENTER PILLAR INNER,C00471950-4100-E8B8,C00471950-4100,,https://shane.maxusvanparts.co.uk/wp-admin/post.php?post=102784&action=edit
102786,PLATE ASSEMBLY-CENTER PILLAR UPPER TRIM,C00488489-78F3,C00488489,,https://shane.maxusvanparts.co.uk/wp-admin/post.php?post=102786&action=edit
102787,BOLT-EVCC,B00011544-3A3A,B00011544,,https://shane.maxusvanparts.co.uk/wp-admin/post.php?post=102787&action=edit
102789,BUSHING-REAR SUSPENSION UPPER ARM INNER,C00444560-0A03,C00444560,,https://shane.maxusvanparts.co.uk/wp-admin/post.php?post=102789&action=edit
102791,KIT-TRIPOD JOINT ASSEMBLY,C00682316-6259,C00682316,,https://shane.maxusvanparts.co.uk/wp-admin/post.php?post=102791&action=edit
102792,PAD-CONSOLE UNDER RESERVE BOX,C00482497-02E2,C00482497,,https://shane.maxusvanparts.co.uk/wp-admin/post.php?post=102792&action=edit
102794,CATCH-RADIATOR GRILLE,C00506102-D313,C00506102,,https://shane.maxusvanparts.co.uk/wp-admin/post.php?post=102794&action=edit
102795,TRIM-REAR SIDE DOOR OUTER WATER CUT,C00608966-F173,C00608966,,https://shane.maxusvanparts.co.uk/wp-admin/post.php?post=102795&action=edit
102796,BRACKET-BMS INSTALL,C00532259-9959,C00532259,,https://shane.maxusvanparts.co.uk/wp-admin/post.php?post=102796&action=edit
102797,HEADREST-FRONT PASSENGER SEAT,C00568723-F012-307D,C00568723-F012,,https://shane.maxusvanparts.co.uk/wp-admin/post.php?post=102797&action=edit
102798,PLUG-REAR BUMPER ASSEMBLY,C00657371-E69A,C00657371,,https://shane.maxusvanparts.co.uk/wp-admin/post.php?post=102798&action=edit
102800,PLATE ASSEMBLY-CENTER PILLAR UPPER TRIM,C00488490-B4B1,C00488490,,https://shane.maxusvanparts.co.uk/wp-admin/post.php?post=102800&action=edit
102801,PLATE ASSEMBLY-CENTER PILLAR INNER,C00471960-4100-67B6,C00471960-4100,,https://shane.maxusvanparts.co.uk/wp-admin/post.php?post=102801&action=edit
102802,BOLT-FRONT SHOCK ABSORBER ASSEMBLY TO LOWER CONTROL ARM,B00011678-7FDE,B00011678,,https://shane.maxusvanparts.co.uk/wp-admin/post.php?post=102802&action=edit
102804,BUSHING-FRONT SUSPENSION UPPER CONTROL ARM,C00444561-BF4A,C00444561,,https://shane.maxusvanparts.co.uk/wp-admin/post.php?post=102804&action=edit
102805,PLUG-CONSOLE ASSEMBLY,C00482498-4512,C00482498,,https://shane.maxusvanparts.co.uk/wp-admin/post.php?post=102805&action=edit
102807,KIT-TRIPOD JOINT DUST SHIELD ASSEMBLY,C00682319-A93C,C00682319,,https://shane.maxusvanparts.co.uk/wp-admin/post.php?post=102807&action=edit
102809,PANEL-FRONT PASSENGER SEAT SIDE,C00611195-2200-7BBD,C00611195-2200,,https://shane.maxusvanparts.co.uk/wp-admin/post.php?post=102809&action=edit
102814,PLATE ASSEMBLY-CENTER PILLAR LOWER TRIM,C00488491-FC25,C00488491,,https://shane.maxusvanparts.co.uk/wp-admin/post.php?post=102814&action=edit
102817,BOLT/SCREW-REAR HALF SHAFT BRACKET,B00012398-955A,B00012398,,https://shane.maxusvanparts.co.uk/wp-admin/post.php?post=102817&action=edit
102819,BUSHING-FRONT SUSPENSION LOWER CONTROL ARM,C00444562-404C,C00444562,,https://shane.maxusvanparts.co.uk/wp-admin/post.php?post=102819&action=edit
102820,PANEL ASSEMBLY-CONSOLE UPPER TRIM,C00482514-C011-8501,C00482514-C011,,https://shane.maxusvanparts.co.uk/wp-admin/post.php?post=102820&action=edit
102823,KIT-TRIPOD JOINT DUST SHIELD ASSEMBLY,C00682320-6610,C00682320,,https://shane.maxusvanparts.co.uk/wp-admin/post.php?post=102823&action=edit
102825,BUTTON-FRONT SINGLE PASSENGER SEAT ASSEMBLY PUSH,C00611196-2200-9572,C00611196-2200,,https://shane.maxusvanparts.co.uk/wp-admin/post.php?post=102825&action=edit
102826,TOW BRACKET,C00533102-FF8C,C00533102,,https://shane.maxusvanparts.co.uk/wp-admin/post.php?post=102826&action=edit
102827,KUNUCKLE-FRONT STEERING,C00660492-6797,C00660492,,https://shane.maxusvanparts.co.uk/wp-admin/post.php?post=102827&action=edit
102829,PLATE ASSEMBLY-CENTER PILLAR LOWER TRIM,C00488492-AB50,C00488492,,https://shane.maxusvanparts.co.uk/wp-admin/post.php?post=102829&action=edit
102831,BOLT-S/FRAME REAR TO BODY,C00474944-D012,C00474944,,https://shane.maxusvanparts.co.uk/wp-admin/post.php?post=102831&action=edit
102832,BOLT/SCREW-FRONT WHEEL SPEED SENSOR TO STEERING KNUCKLE SPLIT,B00012400-C047,B00012400,,https://shane.maxusvanparts.co.uk/wp-admin/post.php?post=102832&action=edit
102834,GUARD-INSTRUMENT PANEL CENTER/CENTRE LOWER,C00447176-101A,C00447176,,https://shane.maxusvanparts.co.uk/wp-admin/post.php?post=102834&action=edit
102835,CABLE STRAP-FRONT COMPARTMENT COVER,C00482584-06AC,C00482584,,https://shane.maxusvanparts.co.uk/wp-admin/post.php?post=102835&action=edit
102837,PLATE-BATTERY COOLING,C00508134-75B6,C00508134,,https://shane.maxusvanparts.co.uk/wp-admin/post.php?post=102837&action=edit
102838,SPACER-TRIPOD JOINT,C00682321-A89B,C00682321,,https://shane.maxusvanparts.co.uk/wp-admin/post.php?post=102838&action=edit
102839,BUTTON-FRONT SINGLE PASSENGER SEAT ASSEMBLY PUSH,C00611197-2200-32C6,C00611197-2200,,https://shane.maxusvanparts.co.uk/wp-admin/post.php?post=102839&action=edit
102840,VALVE-AIR CONDITIONER PRESSURE RELIEF,C00057642-6EEA,C00057642,,https://shane.maxusvanparts.co.uk/wp-admin/post.php?post=102840&action=edit
102841,KUNUCKLE-FRONT STEERING,C00660493-8041,C00660493,,https://shane.maxusvanparts.co.uk/wp-admin/post.php?post=102841&action=edit
102843,TOW PEG,C00533104-E611,C00533104,,https://shane.maxusvanparts.co.uk/wp-admin/post.php?post=102843&action=edit
102844,ARM ASSEMBLY-REAR SUSPENSION TRAILING,C00475341-35E1,C00475341,,https://shane.maxusvanparts.co.uk/wp-admin/post.php?post=102844&action=edit
102845,PANEL-REAR SIDE PANEL GUARD,C00488497-13A7,C00488497,,https://shane.maxusvanparts.co.uk/wp-admin/post.php?post=102845&action=edit
102849,SHROUD-SPINDLE UPPER,C00447188-43CF,C00447188,,https://shane.maxusvanparts.co.uk/wp-admin/post.php?post=102849&action=edit
102852,SEATBELT LOCK REMINDER MODULE SBR,C00611200-63FB,C00611200,,https://shane.maxusvanparts.co.uk/wp-admin/post.php?post=102852&action=edit
102853,BRACKE-SUNSHADE SUPPORT,C00057760-M031-44E1,C00057760-M031,,https://shane.maxusvanparts.co.uk/wp-admin/post.php?post=102853&action=edit
102854,BTOW ARM R-TYPE AYONET LOCK,C00533105-A03D,C00533105,,https://shane.maxusvanparts.co.uk/wp-admin/post.php?post=102854&action=edit
102855,KNUCKLE-REAR STEERING,C00660494-4D40,C00660494,,https://shane.maxusvanparts.co.uk/wp-admin/post.php?post=102855&action=edit
102856,MOUNT-REDUCER,C00475670-557E,C00475670,,https://shane.maxusvanparts.co.uk/wp-admin/post.php?post=102856&action=edit
102858,SPACER-TRIPOD JOINT,C00682322-5C08,C00682322,,https://shane.maxusvanparts.co.uk/wp-admin/post.php?post=102858&action=edit
102859,PIPE-BATTERY COOLING PLATE,C00508356-EE7B,C00508356,,https://shane.maxusvanparts.co.uk/wp-admin/post.php?post=102859&action=edit
102860,COVER ASSEMBLY-FRONT DOOR WINDOW GARNISH,C00488505-455C,C00488505,,https://shane.maxusvanparts.co.uk/wp-admin/post.php?post=102860&action=edit
102865,SHROUD-SPINDLE LOWER,C00447190-DF8E,C00447190,,https://shane.maxusvanparts.co.uk/wp-admin/post.php?post=102865&action=edit
102868,AWITCH-EXPANDING DEVICE LAMP,C00534495-F870,C00534495,,https://shane.maxusvanparts.co.uk/wp-admin/post.php?post=102868&action=edit
102869,KNUCKLE-REAR STEERING,C00660495-5E8B,C00660495,,https://shane.maxusvanparts.co.uk/wp-admin/post.php?post=102869&action=edit
102870,TRIM ASSEMBLY-DRIVER SEAT ASSEMBLY CUSHION,C00568730-F013-5ACA,C00568730-F013,,https://shane.maxusvanparts.co.uk/wp-admin/post.php?post=102870&action=edit
102872,MOUNT-EPT,C00475671-ECB0,C00475671,,https://shane.maxusvanparts.co.uk/wp-admin/post.php?post=102872&action=edit
102873,ANTIFRICTION GASKET,C00682323-033F,C00682323,,https://shane.maxusvanparts.co.uk/wp-admin/post.php?post=102873&action=edit
102874,COVER ASSEMBLY-FRONT DOOR WINDOW GARNISH,C00488506-6956,C00488506,,https://shane.maxusvanparts.co.uk/wp-admin/post.php?post=102874&action=edit
102881,COVER ASSEMBLY-INSTRUMENT PANEL PASSENGER SIDE LEFT HAND PANEL SIDE,C00447191-2BD1,C00447191,,https://shane.maxusvanparts.co.uk/wp-admin/post.php?post=102881&action=edit
102884,TRIM ASSY-SECOND ROW OUTSIDE HEADREST PVC,C00568738-F312-E710,C00568738-F312,,https://shane.maxusvanparts.co.uk/wp-admin/post.php?post=102884&action=edit
102885,BRACKET-REAR MOUNT,C00475672-0E4D,C00475672,,https://shane.maxusvanparts.co.uk/wp-admin/post.php?post=102885&action=edit
102888,COVER ASSEMBLY-REAR SIDE DOOR WINDOW GARNISH,C00488507-F9F0,C00488507,,https://shane.maxusvanparts.co.uk/wp-admin/post.php?post=102888&action=edit
102889,COTTON-SUB INSTRUMENT PANEL ABSORBING DEADENER EV,C00508931-C95A,C00508931,,https://shane.maxusvanparts.co.uk/wp-admin/post.php?post=102889&action=edit
102894,GUTTER-FRONT DOOR GLASS,C00482591-D5FB,C00482591,,https://shane.maxusvanparts.co.uk/wp-admin/post.php?post=102894&action=edit
102895,COVER ASSEMBLY-INSTRUMENT PANEL DRIVER SIDE RIGHT HAND PANEL SIDE,C00447192-3AED,C00447192,,https://shane.maxusvanparts.co.uk/wp-admin/post.php?post=102895&action=edit
102898,DEFLECTOR-SIDE,C00534907-1BA2,C00534907,,https://shane.maxusvanparts.co.uk/wp-admin/post.php?post=102898&action=edit
102900,BUSHING-REAR SUBFRAME FRONT,C00476014-3D0D,C00476014,,https://shane.maxusvanparts.co.uk/wp-admin/post.php?post=102900&action=edit
102901,TRIM ASSY-SECOND ROW MIDDLE HEADREST PVC,C00568741-F312-7BE2,C00568741-F312,,https://shane.maxusvanparts.co.uk/wp-admin/post.php?post=102901&action=edit
102903,BOLT-S/FRAME FRONT TO BODY,C00509435-4958,C00509435,,https://shane.maxusvanparts.co.uk/wp-admin/post.php?post=102903&action=edit
102904,KIT-TRIPOD JOINT ASSEMBLY,C00682326-DBA9,C00682326,,https://shane.maxusvanparts.co.uk/wp-admin/post.php?post=102904&action=edit
102906,COVER ASSEMBLY-REAR SIDE DOOR WINDOW GARNISH,C00488508-9C38,C00488508,,https://shane.maxusvanparts.co.uk/wp-admin/post.php?post=102906&action=edit
102907,SCREW-FRONT BRAKE ROTOR,B00012401-4B4E,B00012401,,https://shane.maxusvanparts.co.uk/wp-admin/post.php?post=102907&action=edit
102910,BODY ASSEMBLY-INSTRUMENT PANEL,C00447201-A9AD,C00447201,,https://shane.maxusvanparts.co.uk/wp-admin/post.php?post=102910&action=edit
102913,DEFLECTOR-SIDE,C00534908-2971,C00534908,,https://shane.maxusvanparts.co.uk/wp-admin/post.php?post=102913&action=edit
102914,TRIM ASSY-SECOND ROW 40% BACK LEATHER,C00568744-M313-D61B,C00568744-M313,,https://shane.maxusvanparts.co.uk/wp-admin/post.php?post=102914&action=edit
102917,BUSHING-REAR SUBFRAME REAR,C00476016-FAFD,C00476016,,https://shane.maxusvanparts.co.uk/wp-admin/post.php?post=102917&action=edit
102918,SECTION-FENDER INSTALL BRACKET,C00510009-4100-4ADD,C00510009-4100,,https://shane.maxusvanparts.co.uk/wp-admin/post.php?post=102918&action=edit
102919,KIT-TRIPOD JOINT ASSEMBLY,C00682327-90A2,C00682327,,https://shane.maxusvanparts.co.uk/wp-admin/post.php?post=102919&action=edit
102920,NUT-UPPER CONTROL ARM TO KNUCKLE,B00004974-03D5,B00004974,,https://shane.maxusvanparts.co.uk/wp-admin/post.php?post=102920&action=edit
102927,FLOOR-REAR,C00536089-4100-4E9D,C00536089-4100,,https://shane.maxusvanparts.co.uk/wp-admin/post.php?post=102927&action=edit
102929,TRIM ASSY-SECOND ROW 60% BACK LEATHER,C00568746-M313-0A11,C00568746-M313,,https://shane.maxusvanparts.co.uk/wp-admin/post.php?post=102929&action=edit
102933,KIT-TRIPOD JOINT ASSEMBLY,C00682328-C711,C00682328,,https://shane.maxusvanparts.co.uk/wp-admin/post.php?post=102933&action=edit
102935,INSULATION-DASH PANEL INSULATION(DVR),C00511457-0259,C00511457,,https://shane.maxusvanparts.co.uk/wp-admin/post.php?post=102935&action=edit
102937,BOLT-MODULE TO POWER BATTERY BASE,B10000468-6D54,B10000468,,https://shane.maxusvanparts.co.uk/wp-admin/post.php?post=102937&action=edit
102940,PANEL ASSEMBLY-INSTRUMENT PANEL CENTER/CENTRE TRIM,C00447215-C011-E562,C00447215-C011,,https://shane.maxusvanparts.co.uk/wp-admin/post.php?post=102940&action=edit
102944,TRIM ASSY-SECOND ROW 40% CUSHION LEATHER,C00568749-F313-F1AC,C00568749-F313,,https://shane.maxusvanparts.co.uk/wp-admin/post.php?post=102944&action=edit
102946,KNUCKLE ASSEMBLY-REAR STEERING,C00660518-B339,C00660518,,https://shane.maxusvanparts.co.uk/wp-admin/post.php?post=102946&action=edit
102949,KIT-TRIPOD JOINT ASSEMBLY,C00682329-0DD9,C00682329,,https://shane.maxusvanparts.co.uk/wp-admin/post.php?post=102949&action=edit
102950,INSULATION-DASH PANEL INSULATION(COMPT),C00511458-3145,C00511458,,https://shane.maxusvanparts.co.uk/wp-admin/post.php?post=102950&action=edit
102951,HANDLE ASSEMBLY-A/PILLAR,C00488527-C82E,C00488527,,https://shane.maxusvanparts.co.uk/wp-admin/post.php?post=102951&action=edit
102954,PANEL-FRONT DOOR IN WATER,C00482595-9C63,C00482595,,https://shane.maxusvanparts.co.uk/wp-admin/post.php?post=102954&action=edit
102955,BOX ASSEMBLY-GLOVE,C00447217-87C3,C00447217,,https://shane.maxusvanparts.co.uk/wp-admin/post.php?post=102955&action=edit
102961,KNUCKLE ASSEMBLY-REAR STEERING,C00660520-FC25,C00660520,,https://shane.maxusvanparts.co.uk/wp-admin/post.php?post=102961&action=edit
102963,MOUNT,C00537103-1A1A,C00537103,,https://shane.maxusvanparts.co.uk/wp-admin/post.php?post=102963&action=edit
102964,PLATE-CONNECTOR,C00514354-4100-B61A,C00514354-4100,,https://shane.maxusvanparts.co.uk/wp-admin/post.php?post=102964&action=edit
102965,PLATE ASSEMBLY-EDU HV INSPECTION WINDOW,C00682704-7BE4,C00682704,,https://shane.maxusvanparts.co.uk/wp-admin/post.php?post=102965&action=edit
102966,HANDLE ASSEMBLY-A/PILLAR,C00488528-0852,C00488528,,https://shane.maxusvanparts.co.uk/wp-admin/post.php?post=102966&action=edit
102968,BOLT-MODULE TO POWER BATTERY BASE,B10000489-87D7,B10000489,,https://shane.maxusvanparts.co.uk/wp-admin/post.php?post=102968&action=edit
102969,PANEL-FRONT DOOR IN WATER,C00482596-C509,C00482596,,https://shane.maxusvanparts.co.uk/wp-admin/post.php?post=102969&action=edit
102970,PANEL ASSEMBLY-FRONT PASSENGER HUSH,C00447223-96F7,C00447223,,https://shane.maxusvanparts.co.uk/wp-admin/post.php?post=102970&action=edit
102972,BOX ASSEMBLY-FRONT PASSENGER SEAT SWITCH,C00611201-BC02,C00611201,,https://shane.maxusvanparts.co.uk/wp-admin/post.php?post=102972&action=edit
102975,GASKET-EDU HSG,C00682705-1E0D,C00682705,,https://shane.maxusvanparts.co.uk/wp-admin/post.php?post=102975&action=edit
102976,TUBE ASSEMBLY-BATTERY COOLING AIR CONDITIONING OUTLET,C00569224-1818,C00569224,,https://shane.maxusvanparts.co.uk/wp-admin/post.php?post=102976&action=edit
102978,FOAM STRIP-BOTTOM GUARD,C00537277-A333,C00537277,,https://shane.maxusvanparts.co.uk/wp-admin/post.php?post=102978&action=edit
102982,KUNUCKLE-FRONT STEERING,C00370391-415A,C00370391,,https://shane.maxusvanparts.co.uk/wp-admin/post.php?post=102982&action=edit
102984,BOLT-COOPERBAR TO HV CONNECTOR,B10000848-FE12,B10000848,,https://shane.maxusvanparts.co.uk/wp-admin/post.php?post=102984&action=edit
102985,FILM-FRONT DOOR WATERPROOF,C00482601-30B5,C00482601,,https://shane.maxusvanparts.co.uk/wp-admin/post.php?post=102985&action=edit
102987,BUTTON-DRIVER SEAT ASSEMBLY PUSH,C00611210-2200-A136,C00611210-2200,,https://shane.maxusvanparts.co.uk/wp-admin/post.php?post=102987&action=edit
102989,FOAM STRIP-BOTTOM GUARD,C00537278-2406,C00537278,,https://shane.maxusvanparts.co.uk/wp-admin/post.php?post=102989&action=edit
102990,O RING-EDU HSG,C00682706-471A,C00682706,,https://shane.maxusvanparts.co.uk/wp-admin/post.php?post=102990&action=edit
102993,SPANNER-WHEEL NUT,C00571528-C31D,C00571528,,https://shane.maxusvanparts.co.uk/wp-admin/post.php?post=102993&action=edit
102996,SUB ASSEMBLY-SILL INNER PANEL,C00516003-4100-107A,C00516003-4100,,https://shane.maxusvanparts.co.uk/wp-admin/post.php?post=102996&action=edit
102997,BOLT-CMU MOUNTING BRACKET TO POWER BATTERY BASE,B10000891-B98D,B10000891,,https://shane.maxusvanparts.co.uk/wp-admin/post.php?post=102997&action=edit
102998,BOLT-HEADLAMP,C00448781-C5A3,C00448781,,https://shane.maxusvanparts.co.uk/wp-admin/post.php?post=102998&action=edit
102999,KUNUCKLE-FRONT STEERING,C00370392-57E3,C00370392,,https://shane.maxusvanparts.co.uk/wp-admin/post.php?post=102999&action=edit
103000,FILM-FRONT DOOR WATERPROOF,C00482602-7DF7,C00482602,,https://shane.maxusvanparts.co.uk/wp-admin/post.php?post=103000&action=edit
103005,WASHER-EDU  DRIVE MOTOR,C00682707-C36F,C00682707,,https://shane.maxusvanparts.co.uk/wp-admin/post.php?post=103005&action=edit
103006,BRACKET-CONSOLE FRONT INSTALL,C00537764-C9C3,C00537764,,https://shane.maxusvanparts.co.uk/wp-admin/post.php?post=103006&action=edit
103007,BOLT-BOTTOM PANEL BRAKET TO SUBFRAME,B00005035-CAF6,B00005035,,https://shane.maxusvanparts.co.uk/wp-admin/post.php?post=103007&action=edit
103008,BOLT/SCREW-HEADLAMP,C00571875-7E4F,C00571875,,https://shane.maxusvanparts.co.uk/wp-admin/post.php?post=103008&action=edit
103009,INTERMEDIATE STEERING COLUMN SHAFT,C00661700-9791,C00661700,,https://shane.maxusvanparts.co.uk/wp-admin/post.php?post=103009&action=edit
103012,SUB ASSEMBLY-SILL INNER PANEL,C00516006-4100-F368,C00516006-4100,,https://shane.maxusvanparts.co.uk/wp-admin/post.php?post=103012&action=edit
103016,BUTTON-DRIVER SEAT ASSEMBLY PUSH,C00612267-2200-CD54,C00612267-2200,,https://shane.maxusvanparts.co.uk/wp-admin/post.php?post=103016&action=edit
103019,SPONGE-FENDER PANEL,C00538229-D9C3,C00538229,,https://shane.maxusvanparts.co.uk/wp-admin/post.php?post=103019&action=edit
103022,HARNESS-EDU LV,C00682708-C15B,C00682708,,https://shane.maxusvanparts.co.uk/wp-admin/post.php?post=103022&action=edit
103023,HOSE ASSEMBLY-FRONT SOLVENT,C00571892-7BE2,C00571892,,https://shane.maxusvanparts.co.uk/wp-admin/post.php?post=103023&action=edit
103025,PROPELLER SHAFT-SPINDLE MID PROLONG,C00661702-4F4E,C00661702,,https://shane.maxusvanparts.co.uk/wp-admin/post.php?post=103025&action=edit
103027,PANEL ASSEMBLY-REAR DOOR LOCKER INSTALL,C00517992-4100-8AC1,C00517992-4100,,https://shane.maxusvanparts.co.uk/wp-admin/post.php?post=103027&action=edit
103031,BUTTON-DRIVER SEAT ASSEMBLY PUSH,C00612268-2200-6D35,C00612268-2200,,https://shane.maxusvanparts.co.uk/wp-admin/post.php?post=103031&action=edit
103036,STATOR-EDU DRIVE MOTOR RESOLVER,C00682710-09E0,C00682710,,https://shane.maxusvanparts.co.uk/wp-admin/post.php?post=103036&action=edit
103041,BOLT-COOPERBAR TO BATTERY MODULE,B10000991-62F7,B10000991,,https://shane.maxusvanparts.co.uk/wp-admin/post.php?post=103041&action=edit
103043,PANEL ASSEMBLY-REAR DOOR LOCKER INSTALL,C00517993-4100-A3C5,C00517993-4100,,https://shane.maxusvanparts.co.uk/wp-admin/post.php?post=103043&action=edit
103045,SEALING STRIP-REAR SIDE DOOR VALANCE,C00482605-F496,C00482605,,https://shane.maxusvanparts.co.uk/wp-admin/post.php?post=103045&action=edit
103046,PANEL-BODY SIDE PANEL OUTER EXTENSION,C00539082-4100-1DF1,C00539082-4100,,https://shane.maxusvanparts.co.uk/wp-admin/post.php?post=103046&action=edit
103048,PANEL-DRIVER SEAT SIDE,C00612270-2200-C282,C00612270-2200,,https://shane.maxusvanparts.co.uk/wp-admin/post.php?post=103048&action=edit
103049,BOLT-COOPERBAR TO BATTERY MODULE,B00005141-44DC,B00005141,,https://shane.maxusvanparts.co.uk/wp-admin/post.php?post=103049&action=edit
103051,INSULATOR-EDU DRIVE MOTOR,C00682712-C4D1,C00682712,,https://shane.maxusvanparts.co.uk/wp-admin/post.php?post=103051&action=edit
103053,PANEL-REAR SIDE PANEL WEBBING GUARD UPPER,C00489271-6118,C00489271,,https://shane.maxusvanparts.co.uk/wp-admin/post.php?post=103053&action=edit
103055,BOLT/SCREW-END GATE LATCH ASSEMBLY,C00663263-0776,C00663263,,https://shane.maxusvanparts.co.uk/wp-admin/post.php?post=103055&action=edit
103056,BOLT-PROOF EXPLOSION VALVE TO POWER BATTERY BASE,B10000999-FD81,B10000999,,https://shane.maxusvanparts.co.uk/wp-admin/post.php?post=103056&action=edit
103058,MOUNT-EPI REAR,C00451487-5205,C00451487,,https://shane.maxusvanparts.co.uk/wp-admin/post.php?post=103058&action=edit
103059,BEARING-FRONT AXLE WHEEL HUB,C00377282-F691,C00377282,,https://shane.maxusvanparts.co.uk/wp-admin/post.php?post=103059&action=edit
103060,GUTTER-REAR SIDE DOOR GLASS,C00482611-69BE,C00482611,,https://shane.maxusvanparts.co.uk/wp-admin/post.php?post=103060&action=edit
103061,PANEL SUB ASSEMBLY-DASH,C00615940-4100-193A,C00615940-4100,,https://shane.maxusvanparts.co.uk/wp-admin/post.php?post=103061&action=edit
103064,BOLT-CMU MOUNTING BRACKET TO POWER BATTERY BASE,B00005162-71B7,B00005162,,https://shane.maxusvanparts.co.uk/wp-admin/post.php?post=103064&action=edit
103066,FITTING-TRANSMISSION COOLANT PIPE,C00682714-0372,C00682714,,https://shane.maxusvanparts.co.uk/wp-admin/post.php?post=103066&action=edit
103069,PLATE ASSEMBLY-A/PILLAR UPPER TRIM,C00489289-FDDC,C00489289,,https://shane.maxusvanparts.co.uk/wp-admin/post.php?post=103069&action=edit
103070,PDU RELAY,C00663374-682D,C00663374,,https://shane.maxusvanparts.co.uk/wp-admin/post.php?post=103070&action=edit
103072,BRACKET-REAR MOUNT,C00451489-1718,C00451489,,https://shane.maxusvanparts.co.uk/wp-admin/post.php?post=103072&action=edit
103073,BRACKET-ROOF CROSS MEMBER,C00518750-4100-1423,C00518750-4100,,https://shane.maxusvanparts.co.uk/wp-admin/post.php?post=103073&action=edit
103074,REAR HUB BEARING ASSEMBLY,C00377283-456D,C00377283,,https://shane.maxusvanparts.co.uk/wp-admin/post.php?post=103074&action=edit
103075,GUTTER-REAR SIDE DOOR GLASS,C00482612-C7D2,C00482612,,https://shane.maxusvanparts.co.uk/wp-admin/post.php?post=103075&action=edit
103076,PLUG-BOTTOM DEFLECTOR,C00616978-776D,C00616978,,https://shane.maxusvanparts.co.uk/wp-admin/post.php?post=103076&action=edit
103081,ASSEMBLY-DRIVER MOTOR,C00682754-D0F7,C00682754,,https://shane.maxusvanparts.co.uk/wp-admin/post.php?post=103081&action=edit
103083,JACK,C00573990-367E,C00573990,,https://shane.maxusvanparts.co.uk/wp-admin/post.php?post=103083&action=edit
103084,PLATE ASSEMBLY-A/PILLAR UPPER TRIM,C00489290-ECAF,C00489290,,https://shane.maxusvanparts.co.uk/wp-admin/post.php?post=103084&action=edit
103085,FUSE-HIGH VOLTAGE DISTRIBUTION BOX,C00663375-C388,C00663375,,https://shane.maxusvanparts.co.uk/wp-admin/post.php?post=103085&action=edit
103086,BOLT-COOPERBAR TO HV CONNECTOR,B10001000-4EAA,B10001000,,https://shane.maxusvanparts.co.uk/wp-admin/post.php?post=103086&action=edit
103087,BRACKET-ROOF CROSS MEMBER,C00518751-4100-C813,C00518751-4100,,https://shane.maxusvanparts.co.uk/wp-admin/post.php?post=103087&action=edit
103088,MOUNT-EPI REAR,C00451493-50C8,C00451493,,https://shane.maxusvanparts.co.uk/wp-admin/post.php?post=103088&action=edit
103089,KNUCKLE-REAR STEERING,C00377284-80DC,C00377284,,https://shane.maxusvanparts.co.uk/wp-admin/post.php?post=103089&action=edit
103090,TRIM-REAR SIDE DOOR INNER WATER CUT,C00482615-9EB3,C00482615,,https://shane.maxusvanparts.co.uk/wp-admin/post.php?post=103090&action=edit
103092,PLUG-BOTTOM DEFLECTOR,C00616979-1378,C00616979,,https://shane.maxusvanparts.co.uk/wp-admin/post.php?post=103092&action=edit
103097,MODULE-DRIVE MOTOR CONTROL,C00682757-9FBC,C00682757,,https://shane.maxusvanparts.co.uk/wp-admin/post.php?post=103097&action=edit
103098,HOLDER ASSEMBLY-CONSOLE CUP,C00575184-ECD3,C00575184,,https://shane.maxusvanparts.co.uk/wp-admin/post.php?post=103098&action=edit
103100,BUSHING-REAR SUSPENSION ARM INNER,C00489405-78ED,C00489405,,https://shane.maxusvanparts.co.uk/wp-admin/post.php?post=103100&action=edit
103101,FUSE-HIGH VOLTAGE DISTRIBUTION BOX,C00663376-E44C,C00663376,,https://shane.maxusvanparts.co.uk/wp-admin/post.php?post=103101&action=edit
103102,SWICH-SUNSHADE,C00519284-F425,C00519284,,https://shane.maxusvanparts.co.uk/wp-admin/post.php?post=103102&action=edit
103103,BODY MOUNT BEMA ON FRAME,C00451533-4100-95D9,C00451533-4100,,https://shane.maxusvanparts.co.uk/wp-admin/post.php?post=103103&action=edit
103104,KNUCKLE-REAR STEERING,C00377285-BEA0,C00377285,,https://shane.maxusvanparts.co.uk/wp-admin/post.php?post=103104&action=edit
103105,TRIM-REAR SIDE DOOR INNER WATER CUT,C00482616-8B12,C00482616,,https://shane.maxusvanparts.co.uk/wp-admin/post.php?post=103105&action=edit
103107,SWITCH-DOOR INTERIOR OPENING,C00617011-AFF2,C00617011,,https://shane.maxusvanparts.co.uk/wp-admin/post.php?post=103107&action=edit
103108,PANEL-BODY SIDE PANEL OUTER EXTENSION,C00539719-4100-94B0,C00539719-4100,,https://shane.maxusvanparts.co.uk/wp-admin/post.php?post=103108&action=edit
103109,HOSE ASSEMBLY-FRONT BRAKE,C00477001-8987,C00477001,,https://shane.maxusvanparts.co.uk/wp-admin/post.php?post=103109&action=edit
103112,INPUT SHAFT-TRANSMISSION,C00682761-C3B7,C00682761,,https://shane.maxusvanparts.co.uk/wp-admin/post.php?post=103112&action=edit
103113,PANEL-USB,C00575185-70D4,C00575185,,https://shane.maxusvanparts.co.uk/wp-admin/post.php?post=103113&action=edit
103115,ARM ASSEMBLY-FRONT SUSPENSION UPPER CONTROL,C00382829-0E5F,C00382829,,https://shane.maxusvanparts.co.uk/wp-admin/post.php?post=103115&action=edit
103119,BODY MOUNT BEMA ON FRAME,C00451534-4100-07D6,C00451534-4100,,https://shane.maxusvanparts.co.uk/wp-admin/post.php?post=103119&action=edit
103121,FILM-REAR SIDE DOOR WATERPROOF,C00482623-AF81,C00482623,,https://shane.maxusvanparts.co.uk/wp-admin/post.php?post=103121&action=edit
103122,SWITCH-DOOR INTERIOR OPENING,C00617012-BEC1,C00617012,,https://shane.maxusvanparts.co.uk/wp-admin/post.php?post=103122&action=edit
103123,CONTROLLER-AUTOMOBILE ELECTRIC COMMUNICATION,C00540104-E3D1,C00540104,,https://shane.maxusvanparts.co.uk/wp-admin/post.php?post=103123&action=edit
103127,SMALL INTERMEDIATE SHAFT ASSEMBLY,C00682764-8FB3,C00682764,,https://shane.maxusvanparts.co.uk/wp-admin/post.php?post=103127&action=edit
103128,PANEL ASSEMBLY-SUB INSTRUMENT PANEL REAR,C00575191-88D3,C00575191,,https://shane.maxusvanparts.co.uk/wp-admin/post.php?post=103128&action=edit
103130,ARM ASSEMBLY-FRONT SUSPENSION UPPER CONTROL,C00382830-2552,C00382830,,https://shane.maxusvanparts.co.uk/wp-admin/post.php?post=103130&action=edit
103131,BOLT-BELT RETRACTOR,C00665011-D58B,C00665011,,https://shane.maxusvanparts.co.uk/wp-admin/post.php?post=103131&action=edit
103132,PANEL-REAR SIDE PANEL WHEEL BROW,C00519548-F7B0,C00519548,,https://shane.maxusvanparts.co.uk/wp-admin/post.php?post=103132&action=edit
103133,SENSOR-ECAS HEIGHT,C00494034-F958,C00494034,,https://shane.maxusvanparts.co.uk/wp-admin/post.php?post=103133&action=edit
103134,BRACKET-REAR CRADLE MOUNT FRONT,C00451538-4100-A295,C00451538-4100,,https://shane.maxusvanparts.co.uk/wp-admin/post.php?post=103134&action=edit
103136,SECOND ROW CHARGER-USB,C00617360-CDAB,C00617360,,https://shane.maxusvanparts.co.uk/wp-admin/post.php?post=103136&action=edit
103137,DEFLECTOR-SIDE,C00540416-A4AF,C00540416,,https://shane.maxusvanparts.co.uk/wp-admin/post.php?post=103137&action=edit
103138,FILM-REAR SIDE DOOR WATERPROOF,C00482624-669B,C00482624,,https://shane.maxusvanparts.co.uk/wp-admin/post.php?post=103138&action=edit
103139,WELD ASSEMBLY-S/FRAME,C00479248-A590,C00479248,,https://shane.maxusvanparts.co.uk/wp-admin/post.php?post=103139&action=edit
103140,HANDLE ASSEMBLY-B/PILLAR,C00067756-M034-A612,C00067756-M034,,https://shane.maxusvanparts.co.uk/wp-admin/post.php?post=103140&action=edit
103141,PLATE-INPUT SHAFT FRONT BEARING,C00682765-D406,C00682765,,https://shane.maxusvanparts.co.uk/wp-admin/post.php?post=103141&action=edit
103143,ASSEMBLY-CONSOLE BULKHEAD,C00575193-48C8,C00575193,,https://shane.maxusvanparts.co.uk/wp-admin/post.php?post=103143&action=edit
103145,ARM ASSEMBLY-FRONT SUSPENSION  LOWER,C00382831-6610,C00382831,,https://shane.maxusvanparts.co.uk/wp-admin/post.php?post=103145&action=edit
103146,SENSOR-ECAS HEIGHT,C00494035-1EC9,C00494035,,https://shane.maxusvanparts.co.uk/wp-admin/post.php?post=103146&action=edit
103147,WELDING ASSEMBLY-FULL FRAME LONGITUDINAL N0.1&amp;2,C00451539-4100-E3EE,C00451539-4100,,https://shane.maxusvanparts.co.uk/wp-admin/post.php?post=103147&action=edit
103149,COVER-FRONT FLOOR TRIM HOL,C00519822-4100-F896,C00519822-4100,,https://shane.maxusvanparts.co.uk/wp-admin/post.php?post=103149&action=edit
103151,PLUG-OUTER CENTER PILLAR INNER PLATE,C00620467-1226,C00620467,,https://shane.maxusvanparts.co.uk/wp-admin/post.php?post=103151&action=edit
103152,DEFLECTOR-SIDE,C00540417-4CFF,C00540417,,https://shane.maxusvanparts.co.uk/wp-admin/post.php?post=103152&action=edit
103153,SEAL-PICKUP BOX,C00482627-6804,C00482627,,https://shane.maxusvanparts.co.uk/wp-admin/post.php?post=103153&action=edit
103155,HANDLE ASSEMBLY-B/PILLAR,C00067757-M034-26AD,C00067757-M034,,https://shane.maxusvanparts.co.uk/wp-admin/post.php?post=103155&action=edit
103156,BEARING-COUNTER SHAFT REAR,C00682766-434E,C00682766,,https://shane.maxusvanparts.co.uk/wp-admin/post.php?post=103156&action=edit
103159,ARM ASSEMBLY-FRONT SUSPENSION  LOWER,C00382832-5B73,C00382832,,https://shane.maxusvanparts.co.uk/wp-admin/post.php?post=103159&action=edit
103160,BRACKET-CONSOLE INSTRUMENT PANEL FLOOR CONNECTOR,C00575194-052A,C00575194,,https://shane.maxusvanparts.co.uk/wp-admin/post.php?post=103160&action=edit
103162,CROSSMEMBER FRONT COMPLET,C00520010-4100-AD1D,C00520010-4100,,https://shane.maxusvanparts.co.uk/wp-admin/post.php?post=103162&action=edit
103163,WELDING ASSEMBLY-FULL FRAME LONGITUDINAL N0.1&amp;2,C00451540-4100-F1DD,C00451540-4100,,https://shane.maxusvanparts.co.uk/wp-admin/post.php?post=103163&action=edit
103164,BRACKET-MAIN POWER HARNESS,C00665878-B55E,C00665878,,https://shane.maxusvanparts.co.uk/wp-admin/post.php?post=103164&action=edit
103167,PLUG-OUTER CENTER PILLAR INNER PLATE,C00620468-1E01,C00620468,,https://shane.maxusvanparts.co.uk/wp-admin/post.php?post=103167&action=edit
103168,SEAL-PICKUP BOX,C00482629-721F,C00482629,,https://shane.maxusvanparts.co.uk/wp-admin/post.php?post=103168&action=edit
103169,KNUCKLE ASSEMBLY-REAR STEERING,C00479634-AF0A,C00479634,,https://shane.maxusvanparts.co.uk/wp-admin/post.php?post=103169&action=edit
103172,BOLT-COUNTER SHAFT,C00682767-5632,C00682767,,https://shane.maxusvanparts.co.uk/wp-admin/post.php?post=103172&action=edit
103174,PANEL ASSEMBLY-SUB INSTRUMENT PANEL,C00575199-M037-1B6D,C00575199-M037,,https://shane.maxusvanparts.co.uk/wp-admin/post.php?post=103174&action=edit
103176,BAR ASSEMBLY-FRONT SUSPENSION ANTI ROLL,C00382968-7BE8,C00382968,,https://shane.maxusvanparts.co.uk/wp-admin/post.php?post=103176&action=edit
103177,PIPE ASSEMBLY-FRONT AIR CONDITIONING INLET &amp; OUTLET,C00520466-6714,C00520466,,https://shane.maxusvanparts.co.uk/wp-admin/post.php?post=103177&action=edit
103178,SHELL SECTION-REAR SIDE DOOR OUTER HANDLE,C00666278-097C,C00666278,,https://shane.maxusvanparts.co.uk/wp-admin/post.php?post=103178&action=edit
103181,SEAL-PICKUP BOX,C00482630-E776,C00482630,,https://shane.maxusvanparts.co.uk/wp-admin/post.php?post=103181&action=edit
103183,HARNESS-ROOF,C00623170-8D57,C00623170,,https://shane.maxusvanparts.co.uk/wp-admin/post.php?post=103183&action=edit
103184,KNUCKLE ASSEMBLY-REAR STEERING,C00479635-59AF,C00479635,,https://shane.maxusvanparts.co.uk/wp-admin/post.php?post=103184&action=edit
103187,HOSE-OIL GUIDE,C00682768-52B1,C00682768,,https://shane.maxusvanparts.co.uk/wp-admin/post.php?post=103187&action=edit
103189,TRIM ASSEMBLY-DRIVER SEAT ASSEMBLY BACKREST,C00578934-M013-1719,C00578934-M013,,https://shane.maxusvanparts.co.uk/wp-admin/post.php?post=103189&action=edit
103190,PANEL ASSEMBLY-FRONT WINDSHIELD COVER,C00520524-F519,C00520524,,https://shane.maxusvanparts.co.uk/wp-admin/post.php?post=103190&action=edit
103196,PLUG-REAR SIDE DOOR INNER PANEL,C00482639-4F76,C00482639,,https://shane.maxusvanparts.co.uk/wp-admin/post.php?post=103196&action=edit
103197,PANEL-FRONT FLOOR,C00542621-4100-89D3,C00542621-4100,,https://shane.maxusvanparts.co.uk/wp-admin/post.php?post=103197&action=edit
103202,TRANSMISSION DIFFERENTIAL ASSEMBLY,C00682769-F22D,C00682769,,https://shane.maxusvanparts.co.uk/wp-admin/post.php?post=103202&action=edit
103204,TRIM ASSEMBLY-DRIVER SEAT ASSEMBLY BACKREST,C00578935-M013-7149,C00578935-M013,,https://shane.maxusvanparts.co.uk/wp-admin/post.php?post=103204&action=edit
103207,PLUG-REAR SIDE DOOR INNER PANEL,C00482640-5C32,C00482640,,https://shane.maxusvanparts.co.uk/wp-admin/post.php?post=103207&action=edit
103208,PANEL-FRONT FLOOR,C00542622-4100-7253,C00542622-4100,,https://shane.maxusvanparts.co.uk/wp-admin/post.php?post=103208&action=edit
103211,PRETENTIONOR-CESTUS,C00452048-02CE,C00452048,,https://shane.maxusvanparts.co.uk/wp-admin/post.php?post=103211&action=edit
103217,BEARING-TRANSMISSION DIFFERENTIAL,C00682770-EC82,C00682770,,https://shane.maxusvanparts.co.uk/wp-admin/post.php?post=103217&action=edit
103219,TRIM ASSEMBLY-FRONT SINGLE PASSENGER SEAT ASSEMBLY BACKREST,C00578963-M013-7876,C00578963-M013,,https://shane.maxusvanparts.co.uk/wp-admin/post.php?post=103219&action=edit
103220,AIR BREATHER-TRANSMISSION,C00543144-DBFB,C00543144,,https://shane.maxusvanparts.co.uk/wp-admin/post.php?post=103220&action=edit
103225,FOAM STRIP-UPPER COVER,C00627350-89D5,C00627350,,https://shane.maxusvanparts.co.uk/wp-admin/post.php?post=103225&action=edit
103226,PRETENTIONOR-CESTUS,C00452049-70A2,C00452049,,https://shane.maxusvanparts.co.uk/wp-admin/post.php?post=103226&action=edit
103227,BUSHING-FRONT STABILIZER BAR,C00382972-7402,C00382972,,https://shane.maxusvanparts.co.uk/wp-admin/post.php?post=103227&action=edit
103228,BOLT-SPRING LINK ARM TO S/FRAME,C00495628-54F5,C00495628,,https://shane.maxusvanparts.co.uk/wp-admin/post.php?post=103228&action=edit
103232,BODY-TRANSMISSION,C00682771-9D55,C00682771,,https://shane.maxusvanparts.co.uk/wp-admin/post.php?post=103232&action=edit
103233,TRIM ASSEMBLY-FRONT SINGLE PASSENGER SEAT ASSEMBLY BACKREST,C00578965-M013-C01B,C00578965-M013,,https://shane.maxusvanparts.co.uk/wp-admin/post.php?post=103233&action=edit
103235,BRACKET-HV DISTRIBUTION BOX,C00521262-8F53,C00521262,,https://shane.maxusvanparts.co.uk/wp-admin/post.php?post=103235&action=edit
103236,TUBE-BREATHER,C00543145-71C1,C00543145,,https://shane.maxusvanparts.co.uk/wp-admin/post.php?post=103236&action=edit
103237,ASSEMBLY-LOUVER,C00482768-4CD2,C00482768,,https://shane.maxusvanparts.co.uk/wp-admin/post.php?post=103237&action=edit
103239,PLATE ASSEMBLY-A/PILLAR LOWER TRIM,C00627869-512B,C00627869,,https://shane.maxusvanparts.co.uk/wp-admin/post.php?post=103239&action=edit
103240,HEIGHT ADJUSTOR ASSEMBLY-FRONT SEAT BELT,C00452050-4765,C00452050,,https://shane.maxusvanparts.co.uk/wp-admin/post.php?post=103240&action=edit
103243,BRACKET-FRONT SUSPENSION STABILIZER BAR CLAMP,C00382973-EB32,C00382973,,https://shane.maxusvanparts.co.uk/wp-admin/post.php?post=103243&action=edit
103247,TRIM ASSY-SECOND ROW ARMREST PVC,C00578967-F312-6226,C00578967-F312,,https://shane.maxusvanparts.co.uk/wp-admin/post.php?post=103247&action=edit
103250,HOSE ASSEMBLY-AIR SPRING GAS,C00543333-627E,C00543333,,https://shane.maxusvanparts.co.uk/wp-admin/post.php?post=103250&action=edit
103254,ARM ASSEMBLY-REAR SUSPENSION LOWER CONTROL,C00383349-F160,C00383349,,https://shane.maxusvanparts.co.uk/wp-admin/post.php?post=103254&action=edit
103255,PLUG-A/PILLAR PULL HANDLE ASSEMBLY,C00628069-2A1A,C00628069,,https://shane.maxusvanparts.co.uk/wp-admin/post.php?post=103255&action=edit
103257,STRIKER ASSEMBLY-FRONT SEAT SIDE BELT ASSEMBLY,C00452054-E319,C00452054,,https://shane.maxusvanparts.co.uk/wp-admin/post.php?post=103257&action=edit
103261,TRIM ASSEMBLY-FRONT SINGLE PASSENGER SEAT ASSEMBLY CUSHION,C00578968-F013-88CD,C00578968-F013,,https://shane.maxusvanparts.co.uk/wp-admin/post.php?post=103261&action=edit
103266,HOSE ASSEMBLY-AIR SPRING GAS,C00543334-B8DC,C00543334,,https://shane.maxusvanparts.co.uk/wp-admin/post.php?post=103266&action=edit
103269,ARM ASSEMBLY-REAR SUSPENSION LOWER CONTROL,C00383350-3229,C00383350,,https://shane.maxusvanparts.co.uk/wp-admin/post.php?post=103269&action=edit
103270,BOX ASSEMBLY-HIGH VOLT DISTRIBUTION,C00630574-4778,C00630574,,https://shane.maxusvanparts.co.uk/wp-admin/post.php?post=103270&action=edit
103273,BOLT-LOWER LONGITUDINAL TO BODY,C00496263-A706,C00496263,,https://shane.maxusvanparts.co.uk/wp-admin/post.php?post=103273&action=edit
103276,TRIM ASSEMBLY-FRONT SINGLE PASSENGER SEAT ASSEMBLY CUSHION,C00578970-M013-0E88,C00578970-M013,,https://shane.maxusvanparts.co.uk/wp-admin/post.php?post=103276&action=edit
103278,O RING-TRANSMISSION INPUT SHAFT,C00682774-2E7E,C00682774,,https://shane.maxusvanparts.co.uk/wp-admin/post.php?post=103278&action=edit
103280,DEFLECTOR-FRAME LOWER,C00521641-4DF5,C00521641,,https://shane.maxusvanparts.co.uk/wp-admin/post.php?post=103280&action=edit
103281,40% SEAT CUSHION ASSEMBLY,C00483288-F303-08CC,C00483288-F303,,https://shane.maxusvanparts.co.uk/wp-admin/post.php?post=103281&action=edit
103282,HOSE ASSEMBLY-AIR SPRING GAS,C00543335-46EB,C00543335,,https://shane.maxusvanparts.co.uk/wp-admin/post.php?post=103282&action=edit
103284,ARM ASSEMBLY-REAR SUSPENSION UPPER CONTROL,C00383351-091E,C00383351,,https://shane.maxusvanparts.co.uk/wp-admin/post.php?post=103284&action=edit
103286,BELT ASSEMBLY-SECOND ROW SEAT,C00452056-CFCE,C00452056,,https://shane.maxusvanparts.co.uk/wp-admin/post.php?post=103286&action=edit
103287,CROSSMEMBER ASSEMBLY-DASH,C00497540-4100-81EC,C00497540-4100,,https://shane.maxusvanparts.co.uk/wp-admin/post.php?post=103287&action=edit
103292,OIL BAFFLE PLATE-TRANSMISSION,C00682775-CA41,C00682775,,https://shane.maxusvanparts.co.uk/wp-admin/post.php?post=103292&action=edit
103293,TRIM ASSEMBLY-DRIVER SEAT ASSEMBLY CUSHION,C00578973-M013-20E2,C00578973-M013,,https://shane.maxusvanparts.co.uk/wp-admin/post.php?post=103293&action=edit
103296,ASSEMBLY-60% SEAT CUSHION,C00483289-F303-7713,C00483289-F303,,https://shane.maxusvanparts.co.uk/wp-admin/post.php?post=103296&action=edit
103297,HOSE ASSEMBLY-AIR SPRING GAS,C00543336-1D6C,C00543336,,https://shane.maxusvanparts.co.uk/wp-admin/post.php?post=103297&action=edit
103299,ARM ASSEMBLY-REAR SUSPENSION UPPER CONTROL,C00383352-BF38,C00383352,,https://shane.maxusvanparts.co.uk/wp-admin/post.php?post=103299&action=edit
103300,COOLANT LINE-BETWEEN TMIM &amp; HEATER CORE,C00631822-A622,C00631822,,https://shane.maxusvanparts.co.uk/wp-admin/post.php?post=103300&action=edit
103302,BLOCK-REAR SIDE PANEL CHARGE FITTING,C00497697-4100-F6D2,C00497697-4100,,https://shane.maxusvanparts.co.uk/wp-admin/post.php?post=103302&action=edit
103304,BELT ASSEMBLY-SECOND ROW SEAT,C00452057-C854,C00452057,,https://shane.maxusvanparts.co.uk/wp-admin/post.php?post=103304&action=edit
103307,OUTRIGGER ASSEMBLY-FRONT WHEELHOUSE,C00682850-4100-A411,C00682850-4100,,https://shane.maxusvanparts.co.uk/wp-admin/post.php?post=103307&action=edit
103309,GLASS ASSEMBLY-FRONT LOUVER,C00579540-C285,C00579540,,https://shane.maxusvanparts.co.uk/wp-admin/post.php?post=103309&action=edit
103311,HOSE ASSEMBLY-AIR SPRING GAS,C00543337-9071,C00543337,,https://shane.maxusvanparts.co.uk/wp-admin/post.php?post=103311&action=edit
103312,ASSEMBLY-SEAT SUBSTRATE VALANCE,C00483291-BC19,C00483291,,https://shane.maxusvanparts.co.uk/wp-admin/post.php?post=103312&action=edit
103315,ARM ASSEMBLY-REAR SUSPENSION SPRING RAM,C00383353-02AC,C00383353,,https://shane.maxusvanparts.co.uk/wp-admin/post.php?post=103315&action=edit
103316,ANTENNA-FRONT DOOR HANDLE,C00637480-4CBC,C00637480,,https://shane.maxusvanparts.co.uk/wp-admin/post.php?post=103316&action=edit
103318,PANEL-CLOSER WHEELHOUSE BODYSIDE FRONT,C00497698-4100-E358,C00497698-4100,,https://shane.maxusvanparts.co.uk/wp-admin/post.php?post=103318&action=edit
103319,BELT ASSEMBLY-SECOND ROW SEAT,C00452060-0B4C,C00452060,,https://shane.maxusvanparts.co.uk/wp-admin/post.php?post=103319&action=edit
103320,OUTRIGGER ASSEMBLY-FRONT WHEELHOUSE,C00682860-4100-8B07,C00682860-4100,,https://shane.maxusvanparts.co.uk/wp-admin/post.php?post=103320&action=edit
103322,PIN-ENDGATE,C00082937-3129,C00082937,,https://shane.maxusvanparts.co.uk/wp-admin/post.php?post=103322&action=edit
103323,GLASS-REAR LOUVER,C00579541-7A14,C00579541,,https://shane.maxusvanparts.co.uk/wp-admin/post.php?post=103323&action=edit
103326,HEADLINING ASSEMBLY-DRIVER,C00483323-034F,C00483323,,https://shane.maxusvanparts.co.uk/wp-admin/post.php?post=103326&action=edit
103327,HOSE ASSEMBLY-AIR SPRING GAS,C00543338-C7F5,C00543338,,https://shane.maxusvanparts.co.uk/wp-admin/post.php?post=103327&action=edit
103331,LOCK NUT-REAR HUB,C00638001-EF09,C00638001,,https://shane.maxusvanparts.co.uk/wp-admin/post.php?post=103331&action=edit
103334,WEBB-C PILLAR REAR UPPER,C00497763-4100-C1F2,C00497763-4100,,https://shane.maxusvanparts.co.uk/wp-admin/post.php?post=103334&action=edit
103335,BELT-REAR SEAT RELEASE LOCK,C00683055-F311-82EB,C00683055-F311,,https://shane.maxusvanparts.co.uk/wp-admin/post.php?post=103335&action=edit
103338,WIND DEFLECTOR ASSEMBLY,C00579544-F484,C00579544,,https://shane.maxusvanparts.co.uk/wp-admin/post.php?post=103338&action=edit
103341,HOSE ASSEMBLY-AIR SPRING GAS,C00543339-2A98,C00543339,,https://shane.maxusvanparts.co.uk/wp-admin/post.php?post=103341&action=edit
103342,SUNSHADE ASSEMBLY-RIGHT HAND,C00483329-AAE2,C00483329,,https://shane.maxusvanparts.co.uk/wp-admin/post.php?post=103342&action=edit
103346,BUSHING-REAR STABILIZER,C00383357-16F4,C00383357,,https://shane.maxusvanparts.co.uk/wp-admin/post.php?post=103346&action=edit
103348,WEBB-C PILLAR REAR UPPER,C00497764-4100-0CDA,C00497764-4100,,https://shane.maxusvanparts.co.uk/wp-admin/post.php?post=103348&action=edit
103351,HINGE ASSEMBLY-FRONT COMPARTMENT COVER,C00683583-40BB,C00683583,,https://shane.maxusvanparts.co.uk/wp-admin/post.php?post=103351&action=edit
103352,SUNBLIND ASSEMBLY-FRONT LOUVER,C00579547-EE67,C00579547,,https://shane.maxusvanparts.co.uk/wp-admin/post.php?post=103352&action=edit
103356,SUNSHADE ASSEMBLY-LEFT HAND,C00483333-7F6A,C00483333,,https://shane.maxusvanparts.co.uk/wp-admin/post.php?post=103356&action=edit
103360,BOLT-STEERING GEAR,C00642222-7F3A,C00642222,,https://shane.maxusvanparts.co.uk/wp-admin/post.php?post=103360&action=edit
103361,LINK ASSEMBLY-REAR SUSPENSION STABILIZER BAR,C00383359-1F02,C00383359,,https://shane.maxusvanparts.co.uk/wp-admin/post.php?post=103361&action=edit
103368,MOTOR-LOUVER SUNBLIND,C00579548-059B,C00579548,,https://shane.maxusvanparts.co.uk/wp-admin/post.php?post=103368&action=edit
103370,HINGE ASSEMBLY-FRONT COMPARTMENT COVER,C00683584-F6EF,C00683584,,https://shane.maxusvanparts.co.uk/wp-admin/post.php?post=103370&action=edit
103371,TRIM PANEL-DRIVER FLOOR FRONT,C00483342-FFD8,C00483342,,https://shane.maxusvanparts.co.uk/wp-admin/post.php?post=103371&action=edit
103376,LINK ASSEMBLY-REAR SUSPENSION STABILIZER BAR,C00383360-1312,C00383360,,https://shane.maxusvanparts.co.uk/wp-admin/post.php?post=103376&action=edit
103380,HOSE ASSEMBLY-REAR BRAKE,C00499003-5E47,C00499003,,https://shane.maxusvanparts.co.uk/wp-admin/post.php?post=103380&action=edit
103382,MOTOR-FRONT LOUVER,C00579550-622A,C00579550,,https://shane.maxusvanparts.co.uk/wp-admin/post.php?post=103382&action=edit
103384,PANEL-REAR SIDE PANEL OUTER,C00683701-4100-3D5F,C00683701-4100,,https://shane.maxusvanparts.co.uk/wp-admin/post.php?post=103384&action=edit
103385,INSULATOR-WINDSHIELD GUTTER,C00483363-F1F3,C00483363,,https://shane.maxusvanparts.co.uk/wp-admin/post.php?post=103385&action=edit
103387,BOLT-BATTERY TO LONGITUDINAL,C00544459-54FA,C00544459,,https://shane.maxusvanparts.co.uk/wp-admin/post.php?post=103387&action=edit
103389,SUB ASSEMBLY-REAR FRAME,C00384074-D424,C00384074,,https://shane.maxusvanparts.co.uk/wp-admin/post.php?post=103389&action=edit
103394,HOSE ASSEMBLY-REAR BRAKE,C00499004-72C1,C00499004,,https://shane.maxusvanparts.co.uk/wp-admin/post.php?post=103394&action=edit
103396,PANEL-REAR SIDE PANEL OUTER,C00683702-4100-635F,C00683702-4100,,https://shane.maxusvanparts.co.uk/wp-admin/post.php?post=103396&action=edit
103399,HARNESS-SLIDING ROOF,C00579551-0318,C00579551,,https://shane.maxusvanparts.co.uk/wp-admin/post.php?post=103399&action=edit
103400,COTTON-PRESSURE RELIEF VALVE INSULATION,C00483371-CFA2,C00483371,,https://shane.maxusvanparts.co.uk/wp-admin/post.php?post=103400&action=edit
103401,HINGE ASSEMBLY-REAR SIDE DOOR UPPER,C00083152-2704,C00083152,,https://shane.maxusvanparts.co.uk/wp-admin/post.php?post=103401&action=edit
103405,SUB FRAME ASSEMBLY-FRONT SUSPENSION,C00385751-36CE,C00385751,,https://shane.maxusvanparts.co.uk/wp-admin/post.php?post=103405&action=edit
103407,PIPE-FRONT BRAKE,C00457701-93CE,C00457701,,https://shane.maxusvanparts.co.uk/wp-admin/post.php?post=103407&action=edit
103409,PIPE ASSEMBLY-BRAKE (M/CYL1-ESP),C00499991-6FC2,C00499991,,https://shane.maxusvanparts.co.uk/wp-admin/post.php?post=103409&action=edit
103412,FRAME ASSEMBLY-FRONT LOUVER,C00579552-9564,C00579552,,https://shane.maxusvanparts.co.uk/wp-admin/post.php?post=103412&action=edit
103413,PLASTIC COVER-SHOULDER STRAP,C00683771-F320-6223,C00683771-F320,,https://shane.maxusvanparts.co.uk/wp-admin/post.php?post=103413&action=edit
103414,HINGE ASSEMBLY-REAR SIDE DOOR LOWER,C00083153-9859,C00083153,,https://shane.maxusvanparts.co.uk/wp-admin/post.php?post=103414&action=edit
103415,PANEL ASSEMBLY-FRONT SIDE DOOR INNER TRIM,C00545877-3049-44D5,C00545877-3049,,https://shane.maxusvanparts.co.uk/wp-admin/post.php?post=103415&action=edit
103416,COTTON-FRONT WHEEL INSULATION,C00483372-8FE2,C00483372,,https://shane.maxusvanparts.co.uk/wp-admin/post.php?post=103416&action=edit
103418,LOCKING NUT,C00642227-F908,C00642227,,https://shane.maxusvanparts.co.uk/wp-admin/post.php?post=103418&action=edit
103421,WELD ASSEMBLY-FRONT S/FRAME,C00385755-DE02,C00385755,,https://shane.maxusvanparts.co.uk/wp-admin/post.php?post=103421&action=edit
103422,PIPE-FRONT BRAKE,C00457702-0120,C00457702,,https://shane.maxusvanparts.co.uk/wp-admin/post.php?post=103422&action=edit
103424,PIPE ASSEMBLY-BRAKE (M/CYL2-ESP),C00499992-F3CB,C00499992,,https://shane.maxusvanparts.co.uk/wp-admin/post.php?post=103424&action=edit
103428,WEATHERSTRIP-SLIDING ROOF INNER SEAL,C00579553-3705,C00579553,,https://shane.maxusvanparts.co.uk/wp-admin/post.php?post=103428&action=edit
103429,PANEL ASSEMBLY-FRONT SIDE DOOR INNER TRIM,C00545878-3049-205A,C00545878-3049,,https://shane.maxusvanparts.co.uk/wp-admin/post.php?post=103429&action=edit
103430,HINGE ASSEMBLY-REAR SIDE DOOR UPPER,C00083156-F891,C00083156,,https://shane.maxusvanparts.co.uk/wp-admin/post.php?post=103430&action=edit
103431,COTTON-FRONT WHEEL INSULATION,C00483373-C01F,C00483373,,https://shane.maxusvanparts.co.uk/wp-admin/post.php?post=103431&action=edit
103436,PIPE ASSEMBLY-REAR BRK(FRT),C00457703-36C1,C00457703,,https://shane.maxusvanparts.co.uk/wp-admin/post.php?post=103436&action=edit
103439,BOLT-REAR FRAME SUB ASSEMBLY TO BODY,C00500515-CE51,C00500515,,https://shane.maxusvanparts.co.uk/wp-admin/post.php?post=103439&action=edit
103445,HINGE ASSEMBLY-REAR SIDE DOOR LOWER,C00083179-12DA,C00083179,,https://shane.maxusvanparts.co.uk/wp-admin/post.php?post=103445&action=edit
103446,CENTER PILLAR,C00483525-4100-8C6F,C00483525-4100,,https://shane.maxusvanparts.co.uk/wp-admin/post.php?post=103446&action=edit
103450,ASSEMBLY-SEAT BACK AND SUBSTRATE VALANCE,C00670642-M303-D662,C00670642-M303,,https://shane.maxusvanparts.co.uk/wp-admin/post.php?post=103450&action=edit
103451,PIPE ASSEMBLY-REAR BRK(FRT),C00457704-736F,C00457704,,https://shane.maxusvanparts.co.uk/wp-admin/post.php?post=103451&action=edit
103453,GUTTER ASSEMBLY-WINDSHIELD,C00501190-62D5,C00501190,,https://shane.maxusvanparts.co.uk/wp-admin/post.php?post=103453&action=edit
103455,BOLT-PLH CONTROL,C00550554-D79E,C00550554,,https://shane.maxusvanparts.co.uk/wp-admin/post.php?post=103455&action=edit
103458,PANEL-REAR SIDE PANEL GUARD LOWER,C00584936-0E39,C00584936,,https://shane.maxusvanparts.co.uk/wp-admin/post.php?post=103458&action=edit
103461,LINER-FRONT WHEELHOUSE,C00483581-4C60,C00483581,,https://shane.maxusvanparts.co.uk/wp-admin/post.php?post=103461&action=edit
103465,TOW ARM,C00670767-7619,C00670767,,https://shane.maxusvanparts.co.uk/wp-admin/post.php?post=103465&action=edit
103466,PIPE ASSEMBLY-REAR BRK(CTR),C00457707-F3F5,C00457707,,https://shane.maxusvanparts.co.uk/wp-admin/post.php?post=103466&action=edit
103467,BRACKET-FRONT CRADLE MOUNT FRONT,C00501393-4100-5AF6,C00501393-4100,,https://shane.maxusvanparts.co.uk/wp-admin/post.php?post=103467&action=edit
103475,LINER-FRONT WHEELHOUSE,C00483589-0881,C00483589,,https://shane.maxusvanparts.co.uk/wp-admin/post.php?post=103475&action=edit
103477,FRONT SUSPENSION STABILIZER BAR,C00645985-775B,C00645985,,https://shane.maxusvanparts.co.uk/wp-admin/post.php?post=103477&action=edit
103479,CROSS MEMBER-FULL FRAME NO.1,C00388997-4100-8F2B,C00388997-4100,,https://shane.maxusvanparts.co.uk/wp-admin/post.php?post=103479&action=edit
103480,BOLT/SCREW-STEERING COLUMN BRACKET TO BODY,C00671147-461E,C00671147,,https://shane.maxusvanparts.co.uk/wp-admin/post.php?post=103480&action=edit
103481,PIPE ASSEMBLY-REAR BRK(CTR),C00457708-E745,C00457708,,https://shane.maxusvanparts.co.uk/wp-admin/post.php?post=103481&action=edit
103482,BRACKET-FRONT CRADLE MOUNT FRONT,C00501394-4100-1927,C00501394-4100,,https://shane.maxusvanparts.co.uk/wp-admin/post.php?post=103482&action=edit
103484,PLUGS-SIDE PANEL,C00551001-D075,C00551001,,https://shane.maxusvanparts.co.uk/wp-admin/post.php?post=103484&action=edit
103487,BRACKET-BLOWER WIND SHIELD,C00686083-4A45,C00686083,,https://shane.maxusvanparts.co.uk/wp-admin/post.php?post=103487&action=edit
103489,CROSSMEMBER ASSEMBLY-FRONT BUMPER UPPER INSTALL,C00588180-4100-8965,C00588180-4100,,https://shane.maxusvanparts.co.uk/wp-admin/post.php?post=103489&action=edit
103490,PANEL-REAR WHEELHOUSE TRIM,C00483591-D6F6,C00483591,,https://shane.maxusvanparts.co.uk/wp-admin/post.php?post=103490&action=edit
103492,BRACKET-FULL FRAME NO.1 MOUNTING,C00389005-4100-2782,C00389005-4100,,https://shane.maxusvanparts.co.uk/wp-admin/post.php?post=103492&action=edit
103494,FOAM STRIP-UPPER COVER,C00671325-74CE,C00671325,,https://shane.maxusvanparts.co.uk/wp-admin/post.php?post=103494&action=edit
103495,BRACKET-FULL FRAME PICKUP BOX NO.1,C00501443-4100-D271,C00501443-4100,,https://shane.maxusvanparts.co.uk/wp-admin/post.php?post=103495&action=edit
103498,POWER BATTERY BRACKET,C00553970-60D8,C00553970,,https://shane.maxusvanparts.co.uk/wp-admin/post.php?post=103498&action=edit
103501,SECTION-FRONT BUMPER CROSS MEMBER BKT,C00522580-294C,C00522580,,https://shane.maxusvanparts.co.uk/wp-admin/post.php?post=103501&action=edit
103502,BRACKET-BLOWER WIND SHIELD,C00686086-6D4D,C00686086,,https://shane.maxusvanparts.co.uk/wp-admin/post.php?post=103502&action=edit
103503,PANEL-REAR WHEELHOUSE,C00483593-4651,C00483593,,https://shane.maxusvanparts.co.uk/wp-admin/post.php?post=103503&action=edit
103505,ASSEMBLY-PASSENGER SIDE OUTLET,C00588774-C011-81DD,C00588774-C011,,https://shane.maxusvanparts.co.uk/wp-admin/post.php?post=103505&action=edit
103506,CROSS MEMBER-FULL FRAME NO.3 CENTER/CENTRE,C00389029-4100-87CB,C00389029-4100,,https://shane.maxusvanparts.co.uk/wp-admin/post.php?post=103506&action=edit
103507,PANEL ASSEMBLY-A/PILLAR LOWER INNER,C00646594-4100-E0FB,C00646594-4100,,https://shane.maxusvanparts.co.uk/wp-admin/post.php?post=103507&action=edit
103509,FOAM STRIP-UPPER COVER,C00671584-3902,C00671584,,https://shane.maxusvanparts.co.uk/wp-admin/post.php?post=103509&action=edit
103511,BRACKET-FULL FRAME PICKUP BOX NO.2,C00501445-4100-A009,C00501445-4100,,https://shane.maxusvanparts.co.uk/wp-admin/post.php?post=103511&action=edit
103512,POWER BATTERY BRACKET,C00553971-A366,C00553971,,https://shane.maxusvanparts.co.uk/wp-admin/post.php?post=103512&action=edit
103517,CAMERA-STREAMING,C00686129-4B37,C00686129,,https://shane.maxusvanparts.co.uk/wp-admin/post.php?post=103517&action=edit
103519,ASSEMBLY-DRIVER SIDE OUTLET,C00588775-C011-2513,C00588775-C011,,https://shane.maxusvanparts.co.uk/wp-admin/post.php?post=103519&action=edit
103521,PANEL ASSEMBLY-A/PILLAR LOWER INNER,C00646595-4100-669D,C00646595-4100,,https://shane.maxusvanparts.co.uk/wp-admin/post.php?post=103521&action=edit
103522,BRACKET-FULL FRAME NO.2 MOUNTING,C00389042-4100-1C0D,C00389042-4100,,https://shane.maxusvanparts.co.uk/wp-admin/post.php?post=103522&action=edit
103524,BOLT/SCREW-FRONT SIDE DOOR UNDER TRIM PANEL,C00671996-23E1,C00671996,,https://shane.maxusvanparts.co.uk/wp-admin/post.php?post=103524&action=edit
103527,BRACKET-SIDE DEFLECTOR,C00553972-3B79,C00553972,,https://shane.maxusvanparts.co.uk/wp-admin/post.php?post=103527&action=edit
103530,PANEL-FRONT SIDE REINFORCEMENT,C00522650-4100-6DB4,C00522650-4100,,https://shane.maxusvanparts.co.uk/wp-admin/post.php?post=103530&action=edit
103532,BRACKET-REAR CAMERA,C00686130-F081-56B2,C00686130-F081,,https://shane.maxusvanparts.co.uk/wp-admin/post.php?post=103532&action=edit
103533,SWITCH ASSEMBLY-SEAT HEATING,C00589186-FD10,C00589186,,https://shane.maxusvanparts.co.uk/wp-admin/post.php?post=103533&action=edit
103536,BOLT/SCREW-PICKUP BOX ORNAMENT,C00647119-509F,C00647119,,https://shane.maxusvanparts.co.uk/wp-admin/post.php?post=103536&action=edit
103538,BRACKET-FULL FRAME NO.2 MOUNTING,C00389043-4100-8A94,C00389043-4100,,https://shane.maxusvanparts.co.uk/wp-admin/post.php?post=103538&action=edit
103543,BRACKET-SIDE DEFLECTOR,C00553975-6209,C00553975,,https://shane.maxusvanparts.co.uk/wp-admin/post.php?post=103543&action=edit
103544,LOCK-REAR SEAT BACK,C00686138-2D06,C00686138,,https://shane.maxusvanparts.co.uk/wp-admin/post.php?post=103544&action=edit
103545,BUMPER-REAR SUSPENSION,C00522999-22F5,C00522999,,https://shane.maxusvanparts.co.uk/wp-admin/post.php?post=103545&action=edit
103549,ANTENA ASSEMBLY-4G,C00101575-9782,C00101575,,https://shane.maxusvanparts.co.uk/wp-admin/post.php?post=103549&action=edit
103552,BRACKET-FULL FRAME PICKUP BOX NO.3,C00389059-4100-69F0,C00389059-4100,,https://shane.maxusvanparts.co.uk/wp-admin/post.php?post=103552&action=edit
103553,HARNESS-FRONT AIR CONDITIONING,C00672438-BD35,C00672438,,https://shane.maxusvanparts.co.uk/wp-admin/post.php?post=103553&action=edit
103557,BRACKET-SIDE DEFLECTOR,C00553976-8B26,C00553976,,https://shane.maxusvanparts.co.uk/wp-admin/post.php?post=103557&action=edit
103559,LOCK-REAR SEAT BACK,C00686139-0A5E,C00686139,,https://shane.maxusvanparts.co.uk/wp-admin/post.php?post=103559&action=edit
103561,HOOK-INNER,C00102685-8F89,C00102685,,https://shane.maxusvanparts.co.uk/wp-admin/post.php?post=103561&action=edit
103565,BRACKET-REAR BUMPER FRONT INSTALL,C00672933-9BA5,C00672933,,https://shane.maxusvanparts.co.uk/wp-admin/post.php?post=103565&action=edit
103570,PLATE-CENTER PILLAR UPPER TRIM ABOVE,C00554551-75CF,C00554551,,https://shane.maxusvanparts.co.uk/wp-admin/post.php?post=103570&action=edit
103572,BOLT/SCREW-CHASSIS HARNESS,B00005341-BBEC,B00005341,,https://shane.maxusvanparts.co.uk/wp-admin/post.php?post=103572&action=edit
103573,PLASTIC COVER-SHOULDER STRAP,C00686140-F320-8127,C00686140-F320,,https://shane.maxusvanparts.co.uk/wp-admin/post.php?post=103573&action=edit
103577,BRACKET-REAR BUMPER FRONT INSTALL,C00672934-5434,C00672934,,https://shane.maxusvanparts.co.uk/wp-admin/post.php?post=103577&action=edit
103578,SWICH-SUNSHADE,C00480149-4285,C00480149,,https://shane.maxusvanparts.co.uk/wp-admin/post.php?post=103578&action=edit
103582,PLATE-CENTER PILLAR UPPER TRIM ABOVE,C00554552-D283,C00554552,,https://shane.maxusvanparts.co.uk/wp-admin/post.php?post=103582&action=edit
103583,REAR STRENGTHEN PLATE-FRONT SHOCK TOWER BRACKET,C00523260-4100-A6C7,C00523260-4100,,https://shane.maxusvanparts.co.uk/wp-admin/post.php?post=103583&action=edit
103584,LAZYBACK ASSEMBLY-FRONT PASSENGER SEAT,C00686496-M013-366C,C00686496-M013,,https://shane.maxusvanparts.co.uk/wp-admin/post.php?post=103584&action=edit
103585,SCREW-REAR CAMERA,B00005348-32A0,B00005348,,https://shane.maxusvanparts.co.uk/wp-admin/post.php?post=103585&action=edit
103586,ARM ASSEMBLY-FRONT SUSPENSION  LOWER,C00484307-DCBB,C00484307,,https://shane.maxusvanparts.co.uk/wp-admin/post.php?post=103586&action=edit
103589,INSULATION-COMPARTMENT COVER,C00674018-CFB2,C00674018,,https://shane.maxusvanparts.co.uk/wp-admin/post.php?post=103589&action=edit
103590,CLUSTER SWITCH ASSEMBLY,C00480155-10AE,C00480155,,https://shane.maxusvanparts.co.uk/wp-admin/post.php?post=103590&action=edit
103591,PIN-FRONT SHOCK ABSORBER UNDER SUPPORT,C00502491-7557,C00502491,,https://shane.maxusvanparts.co.uk/wp-admin/post.php?post=103591&action=edit
103592,FUSE-MAIN FUSE BOX,C00589205-61A8,C00589205,,https://shane.maxusvanparts.co.uk/wp-admin/post.php?post=103592&action=edit
103593,REAR STRENGTHEN PLATE-FRONT SHOCK TOWER BRACKET,C00523261-4100-7240,C00523261-4100,,https://shane.maxusvanparts.co.uk/wp-admin/post.php?post=103593&action=edit
103595,PANEL-FRONT SIDE DOOR UNDER TRIM,C00554553-FCFA,C00554553,,https://shane.maxusvanparts.co.uk/wp-admin/post.php?post=103595&action=edit
103598,BUSHING-FRONT SUSPENSION LOWER CONTROL ARM,C00484317-66C1,C00484317,,https://shane.maxusvanparts.co.uk/wp-admin/post.php?post=103598&action=edit
103601,BRACKET-INSTRUMENT PANEL CROSS MEMBER,C00480279-4979,C00480279,,https://shane.maxusvanparts.co.uk/wp-admin/post.php?post=103601&action=edit
103603,CUSHION ASSEMBLY-FRONT PASSENGER,C00686518-F013-103A,C00686518-F013,,https://shane.maxusvanparts.co.uk/wp-admin/post.php?post=103603&action=edit
103605,PANEL-FRONT SIDE DOOR UNDER TRIM,C00554554-CCCB,C00554554,,https://shane.maxusvanparts.co.uk/wp-admin/post.php?post=103605&action=edit
103610,BLOCK-FRAME MPDB,C00674655-4100-2D5D,C00674655-4100,,https://shane.maxusvanparts.co.uk/wp-admin/post.php?post=103610&action=edit
103613,PIN-FRONT SHOCK ABSORBER UNDER SUPPORT,C00502496-73DE,C00502496,,https://shane.maxusvanparts.co.uk/wp-admin/post.php?post=103613&action=edit
103616,HOSE ASSEMBLY-LOUVER OLT,C00484664-5F20,C00484664,,https://shane.maxusvanparts.co.uk/wp-admin/post.php?post=103616&action=edit
103621,BLOCK-FRAME MPDB,C00674656-95B0,C00674656,,https://shane.maxusvanparts.co.uk/wp-admin/post.php?post=103621&action=edit
103624,SLEEVE-FRONT PASSENGER SEAT HEADREST GUIDE,C00686525-F020-B1C4,C00686525-F020,,https://shane.maxusvanparts.co.uk/wp-admin/post.php?post=103624&action=edit
103625,HOSE ASSEMBLY-LOUVER OLT,C00484665-82A3,C00484665,,https://shane.maxusvanparts.co.uk/wp-admin/post.php?post=103625&action=edit
103627,PANEL-SIDE TRIM PANEL INSTALL,C00524171-4100-EFA8,C00524171-4100,,https://shane.maxusvanparts.co.uk/wp-admin/post.php?post=103627&action=edit
103629,PANEL-REAR SIDE DOOR UNDER TRIM,C00554557-5170,C00554557,,https://shane.maxusvanparts.co.uk/wp-admin/post.php?post=103629&action=edit
103631,COVER-SECOND ROW SEAT HEADREST FREE,C00674683-F320-17AC,C00674683-F320,,https://shane.maxusvanparts.co.uk/wp-admin/post.php?post=103631&action=edit
103638,HOSE ASSEMBLY-LOUVER OLT,C00484666-2A96,C00484666,,https://shane.maxusvanparts.co.uk/wp-admin/post.php?post=103638&action=edit
103642,COVER-SECOND ROW SEAT HEADREST  LOCK,C00674685-F320-A82D,C00674685-F320,,https://shane.maxusvanparts.co.uk/wp-admin/post.php?post=103642&action=edit
103644,PANEL-REAR END,C00503450-4100-89FB,C00503450-4100,,https://shane.maxusvanparts.co.uk/wp-admin/post.php?post=103644&action=edit
103648,PANEL-REAR SIDE PANEL LOWER TRIM,C00554561-945E,C00554561,,https://shane.maxusvanparts.co.uk/wp-admin/post.php?post=103648&action=edit
103650,HOSE ASSEMBLY-LOUVER OLT,C00484667-4672,C00484667,,https://shane.maxusvanparts.co.uk/wp-admin/post.php?post=103650&action=edit
103652,GUARD-REAR PASSENGER SEAT,C00674686-F320-3783,C00674686-F320,,https://shane.maxusvanparts.co.uk/wp-admin/post.php?post=103652&action=edit
103657,PLUG-B/PILLAR PULL HANDLE ASSEMBLY,C00018858-M034-B473,C00018858-M034,,https://shane.maxusvanparts.co.uk/wp-admin/post.php?post=103657&action=edit
103658,GLASS SEAL-SUNROOF,C00484668-3364,C00484668,,https://shane.maxusvanparts.co.uk/wp-admin/post.php?post=103658&action=edit
103661,GUARD-REAR PASSENGER SEAT,C00674687-F320-EF1A,C00674687-F320,,https://shane.maxusvanparts.co.uk/wp-admin/post.php?post=103661&action=edit
103663,COOLANT LINE-TMIM TO LETTER,C00503816-9526,C00503816,,https://shane.maxusvanparts.co.uk/wp-admin/post.php?post=103663&action=edit
103666,PLUG-B/PILLAR PULL HANDLE ASSEMBLY,C00018860-M034-7493,C00018860-M034,,https://shane.maxusvanparts.co.uk/wp-admin/post.php?post=103666&action=edit
103667,KIT-ROOF RACK,C00484843-90A1,C00484843,,https://shane.maxusvanparts.co.uk/wp-admin/post.php?post=103667&action=edit
103669,COVER ASSEMBLY-ISIZE,C00674688-F320-92C7,C00674688-F320,,https://shane.maxusvanparts.co.uk/wp-admin/post.php?post=103669&action=edit
103671,BRACKET-AIR CONDITIONING COMPRESSOR MOUNT,C00480731-0904,C00480731,,https://shane.maxusvanparts.co.uk/wp-admin/post.php?post=103671&action=edit
103672,COOLANT LINE-LETTER TO TMIM,C00503817-5BFE,C00503817,,https://shane.maxusvanparts.co.uk/wp-admin/post.php?post=103672&action=edit
103674,KIT-ROOF RACK,C00484846-44C6,C00484846,,https://shane.maxusvanparts.co.uk/wp-admin/post.php?post=103674&action=edit
103675,COVER-SECOND ROW SEAT HEADREST  LOCK,C00674693-F320-FB11,C00674693-F320,,https://shane.maxusvanparts.co.uk/wp-admin/post.php?post=103675&action=edit
103679,CONNECTOR ASSEMBLY-BRAKE PIPE 2WAY,C00108363-4FF3,C00108363,,https://shane.maxusvanparts.co.uk/wp-admin/post.php?post=103679&action=edit
103680,PLATE-REAR SHOCK ABSORBER INSTALL SUPPORT,C00481203-4100-57E2,C00481203-4100,,https://shane.maxusvanparts.co.uk/wp-admin/post.php?post=103680&action=edit
103681,COOLANT LINE-TMIM TO BATTERY PUMP,C00503820-2082,C00503820,,https://shane.maxusvanparts.co.uk/wp-admin/post.php?post=103681&action=edit
103683,DOWEL-SHOCK ABSORBER FRONT,C00487853-9E80,C00487853,,https://shane.maxusvanparts.co.uk/wp-admin/post.php?post=103683&action=edit
103685,COVER-SECOND ROW SEAT HEADREST FREE,C00674694-F320-052F,C00674694-F320,,https://shane.maxusvanparts.co.uk/wp-admin/post.php?post=103685&action=edit
103689,PLATE-REAR SHOCK ABSORBER INSTALL SUPPORT,C00481204-4100-70DF,C00481204-4100,,https://shane.maxusvanparts.co.uk/wp-admin/post.php?post=103689&action=edit
103690,COOLANT LINE-TMIM TO EDU PUMP,C00503822-9E8A,C00503822,,https://shane.maxusvanparts.co.uk/wp-admin/post.php?post=103690&action=edit
103692,SWITCH-STEERING SWITCH ASSEMBLY,C00487863-4852,C00487863,,https://shane.maxusvanparts.co.uk/wp-admin/post.php?post=103692&action=edit
103693,HEADREST-SECOND ROW SEAT,C00674697-F302-BDB2,C00674697-F302,,https://shane.maxusvanparts.co.uk/wp-admin/post.php?post=103693&action=edit
103694,SPACER-FRONT GRILLE ASSEMBLY,C00020580-F5CC,C00020580,,https://shane.maxusvanparts.co.uk/wp-admin/post.php?post=103694&action=edit
103696,SLEEVE-DRIVER SEAT HEADREST GUIDE,C00686526-F020-26A9,C00686526-F020,,https://shane.maxusvanparts.co.uk/wp-admin/post.php?post=103696&action=edit
103698,BRACKET-FULL FRAME WHEEL SPRING,C00481207-4100-8F5E,C00481207-4100,,https://shane.maxusvanparts.co.uk/wp-admin/post.php?post=103698&action=edit
103702,HEADREST-SECOND ROW SEAT,C00674698-F302-F5B2,C00674698-F302,,https://shane.maxusvanparts.co.uk/wp-admin/post.php?post=103702&action=edit
103703,BRACKET-FRONT BRAKE HOSE,C00021209-9A85,C00021209,,https://shane.maxusvanparts.co.uk/wp-admin/post.php?post=103703&action=edit
103707,BRACKET-FULL FRAME WHEEL SPRING,C00481208-4100-FBD4,C00481208-4100,,https://shane.maxusvanparts.co.uk/wp-admin/post.php?post=103707&action=edit
103709,PLATE-OUTER CENTER PILLAR INNER,C00525036-A845,C00525036,,https://shane.maxusvanparts.co.uk/wp-admin/post.php?post=103709&action=edit
103711,ARMREST ASSEMBLY-SECOND ROW SEAT INSIDE,C00674699-F302-3DDF,C00674699-F302,,https://shane.maxusvanparts.co.uk/wp-admin/post.php?post=103711&action=edit
103712,BRACKET-FRONT BRAKE HOSE,C00021210-F936,C00021210,,https://shane.maxusvanparts.co.uk/wp-admin/post.php?post=103712&action=edit
103716,BRACKET-REAR CRADLE MOUNT FRONT,C00481209-4100-3F0B,C00481209-4100,,https://shane.maxusvanparts.co.uk/wp-admin/post.php?post=103716&action=edit
103717,HOSE-PCU TO MOTOR,C00503825-2E2B,C00503825,,https://shane.maxusvanparts.co.uk/wp-admin/post.php?post=103717&action=edit
103718,PLATE-OUTER CENTER PILLAR INNER,C00525037-DD6A,C00525037,,https://shane.maxusvanparts.co.uk/wp-admin/post.php?post=103718&action=edit
103724,BRACKET-BATTERY PACK FRONT END INSTALLATION,C00481211-4100-23E8,C00481211-4100,,https://shane.maxusvanparts.co.uk/wp-admin/post.php?post=103724&action=edit
103725,COOLANT LINE-WARM PUMP INLET &amp; HVH OUTLET,C00503826-93C6,C00503826,,https://shane.maxusvanparts.co.uk/wp-admin/post.php?post=103725&action=edit
103731,BRACKET-BATTERY PACK FRONT END INSTALLATION,C00481212-4100-A1F1,C00481212-4100,,https://shane.maxusvanparts.co.uk/wp-admin/post.php?post=103731&action=edit
103732,COOLANT LINE-BATTERY TO TMIM &amp; BATTERY PUMP,C00503827-D0BE,C00503827,,https://shane.maxusvanparts.co.uk/wp-admin/post.php?post=103732&action=edit
103733,BRACKET-INTELLIGENT DRIVING MM RADAR CORNER,C00525192-D741,C00525192,,https://shane.maxusvanparts.co.uk/wp-admin/post.php?post=103733&action=edit
103736,BOLT-HV BOX BASE TO POWER BATTERY BASE,B00005552-20DD,B00005552,,https://shane.maxusvanparts.co.uk/wp-admin/post.php?post=103736&action=edit
103738,BRACKET-BATTERY PACK REAR END INSTALLATION,C00481214-4100-5CFA,C00481214-4100,,https://shane.maxusvanparts.co.uk/wp-admin/post.php?post=103738&action=edit
103739,"PANEL-B PILLAR,CLSG,UPR",C00503877-4100-9AAA,C00503877-4100,,https://shane.maxusvanparts.co.uk/wp-admin/post.php?post=103739&action=edit
103740,BRACKET-INTELLIGENT DRIVING MM RADAR CORNER,C00525193-9797,C00525193,,https://shane.maxusvanparts.co.uk/wp-admin/post.php?post=103740&action=edit
103745,"PANEL-B PILLAR,CLSG,UPR",C00503878-4100-8587,C00503878-4100,,https://shane.maxusvanparts.co.uk/wp-admin/post.php?post=103745&action=edit
103746,BRACKET-BATTERY PACK REAR END INSTALLATION,C00481215-4100-1164,C00481215-4100,,https://shane.maxusvanparts.co.uk/wp-admin/post.php?post=103746&action=edit
103751,PANEL-FRONT PASSENGER SEAT SIDE,C00686529-F020-1704,C00686529-F020,,https://shane.maxusvanparts.co.uk/wp-admin/post.php?post=103751&action=edit
103752,LAMP ASSEMBLY-FRONT ROOF INNER READING,C00503919-5588,C00503919,,https://shane.maxusvanparts.co.uk/wp-admin/post.php?post=103752&action=edit
103753,BEAM-BATTERY PACK INSTALLATION,C00481216-4100-F9D6,C00481216-4100,,https://shane.maxusvanparts.co.uk/wp-admin/post.php?post=103753&action=edit
103754,HARNESS ASSEMBLY-FRONT DRIVER DOOR,C00526562-F4B8,C00526562,,https://shane.maxusvanparts.co.uk/wp-admin/post.php?post=103754&action=edit
103758,PANEL-DRIVER SEAT SIDE,C00686530-F020-58DD,C00686530-F020,,https://shane.maxusvanparts.co.uk/wp-admin/post.php?post=103758&action=edit
103759,LAMP ASSEMBLY-REAR ROOF INNER READING,C00503924-DE4D,C00503924,,https://shane.maxusvanparts.co.uk/wp-admin/post.php?post=103759&action=edit
103765,COVER-PR SEAT TRACK,C00686535-F020-91A8,C00686535-F020,,https://shane.maxusvanparts.co.uk/wp-admin/post.php?post=103765&action=edit
103766,DUCT-FRONT FLOOR,C00503931-995A,C00503931,,https://shane.maxusvanparts.co.uk/wp-admin/post.php?post=103766&action=edit
103770,DUCT-FRONT FLOOR,C00503991-C407,C00503991,,https://shane.maxusvanparts.co.uk/wp-admin/post.php?post=103770&action=edit
103773,BRACKET-MM RADAR FRONT,C00527222-0368,C00527222,,https://shane.maxusvanparts.co.uk/wp-admin/post.php?post=103773&action=edit
104580,TUBE ASSEMBLY-OIL RETURN TUBE REAR,C00116953-D2D7,C00116953,,https://shane.maxusvanparts.co.uk/wp-admin/post.php?post=104580&action=edit
104688,TUBE ASSEMBLY-OIL RETURN TUBE INNER,C00117932-3DB4,C00117932,,https://shane.maxusvanparts.co.uk/wp-admin/post.php?post=104688&action=edit
105359,FILM-BODY THRESHOLD,C00004809-3D28,C00004809,,https://shane.maxusvanparts.co.uk/wp-admin/post.php?post=105359&action=edit
105361,SUNSHADE ASSEMBLY,C00052992-0339,C00052992,,https://shane.maxusvanparts.co.uk/wp-admin/post.php?post=105361&action=edit
105362,SEAL-FRONT AXLE OUTPUT,C00089553-DC81,C00089553,,https://shane.maxusvanparts.co.uk/wp-admin/post.php?post=105362&action=edit
105363,SENSOR-FRONT BUMPER RADAR,C00096064-F081-4437,C00096064-F081,,https://shane.maxusvanparts.co.uk/wp-admin/post.php?post=105363&action=edit
105370,BODY-SIDE END GATE OUTER PANEL,C00555204-4100-82D3,C00555204-4100,,https://shane.maxusvanparts.co.uk/wp-admin/post.php?post=105370&action=edit
105372,SECTION-FENDER INSTALL PANEL,C00616719-4100-1F89,C00616719-4100,,https://shane.maxusvanparts.co.uk/wp-admin/post.php?post=105372&action=edit
105379,CUSHION-BODY SECOND MOUNTING UPPER,C00636902-805A,C00636902,,https://shane.maxusvanparts.co.uk/wp-admin/post.php?post=105379&action=edit
105380,CUSHION-BODY THIRD MOUNTING UPPER,C00636903-3B62,C00636903,,https://shane.maxusvanparts.co.uk/wp-admin/post.php?post=105380&action=edit
105381,CUSHION-BODY FOURTH MOUNTING UPPER,C00636907-39F8,C00636907,,https://shane.maxusvanparts.co.uk/wp-admin/post.php?post=105381&action=edit
105386,OIL-REAR AXLE ASSEMBLY,C00647246-F409,C00647246,,https://shane.maxusvanparts.co.uk/wp-admin/post.php?post=105386&action=edit
105388,NUT-FRONT SUSPENSION LOWER CONTROL ARM ASSEMBLY TO FRAME,C00652127-C36E,C00652127,,https://shane.maxusvanparts.co.uk/wp-admin/post.php?post=105388&action=edit
105394,TRANSFER CASE ASSEMBLY,C00665404-C584,C00665404,,https://shane.maxusvanparts.co.uk/wp-admin/post.php?post=105394&action=edit
105397,LAMP-DATTIME RUNNING,C00673633-DDEE,C00673633,,https://shane.maxusvanparts.co.uk/wp-admin/post.php?post=105397&action=edit
105398,LAMP-DATTIME RUNNING,C00673634-82CC,C00673634,,https://shane.maxusvanparts.co.uk/wp-admin/post.php?post=105398&action=edit
105399,MEMBER ASSEMBLY-HEADLAMP FRAME ERECT,C00677168-4100-EB9F,C00677168-4100,,https://shane.maxusvanparts.co.uk/wp-admin/post.php?post=105399&action=edit
105400,MEMBER ASSEMBLY-HEADLAMP FRAME ERECT,C00677170-4100-49D0,C00677170-4100,,https://shane.maxusvanparts.co.uk/wp-admin/post.php?post=105400&action=edit
105401,SENSOR ASSEMBLY-REAR ABSORBER WHEEL SPEED,C00677342-B507,C00677342,,https://shane.maxusvanparts.co.uk/wp-admin/post.php?post=105401&action=edit
105403,BRACKET-FUEL FILTER,C00691284-C5BD,C00691284,,https://shane.maxusvanparts.co.uk/wp-admin/post.php?post=105403&action=edit
105406,ACCESS  ASSEMBLY-FRONT FLOOR CENTER/CENTRE,C00725702-4100-BFB5,C00725702-4100,,https://shane.maxusvanparts.co.uk/wp-admin/post.php?post=105406&action=edit
105408,HARNESS ASSEMBLY-FRONT BUMPER,C00737965-9DCD,C00737965,,https://shane.maxusvanparts.co.uk/wp-admin/post.php?post=105408&action=edit
105409,HEAT SHIELD-WCAC VALANCE,C00783248-91AD,C00783248,,https://shane.maxusvanparts.co.uk/wp-admin/post.php?post=105409&action=edit
105411,COVER-UREA PUMP,C00880077-0D51,C00880077,,https://shane.maxusvanparts.co.uk/wp-admin/post.php?post=105411&action=edit
105425,PLASTIC-FRONT PASSENGER SEAT BELT UPPER,C00314103-5DE9,C00314103,,https://shane.maxusvanparts.co.uk/wp-admin/post.php?post=105425&action=edit
105437,GUARD-DRIVER SEAT,C00381560-A544,C00381560,,https://shane.maxusvanparts.co.uk/wp-admin/post.php?post=105437&action=edit
105452,HEADLINING ASSEMBLY-DRIVER,C00127773-A019-1200,C00127773-A019,,https://shane.maxusvanparts.co.uk/wp-admin/post.php?post=105452&action=edit
105460,NUT-HIGH MOUNT STOP LAMP,C00037806-9BCD,C00037806,,https://shane.maxusvanparts.co.uk/wp-admin/post.php?post=105460&action=edit
105469,COVER-BULKHEAD,C00104725-A087-8493,C00104725-A087,,https://shane.maxusvanparts.co.uk/wp-admin/post.php?post=105469&action=edit
105478,COVER-BULKHEAD,C00104726-A087-02F3,C00104726-A087,,https://shane.maxusvanparts.co.uk/wp-admin/post.php?post=105478&action=edit
105480,CAMERA-BACK UP REAR,C00131352-F942,C00131352,,https://shane.maxusvanparts.co.uk/wp-admin/post.php?post=105480&action=edit
105489,PANEL-REAR ROOF CROSS MEMBER OUTER,C00131610-4100-0243,C00131610-4100,,https://shane.maxusvanparts.co.uk/wp-admin/post.php?post=105489&action=edit
105504,COVER-REAR DOOR UPPER LOCK,C00097986-3CAE,C00097986,,https://shane.maxusvanparts.co.uk/wp-admin/post.php?post=105504&action=edit
105509,PIPE ASSEMBLY-REAR BRK(CTR),C00038014-B9A6,C00038014,,https://shane.maxusvanparts.co.uk/wp-admin/post.php?post=105509&action=edit
105557,SEAT-INNER LOCK BUTTON,C00038059-F001-4DCD,C00038059-F001,,https://shane.maxusvanparts.co.uk/wp-admin/post.php?post=105557&action=edit
105606,WASHER-HIGH MOUNT STOP,C00004083-6400,C00004083,,https://shane.maxusvanparts.co.uk/wp-admin/post.php?post=105606&action=edit
105615,LOCKER ASSEMBLY-SLIDING DOOR LATCH,C00002529-95AF,C00002529,,https://shane.maxusvanparts.co.uk/wp-admin/post.php?post=105615&action=edit
105635,ROD-SLIDING DOOR INNER HANDLE,C00002538-6683,C00002538,,https://shane.maxusvanparts.co.uk/wp-admin/post.php?post=105635&action=edit
105648,SILL-PEDAL INNER,C00070620-4100-7248,C00070620-4100,,https://shane.maxusvanparts.co.uk/wp-admin/post.php?post=105648&action=edit
105691,PLATE-SILL INNER,C00070641-4100-EBAF,C00070641-4100,,https://shane.maxusvanparts.co.uk/wp-admin/post.php?post=105691&action=edit
105705,CABLE-REAR DOOR RELEASE,C00098293-A0E4,C00098293,,https://shane.maxusvanparts.co.uk/wp-admin/post.php?post=105705&action=edit
105733,PILLAR-REAR SIDE PANEL CENTRE INNER LOWER,C00004147-4100-31C9,C00004147-4100,,https://shane.maxusvanparts.co.uk/wp-admin/post.php?post=105733&action=edit
105755,REINFORCEMENT-BODY SIDE INNER MID SILL,C00070868-4100-77DF,C00070868-4100,,https://shane.maxusvanparts.co.uk/wp-admin/post.php?post=105755&action=edit
105791,"GUSSET-""B"" PILLAR LEFT HAND",C00004156-4100-A085,C00004156-4100,,https://shane.maxusvanparts.co.uk/wp-admin/post.php?post=105791&action=edit
105841,PANEL-D/PILLAR INNER LOWER,C00039672-4100-AA93,C00039672-4100,,https://shane.maxusvanparts.co.uk/wp-admin/post.php?post=105841&action=edit
105932,PANEL-REAR SIDE PANEL INNER,C00014351-4100-4722,C00014351-4100,,https://shane.maxusvanparts.co.uk/wp-admin/post.php?post=105932&action=edit
105963,NUT-REAR D/PILLAR COVER,C00012318-B41A,C00012318,,https://shane.maxusvanparts.co.uk/wp-admin/post.php?post=105963&action=edit
105973,PANEL-REAR SIDE PANEL INNER,C00014365-4100-1E0C,C00014365-4100,,https://shane.maxusvanparts.co.uk/wp-admin/post.php?post=105973&action=edit
105992,PANEL-REAR SIDE PANEL INNER,C00014367-4100-3C30,C00014367-4100,,https://shane.maxusvanparts.co.uk/wp-admin/post.php?post=105992&action=edit
106005,REINFORCEMENT-B/PILLAR UPPER,C00013272-4100-AB44,C00013272-4100,,https://shane.maxusvanparts.co.uk/wp-admin/post.php?post=106005&action=edit
106009,BOLT/SCREW-OUTER HANDLE REINFORCEMENT BRACKET,B00004667-F8D9,B00004667,,https://shane.maxusvanparts.co.uk/wp-admin/post.php?post=106009&action=edit
106012,BLOCK-REAR DOOR CHK(BODY),C00060632-9297,C00060632,,https://shane.maxusvanparts.co.uk/wp-admin/post.php?post=106012&action=edit
106024,PANEL-MID SIDE PANEL UPPER SUPPORT,C00013286-4100-34D4,C00013286-4100,,https://shane.maxusvanparts.co.uk/wp-admin/post.php?post=106024&action=edit
106029,SCREW-FRONT PASSENGER SEAT BELT EXPORT PLASTIC,C00014421-234B,C00014421,,https://shane.maxusvanparts.co.uk/wp-admin/post.php?post=106029&action=edit
106036,CHANNEL-SEAL D PILLAR,C00004265-4100-5F46,C00004265-4100,,https://shane.maxusvanparts.co.uk/wp-admin/post.php?post=106036&action=edit
106042,PANEL-SIDE DOOR ROCKER INNER,C00013287-4100-E49E,C00013287-4100,,https://shane.maxusvanparts.co.uk/wp-admin/post.php?post=106042&action=edit
106053,STRIKER ASSEMBLY-REAR DOOR UPPER,C00060673-D2D0,C00060673,,https://shane.maxusvanparts.co.uk/wp-admin/post.php?post=106053&action=edit
106055,"REINFORCEMENT-D PILLAR,OTR-RIGHT HAND",C00004267-4100-20F1,C00004267-4100,,https://shane.maxusvanparts.co.uk/wp-admin/post.php?post=106055&action=edit
106062,REINFORCEMENT-BODY SIDE INNER MID SILL,C00013288-4100-67FA,C00013288-4100,,https://shane.maxusvanparts.co.uk/wp-admin/post.php?post=106062&action=edit
106074,REINFORCEMENT-HINGE D PILLAR LOWER,C00004271-4100-C683,C00004271-4100,,https://shane.maxusvanparts.co.uk/wp-admin/post.php?post=106074&action=edit
106078,PLATE-RELEASE LOCK HANDLE INSTALL,C00060675-8E14,C00060675,,https://shane.maxusvanparts.co.uk/wp-admin/post.php?post=106078&action=edit
106083,PITMAN-SLIDING DOOR OUTER HANDLE,C00022555-9FEC,C00022555,,https://shane.maxusvanparts.co.uk/wp-admin/post.php?post=106083&action=edit
106085,PLATE-FRONT C PILLAR INNER,C00013290-4100-3A5B,C00013290-4100,,https://shane.maxusvanparts.co.uk/wp-admin/post.php?post=106085&action=edit
106094,COVER-REAR LAMP LEFT HAND,C00004276-4100-5274,C00004276-4100,,https://shane.maxusvanparts.co.uk/wp-admin/post.php?post=106094&action=edit
106097,SEAT-LOWER INSTALL,C00060693-3EF0,C00060693,,https://shane.maxusvanparts.co.uk/wp-admin/post.php?post=106097&action=edit
106105,PLATE-SIDE MEMBER INNER PANEL EXTENSION,C00013293-4100-B87D,C00013293-4100,,https://shane.maxusvanparts.co.uk/wp-admin/post.php?post=106105&action=edit
106116,STRIKER ASSEMBLY-REAR DOOR LOWER,C00060696-C1DC,C00060696,,https://shane.maxusvanparts.co.uk/wp-admin/post.php?post=106116&action=edit
106148,PANEL-REAR SIDE PANEL UPPER INNER,C00013313-4100-4CCD,C00013313-4100,,https://shane.maxusvanparts.co.uk/wp-admin/post.php?post=106148&action=edit
106174,BOLT/SCREW-SLIDING SIDE DOOR LOWER HINGE ASSEMBLY,B00004763-ED6B,B00004763,,https://shane.maxusvanparts.co.uk/wp-admin/post.php?post=106174&action=edit
106193,PANEL-REAR ROOF OUTER,C00001922-4100-7929,C00001922-4100,,https://shane.maxusvanparts.co.uk/wp-admin/post.php?post=106193&action=edit
106221,PANEL-B/PILLAR INNER,C00049429-4100-FAB8,C00049429-4100,,https://shane.maxusvanparts.co.uk/wp-admin/post.php?post=106221&action=edit
106243,PANEL-D/PILLAR UPPER INNER,C00049484-4100-5573,C00049484-4100,,https://shane.maxusvanparts.co.uk/wp-admin/post.php?post=106243&action=edit
106265,PANEL-REAR SIDE PANEL INNER,C00049501-4100-56B5,C00049501-4100,,https://shane.maxusvanparts.co.uk/wp-admin/post.php?post=106265&action=edit
106286,REINFORCEMENT-D/PILLAR SILL,C00049502-4100-7C1C,C00049502-4100,,https://shane.maxusvanparts.co.uk/wp-admin/post.php?post=106286&action=edit
106307,PANEL-D/PILLAR UPPER INNER,C00049549-4100-390C,C00049549-4100,,https://shane.maxusvanparts.co.uk/wp-admin/post.php?post=106307&action=edit
106310,PANEL-B/PILLAR INNER,C00062469-4100-7460,C00062469-4100,,https://shane.maxusvanparts.co.uk/wp-admin/post.php?post=106310&action=edit
106381,CABLE-REAR DOOR RELEASE,C00109863-470B,C00109863,,https://shane.maxusvanparts.co.uk/wp-admin/post.php?post=106381&action=edit
106386,PANEL-ROOF CROSS MEMBER CONNECTOR,C00004339-4100-4BC9,C00004339-4100,,https://shane.maxusvanparts.co.uk/wp-admin/post.php?post=106386&action=edit
106404,BOLT/SCREW-RELEASE LOCK HANDLE,B00005170-460B,B00005170,,https://shane.maxusvanparts.co.uk/wp-admin/post.php?post=106404&action=edit
106407,PANEL ASSEMBLY-QUARTER INNER LOWER,C00004342-4100-0008,C00004342-4100,,https://shane.maxusvanparts.co.uk/wp-admin/post.php?post=106407&action=edit
106427,PLATE-BODY CENTER PILLAR INNER,C00004343-4100-4D50,C00004343-4100,,https://shane.maxusvanparts.co.uk/wp-admin/post.php?post=106427&action=edit
106486,PANEL-REAR SIDE PANEL UPPER OUTER,C00052822-4100-F547,C00052822-4100,,https://shane.maxusvanparts.co.uk/wp-admin/post.php?post=106486&action=edit
106508,PANEL-REAR SIDE PANEL UPPER OUTER,C00052823-4100-9C92,C00052823-4100,,https://shane.maxusvanparts.co.uk/wp-admin/post.php?post=106508&action=edit
106512,BLOCK-ROOF INNER TRIM,C00023897-C8EC,C00023897,,https://shane.maxusvanparts.co.uk/wp-admin/post.php?post=106512&action=edit
106551,REINFORCEMENT-D/PILLAR UPPER INNER PANEL,C00177695-4100-EC37,C00177695-4100,,https://shane.maxusvanparts.co.uk/wp-admin/post.php?post=106551&action=edit
106574,REINFORCEMENT-D/PILLAR UPPER INNER PANEL,C00177696-4100-6A75,C00177696-4100,,https://shane.maxusvanparts.co.uk/wp-admin/post.php?post=106574&action=edit
106591,PANEL-REAR SIDE PANEL UPPER INNER,C00177711-4100-CABF,C00177711-4100,,https://shane.maxusvanparts.co.uk/wp-admin/post.php?post=106591&action=edit
106600,PANEL ASSEMBLY-QUARTER INNER LOWER,C00044720-4100-D5D7,C00044720-4100,,https://shane.maxusvanparts.co.uk/wp-admin/post.php?post=106600&action=edit
106608,PLATE-D/PILLAR UPPER OUTER,C00004481-4100-E6D5,C00004481-4100,,https://shane.maxusvanparts.co.uk/wp-admin/post.php?post=106608&action=edit
106621,PANEL ASSEMBLY-QUARTER INNER LOWER,C00044721-4100-D694,C00044721-4100,,https://shane.maxusvanparts.co.uk/wp-admin/post.php?post=106621&action=edit
106632,"PANEL-D PILLAR,UPPER",C00178204-4100-7D10,C00178204-4100,,https://shane.maxusvanparts.co.uk/wp-admin/post.php?post=106632&action=edit
106649,PANEL-ROOF CROSS MEMBER CONNECTOR,C00004499-4100-78EE,C00004499-4100,,https://shane.maxusvanparts.co.uk/wp-admin/post.php?post=106649&action=edit
106670,PANEL ASSEMBLY-QUARTER INNER LOWER,C00004509-4100-8365,C00004509-4100,,https://shane.maxusvanparts.co.uk/wp-admin/post.php?post=106670&action=edit
106695,SEAT ASSEMBLY-FRONT DOUBLE PASSENGER,C00086098-5E70,C00086098,,https://shane.maxusvanparts.co.uk/wp-admin/post.php?post=106695&action=edit
106706,NUT-REAR ROOF LAMP INSTALL BRACKET,C00045032-520B,C00045032,,https://shane.maxusvanparts.co.uk/wp-admin/post.php?post=106706&action=edit
106708,BOLT/SCREW-CONTACT REAR DOOR PIN,B00005382-E8B4,B00005382,,https://shane.maxusvanparts.co.uk/wp-admin/post.php?post=106708&action=edit
106712,PLATE-D/PILLAR UPPER OUTER,C00004552-4100-C19C,C00004552-4100,,https://shane.maxusvanparts.co.uk/wp-admin/post.php?post=106712&action=edit
106736,HOSE ASSEMBLY-FRONT SOLVENT,C00086200-6F07,C00086200,,https://shane.maxusvanparts.co.uk/wp-admin/post.php?post=106736&action=edit
106791,NUT-INNER RELEASE LOCK HANDLE ASSEMBLY,B00005452-681E,B00005452,,https://shane.maxusvanparts.co.uk/wp-admin/post.php?post=106791&action=edit
106796,PANEL C PILLAR  OUTER,C00004588-4100-05F2,C00004588-4100,,https://shane.maxusvanparts.co.uk/wp-admin/post.php?post=106796&action=edit
106797,PILLAR-REAR SIDE PANEL CENTRE INNER LOWER,C00003614-4100-EE4F,C00003614-4100,,https://shane.maxusvanparts.co.uk/wp-admin/post.php?post=106797&action=edit
106826,PROOFWATE FILM-REAR DOOR,C00024587-0BE4,C00024587,,https://shane.maxusvanparts.co.uk/wp-admin/post.php?post=106826&action=edit
106837,PANEL-MID SIDE PANEL UPPER OUTER,C00004599-4100-3E48,C00004599-4100,,https://shane.maxusvanparts.co.uk/wp-admin/post.php?post=106837&action=edit
106845,FILTER ASSEMBLY-PLENUM,C00024689-57D3,C00024689,,https://shane.maxusvanparts.co.uk/wp-admin/post.php?post=106845&action=edit
106878,PANEL-PILLAR C INNER PANEL LOWER REINFORCEMENT OUTER,C00004615-4100-28A4,C00004615-4100,,https://shane.maxusvanparts.co.uk/wp-admin/post.php?post=106878&action=edit
106895,PANEL-PILLAR C INNER PANEL LOWER REINFORCEMENT OUTER,C00046319-4100-9765,C00046319-4100,,https://shane.maxusvanparts.co.uk/wp-admin/post.php?post=106895&action=edit
106901,REINFORCEMENT-B/PILLAR UPPER,C00004618-4100-8429,C00004618-4100,,https://shane.maxusvanparts.co.uk/wp-admin/post.php?post=106901&action=edit
106906,PLATE-REAR ROOF CROSS MEMBER INNER,C00185445-4100-C5B2,C00185445-4100,,https://shane.maxusvanparts.co.uk/wp-admin/post.php?post=106906&action=edit
106915,PANEL ASSEMBLY-QUARTER INNER LOWER,C00046320-4100-E7AF,C00046320-4100,,https://shane.maxusvanparts.co.uk/wp-admin/post.php?post=106915&action=edit
106919,PANEL-A/PILLAR INNER,C00004620-4100-C47E,C00004620-4100,,https://shane.maxusvanparts.co.uk/wp-admin/post.php?post=106919&action=edit
106928,BOW-ROOF NO.1,C00185450-4100-C155,C00185450-4100,,https://shane.maxusvanparts.co.uk/wp-admin/post.php?post=106928&action=edit
106936,PANEL-REAR SIDE PANEL UPPER INNER,C00046331-4100-88A8,C00046331-4100,,https://shane.maxusvanparts.co.uk/wp-admin/post.php?post=106936&action=edit
106942,BARRIER-REAR DOOR LOCK,C00006676-0774,C00006676,,https://shane.maxusvanparts.co.uk/wp-admin/post.php?post=106942&action=edit
106953,BOW-ROOF NO.2,C00185454-4100-F9B4,C00185454-4100,,https://shane.maxusvanparts.co.uk/wp-admin/post.php?post=106953&action=edit
106957,PLATE-BODY SIDE MID,C00046336-4100-A923,C00046336-4100,,https://shane.maxusvanparts.co.uk/wp-admin/post.php?post=106957&action=edit
106960,REINFORCEMETN-REAR SIDE INNER PANEL,C00004622-4100-380E,C00004622-4100,,https://shane.maxusvanparts.co.uk/wp-admin/post.php?post=106960&action=edit
106979,CLIP-SLIDING DOOR AUXILIARY LOCK CABLE ASN,C00004645-D871,C00004645,,https://shane.maxusvanparts.co.uk/wp-admin/post.php?post=106979&action=edit
107073,BRACKET-REAR ROOF LAMP INSTALL,C00025632-4100-2B28,C00025632-4100,,https://shane.maxusvanparts.co.uk/wp-admin/post.php?post=107073&action=edit
107076,BULB-FRONT LOW HEADLAMP,C00089281-99C9,C00089281,,https://shane.maxusvanparts.co.uk/wp-admin/post.php?post=107076&action=edit
107083,PANEL-REAR FLOOR FRONT,C00067242-4100-2D82,C00067242-4100,,https://shane.maxusvanparts.co.uk/wp-admin/post.php?post=107083&action=edit
107091,HANDLE-REAR DOOR OUTSIDE,C00002303-ED25,C00002303,,https://shane.maxusvanparts.co.uk/wp-admin/post.php?post=107091&action=edit
107105,PANEL ASSEMBLY-QUARTER INNER LOWER,C00004930-4100-D537,C00004930-4100,,https://shane.maxusvanparts.co.uk/wp-admin/post.php?post=107105&action=edit
107110,HANDLE-SLIDING DOOR UPPER,C00002304-AFED,C00002304,,https://shane.maxusvanparts.co.uk/wp-admin/post.php?post=107110&action=edit
107125,PANEL-REAR FLOOR CENTER/CENTRE,C00067244-4100-2CE4,C00067244-4100,,https://shane.maxusvanparts.co.uk/wp-admin/post.php?post=107125&action=edit
107126,PLATE-BODY CENTER PILLAR INNER,C00004938-4100-17C1,C00004938-4100,,https://shane.maxusvanparts.co.uk/wp-admin/post.php?post=107126&action=edit
107147,PANEL-A/PILLAR INNER,C00004946-4100-2A35,C00004946-4100,,https://shane.maxusvanparts.co.uk/wp-admin/post.php?post=107147&action=edit
107149,BOW-ROOF NO.2,C00006880-4100-0F65,C00006880-4100,,https://shane.maxusvanparts.co.uk/wp-admin/post.php?post=107149&action=edit
107159,PANEL-BODY SIDE MID UPPER,C00090796-4100-2AEF,C00090796-4100,,https://shane.maxusvanparts.co.uk/wp-admin/post.php?post=107159&action=edit
107166,PANEL-REAR FLOOR REAR,C00067246-4100-1A5B,C00067246-4100,,https://shane.maxusvanparts.co.uk/wp-admin/post.php?post=107166&action=edit
107171,PAD-PLD SIDE PANEL STIFFENER,C00056236-7B8B,C00056236,,https://shane.maxusvanparts.co.uk/wp-admin/post.php?post=107171&action=edit
107173,REFORCEMENT-MID SIDE PANEL OUTER UPPER,C00015726-4100-D086,C00015726-4100,,https://shane.maxusvanparts.co.uk/wp-admin/post.php?post=107173&action=edit
107198,REINFORCEMENT-LONGITUDINAL JOINT UPPER,C00005020-4100-E338,C00005020-4100,,https://shane.maxusvanparts.co.uk/wp-admin/post.php?post=107198&action=edit
107217,SENSOR-PARKING/PARK AID,C00000512-A001-D768,C00000512-A001,,https://shane.maxusvanparts.co.uk/wp-admin/post.php?post=107217&action=edit
107233,PLASTIC-WEBBING OUTLET,C00016221-EE85,C00016221,,https://shane.maxusvanparts.co.uk/wp-admin/post.php?post=107233&action=edit
107239,REINFORCEMENT-REAR FLOOR PANEL,C00005023-4100-FDE4,C00005023-4100,,https://shane.maxusvanparts.co.uk/wp-admin/post.php?post=107239&action=edit
107258,PLATE-BODY CENTER PILLAR INNER,C00015775-4100-88D2,C00015775-4100,,https://shane.maxusvanparts.co.uk/wp-admin/post.php?post=107258&action=edit
107262,"PANEL-B PILLAR,CLSG,UPR",C00093779-4100-7B18,C00093779-4100,,https://shane.maxusvanparts.co.uk/wp-admin/post.php?post=107262&action=edit
107277,PANEL-REAR ROOF CROSS MEMBER OUTER,C00007033-4100-4083,C00007033-4100,,https://shane.maxusvanparts.co.uk/wp-admin/post.php?post=107277&action=edit
107279,PLATE-BODY CENTER PILLAR INNER,C00015776-4100-217F,C00015776-4100,,https://shane.maxusvanparts.co.uk/wp-admin/post.php?post=107279&action=edit
107281,REINFORCEMENT-REAR FLOOR PANEL,C00005024-4100-032D,C00005024-4100,,https://shane.maxusvanparts.co.uk/wp-admin/post.php?post=107281&action=edit
107288,PANEL-FRONT SIDE PANEL UPPER OUTER,C00068825-4100-A086,C00068825-4100,,https://shane.maxusvanparts.co.uk/wp-admin/post.php?post=107288&action=edit
107292,REINFORCEMENT-D PILLAR LOWER SILL,C00027588-4100-59FA,C00027588-4100,,https://shane.maxusvanparts.co.uk/wp-admin/post.php?post=107292&action=edit
107299,BOW-ROOF NO.1,C00007034-4100-6CCB,C00007034-4100,,https://shane.maxusvanparts.co.uk/wp-admin/post.php?post=107299&action=edit
107300,FINISHER-SLIDING SIDE FLOOR CVR(FRT),C00015859-F006-0E29,C00015859-F006,,https://shane.maxusvanparts.co.uk/wp-admin/post.php?post=107300&action=edit
107319,PANEL ASSEMBLY-UPPER BULKHEAD EXTENSION,C00016270-4100-C7B8,C00016270-4100,,https://shane.maxusvanparts.co.uk/wp-admin/post.php?post=107319&action=edit
107321,NUT-DOOR CONTACT SWITCH,C00001200-F274,C00001200,,https://shane.maxusvanparts.co.uk/wp-admin/post.php?post=107321&action=edit
107322,FINISHER-SLIDING SIDE FLOOR CVR(RR),C00015863-F006-FAE4,C00015863-F006,,https://shane.maxusvanparts.co.uk/wp-admin/post.php?post=107322&action=edit
107323,WHEELHOUSE-REAR INNER,C00005025-4100-20BF,C00005025-4100,,https://shane.maxusvanparts.co.uk/wp-admin/post.php?post=107323&action=edit
107333,HARNESS-LEFT HAND SIDE ROOF,C00120869-341D,C00120869,,https://shane.maxusvanparts.co.uk/wp-admin/post.php?post=107333&action=edit
107339,DRYER ASSEMBLY-RECEIVER,C00104553-A492,C00104553,,https://shane.maxusvanparts.co.uk/wp-admin/post.php?post=107339&action=edit
107343,BARRIER-ROOF RESERVE,C00015960-A004-4386,C00015960-A004,,https://shane.maxusvanparts.co.uk/wp-admin/post.php?post=107343&action=edit
107346,PANEL ASSEMBLY-SLIDING SIDE DOOR UPPER CHECK MOUNT  INSTALL,C00004015-4100-48A1,C00004015-4100,,https://shane.maxusvanparts.co.uk/wp-admin/post.php?post=107346&action=edit
107365,WHEELHOUSE-REAR INNER,C00005026-4100-DBFC,C00005026-4100,,https://shane.maxusvanparts.co.uk/wp-admin/post.php?post=107365&action=edit
107366,BARRIER-ROOF RESERVE,C00015961-A004-F43E,C00015961-A004,,https://shane.maxusvanparts.co.uk/wp-admin/post.php?post=107366&action=edit
107382,STEP ASSEMBLY-SLIDING SIDE DOOR,C00034282-F006-91AE,C00034282-F006,,https://shane.maxusvanparts.co.uk/wp-admin/post.php?post=107382&action=edit
107394,HARNESS-RIGHT HAND SIDE ROOF,C00121331-57C3,C00121331,,https://shane.maxusvanparts.co.uk/wp-admin/post.php?post=107394&action=edit
107405,PLATE-D/PILLAR LOWER SILL INNER,C00005027-4100-E24E,C00005027-4100,,https://shane.maxusvanparts.co.uk/wp-admin/post.php?post=107405&action=edit
107414,BRACKET-PARKING/PARK AID ELECTRONIC CONTROL UNIT,C00013600-FC2B,C00013600,,https://shane.maxusvanparts.co.uk/wp-admin/post.php?post=107414&action=edit
107425,REFORCEMENT-D/PILLAR UPPER CONNECTOR,C00016611-4100-5279,C00016611-4100,,https://shane.maxusvanparts.co.uk/wp-admin/post.php?post=107425&action=edit
107428,"REINFORCEMENT-D PILLAR,OTR-RIGHT HAND",C00004038-4100-993D,C00004038-4100,,https://shane.maxusvanparts.co.uk/wp-admin/post.php?post=107428&action=edit
107440,ROD ASN-SLIDING DOOR REAR LOCK,C00027863-50FF,C00027863,,https://shane.maxusvanparts.co.uk/wp-admin/post.php?post=107440&action=edit
107444,PLATE-D/PILLAR LOWER SILL INNER,C00005028-4100-A96D,C00005028-4100,,https://shane.maxusvanparts.co.uk/wp-admin/post.php?post=107444&action=edit
107464,REFORCEMENT-D/PILLAR UPPER CONNECTOR,C00016612-4100-13B5,C00016612-4100,,https://shane.maxusvanparts.co.uk/wp-admin/post.php?post=107464&action=edit
107467,REINFORCEMENT-HINGE D PILLAR LOWER,C00004043-4100-4B8A,C00004043-4100,,https://shane.maxusvanparts.co.uk/wp-admin/post.php?post=107467&action=edit
107490,COVER-REAR LAMP LEFT HAND,C00004048-4100-5DE5,C00004048-4100,,https://shane.maxusvanparts.co.uk/wp-admin/post.php?post=107490&action=edit
107514,"GUSSET-""B"" PILLAR LEFT HAND",C00004060-4100-39E0,C00004060-4100,,https://shane.maxusvanparts.co.uk/wp-admin/post.php?post=107514&action=edit
107595,BOX ASSEMBLY-GLOVE,C00160150-A008-2445,C00160150-A008,,https://shane.maxusvanparts.co.uk/wp-admin/post.php?post=107595&action=edit
107607,REAR AXLE ASSEMBLY,C00042259-B-04D9,C00042259-B,,https://shane.maxusvanparts.co.uk/wp-admin/post.php?post=107607&action=edit
107611,BEARING NEEDLE ROLLER-FIFTH SPEED,C00024843-D635,C00024843,,https://shane.maxusvanparts.co.uk/wp-admin/post.php?post=107611&action=edit
107613,TRACK-DRIVER SEAT,C00275280-F025,C00275280,,https://shane.maxusvanparts.co.uk/wp-admin/post.php?post=107613&action=edit
107618,BOLT-DRIVER SEAT TRACK,C00275285-411A,C00275285,,https://shane.maxusvanparts.co.uk/wp-admin/post.php?post=107618&action=edit
107619,STOPPER-SYNCHRO KEY,C00024844-4A66,C00024844,,https://shane.maxusvanparts.co.uk/wp-admin/post.php?post=107619&action=edit
107628,SNAP RING-TRANSMISSION,C00024845-89EA,C00024845,,https://shane.maxusvanparts.co.uk/wp-admin/post.php?post=107628&action=edit
107637,SLEEVE-SYNCHRONIZER (REV),C00024849-A9D9,C00024849,,https://shane.maxusvanparts.co.uk/wp-admin/post.php?post=107637&action=edit
107658,GEAR ASSEMBLY-RVS DRIVEN,C00024851-CE16,C00024851,,https://shane.maxusvanparts.co.uk/wp-admin/post.php?post=107658&action=edit
107670,BEARING NEEDLE ROLLER-RVS,C00024852-D260,C00024852,,https://shane.maxusvanparts.co.uk/wp-admin/post.php?post=107670&action=edit
107672,PANEL-DRIVER SEAT SIDE,C00313992-F931,C00313992,,https://shane.maxusvanparts.co.uk/wp-admin/post.php?post=107672&action=edit
107684,SHAFT OUTPUT-SECOND,C00024853-CEB2,C00024853,,https://shane.maxusvanparts.co.uk/wp-admin/post.php?post=107684&action=edit
107686,GUARD-DRIVER SEAT,C00313993-EBC7,C00313993,,https://shane.maxusvanparts.co.uk/wp-admin/post.php?post=107686&action=edit
107688,HUB-SYN(REV),C00033803-619C,C00033803,,https://shane.maxusvanparts.co.uk/wp-admin/post.php?post=107688&action=edit
107701,SPACER-OUTPUT BEARING,C00024854-4524,C00024854,,https://shane.maxusvanparts.co.uk/wp-admin/post.php?post=107701&action=edit
107702,HANDLE-DRIVER SEAT RECLINER,C00313994-7484,C00313994,,https://shane.maxusvanparts.co.uk/wp-admin/post.php?post=107702&action=edit
107719,HANDLE-DRIVER SEAT TILT RUG,C00313998-7EBD,C00313998,,https://shane.maxusvanparts.co.uk/wp-admin/post.php?post=107719&action=edit
107737,HANDLE-DRIVER SEAT HEIGHTADJUSTMENT,C00314001-CBFB,C00314001,,https://shane.maxusvanparts.co.uk/wp-admin/post.php?post=107737&action=edit
107748,SWITCH ASSEMBLY-ESP OFF,C00050612-D1AB,C00050612,,https://shane.maxusvanparts.co.uk/wp-admin/post.php?post=107748&action=edit
107755,BASE ASSEMBLY-DRIVER SEAT,C00314002-A320,C00314002,,https://shane.maxusvanparts.co.uk/wp-admin/post.php?post=107755&action=edit
107770,PIPE ASSEMBLY-REAR BRK(CTR),C00023507-D817,C00023507,,https://shane.maxusvanparts.co.uk/wp-admin/post.php?post=107770&action=edit
107791,SWITCH ASSEMBLY-CENTRAL LOCKING,C00050614-DBB1,C00050614,,https://shane.maxusvanparts.co.uk/wp-admin/post.php?post=107791&action=edit
107815,SECTION-FRONT HEATER CYLINDER,C00023548-7402,C00023548,,https://shane.maxusvanparts.co.uk/wp-admin/post.php?post=107815&action=edit
107824,BRACKET-ENGINE MOUNTING,C00003911-4100-86E6,C00003911-4100,,https://shane.maxusvanparts.co.uk/wp-admin/post.php?post=107824&action=edit
107859,BRACKET-ENGINE DRIVESHAFT,C00044098-0D20,C00044098,,https://shane.maxusvanparts.co.uk/wp-admin/post.php?post=107859&action=edit
107894,PLATE ASSEMBLY-CONSOLE LOWER TRIM,C00006169-A015-DDEB,C00006169-A015,,https://shane.maxusvanparts.co.uk/wp-admin/post.php?post=107894&action=edit
107896,RADIO+MP3,C00050890-A022-1D6F,C00050890-A022,,https://shane.maxusvanparts.co.uk/wp-admin/post.php?post=107896&action=edit
107938,COVER ASSEMBLY-INSTRUMENT PANEL SIDE UPPER COVER,C00006172-A006-FC36,C00006172-A006,,https://shane.maxusvanparts.co.uk/wp-admin/post.php?post=107938&action=edit
107982,BOLT-TRANSMISSION INTERLOCK,C00024931-8AF6,C00024931,,https://shane.maxusvanparts.co.uk/wp-admin/post.php?post=107982&action=edit
107991,HEADREST-DRIVER SEAT,C00028779-5B71,C00028779,,https://shane.maxusvanparts.co.uk/wp-admin/post.php?post=107991&action=edit
107999,COVER ASSEMBLY-FUSE BOX,C00006179-A006-CB2C,C00006179-A006,,https://shane.maxusvanparts.co.uk/wp-admin/post.php?post=107999&action=edit
108011,SHIELD-DRIVER SEAT PLASTIC,C00028780-B7EA,C00028780,,https://shane.maxusvanparts.co.uk/wp-admin/post.php?post=108011&action=edit
108020,PANEL ASSEMBLY-FRONT SIDE DOOR INNER TRIM,C00002140-A006-2D44,C00002140-A006,,https://shane.maxusvanparts.co.uk/wp-admin/post.php?post=108020&action=edit
108033,SHIELD-DRIVER SEAT PLASTIC,C00028781-678E,C00028781,,https://shane.maxusvanparts.co.uk/wp-admin/post.php?post=108033&action=edit
108038,GUARD ASSEMBLY-INSTRUMENT PANEL DRIVER SIDE LOWER,C00006221-A006-A57D,C00006221-A006,,https://shane.maxusvanparts.co.uk/wp-admin/post.php?post=108038&action=edit
108042,SCREW-AIR INLET TEMPERATURE/PRESSURE SENSOR,C00016195-EC43,C00016195,,https://shane.maxusvanparts.co.uk/wp-admin/post.php?post=108042&action=edit
108057,HANDLE-DRIVER SEAT TILT RUG,C00028782-88F8,C00028782,,https://shane.maxusvanparts.co.uk/wp-admin/post.php?post=108057&action=edit
108063,HARNESS-RIGHT HAND SIDE ROOF,C00024989-9621,C00024989,,https://shane.maxusvanparts.co.uk/wp-admin/post.php?post=108063&action=edit
108074,HANDLE-DRIVER SEAT TILT RUG,C00028783-CE23,C00028783,,https://shane.maxusvanparts.co.uk/wp-admin/post.php?post=108074&action=edit
108084,OUTLET ASSEMBLY-INSTRUMENT PANEL LEFT HAND,C00003024-055D,C00003024,,https://shane.maxusvanparts.co.uk/wp-admin/post.php?post=108084&action=edit
108094,KIT-DRIVER SEAT TRACK&amp;TILT RUG,C00028784-37DE,C00028784,,https://shane.maxusvanparts.co.uk/wp-admin/post.php?post=108094&action=edit
108101,BOX-FRONT SIDE DOOR RESERVE,C00002166-A006-71CD,C00002166-A006,,https://shane.maxusvanparts.co.uk/wp-admin/post.php?post=108101&action=edit
108103,HANDLE-DRIVER SEAT RECLINER,C00016220-28B9,C00016220,,https://shane.maxusvanparts.co.uk/wp-admin/post.php?post=108103&action=edit
108125,BOLT-REVERSE IDLER,C00025167-3F92,C00025167,,https://shane.maxusvanparts.co.uk/wp-admin/post.php?post=108125&action=edit
108143,BOX-FRONT SIDE DOOR RESERVE,C00002166-D003-5F10,C00002166-D003,,https://shane.maxusvanparts.co.uk/wp-admin/post.php?post=108143&action=edit
108146,GASKET-REVERSE IDLER BOLT,C00025169-E36B,C00025169,,https://shane.maxusvanparts.co.uk/wp-admin/post.php?post=108146&action=edit
108162,OUTLET ASSEMBLY-INSTRUMENT PANEL RIGHT HAND,C00003035-8CAE,C00003035,,https://shane.maxusvanparts.co.uk/wp-admin/post.php?post=108162&action=edit
108165,WASHER-DIFFERENTIAL BEARING ADJUST,C00025170-4530,C00025170,,https://shane.maxusvanparts.co.uk/wp-admin/post.php?post=108165&action=edit
108196,GROMMET-AIR CONDITIONING TUBE INSTALL,C00024192-AD85,C00024192,,https://shane.maxusvanparts.co.uk/wp-admin/post.php?post=108196&action=edit
108206,CROSSMEMBER-B/PILLAR LOWER,C00004197-4100-7AFA,C00004197-4100,,https://shane.maxusvanparts.co.uk/wp-admin/post.php?post=108206&action=edit
108226,CAP-FRONT SIDE DOOR TRIM PANEL BOLT,C00025879-A009-2725,C00025879-A009,,https://shane.maxusvanparts.co.uk/wp-admin/post.php?post=108226&action=edit
108231,CLIP-CHASSIS?HARNESS,C00029214-4305,C00029214,,https://shane.maxusvanparts.co.uk/wp-admin/post.php?post=108231&action=edit
108247,HARNESS ASSEMBLY-INSTRUMENT PANEL WIRING,C00053693-008C,C00053693,,https://shane.maxusvanparts.co.uk/wp-admin/post.php?post=108247&action=edit
108268,HANDLE ASSEMBLY-FRONT SIDE DOOR OUTER,C00053954-F005-28E9,C00053954-F005,,https://shane.maxusvanparts.co.uk/wp-admin/post.php?post=108268&action=edit
108283,BULB-LICENSE LAMP,C00026549-BACC,C00026549,,https://shane.maxusvanparts.co.uk/wp-admin/post.php?post=108283&action=edit
108287,HEADREST-FRONT PASSENGER SEAT,C00016352-5D96,C00016352,,https://shane.maxusvanparts.co.uk/wp-admin/post.php?post=108287&action=edit
108294,SEAT ASSEMBLY-FRONT DOUBLE PASSENGER,C00024562-70B0,C00024562,,https://shane.maxusvanparts.co.uk/wp-admin/post.php?post=108294&action=edit
108313,PLATE-A/PILLAR LOWER TRIM,C00000625-A006-366C,C00000625-A006,,https://shane.maxusvanparts.co.uk/wp-admin/post.php?post=108313&action=edit
108333,PLATE-A/PILLAR LOWER TRIM,C00000626-A006-BADC,C00000626-A006,,https://shane.maxusvanparts.co.uk/wp-admin/post.php?post=108333&action=edit
108335,HOSE ASSEMBLY-FRONT SOLVENT,C00006651-7CF9,C00006651,,https://shane.maxusvanparts.co.uk/wp-admin/post.php?post=108335&action=edit
108353,PLATE ASSEMBLY-A/PILLAR UPPER TRIM,C00000629-A005-AC26,C00000629-A005,,https://shane.maxusvanparts.co.uk/wp-admin/post.php?post=108353&action=edit
108375,SHROUD -CSC PIPE,C00024704-2990,C00024704,,https://shane.maxusvanparts.co.uk/wp-admin/post.php?post=108375&action=edit
108383,BOLT/SCREW-TAIL LAMP,C00026551-DB31,C00026551,,https://shane.maxusvanparts.co.uk/wp-admin/post.php?post=108383&action=edit
108392,PANEL ASSEMBLY-F LONGITUDINAL INNER,C00035258-4100-F3C1,C00035258-4100,,https://shane.maxusvanparts.co.uk/wp-admin/post.php?post=108392&action=edit
108395,HOUSING -CLUTCH,C00024705-CC0F,C00024705,,https://shane.maxusvanparts.co.uk/wp-admin/post.php?post=108395&action=edit
108401,BULB-POSITION LAMP,C00026554-73C4,C00026554,,https://shane.maxusvanparts.co.uk/wp-admin/post.php?post=108401&action=edit
108414,GUTTER-OIL,C00024706-4A31,C00024706,,https://shane.maxusvanparts.co.uk/wp-admin/post.php?post=108414&action=edit
108434,GUTTER-OIL,C00024707-E744,C00024707,,https://shane.maxusvanparts.co.uk/wp-admin/post.php?post=108434&action=edit
108453,BEARING-LINEAR BALL,C00024708-D575,C00024708,,https://shane.maxusvanparts.co.uk/wp-admin/post.php?post=108453&action=edit
108503,AIR OUTLET-INSTRUMENT PANEL LEFT HAND CENTER/CENTRE,C00003066-4E38,C00003066,,https://shane.maxusvanparts.co.uk/wp-admin/post.php?post=108503&action=edit
108507,PIPE-FRONT BRAKE,C00030671-8D5F,C00030671,,https://shane.maxusvanparts.co.uk/wp-admin/post.php?post=108507&action=edit
108513,BUSHING-TRANS(AS),C00024712-B182,C00024712,,https://shane.maxusvanparts.co.uk/wp-admin/post.php?post=108513&action=edit
108529,PIPE-FRONT BRAKE,C00030672-F1CF,C00030672,,https://shane.maxusvanparts.co.uk/wp-admin/post.php?post=108529&action=edit
108548,PIPE ASSEMBLY-REAR BRK(FRT),C00030673-2039,C00030673,,https://shane.maxusvanparts.co.uk/wp-admin/post.php?post=108548&action=edit
108551,BRACKET-ENGINE DRIVESHAFT,C00057215-C35F,C00057215,,https://shane.maxusvanparts.co.uk/wp-admin/post.php?post=108551&action=edit
108567,MAGNET-TRANSMISSION,C00024718-D203,C00024718,,https://shane.maxusvanparts.co.uk/wp-admin/post.php?post=108567&action=edit
108580,RUN-FRONT SIDE DOOR WINDOW,C00002294-CB94,C00002294,,https://shane.maxusvanparts.co.uk/wp-admin/post.php?post=108580&action=edit
108601,RUN-FRONT SIDE DOOR WINDOW,C00002295-FE2A,C00002295,,https://shane.maxusvanparts.co.uk/wp-admin/post.php?post=108601&action=edit
108633,BRACKET-PRESSURE SENSOR,C00030710-23E4,C00030710,,https://shane.maxusvanparts.co.uk/wp-admin/post.php?post=108633&action=edit
108653,BEARING-BALL,C00024724-8FDA,C00024724,,https://shane.maxusvanparts.co.uk/wp-admin/post.php?post=108653&action=edit
108693,GEAR-FIFTH SPEED INPUT,C00024726-3E7F,C00024726,,https://shane.maxusvanparts.co.uk/wp-admin/post.php?post=108693&action=edit
108708,GEAR-3TH SPEED INPUT,C00024727-0B90,C00024727,,https://shane.maxusvanparts.co.uk/wp-admin/post.php?post=108708&action=edit
108720,PLUG-DASH PANEL ASSEMBLY RUBBER,C00009222-8DAE,C00009222,,https://shane.maxusvanparts.co.uk/wp-admin/post.php?post=108720&action=edit
108725,GEAR-FOURTH SPEED INPUT,C00024728-03E5,C00024728,,https://shane.maxusvanparts.co.uk/wp-admin/post.php?post=108725&action=edit
108727,HOSE-TUBRO TO INTERCOOLER,C00030755-37C4,C00030755,,https://shane.maxusvanparts.co.uk/wp-admin/post.php?post=108727&action=edit
108744,BEARING-BALL,C00024729-BA08,C00024729,,https://shane.maxusvanparts.co.uk/wp-admin/post.php?post=108744&action=edit
108811,HOSE-PLENUM DRAIN,C00009339-7CFA,C00009339,,https://shane.maxusvanparts.co.uk/wp-admin/post.php?post=108811&action=edit
108840,FILTER ASSEMBLY-FUEL,C00038107-5716,C00038107,,https://shane.maxusvanparts.co.uk/wp-admin/post.php?post=108840&action=edit
108876,PIPE ASSEMBLY-MOD TO EXHAUST GAS RECIRCULATION,C00001490-EE65,C00001490,,https://shane.maxusvanparts.co.uk/wp-admin/post.php?post=108876&action=edit
108877,SNAP RING-TRANSMISSION,C00024750-2D3F,C00024750,,https://shane.maxusvanparts.co.uk/wp-admin/post.php?post=108877&action=edit
108897,SNAP RING-TRANSMISSION,C00024751-2096,C00024751,,https://shane.maxusvanparts.co.uk/wp-admin/post.php?post=108897&action=edit
108903,BRACKET-RADIATOR UPPER INSTALL,C00002426-0349,C00002426,,https://shane.maxusvanparts.co.uk/wp-admin/post.php?post=108903&action=edit
108922,SNAP RING-TRANSMISSION,C00024752-A1AE,C00024752,,https://shane.maxusvanparts.co.uk/wp-admin/post.php?post=108922&action=edit
108930,HANDLE-PILLAR PULL,C00011292-A026-3777,C00011292-A026,,https://shane.maxusvanparts.co.uk/wp-admin/post.php?post=108930&action=edit
108935,PIPE ASSEMBLY-MOD TO THROTTLE,C00001497-AF69,C00001497,,https://shane.maxusvanparts.co.uk/wp-admin/post.php?post=108935&action=edit
108939,BEARING-BALL,C00024757-A86C,C00024757,,https://shane.maxusvanparts.co.uk/wp-admin/post.php?post=108939&action=edit
108945,COVER ASSEMBLY-FRONT SIDE DOOR DEFROSTER DUCT,C00003327-A006-1200,C00003327-A006,,https://shane.maxusvanparts.co.uk/wp-admin/post.php?post=108945&action=edit
108960,WASHER-SYNCHRONIZER GEAR,C00024758-C20E,C00024758,,https://shane.maxusvanparts.co.uk/wp-admin/post.php?post=108960&action=edit
108979,BEARING-NEEDLE ROLLER (4TH),C00024759-BEE4,C00024759,,https://shane.maxusvanparts.co.uk/wp-admin/post.php?post=108979&action=edit
108987,COVER ASSEMBLY-FRONT SIDE DOOR DEFROSTER DUCT,C00003330-A006-9FC2,C00003330-A006,,https://shane.maxusvanparts.co.uk/wp-admin/post.php?post=108987&action=edit
108999,GEAR-ASSY FOURTH SPEED,C00024760-0AB6,C00024760,,https://shane.maxusvanparts.co.uk/wp-admin/post.php?post=108999&action=edit
109000,BASE-D/SEAT(RECLINING 8),C00032096-169C,C00032096,,https://shane.maxusvanparts.co.uk/wp-admin/post.php?post=109000&action=edit
109020,SENDER UNIT - FUEL,C00002472-FAA2,C00002472,,https://shane.maxusvanparts.co.uk/wp-admin/post.php?post=109020&action=edit
109022,PANEL-REAR END,C00023133-4100-26D6,C00023133-4100,,https://shane.maxusvanparts.co.uk/wp-admin/post.php?post=109022&action=edit
109038,SNAP RING-TRANSMISSION,C00024762-7CB0,C00024762,,https://shane.maxusvanparts.co.uk/wp-admin/post.php?post=109038&action=edit
109060,SNAP RING-TRANSMISSION,C00024763-ED18,C00024763,,https://shane.maxusvanparts.co.uk/wp-admin/post.php?post=109060&action=edit
109083,HUB-SYNCHRO (3&amp;4),C00024765-E000,C00024765,,https://shane.maxusvanparts.co.uk/wp-admin/post.php?post=109083&action=edit
109084,EXTENSION-REAR RAIL,C00023164-4100-A7F0,C00023164-4100,,https://shane.maxusvanparts.co.uk/wp-admin/post.php?post=109084&action=edit
109103,SLEEVE-SYNCHRO (3&amp;4),C00024766-C679,C00024766,,https://shane.maxusvanparts.co.uk/wp-admin/post.php?post=109103&action=edit
109104,BULB-FRONT LOW HEADLAMP,C00013589-BF25,C00013589,,https://shane.maxusvanparts.co.uk/wp-admin/post.php?post=109104&action=edit
109105,PANEL-FRONT ROOF OUTER,C00023166-4100-C1FA,C00023166-4100,,https://shane.maxusvanparts.co.uk/wp-admin/post.php?post=109105&action=edit
109118,ADAPTOR-EXHAUST GAS RECIRCULATION WATER HOSE,C00046494-4B0E,C00046494,,https://shane.maxusvanparts.co.uk/wp-admin/post.php?post=109118&action=edit
109127,DEADENER-DASH PANEL,C00011612-03EF,C00011612,,https://shane.maxusvanparts.co.uk/wp-admin/post.php?post=109127&action=edit
109135,INSULATION-DASH PANEL INSULATION(COMPT),C00067202-4267,C00067202,,https://shane.maxusvanparts.co.uk/wp-admin/post.php?post=109135&action=edit
109137,GEAR-THIRD SPEED,C00024768-CE26,C00024768,,https://shane.maxusvanparts.co.uk/wp-admin/post.php?post=109137&action=edit
109144,BOLT-HORN SWITCH HARNESS ANCHOR,C00032471-8079,C00032471,,https://shane.maxusvanparts.co.uk/wp-admin/post.php?post=109144&action=edit
109158,BEARING-NEEDLE ROLLER (3RD),C00024769-DFE8,C00024769,,https://shane.maxusvanparts.co.uk/wp-admin/post.php?post=109158&action=edit
109165,PLATE-REAR ROOF CROSS MEMBER INNER,C00023189-4100-7844,C00023189-4100,,https://shane.maxusvanparts.co.uk/wp-admin/post.php?post=109165&action=edit
109179,BEARING-NEEDLE ROLLER (2RD),C00024770-56F2,C00024770,,https://shane.maxusvanparts.co.uk/wp-admin/post.php?post=109179&action=edit
109184,PANEL-FRONT SIDE PANEL UPPER OUTER,C00023190-4100-5591,C00023190-4100,,https://shane.maxusvanparts.co.uk/wp-admin/post.php?post=109184&action=edit
109192,SCREW-FRONT SIDE DOOR RESERVE BOX,B00004109-89EC,B00004109,,https://shane.maxusvanparts.co.uk/wp-admin/post.php?post=109192&action=edit
109199,GEAR-SECOND SPEED,C00024771-B451,C00024771,,https://shane.maxusvanparts.co.uk/wp-admin/post.php?post=109199&action=edit
109208,LINER-SLD COTTON,C00003526-23A7,C00003526,,https://shane.maxusvanparts.co.uk/wp-admin/post.php?post=109208&action=edit
109222,CLAMP-TURBINE TO INTERCOOLER,B00004728-3294,B00004728,,https://shane.maxusvanparts.co.uk/wp-admin/post.php?post=109222&action=edit
109224,REAR  LONGITUDINAL,C00023194-4100-DADB,C00023194-4100,,https://shane.maxusvanparts.co.uk/wp-admin/post.php?post=109224&action=edit
109228,LINER-SLD COTTON,C00003527-4384,C00003527,,https://shane.maxusvanparts.co.uk/wp-admin/post.php?post=109228&action=edit
109242,COVER-CENTER/CENTRE CONSOLE SMALL SWITCH,C00024775-6E93,C00024775,,https://shane.maxusvanparts.co.uk/wp-admin/post.php?post=109242&action=edit
109244,SUPPORT-ROOF S/I,C00023196-4100-A97A,C00023196-4100,,https://shane.maxusvanparts.co.uk/wp-admin/post.php?post=109244&action=edit
109262,TUBE ASSEMBLY-OIL RETURN TUBE INNER,C00002553-B27C,C00002553,,https://shane.maxusvanparts.co.uk/wp-admin/post.php?post=109262&action=edit
109264,SNAP RING-TRANSMISSION,C00024790-9B65,C00024790,,https://shane.maxusvanparts.co.uk/wp-admin/post.php?post=109264&action=edit
109268,COVER-CENTER/CENTRE CONSOLE SMALL SWITCH,C00011918-008D,C00011918,,https://shane.maxusvanparts.co.uk/wp-admin/post.php?post=109268&action=edit
109278,FRONT HVAC ASSEMBLY,C00039430-5C57,C00039430,,https://shane.maxusvanparts.co.uk/wp-admin/post.php?post=109278&action=edit
109280,HUB-SYNCHRO (1&amp;2),C00024797-6C02,C00024797,,https://shane.maxusvanparts.co.uk/wp-admin/post.php?post=109280&action=edit
109285,CYLINDER-CLUTCH MASTER,C00002560-B82D,C00002560,,https://shane.maxusvanparts.co.uk/wp-admin/post.php?post=109285&action=edit
109297,SLEEVE-SYNCHRO (1&amp;2),C00024798-02B0,C00024798,,https://shane.maxusvanparts.co.uk/wp-admin/post.php?post=109297&action=edit
109301,PANEL-B PILLAR CLSG UPPER,C00023263-4100-7083,C00023263-4100,,https://shane.maxusvanparts.co.uk/wp-admin/post.php?post=109301&action=edit
109317,CLIP-EXHAUST GAS RECIRCULATION VACUUM PIPE,C00014805-39E5,C00014805,,https://shane.maxusvanparts.co.uk/wp-admin/post.php?post=109317&action=edit
109320,RAIL ASSEMBLY-FRONT SIDE,C00023321-4100-BE72,C00023321-4100,,https://shane.maxusvanparts.co.uk/wp-admin/post.php?post=109320&action=edit
109321,STRIP-STEERING WHEEL,C00046870-9C18,C00046870,,https://shane.maxusvanparts.co.uk/wp-admin/post.php?post=109321&action=edit
109338,GEAR ASSY-FIRST SPEED,C00024801-4445,C00024801,,https://shane.maxusvanparts.co.uk/wp-admin/post.php?post=109338&action=edit
109341,RAIL ASSEMBLY-FRONT SIDE,C00023361-4100-C43B,C00023361-4100,,https://shane.maxusvanparts.co.uk/wp-admin/post.php?post=109341&action=edit
109357,NEEDLE ROLLER BEARING -FIRST SPEED,C00024802-53FF,C00024802,,https://shane.maxusvanparts.co.uk/wp-admin/post.php?post=109357&action=edit
109359,CLAMP-TURBINE TO INTERCOOLER,C00039434-7C53,C00039434,,https://shane.maxusvanparts.co.uk/wp-admin/post.php?post=109359&action=edit
109368,CONTROL ASSEMBLY-TRNS,C00032879-2008-EB2A,C00032879-2008,,https://shane.maxusvanparts.co.uk/wp-admin/post.php?post=109368&action=edit
109377,BEARING-BALL,C00024803-15E0,C00024803,,https://shane.maxusvanparts.co.uk/wp-admin/post.php?post=109377&action=edit
109389,BLOWER-AUXILIARY,C00002690-5A56,C00002690,,https://shane.maxusvanparts.co.uk/wp-admin/post.php?post=109389&action=edit
109396,SPACE-SECOND &amp; THIRD,C00024804-1EE9,C00024804,,https://shane.maxusvanparts.co.uk/wp-admin/post.php?post=109396&action=edit
109400,PLATE ASSEMBLY-B/PILLAR UPPER TRIM,C00023423-A005-DDEE,C00023423-A005,,https://shane.maxusvanparts.co.uk/wp-admin/post.php?post=109400&action=edit
109414,RING-SECOND &amp; THIRD,C00024805-A11F,C00024805,,https://shane.maxusvanparts.co.uk/wp-admin/post.php?post=109414&action=edit
109421,PLATE ASSEMBLY-B/PILLAR LOWER TRIM,C00023426-A006-098E,C00023426-A006,,https://shane.maxusvanparts.co.uk/wp-admin/post.php?post=109421&action=edit
109434,SHAFT OUTPUT-FIRST,C00024806-7AE5,C00024806,,https://shane.maxusvanparts.co.uk/wp-admin/post.php?post=109434&action=edit
109444,PLATE ASSEMBLY-B/PILLAR UPPER TRIM,C00023428-A005-4C16,C00023428-A005,,https://shane.maxusvanparts.co.uk/wp-admin/post.php?post=109444&action=edit
109460,PIPE ASSEMBLY-BRAKE (M/CYL1-ESP),C00032910-96A5,C00032910,,https://shane.maxusvanparts.co.uk/wp-admin/post.php?post=109460&action=edit
109464,PLATE ASSEMBLY-B/PILLAR LOWER TRIM,C00023431-A006-1EFA,C00023431-A006,,https://shane.maxusvanparts.co.uk/wp-admin/post.php?post=109464&action=edit
109479,PIPE ASSEMBLY-BRAKE (M/CYL2-ESP),C00032911-D233,C00032911,,https://shane.maxusvanparts.co.uk/wp-admin/post.php?post=109479&action=edit
109484,HEADLINING ASSEMBLY-DRIVER,C00023448-A019-E25C,C00023448-A019,,https://shane.maxusvanparts.co.uk/wp-admin/post.php?post=109484&action=edit
109487,SPACER-OUTPUT BEARING,C00024808-91B7,C00024808,,https://shane.maxusvanparts.co.uk/wp-admin/post.php?post=109487&action=edit
109497,REAR LAMPS,C00033269-B3C7,C00033269,,https://shane.maxusvanparts.co.uk/wp-admin/post.php?post=109497&action=edit
109555,BEARING NEEDLE ROLLER-6TH,C00024830-9214,C00024830,,https://shane.maxusvanparts.co.uk/wp-admin/post.php?post=109555&action=edit
109569,GEAR ASSY-6TH SPEED,C00024831-F6FF,C00024831,,https://shane.maxusvanparts.co.uk/wp-admin/post.php?post=109569&action=edit
109581,GUARD-DRIVER SEAT,C00041305-A006-9E40,C00041305-A006,,https://shane.maxusvanparts.co.uk/wp-admin/post.php?post=109581&action=edit
109585,BRACKET ASSEMBLY-BATTERY HARNESS,C00033419-9F81,C00033419,,https://shane.maxusvanparts.co.uk/wp-admin/post.php?post=109585&action=edit
109591,PLENUM ASSEMBLY,C00041333-3540,C00041333,,https://shane.maxusvanparts.co.uk/wp-admin/post.php?post=109591&action=edit
109593,SNAP RING-TRANSMISSION,C00024833-DB2A,C00024833,,https://shane.maxusvanparts.co.uk/wp-admin/post.php?post=109593&action=edit
109600,HUB-SYNCHRO (5&amp;6),C00024838-1D44,C00024838,,https://shane.maxusvanparts.co.uk/wp-admin/post.php?post=109600&action=edit
109609,SNAP RING-TRANSMISSION,C00024839-899C,C00024839,,https://shane.maxusvanparts.co.uk/wp-admin/post.php?post=109609&action=edit
109614,SLEEVE-SYNCHRO (5&amp;6),C00024840-1FF3,C00024840,,https://shane.maxusvanparts.co.uk/wp-admin/post.php?post=109614&action=edit
109622,GEAR ASSY-FIFTH SPEED,C00024842-2321,C00024842,,https://shane.maxusvanparts.co.uk/wp-admin/post.php?post=109622&action=edit
109626,WIRE-MOTOR CONTROLLER GROUND,C00326572-F337,C00326572,,https://shane.maxusvanparts.co.uk/wp-admin/post.php?post=109626&action=edit
109627,SEAL-CONTROLLER INSTALLATION COVER,C00326582-3C20,C00326582,,https://shane.maxusvanparts.co.uk/wp-admin/post.php?post=109627&action=edit
109628,MODULATOR-CAPACITOR,C00332498-80B5,C00332498,,https://shane.maxusvanparts.co.uk/wp-admin/post.php?post=109628&action=edit
109629,CONTROL-MOTOR,C00332502-EA80,C00332502,,https://shane.maxusvanparts.co.uk/wp-admin/post.php?post=109629&action=edit
109631,MODULATOR-CONTROL PLATE,C00332504-3C12,C00332504,,https://shane.maxusvanparts.co.uk/wp-admin/post.php?post=109631&action=edit
109632,MODULATOR-DEIVER,C00332505-1012,C00332505,,https://shane.maxusvanparts.co.uk/wp-admin/post.php?post=109632&action=edit
109634,HOSE-EPT COOLING,C00407148-D40A,C00407148,,https://shane.maxusvanparts.co.uk/wp-admin/post.php?post=109634&action=edit
109636,TRIM-REAR FLOOR,Z60000722-A262,Z60000722,,https://shane.maxusvanparts.co.uk/wp-admin/post.php?post=109636&action=edit
109637,INPUT SHAFT BEARING ADJUSTMENT GASKET,C00104598-8150,C00104598,,https://shane.maxusvanparts.co.uk/wp-admin/post.php?post=109637&action=edit
109638,INPUT SHAFT BEARING ADJUSTMENT GASKET,C00104600-9FDB,C00104600,,https://shane.maxusvanparts.co.uk/wp-admin/post.php?post=109638&action=edit
109639,INPUT SHAFT BEARING ADJUSTMENT GASKET,C00104602-14FA,C00104602,,https://shane.maxusvanparts.co.uk/wp-admin/post.php?post=109639&action=edit
109641,DIFFERENTIAL ASSEMBLY,C00104605-D3A2,C00104605,,https://shane.maxusvanparts.co.uk/wp-admin/post.php?post=109641&action=edit
109647,SHIM-TAPER BEARING,C00104612-D338,C00104612,,https://shane.maxusvanparts.co.uk/wp-admin/post.php?post=109647&action=edit
109651,SHIM-TAPER BEARING,C00104615-77CB,C00104615,,https://shane.maxusvanparts.co.uk/wp-admin/post.php?post=109651&action=edit
109653,PANEL-WHEELHOUSE OUTER,C00004146-4100-2A2D,C00004146-4100,,https://shane.maxusvanparts.co.uk/wp-admin/post.php?post=109653&action=edit
109654,SPRING ASSEMBLY-REAR LEAF,C00037793-B7E0,C00037793,,https://shane.maxusvanparts.co.uk/wp-admin/post.php?post=109654&action=edit
109655,SHIM-TAPER BEARING,C00104616-0E4D,C00104616,,https://shane.maxusvanparts.co.uk/wp-admin/post.php?post=109655&action=edit
109659,SHIM-TAPER BEARING,C00104617-5922,C00104617,,https://shane.maxusvanparts.co.uk/wp-admin/post.php?post=109659&action=edit
109663,SHIM-TAPER BEARING,C00104618-7400,C00104618,,https://shane.maxusvanparts.co.uk/wp-admin/post.php?post=109663&action=edit
109668,SHIM-TAPER BEARING,C00104619-AAF0,C00104619,,https://shane.maxusvanparts.co.uk/wp-admin/post.php?post=109668&action=edit
109670,BRACKET-BUMPER MOUNTING  INSTALL,C00004266-4100-E687,C00004266-4100,,https://shane.maxusvanparts.co.uk/wp-admin/post.php?post=109670&action=edit
109673,SHIM-TAPER BEARING,C00104620-6A80,C00104620,,https://shane.maxusvanparts.co.uk/wp-admin/post.php?post=109673&action=edit
109680,SHIM-TAPER BEARING,C00104621-F489,C00104621,,https://shane.maxusvanparts.co.uk/wp-admin/post.php?post=109680&action=edit
109686,SHIM-TAPER BEARING,C00104622-1556,C00104622,,https://shane.maxusvanparts.co.uk/wp-admin/post.php?post=109686&action=edit
109691,SHIM-TAPER BEARING,C00104623-02AD,C00104623,,https://shane.maxusvanparts.co.uk/wp-admin/post.php?post=109691&action=edit
109693,LOOP ASSEMBLY-CARGO TIE,C00004319-F376,C00004319,,https://shane.maxusvanparts.co.uk/wp-admin/post.php?post=109693&action=edit
109698,WASHER-CARGO TIE LOOP BASE UPPER,B00004207-31A0,B00004207,,https://shane.maxusvanparts.co.uk/wp-admin/post.php?post=109698&action=edit
109699,MOUNT-CARGO TIE LOOP,C00004321-E680,C00004321,,https://shane.maxusvanparts.co.uk/wp-admin/post.php?post=109699&action=edit
109703,PLUG ASSEMBLY-BREATHER,C00104625-1D74,C00104625,,https://shane.maxusvanparts.co.uk/wp-admin/post.php?post=109703&action=edit
109705,BLOCK-CARGO TIE LOOP,C00004325-B8C4,C00004325,,https://shane.maxusvanparts.co.uk/wp-admin/post.php?post=109705&action=edit
109709,PLUG-TRANSMISSION OIL DRAIN,C00104626-09B1,C00104626,,https://shane.maxusvanparts.co.uk/wp-admin/post.php?post=109709&action=edit
109714,CLIP-ROOF HARNESS,C00013711-B3B5,C00013711,,https://shane.maxusvanparts.co.uk/wp-admin/post.php?post=109714&action=edit
109715,PLUG-OIL DRAIN,C00104627-B313,C00104627,,https://shane.maxusvanparts.co.uk/wp-admin/post.php?post=109715&action=edit
109716,CLAMP-ELECTRONIC PUMP TO DCDC HOSE,B00004572-0BDF,B00004572,,https://shane.maxusvanparts.co.uk/wp-admin/post.php?post=109716&action=edit
109717,STRUT&amp;SPRING ASSEMBLY-FRONT SHOCK ABSORBER,C00058660-FD40,C00058660,,https://shane.maxusvanparts.co.uk/wp-admin/post.php?post=109717&action=edit
109722,PIN-TRANSMISSION LOCATING,C00104628-C5BC,C00104628,,https://shane.maxusvanparts.co.uk/wp-admin/post.php?post=109722&action=edit
109731,REINFORCEMENT-D/PILLAR UPPER INNER PANEL,C00004386-4100-2379,C00004386-4100,,https://shane.maxusvanparts.co.uk/wp-admin/post.php?post=109731&action=edit
109735,EPP,C00104633-187A,C00104633,,https://shane.maxusvanparts.co.uk/wp-admin/post.php?post=109735&action=edit
109746,FINISHER-REAR DOOR FLOOR,C00060071-A011-5D19,C00060071-A011,,https://shane.maxusvanparts.co.uk/wp-admin/post.php?post=109746&action=edit
109753,FINISHER-REAR DOOR FLOOR,C00060076-A011-8029,C00060076-A011,,https://shane.maxusvanparts.co.uk/wp-admin/post.php?post=109753&action=edit
109754,PEDAL ASSEMBLY-BRAKE,C00079281-C2B4,C00079281,,https://shane.maxusvanparts.co.uk/wp-admin/post.php?post=109754&action=edit
109756,GUARD-DRIVER SEAT,C00041304-A006-23B3,C00041304-A006,,https://shane.maxusvanparts.co.uk/wp-admin/post.php?post=109756&action=edit
109760,PLATE-REAR ROOF CROSS MEMBER INNER,C00060081-4100-1ED8,C00060081-4100,,https://shane.maxusvanparts.co.uk/wp-admin/post.php?post=109760&action=edit
109761,PIPE ASSEMBLY-BRAKE (M/CYL1-ABS),C00079291-F1EB,C00079291,,https://shane.maxusvanparts.co.uk/wp-admin/post.php?post=109761&action=edit
109762,SCREW-SUPPORT PLATE,C00104637-8A74,C00104637,,https://shane.maxusvanparts.co.uk/wp-admin/post.php?post=109762&action=edit
109764,GUARD-DRIVER SEAT,C00041306-A006-1096,C00041306-A006,,https://shane.maxusvanparts.co.uk/wp-admin/post.php?post=109764&action=edit
109768,PIPE ASSEMBLY-BRAKE (M/CYL2-ABS),C00079292-E584,C00079292,,https://shane.maxusvanparts.co.uk/wp-admin/post.php?post=109768&action=edit
109769,SCREW-PAWL SHAFT,C00104639-0AE5,C00104639,,https://shane.maxusvanparts.co.uk/wp-admin/post.php?post=109769&action=edit
109773,REINFORCEMENT-D/PILLAR UPPER INNER PANEL,C00004532-4100-D6E4,C00004532-4100,,https://shane.maxusvanparts.co.uk/wp-admin/post.php?post=109773&action=edit
109776,PARKING SUPPORT-ELECTRONIC PARKING PAWL,C00104640-F193,C00104640,,https://shane.maxusvanparts.co.uk/wp-admin/post.php?post=109776&action=edit
109778,STOP-SLIDING SIDE DOOR FRONT BUMP,C00043409-C99B,C00043409,,https://shane.maxusvanparts.co.uk/wp-admin/post.php?post=109778&action=edit
109780,CROSSMEMBER-REAR,C00060649-4100-4FA9,C00060649-4100,,https://shane.maxusvanparts.co.uk/wp-admin/post.php?post=109780&action=edit
109782,CLIP-VACUUM PIPE,C00079299-6C3E,C00079299,,https://shane.maxusvanparts.co.uk/wp-admin/post.php?post=109782&action=edit
109794,"PANEL-D PILLAR,UPPER",C00004550-4100-082D,C00004550-4100,,https://shane.maxusvanparts.co.uk/wp-admin/post.php?post=109794&action=edit
109804,GASKET-ELECTRONIC PARKING PAWL,C00104646-6664,C00104646,,https://shane.maxusvanparts.co.uk/wp-admin/post.php?post=109804&action=edit
109813,BRACKET-ABSORBER MOD,C00045121-1773,C00045121,,https://shane.maxusvanparts.co.uk/wp-admin/post.php?post=109813&action=edit
109822,CABLE-REAR DOOR RELEASE,C00060703-27BB,C00060703,,https://shane.maxusvanparts.co.uk/wp-admin/post.php?post=109822&action=edit
109830,COVER-REAR DOOR LOWER LOCK,C00060723-63A4,C00060723,,https://shane.maxusvanparts.co.uk/wp-admin/post.php?post=109830&action=edit
109831,HOSE ASSEMBLY-AIR CONDITIONING FRONT EVAPORATOR TO COMPRESSOR,C00079611-BA61,C00079611,,https://shane.maxusvanparts.co.uk/wp-admin/post.php?post=109831&action=edit
109837,CROSSMEMBER-B/PILLAR LOWER,C00061156-4100-B78A,C00061156-4100,,https://shane.maxusvanparts.co.uk/wp-admin/post.php?post=109837&action=edit
109845,BODY ASSEMBLY-INSTRUMENT PANEL,C00079691-A006-880B,C00079691-A006,,https://shane.maxusvanparts.co.uk/wp-admin/post.php?post=109845&action=edit
109855,GRILLE ASSEMBLY-RADIATOR,C00045482-D852,C00045482,,https://shane.maxusvanparts.co.uk/wp-admin/post.php?post=109855&action=edit
109861,COVER-BULKHEAD,C00015270-A005-FC5C,C00015270-A005,,https://shane.maxusvanparts.co.uk/wp-admin/post.php?post=109861&action=edit
109866,HARNESS ASSEMBLY-INSTRUMENT PANEL WIRING,C00080611-96FE,C00080611,,https://shane.maxusvanparts.co.uk/wp-admin/post.php?post=109866&action=edit
109868,COVER-BULKHEAD,C00015271-A005-5309,C00015271-A005,,https://shane.maxusvanparts.co.uk/wp-admin/post.php?post=109868&action=edit
109869,PANEL-SIDE DOOR ROCKER INNER,C00004624-4100-2F0C,C00004624-4100,,https://shane.maxusvanparts.co.uk/wp-admin/post.php?post=109869&action=edit
109875,HEADLINING ASSEMBLY-DRIVER,C00015366-A019-B0C8,C00015366-A019,,https://shane.maxusvanparts.co.uk/wp-admin/post.php?post=109875&action=edit
109879,PIPE-FRONT BRAKE,C00081066-0D0C,C00081066,,https://shane.maxusvanparts.co.uk/wp-admin/post.php?post=109879&action=edit
109882,CLIP-BULKHEAD COVER,C00015425-A004-96F4,C00015425-A004,,https://shane.maxusvanparts.co.uk/wp-admin/post.php?post=109882&action=edit
109888,CLIP-BULKHEAD COVER,C00015526-A004-9087,C00015526-A004,,https://shane.maxusvanparts.co.uk/wp-admin/post.php?post=109888&action=edit
109894,PIPE ASSEMBLY-DRYER RECEIVER TO THERMAL EXPANSIVE VALVE A,C00083679-ACDC,C00083679,,https://shane.maxusvanparts.co.uk/wp-admin/post.php?post=109894&action=edit
109901,TRIM PANEL-DRIVER FLOOR FRONT,C00083682-85F0,C00083682,,https://shane.maxusvanparts.co.uk/wp-admin/post.php?post=109901&action=edit
109910,MODULE-BATTERY,C00110195-951B,C00110195,,https://shane.maxusvanparts.co.uk/wp-admin/post.php?post=109910&action=edit
109915,INSULATION-DASH PANEL INSULATION(DVR),C00083685-308F,C00083685,,https://shane.maxusvanparts.co.uk/wp-admin/post.php?post=109915&action=edit
109922,INSULATION-DASH PANEL INSULATION(COMPT),C00083686-7F9F,C00083686,,https://shane.maxusvanparts.co.uk/wp-admin/post.php?post=109922&action=edit
109925,BUMPER-FUEL TANK FILLER DOOR,C00049096-6735,C00049096,,https://shane.maxusvanparts.co.uk/wp-admin/post.php?post=109925&action=edit
109929,PANEL -FRONT SIDE PANEL OUTER,C00083697-4100-2851,C00083697-4100,,https://shane.maxusvanparts.co.uk/wp-admin/post.php?post=109929&action=edit
109931,SWITCH-SERVICE,C00110208-4948,C00110208,,https://shane.maxusvanparts.co.uk/wp-admin/post.php?post=109931&action=edit
109937,SWITCH-SERVICE,C00110209-0FA0,C00110209,,https://shane.maxusvanparts.co.uk/wp-admin/post.php?post=109937&action=edit
109943,SYSTEM-BATTERY MANAGEMENT,C00110210-0F38,C00110210,,https://shane.maxusvanparts.co.uk/wp-admin/post.php?post=109943&action=edit
109945,SUNSHADE ASSEMBLY,C00015964-A029-1226,C00015964-A029,,https://shane.maxusvanparts.co.uk/wp-admin/post.php?post=109945&action=edit
109955,HARNESS-PAS SENSOR,C00062829-4DB9,C00062829,,https://shane.maxusvanparts.co.uk/wp-admin/post.php?post=109955&action=edit
109957,COVER-HIGH VOLTAGE BOX,C00110213-5FC4,C00110213,,https://shane.maxusvanparts.co.uk/wp-admin/post.php?post=109957&action=edit
109964,HIGH VOLTAGE BOX AND VEHICLE COMMUNICATION PORT SOCKET,C00110214-141E,C00110214,,https://shane.maxusvanparts.co.uk/wp-admin/post.php?post=109964&action=edit
109965,BOX ASSEMBLY-GLOVE,C00085626-A008-5F8D,C00085626-A008,,https://shane.maxusvanparts.co.uk/wp-admin/post.php?post=109965&action=edit
109973,BRACKE-SUNSHADE SUPPORT,C00016314-A004-F8EE,C00016314-A004,,https://shane.maxusvanparts.co.uk/wp-admin/post.php?post=109973&action=edit
109975,BRACKET-REDUCER MOUNT,C00050243-D6C7,C00050243,,https://shane.maxusvanparts.co.uk/wp-admin/post.php?post=109975&action=edit
109978,SOCKET-HIGH VOLTAGE BOX DEBUG PORT AVIATION,C00110216-7C5D,C00110216,,https://shane.maxusvanparts.co.uk/wp-admin/post.php?post=109978&action=edit
109979,CROSSMEMBER-FLOOR CAB R,C00085679-4100-DA93,C00085679-4100,,https://shane.maxusvanparts.co.uk/wp-admin/post.php?post=109979&action=edit
109986,CROSSMEMBER-FLOOR CAB F,C00085680-4100-FAE0,C00085680-4100,,https://shane.maxusvanparts.co.uk/wp-admin/post.php?post=109986&action=edit
109990,COVER ASSEMBLY-FRONT SIDE DOOR DEFROSTER DUCT,C00006129-A006-226B,C00006129-A006,,https://shane.maxusvanparts.co.uk/wp-admin/post.php?post=109990&action=edit
109996,BRACKET-EPT MOUNT,C00050247-8E44,C00050247,,https://shane.maxusvanparts.co.uk/wp-admin/post.php?post=109996&action=edit
109998,COVER ASSEMBLY-FRONT SIDE DOOR DEFROSTER DUCT,C00006132-A006-4EA9,C00006132-A006,,https://shane.maxusvanparts.co.uk/wp-admin/post.php?post=109998&action=edit
110004,HARNESS-COMMUNICATE,C00063592-D-BCBA,C00063592-D,,https://shane.maxusvanparts.co.uk/wp-admin/post.php?post=110004&action=edit
110005,PAD-FUSE BOX COVER,C00006204-A008-2C60,C00006204-A008,,https://shane.maxusvanparts.co.uk/wp-admin/post.php?post=110005&action=edit
110013,FUSE-DC FAST,C00110221-9E41,C00110221,,https://shane.maxusvanparts.co.uk/wp-admin/post.php?post=110013&action=edit
110015,CAP-PILLAR,C00016780-A006-AC59,C00016780-A006,,https://shane.maxusvanparts.co.uk/wp-admin/post.php?post=110015&action=edit
110016,BRACKET-EVP,C00050409-3182,C00050409,,https://shane.maxusvanparts.co.uk/wp-admin/post.php?post=110016&action=edit
110025,WEBB-C PILLAR REAR UPPER,C00006540-4100-112C,C00006540-4100,,https://shane.maxusvanparts.co.uk/wp-admin/post.php?post=110025&action=edit
110027,FUSE-DC FAST,C00110223-9EE2,C00110223,,https://shane.maxusvanparts.co.uk/wp-admin/post.php?post=110027&action=edit
110030,CONDENSER ASSEMBLY-AIR CONDITIONING,C00050424-58EE,C00050424,,https://shane.maxusvanparts.co.uk/wp-admin/post.php?post=110030&action=edit
110033,PANEL-CENTER/CENTRE SIDE PANEL INNER TRIM,C00006589-A031-002A,C00006589-A031,,https://shane.maxusvanparts.co.uk/wp-admin/post.php?post=110033&action=edit
110039,PANEL-CENTER/CENTRE SIDE PANEL INNER TRIM,C00006591-A031-5E50,C00006591-A031,,https://shane.maxusvanparts.co.uk/wp-admin/post.php?post=110039&action=edit
110040,PANEL-DCDC INSTALL,C00064767-EBAF,C00064767,,https://shane.maxusvanparts.co.uk/wp-admin/post.php?post=110040&action=edit
110041,SENSOR-HALL CURRENT,C00110225-16C1,C00110225,,https://shane.maxusvanparts.co.uk/wp-admin/post.php?post=110041&action=edit
110044,SWITCH ASSEMBLY-PASSENGER COMPARTMENT LAMP,C00050608-4590,C00050608,,https://shane.maxusvanparts.co.uk/wp-admin/post.php?post=110044&action=edit
110046,PANEL-REAR SIDE PANEL INNER TRIM,C00006622-A031-3002,C00006622-A031,,https://shane.maxusvanparts.co.uk/wp-admin/post.php?post=110046&action=edit
110047,PANEL-FRONT SD,C00064770-4100-898C,C00064770-4100,,https://shane.maxusvanparts.co.uk/wp-admin/post.php?post=110047&action=edit
110051,SWITCH ASSEMBLY-REAR WINDOW HEATED/HEAT,C00050609-6DDA,C00050609,,https://shane.maxusvanparts.co.uk/wp-admin/post.php?post=110051&action=edit
110053,PANEL-REAR SIDE PANEL INNER TRIM,C00006627-A031-3A46,C00006627-A031,,https://shane.maxusvanparts.co.uk/wp-admin/post.php?post=110053&action=edit
110057,SECTION-CYLINDER AND KEY MAINTENANCE,C00088789-382B,C00088789,,https://shane.maxusvanparts.co.uk/wp-admin/post.php?post=110057&action=edit
110059,TRIM-REAR WHEELHOUSE COVER,C00001711-A038-A8E6,C00001711-A038,,https://shane.maxusvanparts.co.uk/wp-admin/post.php?post=110059&action=edit
110061,MODULE-RECTIFIER BRIDGE ARM DIODE,C00110228-7001,C00110228,,https://shane.maxusvanparts.co.uk/wp-admin/post.php?post=110061&action=edit
110066,TRIM-REAR WHEELHOUSE COVER,C00001712-A038-ACE9,C00001712-A038,,https://shane.maxusvanparts.co.uk/wp-admin/post.php?post=110066&action=edit
110069,HARDNESS-BATTERY NEGATIVE,C00064946-4D5E,C00064946,,https://shane.maxusvanparts.co.uk/wp-admin/post.php?post=110069&action=edit
110089,MOTOR-DRIVER,C00110607-6E25,C00110607,,https://shane.maxusvanparts.co.uk/wp-admin/post.php?post=110089&action=edit
110090,LAMP ASSEMBLY-REAR ROOF INNER READING,C00066067-C898,C00066067,,https://shane.maxusvanparts.co.uk/wp-admin/post.php?post=110090&action=edit
110091,CONTROLLER-ELECTRIC DRIVER COMPLETE VEHICLE,C00092581-BFD1,C00092581,,https://shane.maxusvanparts.co.uk/wp-admin/post.php?post=110091&action=edit
110106,HARNESS ASSEMBLY-FRONT COMPARTMENT,C00093934-EC92,C00093934,,https://shane.maxusvanparts.co.uk/wp-admin/post.php?post=110106&action=edit
110110,COMPARTMENT-HIGH VOLTAGE,C00116777-E-1A89,C00116777-E,,https://shane.maxusvanparts.co.uk/wp-admin/post.php?post=110110&action=edit
110111,BOX-COMPRESSOR CONTROL,C00066354-08C4,C00066354,,https://shane.maxusvanparts.co.uk/wp-admin/post.php?post=110111&action=edit
110114,"GUSSET-""B"" PILLAR LEFT HAND",C00052414-4100-FE41,C00052414-4100,,https://shane.maxusvanparts.co.uk/wp-admin/post.php?post=110114&action=edit
110118,DUSTSHIELD-EXPN TANK,C00066474-9559,C00066474,,https://shane.maxusvanparts.co.uk/wp-admin/post.php?post=110118&action=edit
110121,HARNESS ASSEMBLY-POWER BATTERY HV OUTPUT,C00052598-5421,C00052598,,https://shane.maxusvanparts.co.uk/wp-admin/post.php?post=110121&action=edit
110125,COVER-EXPN TANK,C00066475-59D8,C00066475,,https://shane.maxusvanparts.co.uk/wp-admin/post.php?post=110125&action=edit
110136,REINFORCEMENT-SLIDING DOOR PEDAL,C00007701-4100-8D56,C00007701-4100,,https://shane.maxusvanparts.co.uk/wp-admin/post.php?post=110136&action=edit
110143,REINFORCEMENT-FLOOR EDGE STEP LWB,C00008093-4100-F812,C00008093-4100,,https://shane.maxusvanparts.co.uk/wp-admin/post.php?post=110143&action=edit
110145,BOLT-TRANSMISSION BODY,C00137410-AF9B,C00137410,,https://shane.maxusvanparts.co.uk/wp-admin/post.php?post=110145&action=edit
110151,FUSE-DC FAST,C00138184-2D3C,C00138184,,https://shane.maxusvanparts.co.uk/wp-admin/post.php?post=110151&action=edit
110156,PANEL-FRONT SIDE PANEL INNER TRIM,C00027558-A031-8430,C00027558-A031,,https://shane.maxusvanparts.co.uk/wp-admin/post.php?post=110156&action=edit
110157,COVER-CENTER/CENTRE CONSOLE SMALL SWITCH,C00011391-9518,C00011391,,https://shane.maxusvanparts.co.uk/wp-admin/post.php?post=110157&action=edit
110161,PLATE-EPB SWITH,C00053857-A006-35CB,C00053857-A006,,https://shane.maxusvanparts.co.uk/wp-admin/post.php?post=110161&action=edit
110164,COVER-CENTER/CENTRE CONSOLE SMALL SWITCH,C00011395-4464,C00011395,,https://shane.maxusvanparts.co.uk/wp-admin/post.php?post=110164&action=edit
110165,BATTERY BOX HEATER WIRE,C00139738-3A95,C00139738,,https://shane.maxusvanparts.co.uk/wp-admin/post.php?post=110165&action=edit
110171,PLATE ASSEMBLY-B/PILLAR UPPER TRIM,C00011541-A005-80E7,C00011541-A005,,https://shane.maxusvanparts.co.uk/wp-admin/post.php?post=110171&action=edit
110172,BATTERY BOX HEATER WIRE,C00139739-EAC5,C00139739,,https://shane.maxusvanparts.co.uk/wp-admin/post.php?post=110172&action=edit
110177,COVER ASSEMBLY-FUSE BOX,C00100366-A006-427B,C00100366-A006,,https://shane.maxusvanparts.co.uk/wp-admin/post.php?post=110177&action=edit
110178,PLATE ASSEMBLY-B/PILLAR UPPER TRIM,C00011543-A005-B54E,C00011543-A005,,https://shane.maxusvanparts.co.uk/wp-admin/post.php?post=110178&action=edit
110182,PLUM SCREW-EPB SWITH PLATE,C00054359-FF6B,C00054359,,https://shane.maxusvanparts.co.uk/wp-admin/post.php?post=110182&action=edit
110184,HARDNESS-COMPRESSOR GROUND,C00100463-D591,C00100463,,https://shane.maxusvanparts.co.uk/wp-admin/post.php?post=110184&action=edit
110185,BATTERY HEATING FILM,C00139741-91B6,C00139741,,https://shane.maxusvanparts.co.uk/wp-admin/post.php?post=110185&action=edit
110186,BODY ASSEMBLY-INSTRUMENT PANEL,C00003003-D003-38E8,C00003003-D003,,https://shane.maxusvanparts.co.uk/wp-admin/post.php?post=110186&action=edit
110187,PLATE ASSEMBLY-B/PILLAR LOWER TRIM,C00011545-A006-37ED,C00011545-A006,,https://shane.maxusvanparts.co.uk/wp-admin/post.php?post=110187&action=edit
110192,PANEL-SLIDING SIDE DOOR TRIM,C00180580-A031-6B66,C00180580-A031,,https://shane.maxusvanparts.co.uk/wp-admin/post.php?post=110192&action=edit
110193,PAD-ABSORBER INSULATOR,C00003221-EA46,C00003221,,https://shane.maxusvanparts.co.uk/wp-admin/post.php?post=110193&action=edit
110194,PLATE ASSEMBLY-B/PILLAR LOWER TRIM,C00011547-A006-CC90,C00011547-A006,,https://shane.maxusvanparts.co.uk/wp-admin/post.php?post=110194&action=edit
110196,HARNESS ASSEMBLY-AIR BAG,C00103480-E75D,C00103480,,https://shane.maxusvanparts.co.uk/wp-admin/post.php?post=110196&action=edit
110201,CROSSMEMBER-SPARE TYRE FRONT,C00011631-4100-3788,C00011631-4100,,https://shane.maxusvanparts.co.uk/wp-admin/post.php?post=110201&action=edit
110203,SPACE RING-COUNTER SHAFT FRONT,C00103871-F74C,C00103871,,https://shane.maxusvanparts.co.uk/wp-admin/post.php?post=110203&action=edit
110210,SPACE RING-COUNTER SHAFT FRONT,C00103926-F06D,C00103926,,https://shane.maxusvanparts.co.uk/wp-admin/post.php?post=110210&action=edit
110215,COVER-REAR D/PILLAR LOWER,C00012317-A006-DF5B,C00012317-A006,,https://shane.maxusvanparts.co.uk/wp-admin/post.php?post=110215&action=edit
110217,SPACE RING-COUNTER SHAFT FRONT,C00103928-A010,C00103928,,https://shane.maxusvanparts.co.uk/wp-admin/post.php?post=110217&action=edit
110225,BRACKET-INSTRUMENT PANEL SUPPORT CENTER/CENTRE,C00055681-B5BC,C00055681,,https://shane.maxusvanparts.co.uk/wp-admin/post.php?post=110225&action=edit
110228,OIL SEAL-TRANSMISSION,C00263910-F127,C00263910,,https://shane.maxusvanparts.co.uk/wp-admin/post.php?post=110228&action=edit
110230,PIPE-FRONT BRAKE,C00068743-5FA0,C00068743,,https://shane.maxusvanparts.co.uk/wp-admin/post.php?post=110230&action=edit
110237,PIPE ASSEMBLY-REAR BRK(FRT),C00068745-7A9F,C00068745,,https://shane.maxusvanparts.co.uk/wp-admin/post.php?post=110237&action=edit
110239,PIPE-COMPRESSOR INLET,C00056011-CCB3,C00056011,,https://shane.maxusvanparts.co.uk/wp-admin/post.php?post=110239&action=edit
110242,PANEL ASSEMBLY-D/PILLAR INNER UPPER IN WHITE,C00013284-4100-29D2,C00013284-4100,,https://shane.maxusvanparts.co.uk/wp-admin/post.php?post=110242&action=edit
110246,PIPE-COMPRESSOR OUTLET,C00056012-E72B,C00056012,,https://shane.maxusvanparts.co.uk/wp-admin/post.php?post=110246&action=edit
110248,PANEL-WHEELHOUSE OUTER,C00003618-4100-3395,C00003618-4100,,https://shane.maxusvanparts.co.uk/wp-admin/post.php?post=110248&action=edit
110255,PANEL ASSEMBLY-SLIDING SIDE DOOR LOWER CHECK MOUNT INSTALL,C00004010-4100-B728,C00004010-4100,,https://shane.maxusvanparts.co.uk/wp-admin/post.php?post=110255&action=edit
110267,WEATHERSTRIP-REAR DOOR MID,C00056596-5CD2,C00056596,,https://shane.maxusvanparts.co.uk/wp-admin/post.php?post=110267&action=edit
110268,BEARING-FRONT AXLE WHEEL HUB,C00032296-4341,C00032296,,https://shane.maxusvanparts.co.uk/wp-admin/post.php?post=110268&action=edit
110277,PANEL-SIDE DOOR ROCKER INNER,C00013291-4100-1C8D,C00013291-4100,,https://shane.maxusvanparts.co.uk/wp-admin/post.php?post=110277&action=edit
110284,SMALL INTERMEDIATE SHAFT ASSEMBLY,C00104583-2FB4,C00104583,,https://shane.maxusvanparts.co.uk/wp-admin/post.php?post=110284&action=edit
110287,BRACKET-BUMPER MOUNTING  INSTALL,C00004047-4100-596C,C00004047-4100,,https://shane.maxusvanparts.co.uk/wp-admin/post.php?post=110287&action=edit
110290,MAIN REDUCTION GEAR,C00104584-364D,C00104584,,https://shane.maxusvanparts.co.uk/wp-admin/post.php?post=110290&action=edit
110292,SPANNER-ACCESSORY TOOL BAG,C00058531-9FB2,C00058531,,https://shane.maxusvanparts.co.uk/wp-admin/post.php?post=110292&action=edit
110297,PIPE ASSEMBLY-REAR BRK(CTR),C00069163-0337,C00069163,,https://shane.maxusvanparts.co.uk/wp-admin/post.php?post=110297&action=edit
110300,ORNAMENT-CONSOLE LOWER TRIM PANEL,C00033265-R006-211F,C00033265-R006,,https://shane.maxusvanparts.co.uk/wp-admin/post.php?post=110300&action=edit
110303,MAT-INSTRUMENT PANEL UPPER,C00004073-A008-E995,C00004073-A008,,https://shane.maxusvanparts.co.uk/wp-admin/post.php?post=110303&action=edit
110306,SPACE RING-COUNTER SHAFT FRONT,C00104588-4448,C00104588,,https://shane.maxusvanparts.co.uk/wp-admin/post.php?post=110306&action=edit
110309,MAT-INSTRUMENT PANEL UPPER,C00004075-A008-2BB3,C00004075-A008,,https://shane.maxusvanparts.co.uk/wp-admin/post.php?post=110309&action=edit
110311,INPUT SHAFT BEARING ADJUSTMENT GASKET,C00104589-22F4,C00104589,,https://shane.maxusvanparts.co.uk/wp-admin/post.php?post=110311&action=edit
110314,INPUT SHAFT BEARING ADJUSTMENT GASKET,C00104590-AAC1,C00104590,,https://shane.maxusvanparts.co.uk/wp-admin/post.php?post=110314&action=edit
110317,INPUT SHAFT BEARING ADJUSTMENT GASKET,C00104591-3437,C00104591,,https://shane.maxusvanparts.co.uk/wp-admin/post.php?post=110317&action=edit
110320,INPUT SHAFT BEARING ADJUSTMENT GASKET,C00104592-611C,C00104592,,https://shane.maxusvanparts.co.uk/wp-admin/post.php?post=110320&action=edit
110323,INPUT SHAFT BEARING ADJUSTMENT GASKET,C00104595-110E,C00104595,,https://shane.maxusvanparts.co.uk/wp-admin/post.php?post=110323&action=edit
110326,INPUT SHAFT BEARING ADJUSTMENT GASKET,C00104596-655B,C00104596,,https://shane.maxusvanparts.co.uk/wp-admin/post.php?post=110326&action=edit
110328,INPUT SHAFT BEARING ADJUSTMENT GASKET,C00104597-1065,C00104597,,https://shane.maxusvanparts.co.uk/wp-admin/post.php?post=110328&action=edit
110337,CASE ASSEMBLY-SECOND ROW SEAT HEADREST GUIDE,C00560375-5F80,C00560375,,https://shane.maxusvanparts.co.uk/wp-admin/post.php?post=110337&action=edit
110343,SHIELD-REAR  PASSENGER SEAT PLASTIC,C00560377-070E,C00560377,,https://shane.maxusvanparts.co.uk/wp-admin/post.php?post=110343&action=edit
110346,SHIELD-REAR  PASSENGER SEAT PLASTIC,C00560378-268A,C00560378,,https://shane.maxusvanparts.co.uk/wp-admin/post.php?post=110346&action=edit
110350,SHIELD-REAR  PASSENGER SEAT PLASTIC,C00560379-4BF3,C00560379,,https://shane.maxusvanparts.co.uk/wp-admin/post.php?post=110350&action=edit
110355,SHIELD-REAR  PASSENGER SEAT PLASTIC,C00560380-2934,C00560380,,https://shane.maxusvanparts.co.uk/wp-admin/post.php?post=110355&action=edit
110373,GUARD-REAR PASSENGER SEAT,C00560392-EE26,C00560392,,https://shane.maxusvanparts.co.uk/wp-admin/post.php?post=110373&action=edit
110374,PANEL-FRONT SIDE DOOR UNDER TRIM,C00450601-896B,C00450601,,https://shane.maxusvanparts.co.uk/wp-admin/post.php?post=110374&action=edit
110375,BOLT/SCREW-POWER BATTERY UNDERBODY DEFLECTOR,10558063-EE90,10558063,,https://shane.maxusvanparts.co.uk/wp-admin/post.php?post=110375&action=edit
110377,GUARD-REAR PASSENGER SEAT,C00560393-DEC5,C00560393,,https://shane.maxusvanparts.co.uk/wp-admin/post.php?post=110377&action=edit
110378,FUSE-MAIN FUSE BOX,C00205673-58D1,C00205673,,https://shane.maxusvanparts.co.uk/wp-admin/post.php?post=110378&action=edit
110379,HEADREST-3ND ROW SEAT OUTSIDE,C00450672-2200-0A35,C00450672-2200,,https://shane.maxusvanparts.co.uk/wp-admin/post.php?post=110379&action=edit
110380,EXPLOSION-PROOF VALVE,10904378-EEB6,10904378,,https://shane.maxusvanparts.co.uk/wp-admin/post.php?post=110380&action=edit
110382,GUARD-REAR PASSENGER SEAT,C00560394-5F1D,C00560394,,https://shane.maxusvanparts.co.uk/wp-admin/post.php?post=110382&action=edit
110383,SHIELD-SECOND ROW SEAT FOOT,C00391627-251E,C00391627,,https://shane.maxusvanparts.co.uk/wp-admin/post.php?post=110383&action=edit
110385,HEADREST-3ND ROW SEAT MIDDLE,C00450673-2200-4184,C00450673-2200,,https://shane.maxusvanparts.co.uk/wp-admin/post.php?post=110385&action=edit
110386,SEALING RING-POWER BATTERY UPPER COVER SUPPORT,11024361-2C80,11024361,,https://shane.maxusvanparts.co.uk/wp-admin/post.php?post=110386&action=edit
110392,PIPE-BATTERY COOLING PLATE,11133653-51D8,11133653,,https://shane.maxusvanparts.co.uk/wp-admin/post.php?post=110392&action=edit
110400,COVER-POWER BATTERY UPPER,11138058-36F3,11138058,,https://shane.maxusvanparts.co.uk/wp-admin/post.php?post=110400&action=edit
110405,GUARD-REAR PASSENGER SEAT,C00560395-75CB,C00560395,,https://shane.maxusvanparts.co.uk/wp-admin/post.php?post=110405&action=edit
110409,DEFLECTOR ASSEMBLY-POWER BATTERY UNDERBODY,11138540-A4DA,11138540,,https://shane.maxusvanparts.co.uk/wp-admin/post.php?post=110409&action=edit
110412,CLIP-BRAKE OIL TUBE,C00451046-BA13,C00451046,,https://shane.maxusvanparts.co.uk/wp-admin/post.php?post=110412&action=edit
110419,HIGH VOLTAGE DISTRIBUTION BOX,11138849-2B51,11138849,,https://shane.maxusvanparts.co.uk/wp-admin/post.php?post=110419&action=edit
110427,HANDLE-REAR SEAT RECLINER,C00560396-1995,C00560396,,https://shane.maxusvanparts.co.uk/wp-admin/post.php?post=110427&action=edit
110430,HIGH VOLTAGE DISTRIBUTION BOX,11138898-1166,11138898,,https://shane.maxusvanparts.co.uk/wp-admin/post.php?post=110430&action=edit
110436,PLUG-REAR SEAT TRACK HANDLE,C00560397-4573,C00560397,,https://shane.maxusvanparts.co.uk/wp-admin/post.php?post=110436&action=edit
110441,BOLT-MIDDLE SUSPENSION POINT,11138939-B440,11138939,,https://shane.maxusvanparts.co.uk/wp-admin/post.php?post=110441&action=edit
110451,GUARD-REAR PASSENGER SEAT,C00560399-3D04,C00560399,,https://shane.maxusvanparts.co.uk/wp-admin/post.php?post=110451&action=edit
110453,POWER BATTERY lINK BRACKET,11152411-E025,11152411,,https://shane.maxusvanparts.co.uk/wp-admin/post.php?post=110453&action=edit
110467,FIREPROOF COVER-POWER BATTERY,11156160-AA22,11156160,,https://shane.maxusvanparts.co.uk/wp-admin/post.php?post=110467&action=edit
110471,BOX COMBINATION-PTG CONTROL,C00475139-FA2E,C00475139,,https://shane.maxusvanparts.co.uk/wp-admin/post.php?post=110471&action=edit
110477,TRIM ASSEMBLY-FRONT SINGLE PASSENGER SEAT ASSEMBLY BACKREST,C00366125-3027-FD5A,C00366125-3027,,https://shane.maxusvanparts.co.uk/wp-admin/post.php?post=110477&action=edit
110479,PROTECTOR-PTG,C00015453-C3AD,C00015453,,https://shane.maxusvanparts.co.uk/wp-admin/post.php?post=110479&action=edit
110481,GUARD-REAR PASSENGER SEAT,C00560400-D562,C00560400,,https://shane.maxusvanparts.co.uk/wp-admin/post.php?post=110481&action=edit
110482,ASSEMBLY-LOW PRESSURE HARNESS,11156626-7E02,11156626,,https://shane.maxusvanparts.co.uk/wp-admin/post.php?post=110482&action=edit
110496,PROTECTION SLEEVE-POWER BATTERIES HIGH VOLTAGE,11161968-4497,11161968,,https://shane.maxusvanparts.co.uk/wp-admin/post.php?post=110496&action=edit
110508,GUARD-REAR PASSENGER SEAT,C00560401-1BAE,C00560401,,https://shane.maxusvanparts.co.uk/wp-admin/post.php?post=110508&action=edit
110510,PROTECTION COVER-POWER BATTERY HIGH VOLTAGE CONNECTION,11162461-5B4F,11162461,,https://shane.maxusvanparts.co.uk/wp-admin/post.php?post=110510&action=edit
110521,HOSE-MOTOR TO RADIATOR,C00506303-FD82,C00506303,,https://shane.maxusvanparts.co.uk/wp-admin/post.php?post=110521&action=edit
110524,GROMMET-BATTERY BOX,11164900-129E,11164900,,https://shane.maxusvanparts.co.uk/wp-admin/post.php?post=110524&action=edit
110535,HOSE-RADIATOR TO SURGE TANK,C00506305-27DE,C00506305,,https://shane.maxusvanparts.co.uk/wp-admin/post.php?post=110535&action=edit
110540,CUSHION BLOCK-POWER BATTERY PACK INSTALLATION BEAM,11169745-4426,11169745,,https://shane.maxusvanparts.co.uk/wp-admin/post.php?post=110540&action=edit
110550,ARM-SLIDING DOOR CHECK (BODY),C00459317-7914,C00459317,,https://shane.maxusvanparts.co.uk/wp-admin/post.php?post=110550&action=edit
110551,HARNESS ASSEMBLY-MOTOR CONTROL,C00506608-FAA3,C00506608,,https://shane.maxusvanparts.co.uk/wp-admin/post.php?post=110551&action=edit
110557,BOLT-POWER BATTERY UPPER COVER TO POWER BATTERY BASE,11175999-52CD,11175999,,https://shane.maxusvanparts.co.uk/wp-admin/post.php?post=110557&action=edit
110576,HANDLE-REAR SEAT RECLINER,C00560411-43CB,C00560411,,https://shane.maxusvanparts.co.uk/wp-admin/post.php?post=110576&action=edit
110584,WEATHERSTRIP-REAR DOOR FRAME,C00471887-02CC,C00471887,,https://shane.maxusvanparts.co.uk/wp-admin/post.php?post=110584&action=edit
110585,HARNESS ASSEMBLY-FRONT AIR CONDITIONING COMPRESSOR,C00506635-0FF9,C00506635,,https://shane.maxusvanparts.co.uk/wp-admin/post.php?post=110585&action=edit
110589,EXPLOSION-PROOF VALVE,11249310-7505,11249310,,https://shane.maxusvanparts.co.uk/wp-admin/post.php?post=110589&action=edit
110598,COVER-SLIDING DOOR LOWER GUIDE,C00475786-0A75,C00475786,,https://shane.maxusvanparts.co.uk/wp-admin/post.php?post=110598&action=edit
110602,ACCESS  ASSEMBLY-FRONT FLOOR CENTER/CENTRE,C00506794-4100-7E7C,C00506794-4100,,https://shane.maxusvanparts.co.uk/wp-admin/post.php?post=110602&action=edit
110605,BOLT-POWER DISTRIBUTION MODULE FOR POWER BATTERIES,11257777-8119,11257777,,https://shane.maxusvanparts.co.uk/wp-admin/post.php?post=110605&action=edit
110610,PLUG-REAR SEAT TRACK HANDLE,C00560412-C4DB,C00560412,,https://shane.maxusvanparts.co.uk/wp-admin/post.php?post=110610&action=edit
110617,CRPSSMEMBER ASSEMBLY-REAR ROOF,C00473060-4100-34D5,C00473060-4100,,https://shane.maxusvanparts.co.uk/wp-admin/post.php?post=110617&action=edit
110621,POWER BATTERY lINK BRACKET,11275571-AAC0,11275571,,https://shane.maxusvanparts.co.uk/wp-admin/post.php?post=110621&action=edit
110624,COVER-SLIDING SIDE DOOR MOTOR,C00367623-8EDE,C00367623,,https://shane.maxusvanparts.co.uk/wp-admin/post.php?post=110624&action=edit
110638,COVER-SLIDING SIDE DOOR MOTOR,C00367625-D333,C00367625,,https://shane.maxusvanparts.co.uk/wp-admin/post.php?post=110638&action=edit
110641,PIPE-BATTERY COOLING PLATE,11283979-6512,11283979,,https://shane.maxusvanparts.co.uk/wp-admin/post.php?post=110641&action=edit
110644,HANDLE-REAR SEAT RECLINER,C00560413-5FC5,C00560413,,https://shane.maxusvanparts.co.uk/wp-admin/post.php?post=110644&action=edit
110646,PIPE ASSEMBLY-BRAKE (M/CYL1-ESP),C00089991-413A,C00089991,,https://shane.maxusvanparts.co.uk/wp-admin/post.php?post=110646&action=edit
110653,CROSSMEMBER ASSEMBLY-#4,C00506806-4100-F372,C00506806-4100,,https://shane.maxusvanparts.co.uk/wp-admin/post.php?post=110653&action=edit
110658,VALVE-BATTERY PACK DECOMPRESSION,11304150-3B98,11304150,,https://shane.maxusvanparts.co.uk/wp-admin/post.php?post=110658&action=edit
110659,FUSE-MAIN FUSE BOX,C00179642-FC00,C00179642,,https://shane.maxusvanparts.co.uk/wp-admin/post.php?post=110659&action=edit
110664,PIPE ASSEMBLY-BRAKE (M/CYL2-ESP),C00089992-BB3A,C00089992,,https://shane.maxusvanparts.co.uk/wp-admin/post.php?post=110664&action=edit
110670,BOX ASSEMBLY-HIGH VOLT DISTRIBUTION,C00507000-7CF6,C00507000,,https://shane.maxusvanparts.co.uk/wp-admin/post.php?post=110670&action=edit
110678,PLUG-REAR SEAT TRACK HANDLE,C00560414-D215,C00560414,,https://shane.maxusvanparts.co.uk/wp-admin/post.php?post=110678&action=edit
110683,FUSE-MAIN FUSE BOX,C00179643-82E4,C00179643,,https://shane.maxusvanparts.co.uk/wp-admin/post.php?post=110683&action=edit
110684,BELT ASSEMBLY-THIRD ROW SEAT,C00480138-F205-2844,C00480138-F205,,https://shane.maxusvanparts.co.uk/wp-admin/post.php?post=110684&action=edit
110686,BRACKET-FLOOR LOCK MOUNT,C00369143-57B0,C00369143,,https://shane.maxusvanparts.co.uk/wp-admin/post.php?post=110686&action=edit
110690,HIGH VOLTAGE DISTRIBUTION BOX,11316952-3746,11316952,,https://shane.maxusvanparts.co.uk/wp-admin/post.php?post=110690&action=edit
110691,MODULE-CHASSIS HARNESS PARKING BRAKE,C00279950-FF4A,C00279950,,https://shane.maxusvanparts.co.uk/wp-admin/post.php?post=110691&action=edit
110701,FUSE-MAIN FUSE BOX,C00179644-AE95,C00179644,,https://shane.maxusvanparts.co.uk/wp-admin/post.php?post=110701&action=edit
110704,BRACKET-FLOOR LOCK MOUNT,C00369145-1F3C,C00369145,,https://shane.maxusvanparts.co.uk/wp-admin/post.php?post=110704&action=edit
110705,TRIM-REAR FLOOR,C00508054-10FF,C00508054,,https://shane.maxusvanparts.co.uk/wp-admin/post.php?post=110705&action=edit
110709,HIGH VOLTAGE DISTRIBUTION BOX,11316953-C974,11316953,,https://shane.maxusvanparts.co.uk/wp-admin/post.php?post=110709&action=edit
110712,COVER-SECOND ROW SEAT BELT EXPORT PLASTIC,C00560423-AC6F,C00560423,,https://shane.maxusvanparts.co.uk/wp-admin/post.php?post=110712&action=edit
110717,BATTERY BRACKET-RIGHT,C00482717-3B0B,C00482717,,https://shane.maxusvanparts.co.uk/wp-admin/post.php?post=110717&action=edit
110719,FUSE-MAIN FUSE BOX,C00179645-A2B0,C00179645,,https://shane.maxusvanparts.co.uk/wp-admin/post.php?post=110719&action=edit
110724,HOSE-MOTOR CONTROL TO MOTOR,C00509500-D3DD,C00509500,,https://shane.maxusvanparts.co.uk/wp-admin/post.php?post=110724&action=edit
110727,PIPE-BATTERY COOLING PLATE,11492185-88F6,11492185,,https://shane.maxusvanparts.co.uk/wp-admin/post.php?post=110727&action=edit
110734,BATTERY BRACKET-LEFT,C00482718-D188,C00482718,,https://shane.maxusvanparts.co.uk/wp-admin/post.php?post=110734&action=edit
110739,CELL MANAGEMENT UNIT-POWER BATTERY,11520947-2915,11520947,,https://shane.maxusvanparts.co.uk/wp-admin/post.php?post=110739&action=edit
110741,PIPE-FRONT BRAKE,C00281299-2D16,C00281299,,https://shane.maxusvanparts.co.uk/wp-admin/post.php?post=110741&action=edit
110744,FUSE-MAIN FUSE BOX,C00179648-41B3,C00179648,,https://shane.maxusvanparts.co.uk/wp-admin/post.php?post=110744&action=edit
110753,POWER DISTRIBUTION MODULE-POWER BATTERIES,11617105-0055,11617105,,https://shane.maxusvanparts.co.uk/wp-admin/post.php?post=110753&action=edit
110764,FUSE-MAIN FUSE BOX,C00179649-6967,C00179649,,https://shane.maxusvanparts.co.uk/wp-admin/post.php?post=110764&action=edit
110770,BOLT-POWER BATTERY lINK BRACKET,90003452-2F5D,90003452,,https://shane.maxusvanparts.co.uk/wp-admin/post.php?post=110770&action=edit
110775,SECOND ROW SEAT BY CUSHION COVER ASSEMBLY,C00372981-3027-0C8F,C00372981-3027,,https://shane.maxusvanparts.co.uk/wp-admin/post.php?post=110775&action=edit
110787,BOLT-CMU MOUNTING BRACKET TO POWER BATTERY BASE,90004751-C772,90004751,,https://shane.maxusvanparts.co.uk/wp-admin/post.php?post=110787&action=edit
110790,SECOND ROW SEAT BY CUSHION COVER ASSEMBLY,C00372983-3027-E577,C00372983-3027,,https://shane.maxusvanparts.co.uk/wp-admin/post.php?post=110790&action=edit
110796,GUARD-REAR PASSENGER SEAT,C00560432-2319,C00560432,,https://shane.maxusvanparts.co.uk/wp-admin/post.php?post=110796&action=edit
110798,PANEL-SLIDING SIDE DOOR IN WATER,C00518299-4A3A,C00518299,,https://shane.maxusvanparts.co.uk/wp-admin/post.php?post=110798&action=edit
110803,SECOND ROW SEAT BY BACK COVER ASSEMBLY,C00484237-3027-847E,C00484237-3027,,https://shane.maxusvanparts.co.uk/wp-admin/post.php?post=110803&action=edit
110804,BOLT-BATTERY COOLING PLATE PIPE TO POWER BATTERY BASE,90005250-47FC,90005250,,https://shane.maxusvanparts.co.uk/wp-admin/post.php?post=110804&action=edit
110808,SECOND ROW SEAT BY CUSHION COVER ASSEMBLY,C00372985-3027-A80C,C00372985-3027,,https://shane.maxusvanparts.co.uk/wp-admin/post.php?post=110808&action=edit
110813,PANEL-SLIDING SIDE DOOR IN WATER,C00518300-EC61,C00518300,,https://shane.maxusvanparts.co.uk/wp-admin/post.php?post=110813&action=edit
110815,GUARD-REAR PASSENGER SEAT,C00560433-416B,C00560433,,https://shane.maxusvanparts.co.uk/wp-admin/post.php?post=110815&action=edit
110819,SECOND ROW SEAT BY BACK COVER ASSEMBLY,C00484238-3027-5614,C00484238-3027,,https://shane.maxusvanparts.co.uk/wp-admin/post.php?post=110819&action=edit
110827,SEALING STRIP ASSEMBLY-SLIDING SIDE DOOR UPPER,C00518675-305F,C00518675,,https://shane.maxusvanparts.co.uk/wp-admin/post.php?post=110827&action=edit
110834,GUARD-REAR PASSENGER SEAT,C00560434-DE6B,C00560434,,https://shane.maxusvanparts.co.uk/wp-admin/post.php?post=110834&action=edit
110836,SECOND ROW SEAT BY BACK COVER ASSEMBLY,C00484239-3027-5D0A,C00484239-3027,,https://shane.maxusvanparts.co.uk/wp-admin/post.php?post=110836&action=edit
110840,BOLT-PROOF EXPLOSION VALVE TO POWER BATTERY BASE,90005251-22FB,90005251,,https://shane.maxusvanparts.co.uk/wp-admin/post.php?post=110840&action=edit
110845,SEALING STRIP ASSEMBLY-SLIDING SIDE DOOR UPPER,C00518676-7350,C00518676,,https://shane.maxusvanparts.co.uk/wp-admin/post.php?post=110845&action=edit
110846,HARNESS-REAR DOOR,C00375820-C40D,C00375820,,https://shane.maxusvanparts.co.uk/wp-admin/post.php?post=110846&action=edit
110852,PLUG-REAR SEAT TRACK HANDLE,C00560700-FFE8,C00560700,,https://shane.maxusvanparts.co.uk/wp-admin/post.php?post=110852&action=edit
110853,HARNESS ASSEMBLY-CHARGE MACHINE DC,C00484291-009E,C00484291,,https://shane.maxusvanparts.co.uk/wp-admin/post.php?post=110853&action=edit
110859,SECTION-FRONT EVAPORATOR CYLINDER,C00519092-BBED,C00519092,,https://shane.maxusvanparts.co.uk/wp-admin/post.php?post=110859&action=edit
110869,HANDLE-REAR SEAT RECLINER,C00560701-0127,C00560701,,https://shane.maxusvanparts.co.uk/wp-admin/post.php?post=110869&action=edit
110870,WASHER-BATTERY TO LONGITUDINAL,C00484921-8D90,C00484921,,https://shane.maxusvanparts.co.uk/wp-admin/post.php?post=110870&action=edit
110873,BOLT-HARNESS TO POWER BATTERY BASE,90005254-96B5,90005254,,https://shane.maxusvanparts.co.uk/wp-admin/post.php?post=110873&action=edit
110876,DUCT-FRONT FLOOR,C00058396-ACD9,C00058396,,https://shane.maxusvanparts.co.uk/wp-admin/post.php?post=110876&action=edit
110880,SCREW-FRONT SIDE DOOR OUTER TRIM PANEL,C00519729-35A5,C00519729,,https://shane.maxusvanparts.co.uk/wp-admin/post.php?post=110880&action=edit
110884,COVER-SECOND ROW SEAT BELT EXPORT PLASTIC,C00560704-1AE6,C00560704,,https://shane.maxusvanparts.co.uk/wp-admin/post.php?post=110884&action=edit
110893,SWITCH-REAR DOOR,C00189172-CED1,C00189172,,https://shane.maxusvanparts.co.uk/wp-admin/post.php?post=110893&action=edit
110900,BOLT-BATTERY TO LONGITUDINAL,B00011298-04E2,B00011298,,https://shane.maxusvanparts.co.uk/wp-admin/post.php?post=110900&action=edit
110901,COMPRESSOR ASSEMBLY-AIR CONDITIONING,C00520462-5273,C00520462,,https://shane.maxusvanparts.co.uk/wp-admin/post.php?post=110901&action=edit
110902,BOLT/SCREW-SLIDING SIDE DOOR CHK(BODY),C00221523-B924,C00221523,,https://shane.maxusvanparts.co.uk/wp-admin/post.php?post=110902&action=edit
110903,GUARD-REAR PASSENGER SEAT,C00561677-A062,C00561677,,https://shane.maxusvanparts.co.uk/wp-admin/post.php?post=110903&action=edit
110917,BOLT-MOUNT REAR TO REDUCER,B00011499-CAD3,B00011499,,https://shane.maxusvanparts.co.uk/wp-admin/post.php?post=110917&action=edit
110925,BRACKET-INSTRUMENT PANEL CROSS MEMBER,C00027663-4A4F,C00027663,,https://shane.maxusvanparts.co.uk/wp-admin/post.php?post=110925&action=edit
110942,MEMBER-INSTRUMENT PANEL CROSS,C00027781-471D,C00027781,,https://shane.maxusvanparts.co.uk/wp-admin/post.php?post=110942&action=edit
110956,CLIP-FRONT PASSENGER CUSHION,C00396049-D6A8,C00396049,,https://shane.maxusvanparts.co.uk/wp-admin/post.php?post=110956&action=edit
110972,FRONT HVAC ASSEMBLY,C00523931-6BDE,C00523931,,https://shane.maxusvanparts.co.uk/wp-admin/post.php?post=110972&action=edit
110981,BOTTOM PANEL BRAKET-BODY,C00387767-7AE5,C00387767,,https://shane.maxusvanparts.co.uk/wp-admin/post.php?post=110981&action=edit
110986,HOSE ASSEMBLY-LOUVER OLT,C00222496-B561,C00222496,,https://shane.maxusvanparts.co.uk/wp-admin/post.php?post=110986&action=edit
110988,SYSTEM-ELECTRIC DRIVER,C00564093-D202,C00564093,,https://shane.maxusvanparts.co.uk/wp-admin/post.php?post=110988&action=edit
111006,PTC ASSEMBLY-FRONT,C00523938-1806,C00523938,,https://shane.maxusvanparts.co.uk/wp-admin/post.php?post=111006&action=edit
111007,PANEL ASSEMBLY-REAR WHEELHOUSE INNER,C00564246-4100-4385,C00564246-4100,,https://shane.maxusvanparts.co.uk/wp-admin/post.php?post=111007&action=edit
111022,PTC ASSEMBLY-REAR,C00523939-FF47,C00523939,,https://shane.maxusvanparts.co.uk/wp-admin/post.php?post=111022&action=edit
111024,HEADREST-REAR SEAT,C00568842-9170,C00568842,,https://shane.maxusvanparts.co.uk/wp-admin/post.php?post=111024&action=edit
111052,BOLT/SCREW-FRONT ANTICOLSION BEAM TO FRONT FRAME,C00344220-21D3,C00344220,,https://shane.maxusvanparts.co.uk/wp-admin/post.php?post=111052&action=edit
111061,DUCT-FRONT FLOOR,C00105691-C291,C00105691,,https://shane.maxusvanparts.co.uk/wp-admin/post.php?post=111061&action=edit
111068,FRONT ANTICOLISION BEAM ASSEMBLY,C00344520-4100-8439,C00344520-4100,,https://shane.maxusvanparts.co.uk/wp-admin/post.php?post=111068&action=edit
111074,PANEL ASSEMBLY-FRONT SIDE DOOR INNER TRIM,C00246603-8012-694F,C00246603-8012,,https://shane.maxusvanparts.co.uk/wp-admin/post.php?post=111074&action=edit
111085,FRONT ANTICOLISION BEAM ASSEMBLY,C00344520-M-A472,C00344520-M,,https://shane.maxusvanparts.co.uk/wp-admin/post.php?post=111085&action=edit
111086,BOLT-INSTRUMENT PANEL CROSS MEMBER TO BODY,C00225083-FC63,C00225083,,https://shane.maxusvanparts.co.uk/wp-admin/post.php?post=111086&action=edit
111090,SUBFRAME ASSEMBLY,C00525260-FDB9,C00525260,,https://shane.maxusvanparts.co.uk/wp-admin/post.php?post=111090&action=edit
111091,HEADREST-REAR SEAT,C00570191-5574,C00570191,,https://shane.maxusvanparts.co.uk/wp-admin/post.php?post=111091&action=edit
111092,PANEL ASSEMBLY-FRONT SIDE DOOR INNER TRIM,C00246604-8012-913B,C00246604-8012,,https://shane.maxusvanparts.co.uk/wp-admin/post.php?post=111092&action=edit
111123,HOSE ASSEMBLY-REAR SOLVENT,C00527674-3CA9,C00527674,,https://shane.maxusvanparts.co.uk/wp-admin/post.php?post=111123&action=edit
111127,KUNUCKLE-FRONT STEERING,C00577154-0BFD,C00577154,,https://shane.maxusvanparts.co.uk/wp-admin/post.php?post=111127&action=edit
111136,BRACKET ASSEMBLY-GLOVE BOX INSTALL,C00344550-89B7,C00344550,,https://shane.maxusvanparts.co.uk/wp-admin/post.php?post=111136&action=edit
111140,INSULATION-DASH PANEL INSULATION(DVR),C00527873-0871,C00527873,,https://shane.maxusvanparts.co.uk/wp-admin/post.php?post=111140&action=edit
111144,KUNUCKLE-FRONT STEERING,C00577155-0191,C00577155,,https://shane.maxusvanparts.co.uk/wp-admin/post.php?post=111144&action=edit
111161,DEFLECTOR-FRONT BOTTOM,C00578133-58F6,C00578133,,https://shane.maxusvanparts.co.uk/wp-admin/post.php?post=111161&action=edit
111172,CORNER ASSEMBLY-BRAKE,C00528352-9232,C00528352,,https://shane.maxusvanparts.co.uk/wp-admin/post.php?post=111172&action=edit
111179,DEFLECTOR-FRONT BOTTOM,C00578134-102E,C00578134,,https://shane.maxusvanparts.co.uk/wp-admin/post.php?post=111179&action=edit
111207,CROSSMEMBER ASSEMBLY-HEADLAMP UPPER,C00226050-4100-E837,C00226050-4100,,https://shane.maxusvanparts.co.uk/wp-admin/post.php?post=111207&action=edit
111214,SHAFT ASSEMBLY-EDU PARKING/PARK,C00582195-3790,C00582195,,https://shane.maxusvanparts.co.uk/wp-admin/post.php?post=111214&action=edit
111223,CROSSMEMBER ASSEMBLY-HEADLAMP UPPER,C00226050-M-AE81,C00226050-M,,https://shane.maxusvanparts.co.uk/wp-admin/post.php?post=111223&action=edit
111232,FITTING-TRANSMISSION COOLANT PIPE,C00582196-ED72,C00582196,,https://shane.maxusvanparts.co.uk/wp-admin/post.php?post=111232&action=edit
111245,FENDER-REAR BRAKE ROTOR,C00528427-F099,C00528427,,https://shane.maxusvanparts.co.uk/wp-admin/post.php?post=111245&action=edit
111248,MODULE-EDU ELECTRIC SHIF,C00586468-CCFF,C00586468,,https://shane.maxusvanparts.co.uk/wp-admin/post.php?post=111248&action=edit
111255,CROSSMEMBER ASSEMBLY-HEADLAMP UPPER,C00226060-4100-CDFF,C00226060-4100,,https://shane.maxusvanparts.co.uk/wp-admin/post.php?post=111255&action=edit
111262,FENDER-REAR BRAKE ROTOR,C00528429-8BD7,C00528429,,https://shane.maxusvanparts.co.uk/wp-admin/post.php?post=111262&action=edit
111267,HARNESS-EDU LV,C00586469-A935,C00586469,,https://shane.maxusvanparts.co.uk/wp-admin/post.php?post=111267&action=edit
111272,CROSSMEMBER ASSEMBLY-HEADLAMP UPPER,C00226060-M-E575,C00226060-M,,https://shane.maxusvanparts.co.uk/wp-admin/post.php?post=111272&action=edit
111276,ASSEMBLY-LOUVER,C00528832-2E9A,C00528832,,https://shane.maxusvanparts.co.uk/wp-admin/post.php?post=111276&action=edit
111290,MEMBER ASSEMBLY-LEG IMPACT,C00226070-4100-BC90,C00226070-4100,,https://shane.maxusvanparts.co.uk/wp-admin/post.php?post=111290&action=edit
111298,FRAME ASSEMBLY-FRONT LOUVER,C00388646-BC50,C00388646,,https://shane.maxusvanparts.co.uk/wp-admin/post.php?post=111298&action=edit
111303,ANTIFRICTION GASKET,C00614470-DE04,C00614470,,https://shane.maxusvanparts.co.uk/wp-admin/post.php?post=111303&action=edit
111304,HOLLOW-SLIDING DOOR BUMPER,C00296752-0ED7,C00296752,,https://shane.maxusvanparts.co.uk/wp-admin/post.php?post=111304&action=edit
111307,MEMBER ASSEMBLY-LEG IMPACT,C00226070-M-2F27,C00226070-M,,https://shane.maxusvanparts.co.uk/wp-admin/post.php?post=111307&action=edit
111314,WHEEL,C00035786-4A8B,C00035786,,https://shane.maxusvanparts.co.uk/wp-admin/post.php?post=111314&action=edit
111319,MICROPHONE,C00618673-2C0D,C00618673,,https://shane.maxusvanparts.co.uk/wp-admin/post.php?post=111319&action=edit
111353,KEY ASSEMBLY-INTELLIGENT,C00657761-94CB,C00657761,,https://shane.maxusvanparts.co.uk/wp-admin/post.php?post=111353&action=edit
111356,PLATE-FENDER CAMERA COVER,C00346629-K029-1524,C00346629-K029,,https://shane.maxusvanparts.co.uk/wp-admin/post.php?post=111356&action=edit
111359,DRIVER SEAT ASSEMBLY,C00531777-3027-2907,C00531777-3027,,https://shane.maxusvanparts.co.uk/wp-admin/post.php?post=111359&action=edit
111370,SECTION-REAR EVAPORATOR CYLINDER,C00674340-C44E,C00674340,,https://shane.maxusvanparts.co.uk/wp-admin/post.php?post=111370&action=edit
111373,PLATE-FENDER CAMERA COVER,C00346631-K029-3494,C00346631-K029,,https://shane.maxusvanparts.co.uk/wp-admin/post.php?post=111373&action=edit
111375,SEAT ASSEMBLY-FRONT SINGLE PASSENGER,C00531785-3027-D6D2,C00531785-3027,,https://shane.maxusvanparts.co.uk/wp-admin/post.php?post=111375&action=edit
111385,SWITCH GROUP ASSEMBLY-CENTER/CENTRE CONTROL,C00128812-0D10,C00128812,,https://shane.maxusvanparts.co.uk/wp-admin/post.php?post=111385&action=edit
111387,PLATE-REAR AIR CONDITIONING CONTROL TRIM,C00873688-B346,C00873688,,https://shane.maxusvanparts.co.uk/wp-admin/post.php?post=111387&action=edit
111395,UNIT-PSD,C00532651-DD2E,C00532651,,https://shane.maxusvanparts.co.uk/wp-admin/post.php?post=111395&action=edit
111405,CLIP-REAR AIR CONDITIONING CONTROL TRIM PLATE,C00873691-11E3,C00873691,,https://shane.maxusvanparts.co.uk/wp-admin/post.php?post=111405&action=edit
111410,UNIT-PSD,C00532652-311C,C00532652,,https://shane.maxusvanparts.co.uk/wp-admin/post.php?post=111410&action=edit
111423,REINFORCEMENT-REAR FLOOR PANEL,C00535300-4100-C24A,C00535300-4100,,https://shane.maxusvanparts.co.uk/wp-admin/post.php?post=111423&action=edit
111440,REINFORCEMENT-REAR FLOOR PANEL,C00535310-4100-73D1,C00535310-4100,,https://shane.maxusvanparts.co.uk/wp-admin/post.php?post=111440&action=edit
111460,HEADLINING ASSEMBLY-DRIVER,C00536129-1483,C00536129,,https://shane.maxusvanparts.co.uk/wp-admin/post.php?post=111460&action=edit
111465,FRAME ASSEMBLY-FRONT LOUVER,C00388691-5D76,C00388691,,https://shane.maxusvanparts.co.uk/wp-admin/post.php?post=111465&action=edit
111475,GUTTER-SLIDING SIDE DOOR GLASS,C00540069-F643,C00540069,,https://shane.maxusvanparts.co.uk/wp-admin/post.php?post=111475&action=edit
111484,SUNSHADE ASSEMBLY,C00302393-0D9E,C00302393,,https://shane.maxusvanparts.co.uk/wp-admin/post.php?post=111484&action=edit
111501,LAZYBACK ASSEMBLY-DRIVER SEAT,C00396195-3027-567B,C00396195-3027,,https://shane.maxusvanparts.co.uk/wp-admin/post.php?post=111501&action=edit
111505,PLUG-REAR BUMPER ASSEMBLY HOOK,C00541212-AAD2,C00541212,,https://shane.maxusvanparts.co.uk/wp-admin/post.php?post=111505&action=edit
111516,CUSHION ASSEMBLY-DRIVER SEAT,C00396196-3027-F8EE,C00396196-3027,,https://shane.maxusvanparts.co.uk/wp-admin/post.php?post=111516&action=edit
111520,PLUG-REAR BUMPER ASSEMBLY HOOK,C00541213-8A06,C00541213,,https://shane.maxusvanparts.co.uk/wp-admin/post.php?post=111520&action=edit
111550,GUTTER-FRONT DOOR GLASS,C00542541-939C,C00542541,,https://shane.maxusvanparts.co.uk/wp-admin/post.php?post=111550&action=edit
111562,DUSTSHIELD ASSEMBLY,C00389281-D435,C00389281,,https://shane.maxusvanparts.co.uk/wp-admin/post.php?post=111562&action=edit
111565,GUTTER-FRONT DOOR GLASS,C00542542-013F,C00542542,,https://shane.maxusvanparts.co.uk/wp-admin/post.php?post=111565&action=edit
111579,CROSSMEMBER ASSEMBLY-#5,C00306260-4100-72DA,C00306260-4100,,https://shane.maxusvanparts.co.uk/wp-admin/post.php?post=111579&action=edit
111594,SUNSHADE ASSEMBLY,C00307412-8C58,C00307412,,https://shane.maxusvanparts.co.uk/wp-admin/post.php?post=111594&action=edit
111596,BRACKET ASSEMBLY-FRONT COMPARTMENT FUSE BOX,C00543274-E360,C00543274,,https://shane.maxusvanparts.co.uk/wp-admin/post.php?post=111596&action=edit
111660,PLATE ASSEMBLY-BODY A/PILLAR UPPER INNER,C00549040-4100-F5DC,C00549040-4100,,https://shane.maxusvanparts.co.uk/wp-admin/post.php?post=111660&action=edit
111689,PAD-SUB INSTRUMENT PANEL ASSEMBLY,C00550404-01B5,C00550404,,https://shane.maxusvanparts.co.uk/wp-admin/post.php?post=111689&action=edit
111695,FUSE-MAIN FUSE BOX,C00389587-D75B,C00389587,,https://shane.maxusvanparts.co.uk/wp-admin/post.php?post=111695&action=edit
111704,PANEL-FRONT FLOOR,C00402002-4100-BFB7,C00402002-4100,,https://shane.maxusvanparts.co.uk/wp-admin/post.php?post=111704&action=edit
111707,FELT-CONSOLE BOX,C00550428-224A,C00550428,,https://shane.maxusvanparts.co.uk/wp-admin/post.php?post=111707&action=edit
111723,LONGITUDINAL ASSEMBLY-REAR FLOOR,C00552920-4100-6E80,C00552920-4100,,https://shane.maxusvanparts.co.uk/wp-admin/post.php?post=111723&action=edit
111737,LONGITUDINAL ASSEMBLY-REAR FLOOR,C00552930-4100-AF5F,C00552930-4100,,https://shane.maxusvanparts.co.uk/wp-admin/post.php?post=111737&action=edit
111746,DUCT-REAR FLOOR,C00440497-4AD7,C00440497,,https://shane.maxusvanparts.co.uk/wp-admin/post.php?post=111746&action=edit
111778,PANEL-REAR SIDE PANEL LOWER TRIM,C00441167-5AEB,C00441167,,https://shane.maxusvanparts.co.uk/wp-admin/post.php?post=111778&action=edit
111793,INSULATION-REAR WHEELHOUSE INNER,C00011472-0367,C00011472,,https://shane.maxusvanparts.co.uk/wp-admin/post.php?post=111793&action=edit
111794,PANEL-REAR SIDE PANEL LOWER TRIM,C00441173-34A0,C00441173,,https://shane.maxusvanparts.co.uk/wp-admin/post.php?post=111794&action=edit
111833,CELL,C00423666-7465,C00423666,,https://shane.maxusvanparts.co.uk/wp-admin/post.php?post=111833&action=edit
111840,WELD STUD-FRONT FLOOR ASSEMBLY,C00264814-9AF2,C00264814,,https://shane.maxusvanparts.co.uk/wp-admin/post.php?post=111840&action=edit
111852,FUSE-MAIN FUSE BOX,C00389618-BEC1,C00389618,,https://shane.maxusvanparts.co.uk/wp-admin/post.php?post=111852&action=edit
111894,HARNESS ASSEMBLY-CDU,C00390781-5FF5,C00390781,,https://shane.maxusvanparts.co.uk/wp-admin/post.php?post=111894&action=edit
111901,BRACKET ASSEMBLY-PDU MOUNT,C00494990-7DA5,C00494990,,https://shane.maxusvanparts.co.uk/wp-admin/post.php?post=111901&action=edit
111905,SEAT-REAR SINGLE PASSENGER,C00555855-3027-C1AA,C00555855-3027,,https://shane.maxusvanparts.co.uk/wp-admin/post.php?post=111905&action=edit
111906,BRACKET-FLOOR LOCK MOUNT,C00391075-263C,C00391075,,https://shane.maxusvanparts.co.uk/wp-admin/post.php?post=111906&action=edit
111908,HOLLOW-SIDE DOOR DOOR FRAME BUMPER,C00360879-B84F,C00360879,,https://shane.maxusvanparts.co.uk/wp-admin/post.php?post=111908&action=edit
111920,SEAT-REAR SINGLE PASSENGER,C00555856-3027-C106,C00555856-3027,,https://shane.maxusvanparts.co.uk/wp-admin/post.php?post=111920&action=edit
111932,SEAT-REAR SINGLE PASSENGER,C00555858-3027-26C2,C00555858-3027,,https://shane.maxusvanparts.co.uk/wp-admin/post.php?post=111932&action=edit
111953,SWITCH ASSEMBLY-WINDOW DRIVER,C00497604-FC55,C00497604,,https://shane.maxusvanparts.co.uk/wp-admin/post.php?post=111953&action=edit
111958,SUB ASSEMBLY-REAR VIEW MIRROR,C00557233-DAD9,C00557233,,https://shane.maxusvanparts.co.uk/wp-admin/post.php?post=111958&action=edit
111965,USB CABLE-IP HARNESS,C00500716-DDE2,C00500716,,https://shane.maxusvanparts.co.uk/wp-admin/post.php?post=111965&action=edit
111969,SUB ASSEMBLY-REAR VIEW MIRROR,C00557234-EF0C,C00557234,,https://shane.maxusvanparts.co.uk/wp-admin/post.php?post=111969&action=edit
111976,REAR LAMPS,C00501527-75F9,C00501527,,https://shane.maxusvanparts.co.uk/wp-admin/post.php?post=111976&action=edit
111985,PANEL-REAR SIDE DOOR UNDER TRIM,C00013656-5533,C00013656,,https://shane.maxusvanparts.co.uk/wp-admin/post.php?post=111985&action=edit
111986,REAR LAMPS,C00501528-EF54,C00501528,,https://shane.maxusvanparts.co.uk/wp-admin/post.php?post=111986&action=edit
111993,REAR LAMPS,C00501529-0664,C00501529,,https://shane.maxusvanparts.co.uk/wp-admin/post.php?post=111993&action=edit
111994,PANEL-REAR SIDE DOOR UNDER TRIM,C00013658-5AC6,C00013658,,https://shane.maxusvanparts.co.uk/wp-admin/post.php?post=111994&action=edit
113162,ASSEMBLY-INTELLIGENT GATEWAY,C00589844-CDDE,C00589844,,https://shane.maxusvanparts.co.uk/wp-admin/post.php?post=113162&action=edit
113228,BRACKET-BATTERY BOX SUPPORT,C00775597-5C4B,C00775597,,https://shane.maxusvanparts.co.uk/wp-admin/post.php?post=113228&action=edit
113230,BOLT-AC&amp;DC INTEGRATED CHARGE HARNESS ASSEMBLY,B00006079-F268,B00006079,,https://shane.maxusvanparts.co.uk/wp-admin/post.php?post=113230&action=edit
113240,BRACKET-BATTERY BOX SUPPORT,C00780225-038C,C00780225,,https://shane.maxusvanparts.co.uk/wp-admin/post.php?post=113240&action=edit
113252,BRACKET-BATTERY BOX SUPPORT,C00780310-D9B0,C00780310,,https://shane.maxusvanparts.co.uk/wp-admin/post.php?post=113252&action=edit
113266,BRACKET-BATTERY BOX SUPPORT,C00780388-0652,C00780388,,https://shane.maxusvanparts.co.uk/wp-admin/post.php?post=113266&action=edit
113278,HARNESS ASSEMBLY-POWER BATTERY,C00787407-54B1,C00787407,,https://shane.maxusvanparts.co.uk/wp-admin/post.php?post=113278&action=edit
114499,ELECTRONIC CONTROL UNIT-TRAILER,C00544364-E10C,C00544364,,https://shane.maxusvanparts.co.uk/wp-admin/post.php?post=114499&action=edit
114631,FILM-BODY THRESHOLD,C00004810-A347,C00004810,,https://shane.maxusvanparts.co.uk/wp-admin/post.php?post=114631&action=edit
114642,FILM-BODY THRESHOLD,C00004812-9462,C00004812,,https://shane.maxusvanparts.co.uk/wp-admin/post.php?post=114642&action=edit
114776,HARNESS ASSEMBLY-MOTOR CONTROL,C00419027-3F8F,C00419027,,https://shane.maxusvanparts.co.uk/wp-admin/post.php?post=114776&action=edit
114786,THREE-PHASE LINE-MOTOR,C00419030-3A55,C00419030,,https://shane.maxusvanparts.co.uk/wp-admin/post.php?post=114786&action=edit
114978,CROSS MEMBER-FRAME NO.3,C00332541-4100-CC83,C00332541-4100,,https://shane.maxusvanparts.co.uk/wp-admin/post.php?post=114978&action=edit
115148,HOSE-CDU TO MOTOR CONTROL,C00482022-D137,C00482022,,https://shane.maxusvanparts.co.uk/wp-admin/post.php?post=115148&action=edit
115215,BRACKET-MOTOR CONTROLLER,C00489509-07E3,C00489509,,https://shane.maxusvanparts.co.uk/wp-admin/post.php?post=115215&action=edit
115226,BRACKET-MOTOR CONTROLLER,C00489510-D337,C00489510,,https://shane.maxusvanparts.co.uk/wp-admin/post.php?post=115226&action=edit
115237,BRACKET-MOTOR CONTROLLER,C00489512-0195,C00489512,,https://shane.maxusvanparts.co.uk/wp-admin/post.php?post=115237&action=edit
115618,SEALING STRIP ASSEMBLY-SLIDING SIDE DOOR UPPER,C00638383-5EB5,C00638383,,https://shane.maxusvanparts.co.uk/wp-admin/post.php?post=115618&action=edit
115624,WINDSHIELD ASSEMBLY,C00647669-5F9D,C00647669,,https://shane.maxusvanparts.co.uk/wp-admin/post.php?post=115624&action=edit
115625,PIPE-WINDSHIELD COVER PANEL OUTLET,C00648939-7267,C00648939,,https://shane.maxusvanparts.co.uk/wp-admin/post.php?post=115625&action=edit
115630,MUDGUARD-FRONT,C00651022-D968,C00651022,,https://shane.maxusvanparts.co.uk/wp-admin/post.php?post=115630&action=edit
115631,MUDGUARD-FRONT,C00651023-33B7,C00651023,,https://shane.maxusvanparts.co.uk/wp-admin/post.php?post=115631&action=edit
115639,REAR AXEL ASSEMBLY-BRAKE,C00654082-28D6,C00654082,,https://shane.maxusvanparts.co.uk/wp-admin/post.php?post=115639&action=edit
115640,HANDLE ASSEMBLY-SLIDING DOOR OUTER,C00655350-12C9,C00655350,,https://shane.maxusvanparts.co.uk/wp-admin/post.php?post=115640&action=edit
115641,FILM-F/DOOR A/PILLAR,C00656111-9A4F,C00656111,,https://shane.maxusvanparts.co.uk/wp-admin/post.php?post=115641&action=edit
115642,FILM-F/DOOR A/PILLAR,C00656112-7789,C00656112,,https://shane.maxusvanparts.co.uk/wp-admin/post.php?post=115642&action=edit
115643,FILM-FRONT DOOR WINDOW FRAME,C00656121-E056,C00656121,,https://shane.maxusvanparts.co.uk/wp-admin/post.php?post=115643&action=edit
115644,FILM-FRONT DOOR WINDOW FRAME,C00656122-86A6,C00656122,,https://shane.maxusvanparts.co.uk/wp-admin/post.php?post=115644&action=edit
115646,FILM-F/DOOR B/PILLAR,C00656131-551A,C00656131,,https://shane.maxusvanparts.co.uk/wp-admin/post.php?post=115646&action=edit
115648,FILM-F/DOOR B/PILLAR,C00656132-FCD5,C00656132,,https://shane.maxusvanparts.co.uk/wp-admin/post.php?post=115648&action=edit
115653,CLIP-CARPET COVER,C00181047-2C0C,C00181047,,https://shane.maxusvanparts.co.uk/wp-admin/post.php?post=115653&action=edit
115663,ASSEMBLY-LOW PRESSURE HARNESS,11028983-3895,11028983,,https://shane.maxusvanparts.co.uk/wp-admin/post.php?post=115663&action=edit
115669,HARNESS ASSEMBLY-FRONT COMPARTMENT,C00661311-033E,C00661311,,https://shane.maxusvanparts.co.uk/wp-admin/post.php?post=115669&action=edit
115675,PIPE-BATTERY COOLING PLATE,11134819-133F,11134819,,https://shane.maxusvanparts.co.uk/wp-admin/post.php?post=115675&action=edit
115676,HANDLE ASSEMBLY-FRONT SIDE DOOR INNER,C00663366-3FD0,C00663366,,https://shane.maxusvanparts.co.uk/wp-admin/post.php?post=115676&action=edit
115684,TRANSITION-BATTERY COOLING,C00441963-6D1D,C00441963,,https://shane.maxusvanparts.co.uk/wp-admin/post.php?post=115684&action=edit
115685,GEAR RIM-REAR WHEEL SPEED,C00506111-FB7F,C00506111,,https://shane.maxusvanparts.co.uk/wp-admin/post.php?post=115685&action=edit
115691,MEMBER ASSEMBLY-ROOF MID REINFORCEMENT,C00470310-4100-FA8F,C00470310-4100,,https://shane.maxusvanparts.co.uk/wp-admin/post.php?post=115691&action=edit
115699,CRPSSMEMBER ASSEMBLY-REAR ROOF,C00470410-4100-C812,C00470410-4100,,https://shane.maxusvanparts.co.uk/wp-admin/post.php?post=115699&action=edit
115704,PLUG-FLOOR  ASSEMBLY,C00222914-C0F9,C00222914,,https://shane.maxusvanparts.co.uk/wp-admin/post.php?post=115704&action=edit
115705,ASSEMBLY-LOW PRESSURE HARNESS,11139069-D63C,11139069,,https://shane.maxusvanparts.co.uk/wp-admin/post.php?post=115705&action=edit
115722,BARRIER-B/PILLAR UPPER,C00470721-M-21C2,C00470721-M,,https://shane.maxusvanparts.co.uk/wp-admin/post.php?post=115722&action=edit
115730,BARRIER ASSEMBLY-B/PILLAR UPPER,C00470821-4100-368E,C00470821-4100,,https://shane.maxusvanparts.co.uk/wp-admin/post.php?post=115730&action=edit
115738,BARRIER ASSEMBLY-B/PILLAR UPPER,C00470821-M-A69B,C00470821-M,,https://shane.maxusvanparts.co.uk/wp-admin/post.php?post=115738&action=edit
115743,BOLT-POWER BATTERY lINK BRACKET,11162557-66B8,11162557,,https://shane.maxusvanparts.co.uk/wp-admin/post.php?post=115743&action=edit
115746,DOOR-BULKHEAD GUARD,C00470830-4100-01B2,C00470830-4100,,https://shane.maxusvanparts.co.uk/wp-admin/post.php?post=115746&action=edit
115749,CABLE-REAR DOOR RELEASE,C00517277-96AA,C00517277,,https://shane.maxusvanparts.co.uk/wp-admin/post.php?post=115749&action=edit
115754,DOOR-BULKHEAD GUARD,C00470830-M-1C5A,C00470830-M,,https://shane.maxusvanparts.co.uk/wp-admin/post.php?post=115754&action=edit
115759,CLIP-FRONT BRAKE PIPE,C00442653-5007,C00442653,,https://shane.maxusvanparts.co.uk/wp-admin/post.php?post=115759&action=edit
115762,DOOR-BULKHEAD GUARD,C00470840-4100-C56B,C00470840-4100,,https://shane.maxusvanparts.co.uk/wp-admin/post.php?post=115762&action=edit
115763,PANEL ASSEMBLY-DASH,C00669350-4100-4FC0,C00669350-4100,,https://shane.maxusvanparts.co.uk/wp-admin/post.php?post=115763&action=edit
115764,WEATHERSTRIP-REAR DOOR INTERMEDIATE GAP,C00591900-2BE6,C00591900,,https://shane.maxusvanparts.co.uk/wp-admin/post.php?post=115764&action=edit
115768,WELD ASSEMBLY-REAR DOOR,C00442679-4100-2B28,C00442679-4100,,https://shane.maxusvanparts.co.uk/wp-admin/post.php?post=115768&action=edit
115770,DOOR-BULKHEAD GUARD,C00470840-M-5723,C00470840-M,,https://shane.maxusvanparts.co.uk/wp-admin/post.php?post=115770&action=edit
115776,WELD ASSEMBLY-REAR DOOR,C00442692-4100-2C19,C00442692-4100,,https://shane.maxusvanparts.co.uk/wp-admin/post.php?post=115776&action=edit
115788,WAX-NOISE REDUCTION,C00592072-4297,C00592072,,https://shane.maxusvanparts.co.uk/wp-admin/post.php?post=115788&action=edit
115796,PLUG-REAR BUMPER,C00592253-5E13,C00592253,,https://shane.maxusvanparts.co.uk/wp-admin/post.php?post=115796&action=edit
115798,SENSOR-BATTERY COOLANT TEMPERATURE,11489398-B9DF,11489398,,https://shane.maxusvanparts.co.uk/wp-admin/post.php?post=115798&action=edit
115804,PIPE-BATTERY COOLING PLATE,11492184-1D6E,11492184,,https://shane.maxusvanparts.co.uk/wp-admin/post.php?post=115804&action=edit
115813,CELL MANAGEMENT UNIT-POWER BATTERY,11499844-F066,11499844,,https://shane.maxusvanparts.co.uk/wp-admin/post.php?post=115813&action=edit
115820,BOLT-POWER BATTERY UPPER COVER TO POWER BATTERY BASE,11586977-C08A,11586977,,https://shane.maxusvanparts.co.uk/wp-admin/post.php?post=115820&action=edit
115826,CORNER ASSEMBLY-BRAKE,C00454375-CD20,C00454375,,https://shane.maxusvanparts.co.uk/wp-admin/post.php?post=115826&action=edit
115828,POWER DISTRIBUTION MODULE-POWER BATTERIES,11626401-2C7C,11626401,,https://shane.maxusvanparts.co.uk/wp-admin/post.php?post=115828&action=edit
115834,CORNER ASSEMBLY-BRAKE,C00454376-0626,C00454376,,https://shane.maxusvanparts.co.uk/wp-admin/post.php?post=115834&action=edit
115836,COVER-POWER BATTERY UPPER,11634815-2306,11634815,,https://shane.maxusvanparts.co.uk/wp-admin/post.php?post=115836&action=edit
115845,BOLT-HARNESS TO POWER BATTERY BASE,90000007-9AFF,90000007,,https://shane.maxusvanparts.co.uk/wp-admin/post.php?post=115845&action=edit
115865,CABLE-REAR DOOR RELEASE,C00442773-C9F5,C00442773,,https://shane.maxusvanparts.co.uk/wp-admin/post.php?post=115865&action=edit
115867,ARM ASSEMBLY-FRONT SUSPENSION  LOWER,C00455191-A9D6,C00455191,,https://shane.maxusvanparts.co.uk/wp-admin/post.php?post=115867&action=edit
115872,BOOSTER-POWER BRAKE VACUUM,C00594082-127A,C00594082,,https://shane.maxusvanparts.co.uk/wp-admin/post.php?post=115872&action=edit
115875,ARM ASSEMBLY-FRONT SUSPENSION  LOWER,C00455196-A081,C00455196,,https://shane.maxusvanparts.co.uk/wp-admin/post.php?post=115875&action=edit
115889,PLATE ASSEMBLY-B/PILLAR UPPER INNER,C00477310-4100-8E49,C00477310-4100,,https://shane.maxusvanparts.co.uk/wp-admin/post.php?post=115889&action=edit
115894,BRACKET-PARKING/PARK AID SENSOR,C00412640-DCCD,C00412640,,https://shane.maxusvanparts.co.uk/wp-admin/post.php?post=115894&action=edit
115897,PLATE ASSEMBLY-B/PILLAR UPPER INNER,C00477320-4100-C07F,C00477320-4100,,https://shane.maxusvanparts.co.uk/wp-admin/post.php?post=115897&action=edit
115901,MOUNT-ESP CONTROL,C00521238-F9F3,C00521238,,https://shane.maxusvanparts.co.uk/wp-admin/post.php?post=115901&action=edit
115920,PANEL-FRONT PASSENGER SEAT SIDE,C00674374-7D46,C00674374,,https://shane.maxusvanparts.co.uk/wp-admin/post.php?post=115920&action=edit
115936,MASTER CYLINDER &amp; RESERVOIR,C00690336-8B98,C00690336,,https://shane.maxusvanparts.co.uk/wp-admin/post.php?post=115936&action=edit
115937,PLATE ASSEMBLY-D/PILLAR INNER,C00478110-4100-F779,C00478110-4100,,https://shane.maxusvanparts.co.uk/wp-admin/post.php?post=115937&action=edit
115941,CELL,C00530840-43C0,C00530840,,https://shane.maxusvanparts.co.uk/wp-admin/post.php?post=115941&action=edit
115944,SHAFT-INPUT,C00691109-4F11,C00691109,,https://shane.maxusvanparts.co.uk/wp-admin/post.php?post=115944&action=edit
115946,PLATE ASSEMBLY-REAR SIDE PANEL INNER,C00478510-4100-5181,C00478510-4100,,https://shane.maxusvanparts.co.uk/wp-admin/post.php?post=115946&action=edit
115949,HARNESS-LEFT HAND SIDE ROOF,C00531158-9683,C00531158,,https://shane.maxusvanparts.co.uk/wp-admin/post.php?post=115949&action=edit
115952,ADHESIVE-TRANSMISSION,C00691117-E2DF,C00691117,,https://shane.maxusvanparts.co.uk/wp-admin/post.php?post=115952&action=edit
115955,PLATE ASSEMBLY-REAR SIDE PANEL INNER,C00478520-4100-649A,C00478520-4100,,https://shane.maxusvanparts.co.uk/wp-admin/post.php?post=115955&action=edit
115966,SPACER-REAR HUB BEARING,C00533191-64D0,C00533191,,https://shane.maxusvanparts.co.uk/wp-admin/post.php?post=115966&action=edit
115968,PLATE ASSEMBLY-EDU HV INSPECTION WINDOW,C00743602-599B,C00743602,,https://shane.maxusvanparts.co.uk/wp-admin/post.php?post=115968&action=edit
115976,BOLT-MCU,C00744041-806C,C00744041,,https://shane.maxusvanparts.co.uk/wp-admin/post.php?post=115976&action=edit
115978,HINGE ASSEMBLY-SLIDING SIDE DOOR UPPER,C00443045-39A0,C00443045,,https://shane.maxusvanparts.co.uk/wp-admin/post.php?post=115978&action=edit
115984,PLUG ASSEMBLY-BREATHER,C00744068-8AC1,C00744068,,https://shane.maxusvanparts.co.uk/wp-admin/post.php?post=115984&action=edit
115987,HINGE ASSEMBLY-SLIDING SIDE DOOR UPPER,C00443046-6FA8,C00443046,,https://shane.maxusvanparts.co.uk/wp-admin/post.php?post=115987&action=edit
115992,PIN-EDU HSG,C00744956-95C0,C00744956,,https://shane.maxusvanparts.co.uk/wp-admin/post.php?post=115992&action=edit
115999,REINFORCEMENT-FRONT COMPARTMENT LKR(BODY),C00536930-4100-8C67,C00536930-4100,,https://shane.maxusvanparts.co.uk/wp-admin/post.php?post=115999&action=edit
116005,COVER-ALUMINUM WHEEL HUB TRIM,C00597213-8C4E,C00597213,,https://shane.maxusvanparts.co.uk/wp-admin/post.php?post=116005&action=edit
116011,SEAL-POWER BRAKE BOOSTER TO MASTER CYLINDER,C00479724-6E69,C00479724,,https://shane.maxusvanparts.co.uk/wp-admin/post.php?post=116011&action=edit
116032,FOAM ASSEMBLY-FRONT PASSENGER SEAT BACKREST,C00772799-7BA0,C00772799,,https://shane.maxusvanparts.co.uk/wp-admin/post.php?post=116032&action=edit
116040,FOAM ASSEMBLY-FRONT PASSENGER SEAT CUSHION,C00772805-91EF,C00772805,,https://shane.maxusvanparts.co.uk/wp-admin/post.php?post=116040&action=edit
116041,BOLT-COLUMN STEERING &amp; BRACKET,B00006044-EEF0,B00006044,,https://shane.maxusvanparts.co.uk/wp-admin/post.php?post=116041&action=edit
116048,LINK ASSEMBLY-FRONT SUSPENSION STABILIZER BAR,C00775143-01F9,C00775143,,https://shane.maxusvanparts.co.uk/wp-admin/post.php?post=116048&action=edit
116056,LINK ASSEMBLY-FRONT SUSPENSION STABILIZER BAR,C00775144-71BE,C00775144,,https://shane.maxusvanparts.co.uk/wp-admin/post.php?post=116056&action=edit
116060,CROSSMEMBER ASSEMBLY-RADIATOR UPPER,C00603000-4100-2269,C00603000-4100,,https://shane.maxusvanparts.co.uk/wp-admin/post.php?post=116060&action=edit
116061,BOLT-REAR LEAF SPRING,C00420954-9676,C00420954,,https://shane.maxusvanparts.co.uk/wp-admin/post.php?post=116061&action=edit
116064,BOLT/SCREW-PASSENGER SEAT PODIUM,C00794241-1D20,C00794241,,https://shane.maxusvanparts.co.uk/wp-admin/post.php?post=116064&action=edit
116071,BOLT/SCREW-PASSENGER SEAT PODIUM,C00794377-95C2,C00794377,,https://shane.maxusvanparts.co.uk/wp-admin/post.php?post=116071&action=edit
116079,PTC ASSEMBLY-FRONT,C00845327-AF25,C00845327,,https://shane.maxusvanparts.co.uk/wp-admin/post.php?post=116079&action=edit
116083,BOLT-S/FRAME FRONT TO BODY,C00480762-6404,C00480762,,https://shane.maxusvanparts.co.uk/wp-admin/post.php?post=116083&action=edit
116086,CROSSMEMBER ASSEMBLY-DASH,C00465170-4100-16E4,C00465170-4100,,https://shane.maxusvanparts.co.uk/wp-admin/post.php?post=116086&action=edit
116087,SPRING-REAR LEAF,C00445444-5039,C00445444,,https://shane.maxusvanparts.co.uk/wp-admin/post.php?post=116087&action=edit
116090,BRACKET-ACU PROTECTION,C00604090-4100-F12C,C00604090-4100,,https://shane.maxusvanparts.co.uk/wp-admin/post.php?post=116090&action=edit
116093,CROSSMEMBER ASSEMBLY-DASH,C00465180-4100-FD31,C00465180-4100,,https://shane.maxusvanparts.co.uk/wp-admin/post.php?post=116093&action=edit
116097,BRACKET-ACU PROTECTION,C00604090-M-E0A2,C00604090-M,,https://shane.maxusvanparts.co.uk/wp-admin/post.php?post=116097&action=edit
116119,ASSEMBLY-A/PILLAR UPPER OUTER PANEL,C00486110-4100-F9CB,C00486110-4100,,https://shane.maxusvanparts.co.uk/wp-admin/post.php?post=116119&action=edit
116123,CLIP-INSTRUMENT PANEL BODY ASSEMBLY,C00026221-956B,C00026221,,https://shane.maxusvanparts.co.uk/wp-admin/post.php?post=116123&action=edit
116126,ASSEMBLY-A/PILLAR UPPER OUTER PANEL,C00486120-4100-5C9F,C00486120-4100,,https://shane.maxusvanparts.co.uk/wp-admin/post.php?post=116126&action=edit
116129,CLIP-ROOF HEADLINING TRIM PANEL,C00026221-A200-87CD,C00026221-A200,,https://shane.maxusvanparts.co.uk/wp-admin/post.php?post=116129&action=edit
116133,SECTION-FENDER INSTALL BRACKET,C00486430-4100-7055,C00486430-4100,,https://shane.maxusvanparts.co.uk/wp-admin/post.php?post=116133&action=edit
116137,BULB-REAR TURN SIGNAL,C00550506-070E,C00550506,,https://shane.maxusvanparts.co.uk/wp-admin/post.php?post=116137&action=edit
116139,PLATE ASSEMBLY-D/PILLAR INNER,C00606060-4100-6702,C00606060-4100,,https://shane.maxusvanparts.co.uk/wp-admin/post.php?post=116139&action=edit
116140,FRONT ANTICOLISION BEAM ASSEMBLY,C00465730-M-C2FE,C00465730-M,,https://shane.maxusvanparts.co.uk/wp-admin/post.php?post=116140&action=edit
116142,SECTION-FENDER INSTALL BRACKET,C00486440-4100-8C88,C00486440-4100,,https://shane.maxusvanparts.co.uk/wp-admin/post.php?post=116142&action=edit
116144,SWITCH ASSEMBLY-WINDOW DRIVER,C00553532-7ECB,C00553532,,https://shane.maxusvanparts.co.uk/wp-admin/post.php?post=116144&action=edit
116147,CROSSMEMBER ASSEMBLY-DASH,C00465740-4100-55AF,C00465740-4100,,https://shane.maxusvanparts.co.uk/wp-admin/post.php?post=116147&action=edit
116154,CROSSMEMBER ASSEMBLY-DASH,C00465740-M-E6D9,C00465740-M,,https://shane.maxusvanparts.co.uk/wp-admin/post.php?post=116154&action=edit
116170,BOLT/SCREW-FRONT STABILIZER BAR CLAMP BRACKET TO S/FRAME,C00068225-1710,C00068225,,https://shane.maxusvanparts.co.uk/wp-admin/post.php?post=116170&action=edit
116171,PODIUM GUARD-DRIVER SEAT,C00562610-9081,C00562610,,https://shane.maxusvanparts.co.uk/wp-admin/post.php?post=116171&action=edit
116180,BRACKET-REAR DOOR UPPER SEAL INSTALL,C00487110-4100-9B54,C00487110-4100,,https://shane.maxusvanparts.co.uk/wp-admin/post.php?post=116180&action=edit
116186,SECTION-B/PILLAR BARRIER INSTALL BRACKET,C00608001-4100-3EA4,C00608001-4100,,https://shane.maxusvanparts.co.uk/wp-admin/post.php?post=116186&action=edit
116187,SECTION-REAR ROOF CROSS MEMBER OUTER PANEL,C00487150-4100-D216,C00487150-4100,,https://shane.maxusvanparts.co.uk/wp-admin/post.php?post=116187&action=edit
116190,WEATHERSTRIP-REAR DOOR FRAME,C00428601-2771,C00428601,,https://shane.maxusvanparts.co.uk/wp-admin/post.php?post=116190&action=edit
116194,SECTION-B/PILLAR BARRIER INSTALL BRACKET,C00608002-4100-498C,C00608002-4100,,https://shane.maxusvanparts.co.uk/wp-admin/post.php?post=116194&action=edit
116201,MEMBER ASSEMBLY-ROOF MID REINFORCEMENT,C00608010-4100-F39E,C00608010-4100,,https://shane.maxusvanparts.co.uk/wp-admin/post.php?post=116201&action=edit
116206,PANEL-REAR ROOF CROSS MEMBER OUTER,C00608011-4100-E3AA,C00608011-4100,,https://shane.maxusvanparts.co.uk/wp-admin/post.php?post=116206&action=edit
116214,MEMBER ASSEMBLY-ROOF MID REINFORCEMENT,C00608030-4100-EB18,C00608030-4100,,https://shane.maxusvanparts.co.uk/wp-admin/post.php?post=116214&action=edit
116223,PANEL -FRONT SIDE PANEL OUTER,C00469032-4100-35F6,C00469032-4100,,https://shane.maxusvanparts.co.uk/wp-admin/post.php?post=116223&action=edit
116231,PANEL -FRONT SIDE PANEL OUTER,C00469035-4100-9F9E,C00469035-4100,,https://shane.maxusvanparts.co.uk/wp-admin/post.php?post=116231&action=edit
116238,PANEL-REAR SIDE PANEL OUTER,C00469041-4100-ECB3,C00469041-4100,,https://shane.maxusvanparts.co.uk/wp-admin/post.php?post=116238&action=edit
116245,PANEL-REAR SIDE PANEL OUTER,C00469042-4100-E07E,C00469042-4100,,https://shane.maxusvanparts.co.uk/wp-admin/post.php?post=116245&action=edit
116282,PANEL A-REAR BUMPER FASCIA SIDE,C00620741-8C69,C00620741,,https://shane.maxusvanparts.co.uk/wp-admin/post.php?post=116282&action=edit
116289,PANEL A-REAR BUMPER FASCIA SIDE,C00620742-B9ED,C00620742,,https://shane.maxusvanparts.co.uk/wp-admin/post.php?post=116289&action=edit
116290,PANEL ASSEMBLY-SLIDING SIDE DOOR UPPER GUIDE INSTALL,C00469310-4100-C7E0,C00469310-4100,,https://shane.maxusvanparts.co.uk/wp-admin/post.php?post=116290&action=edit
116295,SECTION-FRONT BRAKE CALIPER,C00577425-990A,C00577425,,https://shane.maxusvanparts.co.uk/wp-admin/post.php?post=116295&action=edit
116296,WEATHERSTRIP-REAR ROOF CROSS MEMBER OTL PANEL,C00620935-9FC9,C00620935,,https://shane.maxusvanparts.co.uk/wp-admin/post.php?post=116296&action=edit
116297,PANEL ASSEMBLY-SLIDING SIDE DOOR UPPER GUIDE INSTALL,C00469320-4100-1A45,C00469320-4100,,https://shane.maxusvanparts.co.uk/wp-admin/post.php?post=116297&action=edit
116302,CAP-FRONT BRAKE CALIPER BLEED SCREW,C00577427-A7DC,C00577427,,https://shane.maxusvanparts.co.uk/wp-admin/post.php?post=116302&action=edit
116309,SCREW-FRONT BRAKE CALIPER BLEED,C00577428-56B6,C00577428,,https://shane.maxusvanparts.co.uk/wp-admin/post.php?post=116309&action=edit
116315,WHEEL,C00435523-7E3B,C00435523,,https://shane.maxusvanparts.co.uk/wp-admin/post.php?post=116315&action=edit
116316,SECTION-FRONT BRAKE CALIPER PIN &amp; BUSHING,C00577429-C7EC,C00577429,,https://shane.maxusvanparts.co.uk/wp-admin/post.php?post=116316&action=edit
116318,PANEL ASSEMBLY-PILLAR D OUTER PANEL REINFORCEMENT,C00469410-4100-A25B,C00469410-4100,,https://shane.maxusvanparts.co.uk/wp-admin/post.php?post=116318&action=edit
116320,STRIKER ASSEMBLY-FRONT SEAT SIDE BELT ASSEMBLY,C00449401-1095,C00449401,,https://shane.maxusvanparts.co.uk/wp-admin/post.php?post=116320&action=edit
116325,PANEL ASSEMBLY-PILLAR D OUTER PANEL REINFORCEMENT,C00469420-4100-0E16,C00469420-4100,,https://shane.maxusvanparts.co.uk/wp-admin/post.php?post=116325&action=edit
116331,SUBFRAME ASSEMBLY,C00623097-6DF7,C00623097,,https://shane.maxusvanparts.co.uk/wp-admin/post.php?post=116331&action=edit
116335,ANTENNA-FRONT DOOR HANDLE,C00578974-51D0,C00578974,,https://shane.maxusvanparts.co.uk/wp-admin/post.php?post=116335&action=edit
116344,STRIKER ASSEMBLY-FRONT SEAT SIDE BELT ASSEMBLY,C00449401-A213-CD5F,C00449401-A213,,https://shane.maxusvanparts.co.uk/wp-admin/post.php?post=116344&action=edit
116354,NUT-FRONT HVAC TO IP,C00138637-AFAE,C00138637,,https://shane.maxusvanparts.co.uk/wp-admin/post.php?post=116354&action=edit
116376,ANTENNA-INNER LOW FREQUENCY,C00583821-C8E4,C00583821,,https://shane.maxusvanparts.co.uk/wp-admin/post.php?post=116376&action=edit
116379,PANEL-ROOF OUTER FRONT,C00470011-4100-8449,C00470011-4100,,https://shane.maxusvanparts.co.uk/wp-admin/post.php?post=116379&action=edit
116384,PANEL-ROOF OUTER REAR,C00470031-4100-5578,C00470031-4100,,https://shane.maxusvanparts.co.uk/wp-admin/post.php?post=116384&action=edit
116389,CROSSMEMBER ASSEMBLY-FRONT ROOF,C00470110-4100-52FC,C00470110-4100,,https://shane.maxusvanparts.co.uk/wp-admin/post.php?post=116389&action=edit
116393,MEMBER ASSEMBLY-ROOF MID REINFORCEMENT,C00470220-4100-81DF,C00470220-4100,,https://shane.maxusvanparts.co.uk/wp-admin/post.php?post=116393&action=edit
116444,FILTER ASSEMBLY-OIL,C00745573-66DA,C00745573,,https://shane.maxusvanparts.co.uk/wp-admin/post.php?post=116444&action=edit
116460,BOLT-BEARING CAP,C00852826-5E3B,C00852826,,https://shane.maxusvanparts.co.uk/wp-admin/post.php?post=116460&action=edit
116462,PUMP ASSEMBLY-OIL,C00859580-FC37,C00859580,,https://shane.maxusvanparts.co.uk/wp-admin/post.php?post=116462&action=edit
116464,BUSHING-BALANCE SHAFT REAR,C00861472-21D5,C00861472,,https://shane.maxusvanparts.co.uk/wp-admin/post.php?post=116464&action=edit
116466,BUSHING-BALANCE SHAFT FRONT,C00861473-578B,C00861473,,https://shane.maxusvanparts.co.uk/wp-admin/post.php?post=116466&action=edit
116468,BALL BEARING-MASS BALANCING SHAFT,C00861474-CD84,C00861474,,https://shane.maxusvanparts.co.uk/wp-admin/post.php?post=116468&action=edit
116470,CYLINDER BLOCK MACHINED ASSEMBLY,C00863725-E955,C00863725,,https://shane.maxusvanparts.co.uk/wp-admin/post.php?post=116470&action=edit
