post_id,type,parent_id,timestamp
16988,simple,2026-07-09T11:51:09.604075
16990,simple,2026-07-09T11:51:09.604075
16993,simple,2026-07-09T11:51:09.604075
16996,simple,2026-07-09T11:51:09.604075
32116,simple,2026-07-09T11:51:09.604075
32122,simple,2026-07-09T11:51:09.604075
48987,simple,2026-07-09T11:51:09.604075
48993,simple,2026-07-09T11:51:09.604075
48999,simple,2026-07-09T11:51:09.604075
49005,simple,2026-07-09T11:51:09.604075
49010,simple,2026-07-09T11:51:09.604075
55601,simple,2026-07-09T11:51:09.604075
55607,simple,2026-07-09T11:51:09.604075
55613,simple,2026-07-09T11:51:09.604075
55619,simple,2026-07-09T11:51:09.604075
55625,simple,2026-07-09T11:51:09.604075
57323,simple,2026-07-09T11:51:09.604075
57329,simple,2026-07-09T11:51:09.604075
57334,simple,2026-07-09T11:51:09.604075
57341,simple,2026-07-09T11:51:09.604075
59537,simple,2026-07-09T11:51:09.604075
59543,simple,2026-07-09T11:51:09.604075
59548,simple,2026-07-09T11:51:09.604075
59554,simple,2026-07-09T11:51:09.604075
63918,simple,2026-07-09T11:51:09.604075
63920,simple,2026-07-09T11:51:09.604075
63926,simple,2026-07-09T11:51:09.604075
63933,simple,2026-07-09T11:51:09.604075
63938,simple,2026-07-09T11:51:09.604075
65352,simple,2026-07-09T11:51:09.604075
65358,simple,2026-07-09T11:51:09.604075
65363,simple,2026-07-09T11:51:09.604075
65369,simple,2026-07-09T11:51:09.604075
65375,simple,2026-07-09T11:51:09.604075
69626,simple,2026-07-09T11:51:09.604075
69634,simple,2026-07-09T11:51:09.604075
69640,simple,2026-07-09T11:51:09.604075
69647,simple,2026-07-09T11:51:09.604075
71729,simple,2026-07-09T11:51:09.604075
71735,simple,2026-07-09T11:51:09.604075
71741,simple,2026-07-09T11:51:09.604075
71748,simple,2026-07-09T11:51:09.604075
73944,simple,2026-07-09T11:51:09.604075
73950,simple,2026-07-09T11:51:09.604075
73956,simple,2026-07-09T11:51:09.604075
73962,simple,2026-07-09T11:51:09.604075
83160,simple,2026-07-09T11:51:09.604075
86880,simple,2026-07-09T11:51:09.604075
86884,simple,2026-07-09T11:51:09.604075
101512,simple,2026-07-09T11:51:09.604075
101527,simple,2026-07-09T11:51:09.604075
102529,simple,2026-07-09T11:51:09.604075
102543,simple,2026-07-09T11:51:09.604075
109656,simple,2026-07-09T11:51:09.604075
109660,simple,2026-07-09T11:51:09.604075
113545,simple,2026-07-09T11:51:09.604075
113569,simple,2026-07-09T11:51:09.604075
113582,simple,2026-07-09T11:51:09.604075
113595,simple,2026-07-09T11:51:09.604075
32128,simple,2026-07-09T11:51:17.997597
35243,simple,2026-07-09T11:51:17.997597
67530,simple,2026-07-09T11:51:17.997597
76136,simple,2026-07-09T11:51:17.997597
76142,simple,2026-07-09T11:51:17.997597
76148,simple,2026-07-09T11:51:17.997597
76154,simple,2026-07-09T11:51:17.997597
76159,simple,2026-07-09T11:51:17.997597
76165,simple,2026-07-09T11:51:17.997597
76171,simple,2026-07-09T11:51:17.997597
76177,simple,2026-07-09T11:51:17.997597
76183,simple,2026-07-09T11:51:17.997597
76189,simple,2026-07-09T11:51:17.997597
76195,simple,2026-07-09T11:51:17.997597
76201,simple,2026-07-09T11:51:17.997597
76207,simple,2026-07-09T11:51:17.997597
78452,simple,2026-07-09T11:51:17.997597
78457,simple,2026-07-09T11:51:17.997597
78464,simple,2026-07-09T11:51:17.997597
78471,simple,2026-07-09T11:51:17.997597
78477,simple,2026-07-09T11:51:17.997597
78483,simple,2026-07-09T11:51:17.997597
78489,simple,2026-07-09T11:51:17.997597
78495,simple,2026-07-09T11:51:17.997597
78501,simple,2026-07-09T11:51:17.997597
78507,simple,2026-07-09T11:51:17.997597
78516,simple,2026-07-09T11:51:17.997597
83172,simple,2026-07-09T11:51:17.997597
83181,simple,2026-07-09T11:51:17.997597
102559,simple,2026-07-09T11:51:17.997597
102575,simple,2026-07-09T11:51:17.997597
102590,simple,2026-07-09T11:51:17.997597
107846,simple,2026-07-09T11:51:17.997597
107867,simple,2026-07-09T11:51:17.997597
107887,simple,2026-07-09T11:51:17.997597
107911,simple,2026-07-09T11:51:17.997597
107931,simple,2026-07-09T11:51:17.997597
107952,simple,2026-07-09T11:51:17.997597
107972,simple,2026-07-09T11:51:17.997597
107990,simple,2026-07-09T11:51:17.997597
108010,simple,2026-07-09T11:51:17.997597
108030,simple,2026-07-09T11:51:17.997597
108053,simple,2026-07-09T11:51:17.997597
114567,simple,2026-07-09T11:51:17.997597
76213,simple,2026-07-09T11:51:17.997597
76219,simple,2026-07-09T11:51:17.997597
78521,simple,2026-07-09T11:51:17.997597
102606,simple,2026-07-09T11:51:17.997597
108075,simple,2026-07-09T11:51:17.997597
108091,simple,2026-07-09T11:51:17.997597
76226,simple,2026-07-09T11:51:17.997597
76231,simple,2026-07-09T11:51:17.997597
78532,simple,2026-07-09T11:51:17.997597
106068,simple,2026-07-09T11:51:17.997597
106087,simple,2026-07-09T11:51:17.997597
108114,simple,2026-07-09T11:51:17.997597
108135,simple,2026-07-09T11:51:17.997597
76238,simple,2026-07-09T11:51:17.997597
76244,simple,2026-07-09T11:51:17.997597
78543,simple,2026-07-09T11:51:17.997597
106109,simple,2026-07-09T11:51:17.997597
106130,simple,2026-07-09T11:51:17.997597
108158,simple,2026-07-09T11:51:17.997597
108178,simple,2026-07-09T11:51:17.997597
16987,simple,2026-07-09T11:51:35.075931
16989,simple,2026-07-09T11:51:35.075931
16991,simple,2026-07-09T11:51:35.075931
16992,simple,2026-07-09T11:51:35.075931
16994,simple,2026-07-09T11:51:35.075931
16995,simple,2026-07-09T11:51:35.075931
16997,simple,2026-07-09T11:51:35.075931
16998,simple,2026-07-09T11:51:35.075931
17000,simple,2026-07-09T11:51:35.075931
17001,simple,2026-07-09T11:51:35.075931
17003,simple,2026-07-09T11:51:35.075931
17004,simple,2026-07-09T11:51:35.075931
17006,simple,2026-07-09T11:51:35.075931
17008,simple,2026-07-09T11:51:35.075931
17009,simple,2026-07-09T11:51:35.075931
17010,simple,2026-07-09T11:51:35.075931
17011,simple,2026-07-09T11:51:35.075931
17012,simple,2026-07-09T11:51:35.075931
17013,simple,2026-07-09T11:51:35.075931
17014,simple,2026-07-09T11:51:35.075931
17015,simple,2026-07-09T11:51:35.075931
17016,simple,2026-07-09T11:51:35.075931
17017,simple,2026-07-09T11:51:35.075931
17018,simple,2026-07-09T11:51:35.075931
17019,simple,2026-07-09T11:51:35.075931
17020,simple,2026-07-09T11:51:35.075931
17021,simple,2026-07-09T11:51:35.075931
17022,simple,2026-07-09T11:51:35.075931
17023,simple,2026-07-09T11:51:35.075931
17024,simple,2026-07-09T11:51:35.075931
17025,simple,2026-07-09T11:51:35.075931
17026,simple,2026-07-09T11:51:35.075931
17027,simple,2026-07-09T11:51:35.075931
17028,simple,2026-07-09T11:51:35.075931
17029,simple,2026-07-09T11:51:35.075931
17030,simple,2026-07-09T11:51:35.075931
17031,simple,2026-07-09T11:51:35.075931
17033,simple,2026-07-09T11:51:35.075931
31882,simple,2026-07-09T11:51:35.075931
31884,simple,2026-07-09T11:51:35.075931
31887,simple,2026-07-09T11:51:35.075931
32134,simple,2026-07-09T11:51:35.075931
32141,simple,2026-07-09T11:51:35.075931
32146,simple,2026-07-09T11:51:35.075931
32151,simple,2026-07-09T11:51:35.075931
32155,simple,2026-07-09T11:51:35.075931
35269,simple,2026-07-09T11:51:35.075931
35275,simple,2026-07-09T11:51:35.075931
35281,simple,2026-07-09T11:51:35.075931
35287,simple,2026-07-09T11:51:35.075931
35293,simple,2026-07-09T11:51:35.075931
35299,simple,2026-07-09T11:51:35.075931
35305,simple,2026-07-09T11:51:35.075931
35310,simple,2026-07-09T11:51:35.075931
35316,simple,2026-07-09T11:51:35.075931
35321,simple,2026-07-09T11:51:35.075931
35327,simple,2026-07-09T11:51:35.075931
35332,simple,2026-07-09T11:51:35.075931
35337,simple,2026-07-09T11:51:35.075931
35343,simple,2026-07-09T11:51:35.075931
35347,simple,2026-07-09T11:51:35.075931
35351,simple,2026-07-09T11:51:35.075931
35356,simple,2026-07-09T11:51:35.075931
35361,simple,2026-07-09T11:51:35.075931
35366,simple,2026-07-09T11:51:35.075931
35371,simple,2026-07-09T11:51:35.075931
35375,simple,2026-07-09T11:51:35.075931
35380,simple,2026-07-09T11:51:35.075931
35383,simple,2026-07-09T11:51:35.075931
35386,simple,2026-07-09T11:51:35.075931
35389,simple,2026-07-09T11:51:35.075931
48863,simple,2026-07-09T11:51:35.075931
48867,simple,2026-07-09T11:51:35.075931
48872,simple,2026-07-09T11:51:35.075931
48878,simple,2026-07-09T11:51:35.075931
48884,simple,2026-07-09T11:51:35.075931
48890,simple,2026-07-09T11:51:35.075931
48896,simple,2026-07-09T11:51:35.075931
48901,simple,2026-07-09T11:51:35.075931
49034,simple,2026-07-09T11:51:35.075931
49040,simple,2026-07-09T11:51:35.075931
49046,simple,2026-07-09T11:51:35.075931
49052,simple,2026-07-09T11:51:35.075931
49057,simple,2026-07-09T11:51:35.075931
49063,simple,2026-07-09T11:51:35.075931
49070,simple,2026-07-09T11:51:35.075931
49076,simple,2026-07-09T11:51:35.075931
49082,simple,2026-07-09T11:51:35.075931
49088,simple,2026-07-09T11:51:35.075931
49094,simple,2026-07-09T11:51:35.075931
49100,simple,2026-07-09T11:51:38.471857
49106,simple,2026-07-09T11:51:38.471857
49112,simple,2026-07-09T11:51:38.471857
49120,simple,2026-07-09T11:51:38.471857
49126,simple,2026-07-09T11:51:38.471857
49133,simple,2026-07-09T11:51:38.471857
49138,simple,2026-07-09T11:51:38.471857
49144,simple,2026-07-09T11:51:38.471857
49149,simple,2026-07-09T11:51:38.471857
55642,simple,2026-07-09T11:51:38.471857
55648,simple,2026-07-09T11:51:38.471857
55654,simple,2026-07-09T11:51:38.471857
55660,simple,2026-07-09T11:51:38.471857
55666,simple,2026-07-09T11:51:38.471857
55672,simple,2026-07-09T11:51:38.471857
55678,simple,2026-07-09T11:51:38.471857
55684,simple,2026-07-09T11:51:38.471857
55690,simple,2026-07-09T11:51:38.471857
55696,simple,2026-07-09T11:51:38.471857
55703,simple,2026-07-09T11:51:38.471857
55709,simple,2026-07-09T11:51:38.471857
55717,simple,2026-07-09T11:51:38.471857
55723,simple,2026-07-09T11:51:38.471857
57167,simple,2026-07-09T11:51:38.471857
57169,simple,2026-07-09T11:51:38.471857
57174,simple,2026-07-09T11:51:38.471857
57180,simple,2026-07-09T11:51:38.471857
57364,simple,2026-07-09T11:51:38.471857
57370,simple,2026-07-09T11:51:38.471857
57374,simple,2026-07-09T11:51:38.471857
57381,simple,2026-07-09T11:51:38.471857
57387,simple,2026-07-09T11:51:38.471857
57393,simple,2026-07-09T11:51:38.471857
57400,simple,2026-07-09T11:51:38.471857
57406,simple,2026-07-09T11:51:38.471857
57412,simple,2026-07-09T11:51:38.471857
57418,simple,2026-07-09T11:51:38.471857
57424,simple,2026-07-09T11:51:38.471857
57432,simple,2026-07-09T11:51:38.471857
57439,simple,2026-07-09T11:51:38.471857
57446,simple,2026-07-09T11:51:38.471857
57451,simple,2026-07-09T11:51:38.471857
57457,simple,2026-07-09T11:51:38.471857
57464,simple,2026-07-09T11:51:38.471857
59573,simple,2026-07-09T11:51:38.471857
59579,simple,2026-07-09T11:51:38.471857
59584,simple,2026-07-09T11:51:38.471857
59589,simple,2026-07-09T11:51:38.471857
59597,simple,2026-07-09T11:51:38.471857
59604,simple,2026-07-09T11:51:38.471857
59608,simple,2026-07-09T11:51:38.471857
59614,simple,2026-07-09T11:51:38.471857
59620,simple,2026-07-09T11:51:38.471857
59626,simple,2026-07-09T11:51:38.471857
59632,simple,2026-07-09T11:51:38.471857
59638,simple,2026-07-09T11:51:38.471857
59643,simple,2026-07-09T11:51:38.471857
59649,simple,2026-07-09T11:51:38.471857
59654,simple,2026-07-09T11:51:38.471857
59660,simple,2026-07-09T11:51:38.471857
59667,simple,2026-07-09T11:51:38.471857
59673,simple,2026-07-09T11:51:38.471857
63945,simple,2026-07-09T11:51:38.471857
63950,simple,2026-07-09T11:51:38.471857
63957,simple,2026-07-09T11:51:38.471857
63963,simple,2026-07-09T11:51:38.471857
63972,simple,2026-07-09T11:51:38.471857
63977,simple,2026-07-09T11:51:38.471857
63983,simple,2026-07-09T11:51:38.471857
63989,simple,2026-07-09T11:51:38.471857
65399,simple,2026-07-09T11:51:38.471857
65405,simple,2026-07-09T11:51:38.471857
65410,simple,2026-07-09T11:51:38.471857
65416,simple,2026-07-09T11:51:38.471857
65421,simple,2026-07-09T11:51:38.471857
65427,simple,2026-07-09T11:51:38.471857
65433,simple,2026-07-09T11:51:38.471857
65438,simple,2026-07-09T11:51:38.471857
65444,simple,2026-07-09T11:51:38.471857
65450,simple,2026-07-09T11:51:38.471857
65455,simple,2026-07-09T11:51:38.471857
65461,simple,2026-07-09T11:51:38.471857
65467,simple,2026-07-09T11:51:38.471857
65473,simple,2026-07-09T11:51:38.471857
65479,simple,2026-07-09T11:51:38.471857
65485,simple,2026-07-09T11:51:38.471857
65490,simple,2026-07-09T11:51:38.471857
65496,simple,2026-07-09T11:51:38.471857
67410,simple,2026-07-09T11:51:38.471857
67554,simple,2026-07-09T11:51:38.471857
67560,simple,2026-07-09T11:51:42.111903
67567,simple,2026-07-09T11:51:42.111903
67573,simple,2026-07-09T11:51:42.111903
67579,simple,2026-07-09T11:51:42.111903
67583,simple,2026-07-09T11:51:42.111903
67589,simple,2026-07-09T11:51:42.111903
67596,simple,2026-07-09T11:51:42.111903
67602,simple,2026-07-09T11:51:42.111903
67606,simple,2026-07-09T11:51:42.111903
67614,simple,2026-07-09T11:51:42.111903
67622,simple,2026-07-09T11:51:42.111903
67629,simple,2026-07-09T11:51:42.111903
67635,simple,2026-07-09T11:51:42.111903
67640,simple,2026-07-09T11:51:42.111903
67646,simple,2026-07-09T11:51:42.111903
67652,simple,2026-07-09T11:51:42.111903
67658,simple,2026-07-09T11:51:42.111903
67664,simple,2026-07-09T11:51:42.111903
67670,simple,2026-07-09T11:51:42.111903
67675,simple,2026-07-09T11:51:42.111903
67681,simple,2026-07-09T11:51:42.111903
67687,simple,2026-07-09T11:51:42.111903
67693,simple,2026-07-09T11:51:42.111903
69666,simple,2026-07-09T11:51:42.111903
69672,simple,2026-07-09T11:51:42.111903
69678,simple,2026-07-09T11:51:42.111903
69684,simple,2026-07-09T11:51:42.111903
69690,simple,2026-07-09T11:51:42.111903
69696,simple,2026-07-09T11:51:42.111903
69702,simple,2026-07-09T11:51:42.111903
69708,simple,2026-07-09T11:51:42.111903
69714,simple,2026-07-09T11:51:42.111903
69720,simple,2026-07-09T11:51:42.111903
69725,simple,2026-07-09T11:51:42.111903
69732,simple,2026-07-09T11:51:42.111903
69738,simple,2026-07-09T11:51:42.111903
69743,simple,2026-07-09T11:51:42.111903
69748,simple,2026-07-09T11:51:42.111903
69754,simple,2026-07-09T11:51:42.111903
69760,simple,2026-07-09T11:51:42.111903
69766,simple,2026-07-09T11:51:42.111903
71766,simple,2026-07-09T11:51:42.111903
71773,simple,2026-07-09T11:51:42.111903
71780,simple,2026-07-09T11:51:42.111903
71785,simple,2026-07-09T11:51:42.111903
71791,simple,2026-07-09T11:51:42.111903
71796,simple,2026-07-09T11:51:42.111903
71803,simple,2026-07-09T11:51:42.111903
71808,simple,2026-07-09T11:51:42.111903
71814,simple,2026-07-09T11:51:42.111903
71820,simple,2026-07-09T11:51:42.111903
71826,simple,2026-07-09T11:51:42.111903
71832,simple,2026-07-09T11:51:42.111903
71838,simple,2026-07-09T11:51:42.111903
71846,simple,2026-07-09T11:51:42.111903
71852,simple,2026-07-09T11:51:42.111903
71858,simple,2026-07-09T11:51:42.111903
71864,simple,2026-07-09T11:51:42.111903
71870,simple,2026-07-09T11:51:42.111903
73795,simple,2026-07-09T11:51:42.111903
73803,simple,2026-07-09T11:51:42.111903
73808,simple,2026-07-09T11:51:42.111903
73813,simple,2026-07-09T11:51:42.111903
73986,simple,2026-07-09T11:51:42.111903
73992,simple,2026-07-09T11:51:42.111903
73998,simple,2026-07-09T11:51:42.111903
74004,simple,2026-07-09T11:51:42.111903
74010,simple,2026-07-09T11:51:42.111903
74016,simple,2026-07-09T11:51:42.111903
74022,simple,2026-07-09T11:51:42.111903
74028,simple,2026-07-09T11:51:42.111903
74033,simple,2026-07-09T11:51:42.111903
74039,simple,2026-07-09T11:51:42.111903
74045,simple,2026-07-09T11:51:42.111903
74051,simple,2026-07-09T11:51:42.111903
74057,simple,2026-07-09T11:51:42.111903
74063,simple,2026-07-09T11:51:42.111903
74070,simple,2026-07-09T11:51:42.111903
74075,simple,2026-07-09T11:51:42.111903
74081,simple,2026-07-09T11:51:42.111903
74087,simple,2026-07-09T11:51:42.111903
76318,simple,2026-07-09T11:51:42.111903
76325,simple,2026-07-09T11:51:42.111903
76330,simple,2026-07-09T11:51:42.111903
76336,simple,2026-07-09T11:51:42.111903
76341,simple,2026-07-09T11:51:42.111903
76350,simple,2026-07-09T11:51:42.111903
76356,simple,2026-07-09T11:51:42.111903
76360,simple,2026-07-09T11:51:42.111903
78376,simple,2026-07-09T11:51:42.111903
78382,simple,2026-07-09T11:51:44.895805
78628,simple,2026-07-09T11:51:44.895805
78636,simple,2026-07-09T11:51:44.895805
78641,simple,2026-07-09T11:51:44.895805
78649,simple,2026-07-09T11:51:44.895805
78654,simple,2026-07-09T11:51:44.895805
78659,simple,2026-07-09T11:51:44.895805
78663,simple,2026-07-09T11:51:44.895805
78667,simple,2026-07-09T11:51:44.895805
83139,simple,2026-07-09T11:51:44.895805
83141,simple,2026-07-09T11:51:44.895805
83143,simple,2026-07-09T11:51:44.895805
83146,simple,2026-07-09T11:51:44.895805
83149,simple,2026-07-09T11:51:44.895805
83152,simple,2026-07-09T11:51:44.895805
83155,simple,2026-07-09T11:51:44.895805
83158,simple,2026-07-09T11:51:44.895805
83161,simple,2026-07-09T11:51:44.895805
83164,simple,2026-07-09T11:51:44.895805
83194,simple,2026-07-09T11:51:44.895805
86864,simple,2026-07-09T11:51:44.895805
86867,simple,2026-07-09T11:51:44.895805
86882,simple,2026-07-09T11:51:44.895805
86885,simple,2026-07-09T11:51:44.895805
86888,simple,2026-07-09T11:51:44.895805
86894,simple,2026-07-09T11:51:44.895805
86895,simple,2026-07-09T11:51:44.895805
86897,simple,2026-07-09T11:51:44.895805
86898,simple,2026-07-09T11:51:44.895805
86901,simple,2026-07-09T11:51:44.895805
86906,simple,2026-07-09T11:51:44.895805
86909,simple,2026-07-09T11:51:44.895805
86912,simple,2026-07-09T11:51:44.895805
101679,simple,2026-07-09T11:51:44.895805
101698,simple,2026-07-09T11:51:44.895805
101736,simple,2026-07-09T11:51:44.895805
101755,simple,2026-07-09T11:51:44.895805
101773,simple,2026-07-09T11:51:44.895805
101792,simple,2026-07-09T11:51:44.895805
101826,simple,2026-07-09T11:51:44.895805
101863,simple,2026-07-09T11:51:44.895805
101879,simple,2026-07-09T11:51:44.895805
101897,simple,2026-07-09T11:51:44.895805
102622,simple,2026-07-09T11:51:44.895805
102636,simple,2026-07-09T11:51:44.895805
102649,simple,2026-07-09T11:51:44.895805
102664,simple,2026-07-09T11:51:44.895805
102682,simple,2026-07-09T11:51:44.895805
102697,simple,2026-07-09T11:51:44.895805
102714,simple,2026-07-09T11:51:44.895805
102729,simple,2026-07-09T11:51:44.895805
102744,simple,2026-07-09T11:51:44.895805
102760,simple,2026-07-09T11:51:44.895805
108418,simple,2026-07-09T11:51:44.895805
108438,simple,2026-07-09T11:51:44.895805
108458,simple,2026-07-09T11:51:44.895805
108478,simple,2026-07-09T11:51:44.895805
108498,simple,2026-07-09T11:51:44.895805
108519,simple,2026-07-09T11:51:44.895805
108539,simple,2026-07-09T11:51:44.895805
108558,simple,2026-07-09T11:51:44.895805
113608,simple,2026-07-09T11:51:44.895805
113621,simple,2026-07-09T11:51:44.895805
113633,simple,2026-07-09T11:51:44.895805
113644,simple,2026-07-09T11:51:44.895805
113658,simple,2026-07-09T11:51:44.895805
113669,simple,2026-07-09T11:51:44.895805
113681,simple,2026-07-09T11:51:44.895805
113694,simple,2026-07-09T11:51:44.895805
16983,simple,2026-07-09T11:51:53.035785
16985,simple,2026-07-09T11:51:53.035785
16999,simple,2026-07-09T11:51:53.035785
17002,simple,2026-07-09T11:51:53.035785
17005,simple,2026-07-09T11:51:53.035785
17007,simple,2026-07-09T11:51:53.035785
35251,simple,2026-07-09T11:51:53.035785
35257,simple,2026-07-09T11:51:53.035785
35263,simple,2026-07-09T11:51:53.035785
49016,simple,2026-07-09T11:51:53.035785
49022,simple,2026-07-09T11:51:53.035785
49028,simple,2026-07-09T11:51:53.035785
55631,simple,2026-07-09T11:51:53.035785
55637,simple,2026-07-09T11:51:53.035785
57346,simple,2026-07-09T11:51:53.035785
57352,simple,2026-07-09T11:51:53.035785
57358,simple,2026-07-09T11:51:53.035785
59560,simple,2026-07-09T11:51:53.035785
59567,simple,2026-07-09T11:51:53.035785
65381,simple,2026-07-09T11:51:53.035785
65387,simple,2026-07-09T11:51:53.035785
65393,simple,2026-07-09T11:51:53.035785
67535,simple,2026-07-09T11:51:53.035785
67541,simple,2026-07-09T11:51:53.035785
67547,simple,2026-07-09T11:51:53.035785
69653,simple,2026-07-09T11:51:53.035785
69659,simple,2026-07-09T11:51:53.035785
71754,simple,2026-07-09T11:51:53.035785
71760,simple,2026-07-09T11:51:53.035785
73968,simple,2026-07-09T11:51:53.035785
73974,simple,2026-07-09T11:51:53.035785
73980,simple,2026-07-09T11:51:53.035785
76249,simple,2026-07-09T11:51:53.035785
76255,simple,2026-07-09T11:51:53.035785
76261,simple,2026-07-09T11:51:53.035785
78555,simple,2026-07-09T11:51:53.035785
78561,simple,2026-07-09T11:51:53.035785
78567,simple,2026-07-09T11:51:53.035785
78573,simple,2026-07-09T11:51:53.035785
101546,simple,2026-07-09T11:51:53.035785
101567,simple,2026-07-09T11:51:53.035785
101586,simple,2026-07-09T11:51:53.035785
103828,simple,2026-07-09T11:51:53.035785
103832,simple,2026-07-09T11:51:53.035785
103837,simple,2026-07-09T11:51:53.035785
108200,simple,2026-07-09T11:51:53.035785
108220,simple,2026-07-09T11:51:53.035785
108240,simple,2026-07-09T11:51:53.035785
116531,simple,2026-07-09T11:51:53.035785
116543,simple,2026-07-09T11:51:53.035785
116556,simple,2026-07-09T11:51:53.035785
116569,simple,2026-07-09T11:51:53.035785
76291,simple,2026-07-09T11:51:53.035785
106254,simple,2026-07-09T11:51:53.035785
108338,simple,2026-07-09T11:51:53.035785
76304,simple,2026-07-09T11:51:53.035785
108377,simple,2026-07-09T11:51:53.035785
108397,simple,2026-07-09T11:51:53.035785
76366,simple,2026-07-09T11:51:53.035785
76372,simple,2026-07-09T11:51:53.035785
78388,simple,2026-07-09T11:51:53.035785
106293,simple,2026-07-09T11:51:53.035785
106311,simple,2026-07-09T11:51:53.035785
108578,simple,2026-07-09T11:51:53.035785
108597,simple,2026-07-09T11:51:53.035785
17035,simple,2026-07-09T11:51:53.035785
17038,simple,2026-07-09T11:51:53.035785
48908,simple,2026-07-09T11:51:53.035785
48914,simple,2026-07-09T11:51:53.035785
57186,simple,2026-07-09T11:51:53.035785
57192,simple,2026-07-09T11:51:53.035785
59679,simple,2026-07-09T11:51:53.035785
65500,simple,2026-07-09T11:51:53.035785
69772,simple,2026-07-09T11:51:53.035785
71876,simple,2026-07-09T11:51:53.035785
73819,simple,2026-07-09T11:51:53.035785
73825,simple,2026-07-09T11:51:53.035785
76377,simple,2026-07-09T11:51:53.035785
76385,simple,2026-07-09T11:51:53.035785
86900,simple,2026-07-09T11:51:53.035785
106332,simple,2026-07-09T11:51:53.035785
108618,simple,2026-07-09T11:51:53.035785
108639,simple,2026-07-09T11:51:53.035785
116585,simple,2026-07-09T11:51:53.035785
116600,simple,2026-07-09T11:51:53.035785
17041,simple,2026-07-09T11:52:11.306670
17045,simple,2026-07-09T11:52:11.306670
35131,simple,2026-07-09T11:52:11.306670
35135,simple,2026-07-09T11:52:11.306670
48921,simple,2026-07-09T11:52:11.306670
57198,simple,2026-07-09T11:52:11.306670
59684,simple,2026-07-09T11:52:11.306670
65505,simple,2026-07-09T11:52:11.306670
67415,simple,2026-07-09T11:52:11.306670
67420,simple,2026-07-09T11:52:11.306670
69778,simple,2026-07-09T11:52:11.306670
71882,simple,2026-07-09T11:52:11.306670
86903,simple,2026-07-09T11:52:11.306670
102776,simple,2026-07-09T11:52:11.306670
116617,simple,2026-07-09T11:52:11.306670
116635,simple,2026-07-09T11:52:11.306670
17032,simple,2026-07-09T11:52:11.306670
17034,simple,2026-07-09T11:52:11.306670
17037,simple,2026-07-09T11:52:11.306670
17049,simple,2026-07-09T11:52:11.306670
48926,simple,2026-07-09T11:52:11.306670
57204,simple,2026-07-09T11:52:11.306670
57210,simple,2026-07-09T11:52:11.306670
59689,simple,2026-07-09T11:52:11.306670
65511,simple,2026-07-09T11:52:11.306670
69784,simple,2026-07-09T11:52:11.306670
71888,simple,2026-07-09T11:52:11.306670
73838,simple,2026-07-09T11:52:11.306670
76101,simple,2026-07-09T11:52:11.306670
76105,simple,2026-07-09T11:52:11.306670
76110,simple,2026-07-09T11:52:11.306670
76116,simple,2026-07-09T11:52:11.306670
76387,simple,2026-07-09T11:52:11.306670
76390,simple,2026-07-09T11:52:11.306670
78407,simple,2026-07-09T11:52:11.306670
78413,simple,2026-07-09T11:52:11.306670
78419,simple,2026-07-09T11:52:11.306670
78423,simple,2026-07-09T11:52:11.306670
78431,simple,2026-07-09T11:52:11.306670
78437,simple,2026-07-09T11:52:11.306670
78443,simple,2026-07-09T11:52:11.306670
86904,simple,2026-07-09T11:52:11.306670
86908,simple,2026-07-09T11:52:11.306670
101972,simple,2026-07-09T11:52:11.306670
106352,simple,2026-07-09T11:52:11.306670
106372,simple,2026-07-09T11:52:11.306670
106392,simple,2026-07-09T11:52:11.306670
106414,simple,2026-07-09T11:52:11.306670
106435,simple,2026-07-09T11:52:11.306670
106457,simple,2026-07-09T11:52:11.306670
106477,simple,2026-07-09T11:52:11.306670
106499,simple,2026-07-09T11:52:11.306670
106520,simple,2026-07-09T11:52:11.306670
108659,simple,2026-07-09T11:52:11.306670
108679,simple,2026-07-09T11:52:11.306670
108698,simple,2026-07-09T11:52:11.306670
108717,simple,2026-07-09T11:52:11.306670
108738,simple,2026-07-09T11:52:11.306670
108757,simple,2026-07-09T11:52:11.306670
116652,simple,2026-07-09T11:52:11.306670
116669,simple,2026-07-09T11:52:11.306670
76122,simple,2026-07-09T11:52:11.306670
106541,simple,2026-07-09T11:52:11.306670
108769,simple,2026-07-09T11:52:11.306670
17040,simple,2026-07-09T11:52:26.811026
17043,simple,2026-07-09T11:52:26.811026
17046,simple,2026-07-09T11:52:26.811026
17048,simple,2026-07-09T11:52:26.811026
17051,simple,2026-07-09T11:52:26.811026
17053,simple,2026-07-09T11:52:26.811026
31890,simple,2026-07-09T11:52:26.811026
31893,simple,2026-07-09T11:52:26.811026
35139,simple,2026-07-09T11:52:26.811026
48932,simple,2026-07-09T11:52:26.811026
48938,simple,2026-07-09T11:52:26.811026
55730,simple,2026-07-09T11:52:26.811026
55737,simple,2026-07-09T11:52:26.811026
57216,simple,2026-07-09T11:52:26.811026
57222,simple,2026-07-09T11:52:26.811026
59695,simple,2026-07-09T11:52:26.811026
59702,simple,2026-07-09T11:52:26.811026
63995,simple,2026-07-09T11:52:26.811026
64000,simple,2026-07-09T11:52:26.811026
65517,simple,2026-07-09T11:52:26.811026
65523,simple,2026-07-09T11:52:26.811026
67425,simple,2026-07-09T11:52:26.811026
69788,simple,2026-07-09T11:52:26.811026
69794,simple,2026-07-09T11:52:26.811026
71894,simple,2026-07-09T11:52:26.811026
71900,simple,2026-07-09T11:52:26.811026
73844,simple,2026-07-09T11:52:26.811026
73849,simple,2026-07-09T11:52:26.811026
76128,simple,2026-07-09T11:52:26.811026
78462,simple,2026-07-09T11:52:26.811026
86915,simple,2026-07-09T11:52:26.811026
101990,simple,2026-07-09T11:52:26.811026
102790,simple,2026-07-09T11:52:26.811026
108792,simple,2026-07-09T11:52:26.811026
113707,simple,2026-07-09T11:52:26.811026
113719,simple,2026-07-09T11:52:26.811026
31896,simple,2026-07-09T11:52:26.811026
35143,simple,2026-07-09T11:52:26.811026
59708,simple,2026-07-09T11:52:26.811026
64006,simple,2026-07-09T11:52:26.811026
67431,simple,2026-07-09T11:52:26.811026
69800,simple,2026-07-09T11:52:26.811026
71906,simple,2026-07-09T11:52:26.811026
78474,simple,2026-07-09T11:52:26.811026
102806,simple,2026-07-09T11:52:26.811026
109664,simple,2026-07-09T11:52:26.811026
113731,simple,2026-07-09T11:52:26.811026
59713,simple,2026-07-09T11:52:26.811026
64012,simple,2026-07-09T11:52:26.811026
69806,simple,2026-07-09T11:52:26.811026
71911,simple,2026-07-09T11:52:26.811026
76134,simple,2026-07-09T11:52:26.811026
106562,simple,2026-07-09T11:52:26.811026
108821,simple,2026-07-09T11:52:26.811026
113744,simple,2026-07-09T11:52:26.811026
48944,simple,2026-07-09T11:52:26.811026
55742,simple,2026-07-09T11:52:26.811026
57228,simple,2026-07-09T11:52:26.811026
59719,simple,2026-07-09T11:52:26.811026
64017,simple,2026-07-09T11:52:26.811026
65529,simple,2026-07-09T11:52:26.811026
69812,simple,2026-07-09T11:52:26.811026
71917,simple,2026-07-09T11:52:26.811026
73855,simple,2026-07-09T11:52:26.811026
76140,simple,2026-07-09T11:52:26.811026
76146,simple,2026-07-09T11:52:26.811026
78486,simple,2026-07-09T11:52:26.811026
78492,simple,2026-07-09T11:52:26.811026
78498,simple,2026-07-09T11:52:26.811026
78504,simple,2026-07-09T11:52:26.811026
78510,simple,2026-07-09T11:52:26.811026
102029,simple,2026-07-09T11:52:26.811026
106581,simple,2026-07-09T11:52:26.811026
106602,simple,2026-07-09T11:52:26.811026
106623,simple,2026-07-09T11:52:26.811026
106644,simple,2026-07-09T11:52:26.811026
106664,simple,2026-07-09T11:52:26.811026
106685,simple,2026-07-09T11:52:26.811026
108842,simple,2026-07-09T11:52:26.811026
108858,simple,2026-07-09T11:52:26.811026
113757,simple,2026-07-09T11:52:26.811026
17055,simple,2026-07-09T11:52:42.162123
17057,simple,2026-07-09T11:52:42.162123
48949,simple,2026-07-09T11:52:42.162123
48955,simple,2026-07-09T11:52:42.162123
55748,simple,2026-07-09T11:52:42.162123
55754,simple,2026-07-09T11:52:42.162123
57234,simple,2026-07-09T11:52:42.162123
57240,simple,2026-07-09T11:52:42.162123
59724,simple,2026-07-09T11:52:42.162123
64022,simple,2026-07-09T11:52:42.162123
65533,simple,2026-07-09T11:52:42.162123
65539,simple,2026-07-09T11:52:42.162123
69818,simple,2026-07-09T11:52:42.162123
71922,simple,2026-07-09T11:52:42.162123
73861,simple,2026-07-09T11:52:42.162123
73867,simple,2026-07-09T11:52:42.162123
76152,simple,2026-07-09T11:52:42.162123
76158,simple,2026-07-09T11:52:42.162123
76164,simple,2026-07-09T11:52:42.162123
76170,simple,2026-07-09T11:52:42.162123
76175,simple,2026-07-09T11:52:42.162123
76181,simple,2026-07-09T11:52:42.162123
76187,simple,2026-07-09T11:52:42.162123
76191,simple,2026-07-09T11:52:42.163123
76197,simple,2026-07-09T11:52:42.163123
76203,simple,2026-07-09T11:52:42.163123
78520,simple,2026-07-09T11:52:42.163123
78527,simple,2026-07-09T11:52:42.163123
78533,simple,2026-07-09T11:52:42.163123
78539,simple,2026-07-09T11:52:42.163123
78545,simple,2026-07-09T11:52:42.163123
78551,simple,2026-07-09T11:52:42.163123
78557,simple,2026-07-09T11:52:42.163123
78564,simple,2026-07-09T11:52:42.163123
78568,simple,2026-07-09T11:52:42.163123
102066,simple,2026-07-09T11:52:42.163123
106707,simple,2026-07-09T11:52:42.163123
106728,simple,2026-07-09T11:52:42.163123
106750,simple,2026-07-09T11:52:42.163123
106771,simple,2026-07-09T11:52:42.163123
106792,simple,2026-07-09T11:52:42.163123
106813,simple,2026-07-09T11:52:42.163123
106834,simple,2026-07-09T11:52:42.163123
106854,simple,2026-07-09T11:52:42.163123
106876,simple,2026-07-09T11:52:42.163123
106898,simple,2026-07-09T11:52:42.163123
108878,simple,2026-07-09T11:52:42.163123
108894,simple,2026-07-09T11:52:42.163123
108916,simple,2026-07-09T11:52:42.163123
108940,simple,2026-07-09T11:52:42.163123
108957,simple,2026-07-09T11:52:42.163123
108975,simple,2026-07-09T11:52:42.163123
108995,simple,2026-07-09T11:52:42.163123
109013,simple,2026-07-09T11:52:42.163123
109032,simple,2026-07-09T11:52:42.163123
109050,simple,2026-07-09T11:52:42.163123
113770,simple,2026-07-09T11:52:42.163123
31899,simple,2026-07-09T11:52:42.163123
31903,simple,2026-07-09T11:52:42.163123
31907,simple,2026-07-09T11:52:42.163123
31911,simple,2026-07-09T11:52:42.163123
35147,simple,2026-07-09T11:52:42.163123
35151,simple,2026-07-09T11:52:42.163123
35155,simple,2026-07-09T11:52:42.163123
35158,simple,2026-07-09T11:52:42.163123
67436,simple,2026-07-09T11:52:42.163123
67442,simple,2026-07-09T11:52:42.163123
67447,simple,2026-07-09T11:52:42.163123
67452,simple,2026-07-09T11:52:42.163123
76209,simple,2026-07-09T11:52:42.163123
103842,simple,2026-07-09T11:52:42.163123
103846,simple,2026-07-09T11:52:42.163123
103851,simple,2026-07-09T11:52:42.163123
103859,simple,2026-07-09T11:52:42.163123
109072,simple,2026-07-09T11:52:42.163123
114577,simple,2026-07-09T11:52:42.163123
114588,simple,2026-07-09T11:52:42.163123
114599,simple,2026-07-09T11:52:42.163123
114610,simple,2026-07-09T11:52:42.163123
17059,simple,2026-07-09T11:52:52.437149
17061,simple,2026-07-09T11:52:52.437149
31915,simple,2026-07-09T11:52:52.437149
31919,simple,2026-07-09T11:52:52.437149
35163,simple,2026-07-09T11:52:52.437149
35168,simple,2026-07-09T11:52:52.437149
48961,simple,2026-07-09T11:52:52.437149
48967,simple,2026-07-09T11:52:52.437149
48973,simple,2026-07-09T11:52:52.437149
55760,simple,2026-07-09T11:52:52.437149
55766,simple,2026-07-09T11:52:52.437149
55772,simple,2026-07-09T11:52:52.437149
57247,simple,2026-07-09T11:52:52.437149
57253,simple,2026-07-09T11:52:52.437149
57260,simple,2026-07-09T11:52:52.437149
59730,simple,2026-07-09T11:52:52.437149
59736,simple,2026-07-09T11:52:52.437149
59742,simple,2026-07-09T11:52:52.437149
63749,simple,2026-07-09T11:52:52.437149
64027,simple,2026-07-09T11:52:52.437149
64031,simple,2026-07-09T11:52:52.437149
65254,simple,2026-07-09T11:52:52.437149
65260,simple,2026-07-09T11:52:52.437149
65544,simple,2026-07-09T11:52:52.437149
67457,simple,2026-07-09T11:52:52.437149
67463,simple,2026-07-09T11:52:52.437149
69824,simple,2026-07-09T11:52:52.437149
69830,simple,2026-07-09T11:52:52.437149
69836,simple,2026-07-09T11:52:52.437149
71926,simple,2026-07-09T11:52:52.437149
71932,simple,2026-07-09T11:52:52.437149
71938,simple,2026-07-09T11:52:52.437149
73873,simple,2026-07-09T11:52:52.437149
73879,simple,2026-07-09T11:52:52.437149
73885,simple,2026-07-09T11:52:52.437149
76237,simple,2026-07-09T11:52:52.437149
78615,simple,2026-07-09T11:52:52.437149
78620,simple,2026-07-09T11:52:52.437149
78626,simple,2026-07-09T11:52:52.437149
78632,simple,2026-07-09T11:52:52.437149
83176,simple,2026-07-09T11:52:52.437149
100281,simple,2026-07-09T11:52:52.437149
102821,simple,2026-07-09T11:52:52.437149
102836,simple,2026-07-09T11:52:52.437149
109173,simple,2026-07-09T11:52:52.437149
113781,simple,2026-07-09T11:52:52.437149
113794,simple,2026-07-09T11:52:52.437149
113806,simple,2026-07-09T11:52:52.437149
17036,simple,2026-07-09T11:52:52.437149
17039,simple,2026-07-09T11:52:52.437149
17042,simple,2026-07-09T11:52:52.437149
17044,simple,2026-07-09T11:52:52.437149
17062,simple,2026-07-09T11:52:52.437149
17064,simple,2026-07-09T11:52:52.437149
35173,simple,2026-07-09T11:52:52.437149
48979,simple,2026-07-09T11:52:52.437149
48984,simple,2026-07-09T11:52:52.437149
48989,simple,2026-07-09T11:52:52.437149
55778,simple,2026-07-09T11:52:52.437149
55784,simple,2026-07-09T11:52:52.437149
55789,simple,2026-07-09T11:52:52.437149
57266,simple,2026-07-09T11:52:52.437149
57272,simple,2026-07-09T11:52:52.437149
57278,simple,2026-07-09T11:52:52.437149
65265,simple,2026-07-09T11:52:52.437149
65271,simple,2026-07-09T11:52:52.437149
65276,simple,2026-07-09T11:52:52.437149
65282,simple,2026-07-09T11:52:52.437149
67469,simple,2026-07-09T11:52:52.437149
73890,simple,2026-07-09T11:52:52.437149
73896,simple,2026-07-09T11:52:52.437149
73901,simple,2026-07-09T11:52:52.437149
76250,simple,2026-07-09T11:52:52.437149
78638,simple,2026-07-09T11:52:52.437149
78644,simple,2026-07-09T11:52:52.437149
78650,simple,2026-07-09T11:52:52.437149
78656,simple,2026-07-09T11:52:52.437149
86872,simple,2026-07-09T11:52:52.437149
100287,simple,2026-07-09T11:52:52.437149
100294,simple,2026-07-09T11:52:52.437149
100302,simple,2026-07-09T11:52:52.437149
102851,simple,2026-07-09T11:52:52.437149
109212,simple,2026-07-09T11:52:52.437149
17047,simple,2026-07-09T11:53:06.548185
17050,simple,2026-07-09T11:53:06.548185
31923,simple,2026-07-09T11:53:06.548185
31928,simple,2026-07-09T11:53:06.548185
35179,simple,2026-07-09T11:53:06.548185
35185,simple,2026-07-09T11:53:06.548185
35191,simple,2026-07-09T11:53:06.548185
48995,simple,2026-07-09T11:53:06.548185
55795,simple,2026-07-09T11:53:06.548185
57284,simple,2026-07-09T11:53:06.548185
59748,simple,2026-07-09T11:53:06.548185
63756,simple,2026-07-09T11:53:06.548185
65289,simple,2026-07-09T11:53:06.548185
67475,simple,2026-07-09T11:53:06.548185
67481,simple,2026-07-09T11:53:06.548185
69370,simple,2026-07-09T11:53:06.548185
69842,simple,2026-07-09T11:53:06.548185
71944,simple,2026-07-09T11:53:06.548185
73907,simple,2026-07-09T11:53:06.548185
76256,simple,2026-07-09T11:53:06.548185
76262,simple,2026-07-09T11:53:06.548185
76268,simple,2026-07-09T11:53:06.548185
76274,simple,2026-07-09T11:53:06.548185
78661,simple,2026-07-09T11:53:06.548185
100323,simple,2026-07-09T11:53:06.548185
102866,simple,2026-07-09T11:53:06.548185
102880,simple,2026-07-09T11:53:06.548185
109232,simple,2026-07-09T11:53:06.548185
109252,simple,2026-07-09T11:53:06.548185
109272,simple,2026-07-09T11:53:06.548185
109292,simple,2026-07-09T11:53:06.548185
113817,simple,2026-07-09T11:53:06.548185
17052,simple,2026-07-09T11:53:06.548185
17054,simple,2026-07-09T11:53:06.548185
86881,simple,2026-07-09T11:53:06.548185
102896,simple,2026-07-09T11:53:06.548185
109393,simple,2026-07-09T11:53:06.548185
35197,simple,2026-07-09T11:53:06.548185
103866,simple,2026-07-09T11:53:06.548185
76310,simple,2026-07-09T11:53:06.548185
76315,simple,2026-07-09T11:53:06.548185
107096,simple,2026-07-09T11:53:06.548185
109408,simple,2026-07-09T11:53:06.548185
109431,simple,2026-07-09T11:53:06.548185
76321,simple,2026-07-09T11:53:06.548185
78396,simple,2026-07-09T11:53:06.548185
107124,simple,2026-07-09T11:53:06.548185
107139,simple,2026-07-09T11:53:06.548185
109451,simple,2026-07-09T11:53:06.548185
35203,simple,2026-07-09T11:53:06.548185
103873,simple,2026-07-09T11:53:06.548185
109669,simple,2026-07-09T11:53:06.548185
109674,simple,2026-07-09T11:53:06.548185
17056,simple,2026-07-09T11:53:06.548185
17058,simple,2026-07-09T11:53:06.548185
31933,simple,2026-07-09T11:53:06.548185
35209,simple,2026-07-09T11:53:06.548185
49000,simple,2026-07-09T11:53:06.548185
55800,simple,2026-07-09T11:53:06.548185
57291,simple,2026-07-09T11:53:06.548185
59754,simple,2026-07-09T11:53:06.548185
63760,simple,2026-07-09T11:53:06.548185
65295,simple,2026-07-09T11:53:06.548185
67499,simple,2026-07-09T11:53:06.548185
69848,simple,2026-07-09T11:53:06.548185
71953,simple,2026-07-09T11:53:06.548185
73912,simple,2026-07-09T11:53:06.548185
76333,simple,2026-07-09T11:53:06.548185
76340,simple,2026-07-09T11:53:06.548185
86883,simple,2026-07-09T11:53:06.548185
100335,simple,2026-07-09T11:53:06.548185
103880,simple,2026-07-09T11:53:06.548185
109486,simple,2026-07-09T11:53:06.548185
109509,simple,2026-07-09T11:53:06.548185
113830,simple,2026-07-09T11:53:06.548185
31939,simple,2026-07-09T11:53:37.643815
49008,simple,2026-07-09T11:53:37.643815
49015,simple,2026-07-09T11:53:37.643815
59761,simple,2026-07-09T11:53:37.643815
65302,simple,2026-07-09T11:53:37.643815
69855,simple,2026-07-09T11:53:37.643815
71957,simple,2026-07-09T11:53:37.643815
73919,simple,2026-07-09T11:53:37.643815
76346,simple,2026-07-09T11:53:37.643815
76351,simple,2026-07-09T11:53:37.643815
76357,simple,2026-07-09T11:53:37.643815
76365,simple,2026-07-09T11:53:37.643815
76369,simple,2026-07-09T11:53:37.643815
76376,simple,2026-07-09T11:53:37.643815
78420,simple,2026-07-09T11:53:37.643815
78425,simple,2026-07-09T11:53:37.643815
78430,simple,2026-07-09T11:53:37.643815
78434,simple,2026-07-09T11:53:37.643815
100347,simple,2026-07-09T11:53:37.643815
107182,simple,2026-07-09T11:53:37.643815
107200,simple,2026-07-09T11:53:37.643815
107219,simple,2026-07-09T11:53:37.643815
107241,simple,2026-07-09T11:53:37.643815
107264,simple,2026-07-09T11:53:37.643815
109527,simple,2026-07-09T11:53:37.643815
109543,simple,2026-07-09T11:53:37.643815
109556,simple,2026-07-09T11:53:37.643815
109568,simple,2026-07-09T11:53:37.643815
109578,simple,2026-07-09T11:53:37.643815
109590,simple,2026-07-09T11:53:37.643815
114621,simple,2026-07-09T11:53:37.643815
31944,simple,2026-07-09T11:53:37.643815
35214,simple,2026-07-09T11:53:37.643815
67505,simple,2026-07-09T11:53:37.643815
67509,simple,2026-07-09T11:53:37.643815
76384,simple,2026-07-09T11:53:37.643815
76389,simple,2026-07-09T11:53:37.643815
78448,simple,2026-07-09T11:53:37.643815
102911,simple,2026-07-09T11:53:37.643815
102926,simple,2026-07-09T11:53:37.643815
109599,simple,2026-07-09T11:53:37.643815
109605,simple,2026-07-09T11:53:37.643815
114632,simple,2026-07-09T11:53:37.643815
114643,simple,2026-07-09T11:53:37.643815
49021,simple,2026-07-09T11:53:37.643815
55805,simple,2026-07-09T11:53:37.643815
57295,simple,2026-07-09T11:53:37.643815
73925,simple,2026-07-09T11:53:37.643815
107284,simple,2026-07-09T11:53:37.643815
109679,simple,2026-07-09T11:53:37.643815
115892,simple,2026-07-09T11:53:37.643815
17060,simple,2026-07-09T11:53:37.643815
17063,simple,2026-07-09T11:53:37.643815
35220,simple,2026-07-09T11:53:37.643815
35226,simple,2026-07-09T11:53:37.643815
49027,simple,2026-07-09T11:53:37.643815
55809,simple,2026-07-09T11:53:37.643815
57302,simple,2026-07-09T11:53:37.643815
59767,simple,2026-07-09T11:53:37.643815
65307,simple,2026-07-09T11:53:37.643815
67515,simple,2026-07-09T11:53:37.643815
67520,simple,2026-07-09T11:53:37.643815
69860,simple,2026-07-09T11:53:37.643815
71962,simple,2026-07-09T11:53:37.643815
73931,simple,2026-07-09T11:53:37.643815
76137,simple,2026-07-09T11:53:37.643815
76143,simple,2026-07-09T11:53:37.643815
86886,simple,2026-07-09T11:53:37.643815
103888,simple,2026-07-09T11:53:37.643815
103901,simple,2026-07-09T11:53:37.643815
107851,simple,2026-07-09T11:53:37.643815
107872,simple,2026-07-09T11:53:37.643815
116685,simple,2026-07-09T11:53:37.643815
116701,simple,2026-07-09T11:53:37.643815
76150,simple,2026-07-09T11:53:37.643815
107390,simple,2026-07-09T11:53:37.643815
107893,simple,2026-07-09T11:53:37.643815
76156,simple,2026-07-09T11:53:37.643815
78499,simple,2026-07-09T11:53:37.643815
107409,simple,2026-07-09T11:53:37.643815
107429,simple,2026-07-09T11:53:37.643815
107916,simple,2026-07-09T11:53:37.643815
35232,simple,2026-07-09T11:53:37.643815
55815,simple,2026-07-09T11:53:37.643815
103911,simple,2026-07-09T11:53:37.643815
109685,simple,2026-07-09T11:53:37.643815
76162,simple,2026-07-09T11:54:02.488645
76168,simple,2026-07-09T11:54:02.488645
78511,simple,2026-07-09T11:54:02.488645
107449,simple,2026-07-09T11:54:02.488645
107468,simple,2026-07-09T11:54:02.488645
107937,simple,2026-07-09T11:54:02.488645
107957,simple,2026-07-09T11:54:02.488645
76174,simple,2026-07-09T11:54:02.488645
107483,simple,2026-07-09T11:54:02.488645
107975,simple,2026-07-09T11:54:02.488645
76180,simple,2026-07-09T11:54:02.488645
107496,simple,2026-07-09T11:54:02.488645
107998,simple,2026-07-09T11:54:02.488645
17065,simple,2026-07-09T11:54:02.488645
17066,simple,2026-07-09T11:54:02.488645
17067,simple,2026-07-09T11:54:02.488645
17068,simple,2026-07-09T11:54:02.488645
31950,simple,2026-07-09T11:54:02.488645
49033,simple,2026-07-09T11:54:02.488645
55821,simple,2026-07-09T11:54:02.488645
55826,simple,2026-07-09T11:54:02.488645
57308,simple,2026-07-09T11:54:02.488645
65312,simple,2026-07-09T11:54:02.488645
65318,simple,2026-07-09T11:54:02.488645
73937,simple,2026-07-09T11:54:02.488645
73942,simple,2026-07-09T11:54:02.488645
76186,simple,2026-07-09T11:54:02.488645
76192,simple,2026-07-09T11:54:02.488645
76198,simple,2026-07-09T11:54:02.488645
76204,simple,2026-07-09T11:54:02.488645
78535,simple,2026-07-09T11:54:02.488645
78540,simple,2026-07-09T11:54:02.488645
78546,simple,2026-07-09T11:54:02.488645
78550,simple,2026-07-09T11:54:02.488645
78556,simple,2026-07-09T11:54:02.488645
78563,simple,2026-07-09T11:54:02.488645
100375,simple,2026-07-09T11:54:02.488645
105628,simple,2026-07-09T11:54:02.488645
105647,simple,2026-07-09T11:54:02.488645
105667,simple,2026-07-09T11:54:02.488645
105686,simple,2026-07-09T11:54:02.488645
107510,simple,2026-07-09T11:54:02.488645
107521,simple,2026-07-09T11:54:02.488645
108017,simple,2026-07-09T11:54:02.488645
108034,simple,2026-07-09T11:54:02.488645
108054,simple,2026-07-09T11:54:02.488645
108072,simple,2026-07-09T11:54:02.488645
114653,simple,2026-07-09T11:54:02.488645
17069,simple,2026-07-09T11:54:19.312979
17070,simple,2026-07-09T11:54:19.312979
17071,simple,2026-07-09T11:54:19.312979
17072,simple,2026-07-09T11:54:19.312979
17073,simple,2026-07-09T11:54:19.312979
17074,simple,2026-07-09T11:54:19.312979
35238,simple,2026-07-09T11:54:19.312979
49039,simple,2026-07-09T11:54:19.312979
49044,simple,2026-07-09T11:54:19.312979
49050,simple,2026-07-09T11:54:19.312979
49056,simple,2026-07-09T11:54:19.312979
55533,simple,2026-07-09T11:54:19.312979
55535,simple,2026-07-09T11:54:19.312979
55537,simple,2026-07-09T11:54:19.312979
55830,simple,2026-07-09T11:54:19.312979
57314,simple,2026-07-09T11:54:19.312979
57319,simple,2026-07-09T11:54:19.312979
57325,simple,2026-07-09T11:54:19.312979
57333,simple,2026-07-09T11:54:19.312979
65324,simple,2026-07-09T11:54:19.312979
65329,simple,2026-07-09T11:54:19.312979
67531,simple,2026-07-09T11:54:19.312979
73948,simple,2026-07-09T11:54:19.312979
73954,simple,2026-07-09T11:54:19.312979
73960,simple,2026-07-09T11:54:19.312979
73965,simple,2026-07-09T11:54:19.312979
76210,simple,2026-07-09T11:54:19.312979
76216,simple,2026-07-09T11:54:19.312979
76222,simple,2026-07-09T11:54:19.312979
76228,simple,2026-07-09T11:54:19.312979
76233,simple,2026-07-09T11:54:19.312979
76239,simple,2026-07-09T11:54:19.312979
76245,simple,2026-07-09T11:54:19.312979
78569,simple,2026-07-09T11:54:19.312979
78574,simple,2026-07-09T11:54:19.312979
78581,simple,2026-07-09T11:54:19.312979
100409,simple,2026-07-09T11:54:19.312979
100426,simple,2026-07-09T11:54:19.312979
102941,simple,2026-07-09T11:54:19.312979
108092,simple,2026-07-09T11:54:19.312979
108109,simple,2026-07-09T11:54:19.312979
108129,simple,2026-07-09T11:54:19.312979
108148,simple,2026-07-09T11:54:19.312979
108168,simple,2026-07-09T11:54:19.312979
108188,simple,2026-07-09T11:54:19.312979
108208,simple,2026-07-09T11:54:19.312979
17075,simple,2026-07-09T11:54:19.312979
17077,simple,2026-07-09T11:54:19.312979
17079,simple,2026-07-09T11:54:19.312979
17082,simple,2026-07-09T11:54:19.312979
17087,simple,2026-07-09T11:54:19.312979
17090,simple,2026-07-09T11:54:19.312979
17094,simple,2026-07-09T11:54:19.312979
17097,simple,2026-07-09T11:54:19.312979
31956,simple,2026-07-09T11:54:19.312979
35242,simple,2026-07-09T11:54:19.312979
35248,simple,2026-07-09T11:54:19.312979
35253,simple,2026-07-09T11:54:19.312979
49062,simple,2026-07-09T11:54:19.312979
49069,simple,2026-07-09T11:54:19.312979
55542,simple,2026-07-09T11:54:19.312979
55548,simple,2026-07-09T11:54:19.312979
57339,simple,2026-07-09T11:54:19.312979
57345,simple,2026-07-09T11:54:19.312979
57350,simple,2026-07-09T11:54:19.312979
57356,simple,2026-07-09T11:54:19.312979
67538,simple,2026-07-09T11:54:19.312979
67544,simple,2026-07-09T11:54:19.312979
67551,simple,2026-07-09T11:54:19.312979
73972,simple,2026-07-09T11:54:19.312979
73978,simple,2026-07-09T11:54:19.312979
76251,simple,2026-07-09T11:54:19.312979
78594,simple,2026-07-09T11:54:19.312979
83193,simple,2026-07-09T11:54:19.312979
86905,simple,2026-07-09T11:54:19.312979
86910,simple,2026-07-09T11:54:19.312979
103923,simple,2026-07-09T11:54:19.312979
103936,simple,2026-07-09T11:54:19.312979
103951,simple,2026-07-09T11:54:19.312979
108229,simple,2026-07-09T11:54:19.312979
114664,simple,2026-07-09T11:54:19.312979
31963,simple,2026-07-09T11:54:33.221094
31969,simple,2026-07-09T11:54:33.221094
31975,simple,2026-07-09T11:54:33.221094
35259,simple,2026-07-09T11:54:33.221094
67557,simple,2026-07-09T11:54:33.221094
76259,simple,2026-07-09T11:54:33.221094
103964,simple,2026-07-09T11:54:33.221094
108245,simple,2026-07-09T11:54:33.221094
114675,simple,2026-07-09T11:54:33.221094
114687,simple,2026-07-09T11:54:33.221094
114698,simple,2026-07-09T11:54:33.221094
31981,simple,2026-07-09T11:54:33.221094
31987,simple,2026-07-09T11:54:33.221094
35265,simple,2026-07-09T11:54:33.221094
35271,simple,2026-07-09T11:54:33.221094
67563,simple,2026-07-09T11:54:33.221094
67568,simple,2026-07-09T11:54:33.221094
76271,simple,2026-07-09T11:54:33.221094
76277,simple,2026-07-09T11:54:33.221094
76283,simple,2026-07-09T11:54:33.221094
76288,simple,2026-07-09T11:54:33.221094
76294,simple,2026-07-09T11:54:33.221094
78370,simple,2026-07-09T11:54:33.221094
78373,simple,2026-07-09T11:54:33.221094
78623,simple,2026-07-09T11:54:33.221094
78630,simple,2026-07-09T11:54:33.221094
78634,simple,2026-07-09T11:54:33.221094
78640,simple,2026-07-09T11:54:33.221094
78646,simple,2026-07-09T11:54:33.221094
78652,simple,2026-07-09T11:54:33.221094
78658,simple,2026-07-09T11:54:33.221094
83202,simple,2026-07-09T11:54:33.221094
102956,simple,2026-07-09T11:54:33.221094
108285,simple,2026-07-09T11:54:33.221094
108304,simple,2026-07-09T11:54:33.221094
108325,simple,2026-07-09T11:54:33.221094
108346,simple,2026-07-09T11:54:33.221094
108366,simple,2026-07-09T11:54:33.221094
114709,simple,2026-07-09T11:54:33.221094
114719,simple,2026-07-09T11:54:33.221094
31994,simple,2026-07-09T11:54:33.221094
35277,simple,2026-07-09T11:54:33.221094
55554,simple,2026-07-09T11:54:33.221094
59773,simple,2026-07-09T11:54:33.221094
63768,simple,2026-07-09T11:54:33.221094
63774,simple,2026-07-09T11:54:33.221094
67574,simple,2026-07-09T11:54:33.221094
69866,simple,2026-07-09T11:54:33.221094
102971,simple,2026-07-09T11:54:33.221094
109692,simple,2026-07-09T11:54:33.221094
113843,simple,2026-07-09T11:54:33.222095
113853,simple,2026-07-09T11:54:33.222095
17076,simple,2026-07-09T11:54:33.222095
17078,simple,2026-07-09T11:54:33.222095
17081,simple,2026-07-09T11:54:33.222095
17084,simple,2026-07-09T11:54:33.222095
17086,simple,2026-07-09T11:54:33.222095
17089,simple,2026-07-09T11:54:33.222095
35284,simple,2026-07-09T11:54:33.222095
49074,simple,2026-07-09T11:54:33.222095
49080,simple,2026-07-09T11:54:33.222095
49086,simple,2026-07-09T11:54:33.222095
55560,simple,2026-07-09T11:54:33.222095
55566,simple,2026-07-09T11:54:33.222095
55573,simple,2026-07-09T11:54:33.222095
57362,simple,2026-07-09T11:54:33.222095
57368,simple,2026-07-09T11:54:33.222095
57376,simple,2026-07-09T11:54:33.222095
59780,simple,2026-07-09T11:54:33.222095
65335,simple,2026-07-09T11:54:33.222095
65341,simple,2026-07-09T11:54:33.222095
65347,simple,2026-07-09T11:54:33.222095
67581,simple,2026-07-09T11:54:33.222095
69872,simple,2026-07-09T11:54:33.222095
71974,simple,2026-07-09T11:54:33.222095
73984,simple,2026-07-09T11:54:33.222095
73991,simple,2026-07-09T11:54:33.222095
73997,simple,2026-07-09T11:54:33.222095
76311,simple,2026-07-09T11:54:33.222095
86919,simple,2026-07-09T11:54:33.222095
100443,simple,2026-07-09T11:54:33.222095
100460,simple,2026-07-09T11:54:33.222095
100479,simple,2026-07-09T11:54:33.222095
103979,simple,2026-07-09T11:54:33.222095
108425,simple,2026-07-09T11:54:33.222095
115899,simple,2026-07-09T11:54:33.222095
55579,simple,2026-07-09T11:54:33.222095
83206,simple,2026-07-09T11:54:33.222095
114730,simple,2026-07-09T11:54:33.222095
114741,simple,2026-07-09T11:54:33.222095
17080,simple,2026-07-09T11:54:54.888404
17083,simple,2026-07-09T11:54:54.888404
17085,simple,2026-07-09T11:54:54.888404
17088,simple,2026-07-09T11:54:54.888404
17091,simple,2026-07-09T11:54:54.888404
17102,simple,2026-07-09T11:54:54.888404
17104,simple,2026-07-09T11:54:54.888404
17106,simple,2026-07-09T11:54:54.888404
17108,simple,2026-07-09T11:54:54.888404
17110,simple,2026-07-09T11:54:54.888404
32035,simple,2026-07-09T11:54:54.888404
35311,simple,2026-07-09T11:54:54.888404
35315,simple,2026-07-09T11:54:54.888404
35320,simple,2026-07-09T11:54:54.888404
48870,simple,2026-07-09T11:54:54.888404
48876,simple,2026-07-09T11:54:54.888404
48882,simple,2026-07-09T11:54:54.888404
48888,simple,2026-07-09T11:54:54.888404
49119,simple,2026-07-09T11:54:54.888404
49125,simple,2026-07-09T11:54:54.888404
49129,simple,2026-07-09T11:54:54.888404
49134,simple,2026-07-09T11:54:54.888404
49140,simple,2026-07-09T11:54:54.888404
49146,simple,2026-07-09T11:54:54.888404
49152,simple,2026-07-09T11:54:54.888404
55673,simple,2026-07-09T11:54:54.888404
55679,simple,2026-07-09T11:54:54.888404
55685,simple,2026-07-09T11:54:54.888404
55692,simple,2026-07-09T11:54:54.888404
55698,simple,2026-07-09T11:54:54.888404
55704,simple,2026-07-09T11:54:54.888404
55710,simple,2026-07-09T11:54:54.888404
57413,simple,2026-07-09T11:54:54.888404
57420,simple,2026-07-09T11:54:54.888404
57425,simple,2026-07-09T11:54:54.888404
57431,simple,2026-07-09T11:54:54.888404
57440,simple,2026-07-09T11:54:54.888404
57445,simple,2026-07-09T11:54:54.888404
57452,simple,2026-07-09T11:54:54.888404
57456,simple,2026-07-09T11:54:54.888404
59516,simple,2026-07-09T11:54:54.888404
59792,simple,2026-07-09T11:54:54.888404
59798,simple,2026-07-09T11:54:54.888404
59803,simple,2026-07-09T11:54:54.888404
59808,simple,2026-07-09T11:54:54.888404
59812,simple,2026-07-09T11:54:54.888404
63792,simple,2026-07-09T11:54:54.888404
63798,simple,2026-07-09T11:54:54.888404
65370,simple,2026-07-09T11:54:54.888404
65376,simple,2026-07-09T11:54:54.888404
65382,simple,2026-07-09T11:54:54.888404
65388,simple,2026-07-09T11:54:54.888404
65394,simple,2026-07-09T11:54:54.888404
65400,simple,2026-07-09T11:54:54.888404
67609,simple,2026-07-09T11:54:54.888404
67616,simple,2026-07-09T11:54:54.888404
67621,simple,2026-07-09T11:54:54.888404
69608,simple,2026-07-09T11:54:54.888404
69613,simple,2026-07-09T11:54:54.888404
69619,simple,2026-07-09T11:54:54.888404
69888,simple,2026-07-09T11:54:54.888404
69894,simple,2026-07-09T11:54:54.888404
69899,simple,2026-07-09T11:54:54.888404
71715,simple,2026-07-09T11:54:54.888404
71985,simple,2026-07-09T11:54:54.888404
71991,simple,2026-07-09T11:54:54.888404
71997,simple,2026-07-09T11:54:54.888404
72003,simple,2026-07-09T11:54:54.888404
72008,simple,2026-07-09T11:54:54.888404
74025,simple,2026-07-09T11:54:54.888404
74031,simple,2026-07-09T11:54:54.888404
74037,simple,2026-07-09T11:54:54.888404
74043,simple,2026-07-09T11:54:54.888404
74049,simple,2026-07-09T11:54:54.888404
74054,simple,2026-07-09T11:54:54.888404
74059,simple,2026-07-09T11:54:54.889405
74065,simple,2026-07-09T11:54:54.889405
76337,simple,2026-07-09T11:54:54.889405
76343,simple,2026-07-09T11:54:54.889405
78415,simple,2026-07-09T11:54:54.889405
78421,simple,2026-07-09T11:54:54.889405
86922,simple,2026-07-09T11:54:54.889405
86925,simple,2026-07-09T11:54:54.889405
86927,simple,2026-07-09T11:54:54.889405
86930,simple,2026-07-09T11:54:54.889405
100564,simple,2026-07-09T11:54:54.889405
100584,simple,2026-07-09T11:54:54.889405
100603,simple,2026-07-09T11:54:54.889405
104012,simple,2026-07-09T11:54:54.889405
104030,simple,2026-07-09T11:54:54.889405
104046,simple,2026-07-09T11:54:55.855881
108511,simple,2026-07-09T11:54:55.855881
108533,simple,2026-07-09T11:54:55.855881
113890,simple,2026-07-09T11:54:55.855881
113904,simple,2026-07-09T11:54:55.855881
32000,simple,2026-07-09T11:55:05.434903
32006,simple,2026-07-09T11:55:05.434903
55585,simple,2026-07-09T11:55:05.434903
55591,simple,2026-07-09T11:55:05.434903
55598,simple,2026-07-09T11:55:05.434903
55604,simple,2026-07-09T11:55:05.434903
55609,simple,2026-07-09T11:55:05.434903
55615,simple,2026-07-09T11:55:05.434903
55624,simple,2026-07-09T11:55:05.434903
55630,simple,2026-07-09T11:55:05.434903
55636,simple,2026-07-09T11:55:05.434903
109704,simple,2026-07-09T11:55:05.434903
113866,simple,2026-07-09T11:55:05.434903
32012,simple,2026-07-09T11:55:05.434903
35290,simple,2026-07-09T11:55:05.434903
103995,simple,2026-07-09T11:55:05.434903
114751,simple,2026-07-09T11:55:05.434903
76316,simple,2026-07-09T11:55:05.434903
105813,simple,2026-07-09T11:55:05.434903
108449,simple,2026-07-09T11:55:05.434903
17092,simple,2026-07-09T11:55:05.434903
17095,simple,2026-07-09T11:55:05.434903
17098,simple,2026-07-09T11:55:05.434903
17100,simple,2026-07-09T11:55:05.434903
32018,simple,2026-07-09T11:55:05.434903
32023,simple,2026-07-09T11:55:05.434903
32028,simple,2026-07-09T11:55:05.434903
35296,simple,2026-07-09T11:55:05.434903
35302,simple,2026-07-09T11:55:05.434903
35307,simple,2026-07-09T11:55:05.434903
49093,simple,2026-07-09T11:55:05.434903
49099,simple,2026-07-09T11:55:05.434903
49107,simple,2026-07-09T11:55:05.434903
49114,simple,2026-07-09T11:55:05.434903
55643,simple,2026-07-09T11:55:05.434903
55649,simple,2026-07-09T11:55:05.434903
55655,simple,2026-07-09T11:55:05.434903
55661,simple,2026-07-09T11:55:05.434903
55667,simple,2026-07-09T11:55:05.434903
57383,simple,2026-07-09T11:55:05.434903
57389,simple,2026-07-09T11:55:05.434903
57395,simple,2026-07-09T11:55:05.434903
57401,simple,2026-07-09T11:55:05.434903
59786,simple,2026-07-09T11:55:05.434903
63786,simple,2026-07-09T11:55:05.434903
65353,simple,2026-07-09T11:55:05.434903
65359,simple,2026-07-09T11:55:05.434903
65364,simple,2026-07-09T11:55:05.434903
67591,simple,2026-07-09T11:55:05.434903
67597,simple,2026-07-09T11:55:05.434903
67603,simple,2026-07-09T11:55:05.434903
69879,simple,2026-07-09T11:55:05.434903
71979,simple,2026-07-09T11:55:05.434903
74003,simple,2026-07-09T11:55:05.434903
74008,simple,2026-07-09T11:55:05.434903
74014,simple,2026-07-09T11:55:05.434903
74019,simple,2026-07-09T11:55:05.434903
100526,simple,2026-07-09T11:55:05.434903
100545,simple,2026-07-09T11:55:05.434903
102986,simple,2026-07-09T11:55:05.434903
103002,simple,2026-07-09T11:55:05.434903
103017,simple,2026-07-09T11:55:05.434903
103034,simple,2026-07-09T11:55:05.434903
103047,simple,2026-07-09T11:55:05.434903
110907,simple,2026-07-09T11:55:05.434903
110923,simple,2026-07-09T11:55:05.434903
113879,simple,2026-07-09T11:55:05.434903
57408,simple,2026-07-09T11:55:05.434903
76324,simple,2026-07-09T11:55:05.434903
76331,simple,2026-07-09T11:55:05.434903
78403,simple,2026-07-09T11:55:05.434903
105837,simple,2026-07-09T11:55:05.434903
105863,simple,2026-07-09T11:55:05.434903
108471,simple,2026-07-09T11:55:05.434903
108491,simple,2026-07-09T11:55:05.434903
55715,simple,2026-07-09T11:55:05.434903
32041,simple,2026-07-09T11:55:05.434903
35325,simple,2026-07-09T11:55:05.434903
55722,simple,2026-07-09T11:55:05.434903
67627,simple,2026-07-09T11:55:05.434903
74069,simple,2026-07-09T11:55:05.434903
104063,simple,2026-07-09T11:55:05.434903
114763,simple,2026-07-09T11:55:05.434903
17103,simple,2026-07-09T11:55:34.335297
17105,simple,2026-07-09T11:55:34.335297
17107,simple,2026-07-09T11:55:34.335297
17109,simple,2026-07-09T11:55:34.335297
17111,simple,2026-07-09T11:55:34.335297
17112,simple,2026-07-09T11:55:34.335297
17113,simple,2026-07-09T11:55:34.335297
17114,simple,2026-07-09T11:55:34.335297
17115,simple,2026-07-09T11:55:34.335297
17116,simple,2026-07-09T11:55:34.335297
17117,simple,2026-07-09T11:55:34.335297
17118,simple,2026-07-09T11:55:34.335297
17119,simple,2026-07-09T11:55:34.335297
17121,simple,2026-07-09T11:55:34.335297
32053,simple,2026-07-09T11:55:34.335297
32058,simple,2026-07-09T11:55:34.335297
32064,simple,2026-07-09T11:55:34.335297
32070,simple,2026-07-09T11:55:34.335297
35330,simple,2026-07-09T11:55:34.335297
35335,simple,2026-07-09T11:55:34.335297
35340,simple,2026-07-09T11:55:34.335297
35345,simple,2026-07-09T11:55:34.335297
48907,simple,2026-07-09T11:55:34.335297
48913,simple,2026-07-09T11:55:34.335297
48918,simple,2026-07-09T11:55:34.335297
48924,simple,2026-07-09T11:55:34.335297
48931,simple,2026-07-09T11:55:34.335297
48937,simple,2026-07-09T11:55:34.335297
48943,simple,2026-07-09T11:55:34.335297
48950,simple,2026-07-09T11:55:34.335297
55732,simple,2026-07-09T11:55:34.335297
55738,simple,2026-07-09T11:55:34.335297
55744,simple,2026-07-09T11:55:34.335297
55750,simple,2026-07-09T11:55:34.335297
55757,simple,2026-07-09T11:55:34.335297
55763,simple,2026-07-09T11:55:34.335297
55770,simple,2026-07-09T11:55:34.335297
57182,simple,2026-07-09T11:55:34.335297
57187,simple,2026-07-09T11:55:34.335297
57193,simple,2026-07-09T11:55:34.335297
57199,simple,2026-07-09T11:55:34.335297
57205,simple,2026-07-09T11:55:34.335297
57211,simple,2026-07-09T11:55:34.335297
59518,simple,2026-07-09T11:55:34.335297
59520,simple,2026-07-09T11:55:34.335297
59524,simple,2026-07-09T11:55:34.335297
63810,simple,2026-07-09T11:55:34.335297
63815,simple,2026-07-09T11:55:34.335297
63820,simple,2026-07-09T11:55:34.335297
65412,simple,2026-07-09T11:55:34.335297
65418,simple,2026-07-09T11:55:34.335297
65424,simple,2026-07-09T11:55:34.335297
65430,simple,2026-07-09T11:55:34.335297
65435,simple,2026-07-09T11:55:34.335297
67634,simple,2026-07-09T11:55:34.335297
67641,simple,2026-07-09T11:55:34.335297
67647,simple,2026-07-09T11:55:34.335297
67653,simple,2026-07-09T11:55:34.335297
69631,simple,2026-07-09T11:55:34.335297
69637,simple,2026-07-09T11:55:34.335297
69643,simple,2026-07-09T11:55:34.335297
71727,simple,2026-07-09T11:55:34.335297
71731,simple,2026-07-09T11:55:34.335297
71738,simple,2026-07-09T11:55:34.335297
73793,simple,2026-07-09T11:55:34.335297
73799,simple,2026-07-09T11:55:34.335297
73806,simple,2026-07-09T11:55:34.335297
73814,simple,2026-07-09T11:55:34.335297
73818,simple,2026-07-09T11:55:34.335297
73824,simple,2026-07-09T11:55:34.335297
74082,simple,2026-07-09T11:55:34.335297
76115,simple,2026-07-09T11:55:34.335297
76121,simple,2026-07-09T11:55:34.335297
76127,simple,2026-07-09T11:55:34.335297
76133,simple,2026-07-09T11:55:34.335297
76139,simple,2026-07-09T11:55:34.335297
76145,simple,2026-07-09T11:55:34.335297
76370,simple,2026-07-09T11:55:34.335297
76375,simple,2026-07-09T11:55:34.335297
76382,simple,2026-07-09T11:55:34.335297
78458,simple,2026-07-09T11:55:34.335297
78467,simple,2026-07-09T11:55:34.335297
78472,simple,2026-07-09T11:55:34.335297
78478,simple,2026-07-09T11:55:34.335297
78484,simple,2026-07-09T11:55:34.335297
78490,simple,2026-07-09T11:55:34.335297
78496,simple,2026-07-09T11:55:34.335297
83216,simple,2026-07-09T11:55:34.335297
83220,simple,2026-07-09T11:55:34.335297
86945,simple,2026-07-09T11:55:34.335297
86948,simple,2026-07-09T11:55:35.952319
86951,simple,2026-07-09T11:55:35.952319
86954,simple,2026-07-09T11:55:35.952319
86957,simple,2026-07-09T11:55:35.952319
103063,simple,2026-07-09T11:55:35.952319
108631,simple,2026-07-09T11:55:35.952319
108645,simple,2026-07-09T11:55:35.952319
108669,simple,2026-07-09T11:55:35.952319
108687,simple,2026-07-09T11:55:35.952319
108707,simple,2026-07-09T11:55:35.952319
108730,simple,2026-07-09T11:55:35.952319
108749,simple,2026-07-09T11:55:35.952319
108770,simple,2026-07-09T11:55:35.952319
108789,simple,2026-07-09T11:55:35.952319
113928,simple,2026-07-09T11:55:35.952319
113941,simple,2026-07-09T11:55:35.952319
113954,simple,2026-07-09T11:55:35.952319
17120,simple,2026-07-09T11:55:45.330564
17122,simple,2026-07-09T11:55:45.330564
17123,simple,2026-07-09T11:55:45.330564
17124,simple,2026-07-09T11:55:45.330564
17125,simple,2026-07-09T11:55:45.330564
17126,simple,2026-07-09T11:55:45.330564
17127,simple,2026-07-09T11:55:45.330564
17130,simple,2026-07-09T11:55:45.330564
17128,simple,2026-07-09T11:55:45.330564
17129,simple,2026-07-09T11:55:45.330564
17132,simple,2026-07-09T11:55:45.330564
17131,simple,2026-07-09T11:55:45.330564
17133,simple,2026-07-09T11:55:45.330564
17134,simple,2026-07-09T11:55:45.330564
17136,simple,2026-07-09T11:55:45.330564
17135,simple,2026-07-09T11:55:45.330564
17137,simple,2026-07-09T11:55:45.330564
17138,simple,2026-07-09T11:55:45.330564
17139,simple,2026-07-09T11:55:45.330564
17140,simple,2026-07-09T11:55:45.330564
17141,simple,2026-07-09T11:55:45.330564
17142,simple,2026-07-09T11:55:45.330564
17143,simple,2026-07-09T11:55:45.330564
17144,simple,2026-07-09T11:55:45.330564
17145,simple,2026-07-09T11:55:45.330564
17146,simple,2026-07-09T11:55:45.330564
17147,simple,2026-07-09T11:55:45.330564
17148,simple,2026-07-09T11:55:45.330564
17149,simple,2026-07-09T11:55:45.330564
17150,simple,2026-07-09T11:55:45.330564
17152,simple,2026-07-09T11:55:45.330564
17154,simple,2026-07-09T11:55:45.330564
31920,simple,2026-07-09T11:55:45.330564
31926,simple,2026-07-09T11:55:45.330564
31930,simple,2026-07-09T11:55:45.330564
32087,simple,2026-07-09T11:55:45.330564
32093,simple,2026-07-09T11:55:45.330564
32099,simple,2026-07-09T11:55:45.330564
32105,simple,2026-07-09T11:55:45.330564
32111,simple,2026-07-09T11:55:45.330564
32117,simple,2026-07-09T11:55:45.330564
32123,simple,2026-07-09T11:55:45.330564
32129,simple,2026-07-09T11:55:45.330564
32135,simple,2026-07-09T11:55:45.330564
32140,simple,2026-07-09T11:55:45.330564
35160,simple,2026-07-09T11:55:45.330564
35165,simple,2026-07-09T11:55:45.330564
35170,simple,2026-07-09T11:55:45.330564
35364,simple,2026-07-09T11:55:45.330564
35368,simple,2026-07-09T11:55:45.330564
35372,simple,2026-07-09T11:55:45.330564
35376,simple,2026-07-09T11:55:45.330564
35379,simple,2026-07-09T11:55:45.330564
48962,simple,2026-07-09T11:55:45.330564
48968,simple,2026-07-09T11:55:45.330564
48975,simple,2026-07-09T11:55:45.330564
48982,simple,2026-07-09T11:55:45.330564
48988,simple,2026-07-09T11:55:45.330564
48994,simple,2026-07-09T11:55:45.330564
49001,simple,2026-07-09T11:55:45.330564
49006,simple,2026-07-09T11:55:45.330564
49013,simple,2026-07-09T11:55:45.330564
49020,simple,2026-07-09T11:55:45.330564
49026,simple,2026-07-09T11:55:45.330564
49032,simple,2026-07-09T11:55:45.330564
49038,simple,2026-07-09T11:55:45.330564
49045,simple,2026-07-09T11:55:45.330564
49049,simple,2026-07-09T11:55:45.330564
49055,simple,2026-07-09T11:55:45.330564
49061,simple,2026-07-09T11:55:45.330564
49067,simple,2026-07-09T11:55:45.330564
49073,simple,2026-07-09T11:55:45.330564
49079,simple,2026-07-09T11:55:45.330564
49085,simple,2026-07-09T11:55:45.330564
49091,simple,2026-07-09T11:55:45.330564
49097,simple,2026-07-09T11:55:45.330564
49103,simple,2026-07-09T11:55:45.330564
55539,simple,2026-07-09T11:55:45.330564
55545,simple,2026-07-09T11:55:45.330564
55552,simple,2026-07-09T11:55:45.330564
55557,simple,2026-07-09T11:55:45.330564
55563,simple,2026-07-09T11:55:45.330564
55570,simple,2026-07-09T11:55:45.330564
55575,simple,2026-07-09T11:55:45.330564
55581,simple,2026-07-09T11:55:45.330564
55587,simple,2026-07-09T11:55:45.330564
55594,simple,2026-07-09T11:55:45.330564
55600,simple,2026-07-09T11:55:45.330564
55606,simple,2026-07-09T11:55:45.330564
55612,simple,2026-07-09T11:55:45.330564
55782,simple,2026-07-09T11:55:50.131380
55788,simple,2026-07-09T11:55:50.131380
55794,simple,2026-07-09T11:55:50.131380
55801,simple,2026-07-09T11:55:50.131380
55807,simple,2026-07-09T11:55:50.131380
55812,simple,2026-07-09T11:55:50.131380
55819,simple,2026-07-09T11:55:50.131380
55825,simple,2026-07-09T11:55:50.131380
57223,simple,2026-07-09T11:55:50.131380
57229,simple,2026-07-09T11:55:50.131380
57235,simple,2026-07-09T11:55:50.131380
57241,simple,2026-07-09T11:55:50.131380
57246,simple,2026-07-09T11:55:50.131380
57251,simple,2026-07-09T11:55:50.131380
57257,simple,2026-07-09T11:55:50.131380
57263,simple,2026-07-09T11:55:50.131380
57267,simple,2026-07-09T11:55:50.131380
57273,simple,2026-07-09T11:55:50.131380
57279,simple,2026-07-09T11:55:50.131380
57285,simple,2026-07-09T11:55:50.131380
57290,simple,2026-07-09T11:55:50.131380
57297,simple,2026-07-09T11:55:50.131380
57301,simple,2026-07-09T11:55:50.131380
57307,simple,2026-07-09T11:55:50.131380
57312,simple,2026-07-09T11:55:50.131380
57318,simple,2026-07-09T11:55:50.131380
57324,simple,2026-07-09T11:55:50.131380
57330,simple,2026-07-09T11:55:50.131380
57336,simple,2026-07-09T11:55:50.131380
57342,simple,2026-07-09T11:55:50.131380
59553,simple,2026-07-09T11:55:50.131380
59559,simple,2026-07-09T11:55:50.131380
59565,simple,2026-07-09T11:55:50.131380
59571,simple,2026-07-09T11:55:50.131380
59577,simple,2026-07-09T11:55:50.131380
59583,simple,2026-07-09T11:55:50.131380
59590,simple,2026-07-09T11:55:50.131380
59596,simple,2026-07-09T11:55:50.131380
59602,simple,2026-07-09T11:55:50.131380
59610,simple,2026-07-09T11:55:50.131380
59616,simple,2026-07-09T11:55:50.131380
59622,simple,2026-07-09T11:55:50.131380
63849,simple,2026-07-09T11:55:50.131380
63856,simple,2026-07-09T11:55:50.131380
63862,simple,2026-07-09T11:55:50.131380
63869,simple,2026-07-09T11:55:50.131380
63876,simple,2026-07-09T11:55:50.131380
63881,simple,2026-07-09T11:55:50.131380
63887,simple,2026-07-09T11:55:50.131380
63892,simple,2026-07-09T11:55:50.131380
63898,simple,2026-07-09T11:55:50.131380
63903,simple,2026-07-09T11:55:50.131380
63911,simple,2026-07-09T11:55:50.131380
63916,simple,2026-07-09T11:55:50.131380
65251,simple,2026-07-09T11:55:50.131380
65253,simple,2026-07-09T11:55:50.131380
65257,simple,2026-07-09T11:55:50.131380
65262,simple,2026-07-09T11:55:50.131380
65447,simple,2026-07-09T11:55:50.131380
65453,simple,2026-07-09T11:55:50.131380
65458,simple,2026-07-09T11:55:50.131380
65463,simple,2026-07-09T11:55:50.131380
65468,simple,2026-07-09T11:55:50.131380
65475,simple,2026-07-09T11:55:50.131380
65481,simple,2026-07-09T11:55:50.131380
65487,simple,2026-07-09T11:55:50.131380
65492,simple,2026-07-09T11:55:50.131380
65499,simple,2026-07-09T11:55:50.131380
65506,simple,2026-07-09T11:55:50.131380
65513,simple,2026-07-09T11:55:50.131380
65519,simple,2026-07-09T11:55:50.131380
65525,simple,2026-07-09T11:55:50.131380
65531,simple,2026-07-09T11:55:50.131380
65537,simple,2026-07-09T11:55:50.131380
65542,simple,2026-07-09T11:55:50.131380
67409,simple,2026-07-09T11:55:50.131380
67413,simple,2026-07-09T11:55:50.131380
67417,simple,2026-07-09T11:55:50.131380
67422,simple,2026-07-09T11:55:50.131380
67428,simple,2026-07-09T11:55:50.131380
67434,simple,2026-07-09T11:55:50.131380
67682,simple,2026-07-09T11:55:50.131380
67689,simple,2026-07-09T11:55:50.131380
69671,simple,2026-07-09T11:55:50.131380
69677,simple,2026-07-09T11:55:50.131380
69683,simple,2026-07-09T11:55:50.131380
69689,simple,2026-07-09T11:55:50.131380
69695,simple,2026-07-09T11:55:50.131380
69701,simple,2026-07-09T11:55:50.131380
69707,simple,2026-07-09T11:55:50.131380
69713,simple,2026-07-09T11:55:54.630753
69719,simple,2026-07-09T11:55:54.630753
69726,simple,2026-07-09T11:55:54.630753
69731,simple,2026-07-09T11:55:54.630753
69737,simple,2026-07-09T11:55:54.630753
71769,simple,2026-07-09T11:55:54.630753
71775,simple,2026-07-09T11:55:54.630753
71782,simple,2026-07-09T11:55:54.630753
71789,simple,2026-07-09T11:55:54.630753
71795,simple,2026-07-09T11:55:54.630753
71801,simple,2026-07-09T11:55:54.630753
71807,simple,2026-07-09T11:55:54.630753
71813,simple,2026-07-09T11:55:54.630753
71819,simple,2026-07-09T11:55:54.630753
71825,simple,2026-07-09T11:55:54.630753
71831,simple,2026-07-09T11:55:54.630753
71837,simple,2026-07-09T11:55:54.630753
73836,simple,2026-07-09T11:55:54.630753
73842,simple,2026-07-09T11:55:54.630753
73848,simple,2026-07-09T11:55:54.630753
73854,simple,2026-07-09T11:55:54.630753
73860,simple,2026-07-09T11:55:54.630753
73866,simple,2026-07-09T11:55:54.630753
73872,simple,2026-07-09T11:55:54.630753
73878,simple,2026-07-09T11:55:54.630753
73884,simple,2026-07-09T11:55:54.630753
73889,simple,2026-07-09T11:55:54.630753
73895,simple,2026-07-09T11:55:54.630753
73902,simple,2026-07-09T11:55:54.630753
73908,simple,2026-07-09T11:55:54.630753
73913,simple,2026-07-09T11:55:54.630753
73920,simple,2026-07-09T11:55:54.630753
73926,simple,2026-07-09T11:55:54.630753
73932,simple,2026-07-09T11:55:54.630753
73938,simple,2026-07-09T11:55:54.630753
73946,simple,2026-07-09T11:55:54.630753
73952,simple,2026-07-09T11:55:54.630753
76206,simple,2026-07-09T11:55:54.630753
78570,simple,2026-07-09T11:55:54.630753
83225,simple,2026-07-09T11:55:54.630753
83227,simple,2026-07-09T11:55:54.630753
83229,simple,2026-07-09T11:55:54.630753
83231,simple,2026-07-09T11:55:54.630753
86928,simple,2026-07-09T11:55:54.630753
86931,simple,2026-07-09T11:55:54.630753
86934,simple,2026-07-09T11:55:54.630753
86937,simple,2026-07-09T11:55:54.630753
86940,simple,2026-07-09T11:55:54.630753
86943,simple,2026-07-09T11:55:54.630753
86946,simple,2026-07-09T11:55:54.630753
86949,simple,2026-07-09T11:55:54.630753
86952,simple,2026-07-09T11:55:54.630753
86955,simple,2026-07-09T11:55:54.630753
86960,simple,2026-07-09T11:55:54.630753
86963,simple,2026-07-09T11:55:54.630753
86966,simple,2026-07-09T11:55:54.630753
86969,simple,2026-07-09T11:55:54.630753
100810,simple,2026-07-09T11:55:54.630753
100829,simple,2026-07-09T11:55:54.630753
100848,simple,2026-07-09T11:55:54.630753
100866,simple,2026-07-09T11:55:54.630753
100884,simple,2026-07-09T11:55:54.630753
100902,simple,2026-07-09T11:55:54.630753
101176,simple,2026-07-09T11:55:54.630753
101193,simple,2026-07-09T11:55:54.630753
103106,simple,2026-07-09T11:55:54.630753
103120,simple,2026-07-09T11:55:54.630753
103135,simple,2026-07-09T11:55:54.630753
103150,simple,2026-07-09T11:55:54.630753
103165,simple,2026-07-09T11:55:54.630753
103179,simple,2026-07-09T11:55:54.630753
103191,simple,2026-07-09T11:55:54.630753
109002,simple,2026-07-09T11:55:54.630753
114017,simple,2026-07-09T11:55:54.630753
114030,simple,2026-07-09T11:55:54.630753
114042,simple,2026-07-09T11:55:54.630753
114057,simple,2026-07-09T11:55:54.630753
114068,simple,2026-07-09T11:55:54.630753
114081,simple,2026-07-09T11:55:54.630753
114094,simple,2026-07-09T11:55:54.630753
114108,simple,2026-07-09T11:55:54.630753
114121,simple,2026-07-09T11:55:54.630753
114133,simple,2026-07-09T11:55:54.630753
114147,simple,2026-07-09T11:55:54.630753
114159,simple,2026-07-09T11:55:54.630753
17093,simple,2026-07-09T11:56:03.019846
17096,simple,2026-07-09T11:56:03.019846
48895,simple,2026-07-09T11:56:03.019846
55726,simple,2026-07-09T11:56:03.019846
57463,simple,2026-07-09T11:56:03.019846
59517,simple,2026-07-09T11:56:03.019846
63804,simple,2026-07-09T11:56:03.019846
65406,simple,2026-07-09T11:56:03.019846
69625,simple,2026-07-09T11:56:03.019846
71720,simple,2026-07-09T11:56:03.019846
74076,simple,2026-07-09T11:56:03.019846
76347,simple,2026-07-09T11:56:03.019846
100677,simple,2026-07-09T11:56:03.019846
105883,simple,2026-07-09T11:56:03.019846
108552,simple,2026-07-09T11:56:03.019846
113917,simple,2026-07-09T11:56:03.019846
109710,simple,2026-07-09T11:56:03.019846
115907,simple,2026-07-09T11:56:03.019846
17099,simple,2026-07-09T11:56:03.019846
17101,simple,2026-07-09T11:56:03.019846
32047,simple,2026-07-09T11:56:03.019846
48902,simple,2026-07-09T11:56:03.019846
57175,simple,2026-07-09T11:56:03.019846
76359,simple,2026-07-09T11:56:03.019846
78439,simple,2026-07-09T11:56:03.019846
86939,simple,2026-07-09T11:56:03.019846
105927,simple,2026-07-09T11:56:03.019846
108588,simple,2026-07-09T11:56:03.019846
114773,simple,2026-07-09T11:56:03.019846
32076,simple,2026-07-09T11:56:03.019846
32081,simple,2026-07-09T11:56:03.019846
35350,simple,2026-07-09T11:56:03.019846
35354,simple,2026-07-09T11:56:03.019846
35359,simple,2026-07-09T11:56:03.019846
48956,simple,2026-07-09T11:56:03.019846
55776,simple,2026-07-09T11:56:03.019846
57217,simple,2026-07-09T11:56:03.019846
59530,simple,2026-07-09T11:56:03.019846
59536,simple,2026-07-09T11:56:03.019846
59542,simple,2026-07-09T11:56:03.019846
59547,simple,2026-07-09T11:56:03.019846
63826,simple,2026-07-09T11:56:03.019846
63833,simple,2026-07-09T11:56:03.019846
63838,simple,2026-07-09T11:56:03.019846
63843,simple,2026-07-09T11:56:03.019846
65441,simple,2026-07-09T11:56:03.019846
67654,simple,2026-07-09T11:56:03.019846
67661,simple,2026-07-09T11:56:03.019846
67666,simple,2026-07-09T11:56:03.019846
67674,simple,2026-07-09T11:56:03.019846
69648,simple,2026-07-09T11:56:03.019846
69654,simple,2026-07-09T11:56:03.019846
69660,simple,2026-07-09T11:56:03.019846
69665,simple,2026-07-09T11:56:03.019846
71744,simple,2026-07-09T11:56:03.019846
71750,simple,2026-07-09T11:56:03.019846
71756,simple,2026-07-09T11:56:03.019846
71762,simple,2026-07-09T11:56:03.019846
73830,simple,2026-07-09T11:56:03.019846
76151,simple,2026-07-09T11:56:03.019846
76157,simple,2026-07-09T11:56:03.019846
76163,simple,2026-07-09T11:56:03.019846
76169,simple,2026-07-09T11:56:03.019846
76176,simple,2026-07-09T11:56:03.019846
76182,simple,2026-07-09T11:56:03.019846
76188,simple,2026-07-09T11:56:03.019846
76194,simple,2026-07-09T11:56:03.019846
78502,simple,2026-07-09T11:56:03.019846
78508,simple,2026-07-09T11:56:03.019846
78513,simple,2026-07-09T11:56:03.019846
78519,simple,2026-07-09T11:56:03.019846
78525,simple,2026-07-09T11:56:03.019846
78531,simple,2026-07-09T11:56:03.019846
78538,simple,2026-07-09T11:56:03.019846
78544,simple,2026-07-09T11:56:03.019846
78552,simple,2026-07-09T11:56:03.019846
103078,simple,2026-07-09T11:56:03.019846
103091,simple,2026-07-09T11:56:03.019846
108815,simple,2026-07-09T11:56:03.019846
108834,simple,2026-07-09T11:56:03.019846
108850,simple,2026-07-09T11:56:03.019846
108875,simple,2026-07-09T11:56:03.019846
108902,simple,2026-07-09T11:56:03.019846
108923,simple,2026-07-09T11:56:03.019846
108943,simple,2026-07-09T11:56:03.019846
108962,simple,2026-07-09T11:56:03.019846
113967,simple,2026-07-09T11:56:03.019846
113980,simple,2026-07-09T11:56:03.019846
113992,simple,2026-07-09T11:56:03.019846
114004,simple,2026-07-09T11:56:03.019846
31934,simple,2026-07-09T11:56:22.758500
35176,simple,2026-07-09T11:56:22.758500
67439,simple,2026-07-09T11:56:22.758500
76211,simple,2026-07-09T11:56:22.758500
76217,simple,2026-07-09T11:56:22.758500
78582,simple,2026-07-09T11:56:22.758500
78588,simple,2026-07-09T11:56:22.758500
78593,simple,2026-07-09T11:56:22.758500
104079,simple,2026-07-09T11:56:22.758500
109021,simple,2026-07-09T11:56:22.758500
109041,simple,2026-07-09T11:56:22.758500
114783,simple,2026-07-09T11:56:22.758500
31940,simple,2026-07-09T11:56:22.758500
31945,simple,2026-07-09T11:56:22.758500
35182,simple,2026-07-09T11:56:22.758500
35188,simple,2026-07-09T11:56:22.758500
67444,simple,2026-07-09T11:56:22.758500
67450,simple,2026-07-09T11:56:22.758500
76224,simple,2026-07-09T11:56:22.758500
76230,simple,2026-07-09T11:56:22.758500
76236,simple,2026-07-09T11:56:22.758500
78607,simple,2026-07-09T11:56:22.758500
78613,simple,2026-07-09T11:56:22.758500
78619,simple,2026-07-09T11:56:22.758500
83199,simple,2026-07-09T11:56:22.758500
83201,simple,2026-07-09T11:56:22.758500
103209,simple,2026-07-09T11:56:22.758500
103223,simple,2026-07-09T11:56:22.758500
109057,simple,2026-07-09T11:56:22.758500
109078,simple,2026-07-09T11:56:22.758500
109097,simple,2026-07-09T11:56:22.758500
114794,simple,2026-07-09T11:56:22.758500
114805,simple,2026-07-09T11:56:22.758500
109119,simple,2026-07-09T11:56:22.758500
17151,simple,2026-07-09T11:56:22.758500
17153,simple,2026-07-09T11:56:22.758500
31951,simple,2026-07-09T11:56:22.758500
35194,simple,2026-07-09T11:56:22.758500
49109,simple,2026-07-09T11:56:22.758500
55616,simple,2026-07-09T11:56:22.758500
55621,simple,2026-07-09T11:56:22.758500
57348,simple,2026-07-09T11:56:22.758500
59628,simple,2026-07-09T11:56:22.758500
59633,simple,2026-07-09T11:56:22.758500
63922,simple,2026-07-09T11:56:22.758500
63927,simple,2026-07-09T11:56:22.758500
65268,simple,2026-07-09T11:56:22.758500
67456,simple,2026-07-09T11:56:22.758500
69742,simple,2026-07-09T11:56:22.758500
69749,simple,2026-07-09T11:56:22.758500
71843,simple,2026-07-09T11:56:22.758500
71849,simple,2026-07-09T11:56:22.758500
73958,simple,2026-07-09T11:56:22.758500
83205,simple,2026-07-09T11:56:22.758500
103242,simple,2026-07-09T11:56:22.758500
103259,simple,2026-07-09T11:56:22.758500
103274,simple,2026-07-09T11:56:22.758500
114172,simple,2026-07-09T11:56:22.758500
114185,simple,2026-07-09T11:56:22.758500
17155,simple,2026-07-09T11:56:22.758500
17156,simple,2026-07-09T11:56:22.758500
17157,simple,2026-07-09T11:56:22.758500
17158,simple,2026-07-09T11:56:22.758500
31957,simple,2026-07-09T11:56:22.758500
31962,simple,2026-07-09T11:56:22.758500
31968,simple,2026-07-09T11:56:22.758500
49113,simple,2026-07-09T11:56:22.758500
49118,simple,2026-07-09T11:56:22.758500
55627,simple,2026-07-09T11:56:22.758500
55633,simple,2026-07-09T11:56:22.758500
57354,simple,2026-07-09T11:56:22.758500
57360,simple,2026-07-09T11:56:22.758500
59639,simple,2026-07-09T11:56:22.758500
59645,simple,2026-07-09T11:56:22.758500
63932,simple,2026-07-09T11:56:22.758500
63939,simple,2026-07-09T11:56:22.758500
65274,simple,2026-07-09T11:56:22.758500
65280,simple,2026-07-09T11:56:22.758500
69755,simple,2026-07-09T11:56:22.758500
69761,simple,2026-07-09T11:56:22.758500
71855,simple,2026-07-09T11:56:22.758500
71863,simple,2026-07-09T11:56:22.758500
73964,simple,2026-07-09T11:56:22.758500
73970,simple,2026-07-09T11:56:22.758500
101232,simple,2026-07-09T11:56:22.758500
101251,simple,2026-07-09T11:56:22.758500
109141,simple,2026-07-09T11:56:22.758500
114198,simple,2026-07-09T11:56:22.758500
114211,simple,2026-07-09T11:56:22.758500
17159,simple,2026-07-09T11:56:45.287033
17160,simple,2026-07-09T11:56:45.287033
31974,simple,2026-07-09T11:56:45.287033
49123,simple,2026-07-09T11:56:45.287033
57366,simple,2026-07-09T11:56:45.287033
59650,simple,2026-07-09T11:56:45.287033
59656,simple,2026-07-09T11:56:45.287033
65286,simple,2026-07-09T11:56:45.287033
69767,simple,2026-07-09T11:56:45.287033
69773,simple,2026-07-09T11:56:45.287033
71869,simple,2026-07-09T11:56:45.287033
71874,simple,2026-07-09T11:56:45.287033
73976,simple,2026-07-09T11:56:45.287033
76253,simple,2026-07-09T11:56:45.287033
76257,simple,2026-07-09T11:56:45.287033
78625,simple,2026-07-09T11:56:45.287033
83209,simple,2026-07-09T11:56:45.287033
83211,simple,2026-07-09T11:56:45.287033
101271,simple,2026-07-09T11:56:45.287033
106030,simple,2026-07-09T11:56:45.287033
109162,simple,2026-07-09T11:56:45.287033
109180,simple,2026-07-09T11:56:45.287033
114814,simple,2026-07-09T11:56:45.287033
78631,simple,2026-07-09T11:56:45.287033
78637,simple,2026-07-09T11:56:45.287033
106050,simple,2026-07-09T11:56:45.287033
106071,simple,2026-07-09T11:56:45.287033
106092,simple,2026-07-09T11:56:45.287033
109737,simple,2026-07-09T11:56:45.287033
109744,simple,2026-07-09T11:56:45.287033
76263,simple,2026-07-09T11:56:45.287033
78648,simple,2026-07-09T11:56:45.287033
106112,simple,2026-07-09T11:56:45.287033
106131,simple,2026-07-09T11:56:45.287033
109200,simple,2026-07-09T11:56:45.287033
17161,simple,2026-07-09T11:56:45.287033
17162,simple,2026-07-09T11:56:45.287033
17163,simple,2026-07-09T11:56:45.287033
17164,simple,2026-07-09T11:56:45.287033
35200,simple,2026-07-09T11:56:45.287033
49130,simple,2026-07-09T11:56:45.287033
49137,simple,2026-07-09T11:56:45.287033
57372,simple,2026-07-09T11:56:45.287033
59661,simple,2026-07-09T11:56:45.287033
65292,simple,2026-07-09T11:56:45.287033
67462,simple,2026-07-09T11:56:45.287033
69776,simple,2026-07-09T11:56:45.287033
71880,simple,2026-07-09T11:56:45.287033
73982,simple,2026-07-09T11:56:45.287033
73988,simple,2026-07-09T11:56:45.287033
76275,simple,2026-07-09T11:56:45.287033
86970,simple,2026-07-09T11:56:45.287033
104095,simple,2026-07-09T11:56:45.287033
109240,simple,2026-07-09T11:56:45.287033
116716,simple,2026-07-09T11:56:45.287033
116733,simple,2026-07-09T11:56:45.287033
17166,simple,2026-07-09T11:56:45.287033
17167,simple,2026-07-09T11:56:45.287033
49143,simple,2026-07-09T11:56:45.287033
49150,simple,2026-07-09T11:56:45.287033
55639,simple,2026-07-09T11:56:45.287033
55645,simple,2026-07-09T11:56:45.287033
57378,simple,2026-07-09T11:56:45.287033
59666,simple,2026-07-09T11:56:45.287033
59672,simple,2026-07-09T11:56:45.287033
63944,simple,2026-07-09T11:56:45.287033
63951,simple,2026-07-09T11:56:45.287033
65298,simple,2026-07-09T11:56:45.287033
65304,simple,2026-07-09T11:56:45.287033
69780,simple,2026-07-09T11:56:45.287033
69786,simple,2026-07-09T11:56:45.287033
71886,simple,2026-07-09T11:56:45.287033
71892,simple,2026-07-09T11:56:45.287033
73993,simple,2026-07-09T11:56:45.287033
73999,simple,2026-07-09T11:56:45.287033
76286,simple,2026-07-09T11:56:45.287033
101304,simple,2026-07-09T11:56:45.287033
101323,simple,2026-07-09T11:56:45.287033
103288,simple,2026-07-09T11:56:45.287033
109276,simple,2026-07-09T11:56:45.287033
114223,simple,2026-07-09T11:56:45.287033
114236,simple,2026-07-09T11:56:45.287033
17165,simple,2026-07-09T11:57:04.090792
17168,simple,2026-07-09T11:57:04.090792
17169,simple,2026-07-09T11:57:04.090792
17170,simple,2026-07-09T11:57:04.090792
17171,simple,2026-07-09T11:57:04.090792
17172,simple,2026-07-09T11:57:04.090792
17173,simple,2026-07-09T11:57:04.090792
17174,simple,2026-07-09T11:57:04.090792
17176,simple,2026-07-09T11:57:04.090792
17177,simple,2026-07-09T11:57:04.090792
17178,simple,2026-07-09T11:57:04.090792
17181,simple,2026-07-09T11:57:04.090792
31986,simple,2026-07-09T11:57:04.090792
31992,simple,2026-07-09T11:57:04.090792
31998,simple,2026-07-09T11:57:04.090792
32003,simple,2026-07-09T11:57:04.090792
32009,simple,2026-07-09T11:57:04.090792
32015,simple,2026-07-09T11:57:04.090792
32021,simple,2026-07-09T11:57:04.090792
32027,simple,2026-07-09T11:57:04.090792
32033,simple,2026-07-09T11:57:04.090792
48874,simple,2026-07-09T11:57:04.090792
48881,simple,2026-07-09T11:57:04.090792
48887,simple,2026-07-09T11:57:04.090792
48893,simple,2026-07-09T11:57:04.090792
49156,simple,2026-07-09T11:57:04.090792
49159,simple,2026-07-09T11:57:04.090792
49161,simple,2026-07-09T11:57:04.090792
55651,simple,2026-07-09T11:57:04.090792
55657,simple,2026-07-09T11:57:04.090792
55663,simple,2026-07-09T11:57:04.090792
55668,simple,2026-07-09T11:57:04.090792
55674,simple,2026-07-09T11:57:04.090792
55680,simple,2026-07-09T11:57:04.090792
55686,simple,2026-07-09T11:57:04.090792
55691,simple,2026-07-09T11:57:04.090792
57384,simple,2026-07-09T11:57:04.090792
57390,simple,2026-07-09T11:57:04.090792
57396,simple,2026-07-09T11:57:04.090792
57402,simple,2026-07-09T11:57:04.090792
57407,simple,2026-07-09T11:57:04.090792
57414,simple,2026-07-09T11:57:04.090792
57419,simple,2026-07-09T11:57:04.090792
57426,simple,2026-07-09T11:57:04.090792
59678,simple,2026-07-09T11:57:04.090792
59682,simple,2026-07-09T11:57:04.090792
59688,simple,2026-07-09T11:57:04.090792
59694,simple,2026-07-09T11:57:04.090792
59701,simple,2026-07-09T11:57:04.090792
63956,simple,2026-07-09T11:57:04.090792
63962,simple,2026-07-09T11:57:04.090792
63968,simple,2026-07-09T11:57:04.090792
63974,simple,2026-07-09T11:57:04.090792
63980,simple,2026-07-09T11:57:04.090792
63986,simple,2026-07-09T11:57:04.090792
65311,simple,2026-07-09T11:57:04.090792
65317,simple,2026-07-09T11:57:04.090792
65323,simple,2026-07-09T11:57:04.090792
65330,simple,2026-07-09T11:57:04.090792
65336,simple,2026-07-09T11:57:04.090792
65342,simple,2026-07-09T11:57:04.090792
65348,simple,2026-07-09T11:57:04.090792
69792,simple,2026-07-09T11:57:04.090792
69798,simple,2026-07-09T11:57:04.090792
69804,simple,2026-07-09T11:57:04.090792
69810,simple,2026-07-09T11:57:04.090792
69816,simple,2026-07-09T11:57:04.090792
71898,simple,2026-07-09T11:57:04.090792
71902,simple,2026-07-09T11:57:04.090792
71907,simple,2026-07-09T11:57:04.090792
71913,simple,2026-07-09T11:57:04.090792
71919,simple,2026-07-09T11:57:04.090792
74005,simple,2026-07-09T11:57:04.090792
74011,simple,2026-07-09T11:57:04.090792
74017,simple,2026-07-09T11:57:04.090792
74023,simple,2026-07-09T11:57:04.090792
74029,simple,2026-07-09T11:57:04.090792
74035,simple,2026-07-09T11:57:04.090792
74041,simple,2026-07-09T11:57:04.090792
78671,simple,2026-07-09T11:57:04.090792
83218,simple,2026-07-09T11:57:04.090792
86929,simple,2026-07-09T11:57:04.090792
86938,simple,2026-07-09T11:57:04.090792
86941,simple,2026-07-09T11:57:04.090792
86976,simple,2026-07-09T11:57:04.090792
101343,simple,2026-07-09T11:57:04.090792
101399,simple,2026-07-09T11:57:04.090792
101438,simple,2026-07-09T11:57:04.090792
101456,simple,2026-07-09T11:57:04.090792
103301,simple,2026-07-09T11:57:04.090792
103314,simple,2026-07-09T11:57:05.204895
103328,simple,2026-07-09T11:57:05.204895
109751,simple,2026-07-09T11:57:05.204895
109758,simple,2026-07-09T11:57:05.204895
114250,simple,2026-07-09T11:57:05.204895
114275,simple,2026-07-09T11:57:05.204895
114289,simple,2026-07-09T11:57:05.204895
114301,simple,2026-07-09T11:57:05.204895
114314,simple,2026-07-09T11:57:05.204895
31980,simple,2026-07-09T11:57:14.757408
35206,simple,2026-07-09T11:57:14.757408
67468,simple,2026-07-09T11:57:14.757408
76292,simple,2026-07-09T11:57:14.757408
76297,simple,2026-07-09T11:57:14.757408
78669,simple,2026-07-09T11:57:14.757408
104111,simple,2026-07-09T11:57:14.757408
109296,simple,2026-07-09T11:57:14.757408
109316,simple,2026-07-09T11:57:14.757408
114825,simple,2026-07-09T11:57:14.757408
35211,simple,2026-07-09T11:57:14.757408
59707,simple,2026-07-09T11:57:14.757408
63991,simple,2026-07-09T11:57:14.757408
65354,simple,2026-07-09T11:57:14.757408
65360,simple,2026-07-09T11:57:14.757408
67473,simple,2026-07-09T11:57:14.757408
69822,simple,2026-07-09T11:57:14.757408
71925,simple,2026-07-09T11:57:14.757408
101496,simple,2026-07-09T11:57:14.757408
103343,simple,2026-07-09T11:57:14.757408
103358,simple,2026-07-09T11:57:14.757408
109793,simple,2026-07-09T11:57:14.757408
114326,simple,2026-07-09T11:57:14.757408
17180,simple,2026-07-09T11:57:14.757408
17183,simple,2026-07-09T11:57:14.757408
17184,simple,2026-07-09T11:57:14.757408
17186,simple,2026-07-09T11:57:14.757408
35218,simple,2026-07-09T11:57:14.757408
48899,simple,2026-07-09T11:57:14.757408
48906,simple,2026-07-09T11:57:14.757408
48912,simple,2026-07-09T11:57:14.757408
55697,simple,2026-07-09T11:57:14.757408
55702,simple,2026-07-09T11:57:14.757408
57435,simple,2026-07-09T11:57:14.757408
57441,simple,2026-07-09T11:57:14.757408
57447,simple,2026-07-09T11:57:14.757408
57453,simple,2026-07-09T11:57:14.757408
59714,simple,2026-07-09T11:57:14.757408
63997,simple,2026-07-09T11:57:14.757408
65367,simple,2026-07-09T11:57:14.757408
65373,simple,2026-07-09T11:57:14.757408
67479,simple,2026-07-09T11:57:14.757408
69828,simple,2026-07-09T11:57:14.757408
71931,simple,2026-07-09T11:57:14.757408
74047,simple,2026-07-09T11:57:14.757408
86944,simple,2026-07-09T11:57:14.757408
103373,simple,2026-07-09T11:57:14.757408
103388,simple,2026-07-09T11:57:14.757408
109801,simple,2026-07-09T11:57:14.757408
114340,simple,2026-07-09T11:57:14.757408
17188,simple,2026-07-09T11:57:14.757408
17190,simple,2026-07-09T11:57:14.757408
35223,simple,2026-07-09T11:57:14.757408
48919,simple,2026-07-09T11:57:14.757408
57459,simple,2026-07-09T11:57:14.757408
59720,simple,2026-07-09T11:57:14.757408
65380,simple,2026-07-09T11:57:14.757408
67485,simple,2026-07-09T11:57:14.757408
69834,simple,2026-07-09T11:57:14.757408
71939,simple,2026-07-09T11:57:14.757408
74061,simple,2026-07-09T11:57:14.757408
86950,simple,2026-07-09T11:57:14.757408
104128,simple,2026-07-09T11:57:14.757408
110941,simple,2026-07-09T11:57:14.757408
116750,simple,2026-07-09T11:57:14.757408
116765,simple,2026-07-09T11:57:14.757408
17179,simple,2026-07-09T11:57:31.977017
17182,simple,2026-07-09T11:57:31.977017
17185,simple,2026-07-09T11:57:31.977017
17187,simple,2026-07-09T11:57:31.977017
17189,simple,2026-07-09T11:57:31.977017
17191,simple,2026-07-09T11:57:31.977017
17193,simple,2026-07-09T11:57:31.977017
17195,simple,2026-07-09T11:57:31.977017
17197,simple,2026-07-09T11:57:31.977017
17198,simple,2026-07-09T11:57:31.977017
32050,simple,2026-07-09T11:57:31.977017
32056,simple,2026-07-09T11:57:31.977017
32061,simple,2026-07-09T11:57:31.977017
32067,simple,2026-07-09T11:57:31.977017
32073,simple,2026-07-09T11:57:31.977017
32079,simple,2026-07-09T11:57:31.977017
32084,simple,2026-07-09T11:57:31.977017
35256,simple,2026-07-09T11:57:31.977017
35261,simple,2026-07-09T11:57:31.977017
35267,simple,2026-07-09T11:57:31.977017
35273,simple,2026-07-09T11:57:31.977017
35279,simple,2026-07-09T11:57:31.977017
35285,simple,2026-07-09T11:57:31.977017
35291,simple,2026-07-09T11:57:31.977017
35297,simple,2026-07-09T11:57:31.977017
35303,simple,2026-07-09T11:57:31.977017
35308,simple,2026-07-09T11:57:31.977017
35313,simple,2026-07-09T11:57:31.977017
35318,simple,2026-07-09T11:57:31.977017
48936,simple,2026-07-09T11:57:31.977017
48942,simple,2026-07-09T11:57:31.977017
48948,simple,2026-07-09T11:57:31.977017
48953,simple,2026-07-09T11:57:31.977017
48959,simple,2026-07-09T11:57:31.977017
55714,simple,2026-07-09T11:57:31.977017
55721,simple,2026-07-09T11:57:31.977017
55729,simple,2026-07-09T11:57:31.977017
55734,simple,2026-07-09T11:57:31.977017
55741,simple,2026-07-09T11:57:31.977017
57179,simple,2026-07-09T11:57:31.977017
57185,simple,2026-07-09T11:57:31.977017
57191,simple,2026-07-09T11:57:31.977017
57197,simple,2026-07-09T11:57:31.977017
57203,simple,2026-07-09T11:57:31.977017
59738,simple,2026-07-09T11:57:31.977017
59744,simple,2026-07-09T11:57:31.977017
59750,simple,2026-07-09T11:57:31.977017
64009,simple,2026-07-09T11:57:31.977017
64015,simple,2026-07-09T11:57:31.977017
64021,simple,2026-07-09T11:57:31.977017
65398,simple,2026-07-09T11:57:31.977017
65404,simple,2026-07-09T11:57:31.977017
65411,simple,2026-07-09T11:57:31.977017
65417,simple,2026-07-09T11:57:31.977017
65423,simple,2026-07-09T11:57:31.977017
67514,simple,2026-07-09T11:57:31.977017
67522,simple,2026-07-09T11:57:31.977017
67528,simple,2026-07-09T11:57:31.977017
67533,simple,2026-07-09T11:57:31.977017
67539,simple,2026-07-09T11:57:31.977017
67543,simple,2026-07-09T11:57:31.977017
67548,simple,2026-07-09T11:57:31.977017
67553,simple,2026-07-09T11:57:31.977017
67559,simple,2026-07-09T11:57:31.977017
67565,simple,2026-07-09T11:57:31.977017
67571,simple,2026-07-09T11:57:31.977017
67577,simple,2026-07-09T11:57:31.977017
69850,simple,2026-07-09T11:57:31.977017
69856,simple,2026-07-09T11:57:31.977017
69864,simple,2026-07-09T11:57:31.977017
71956,simple,2026-07-09T11:57:31.977017
71963,simple,2026-07-09T11:57:31.977017
71969,simple,2026-07-09T11:57:31.977017
73794,simple,2026-07-09T11:57:31.977017
73804,simple,2026-07-09T11:57:31.977017
74079,simple,2026-07-09T11:57:31.977017
74084,simple,2026-07-09T11:57:31.977017
74088,simple,2026-07-09T11:57:31.977017
83228,simple,2026-07-09T11:57:31.977017
83230,simple,2026-07-09T11:57:31.977017
83232,simple,2026-07-09T11:57:31.977017
83234,simple,2026-07-09T11:57:31.977017
86959,simple,2026-07-09T11:57:31.977017
86962,simple,2026-07-09T11:57:31.977017
86971,simple,2026-07-09T11:57:31.977017
101651,simple,2026-07-09T11:57:31.977017
102382,simple,2026-07-09T11:57:31.977017
102395,simple,2026-07-09T11:57:31.977017
102408,simple,2026-07-09T11:57:31.977017
102422,simple,2026-07-09T11:57:31.977017
103462,simple,2026-07-09T11:57:33.126726
103476,simple,2026-07-09T11:57:33.126726
103491,simple,2026-07-09T11:57:33.126726
103508,simple,2026-07-09T11:57:33.126726
103523,simple,2026-07-09T11:57:33.126726
103537,simple,2026-07-09T11:57:33.126726
109809,simple,2026-07-09T11:57:33.126726
114366,simple,2026-07-09T11:57:33.126726
114379,simple,2026-07-09T11:57:33.126726
114392,simple,2026-07-09T11:57:33.126726
17199,simple,2026-07-09T11:57:42.110949
17200,simple,2026-07-09T11:57:42.110949
17201,simple,2026-07-09T11:57:42.110949
17202,simple,2026-07-09T11:57:42.110949
17203,simple,2026-07-09T11:57:42.110949
17204,simple,2026-07-09T11:57:42.110949
17205,simple,2026-07-09T11:57:42.110949
17206,simple,2026-07-09T11:57:42.110949
17207,simple,2026-07-09T11:57:42.110949
17208,simple,2026-07-09T11:57:42.110949
32090,simple,2026-07-09T11:57:42.110949
32095,simple,2026-07-09T11:57:42.110949
32101,simple,2026-07-09T11:57:42.110949
35331,simple,2026-07-09T11:57:42.110949
35336,simple,2026-07-09T11:57:42.110949
35341,simple,2026-07-09T11:57:42.110949
35346,simple,2026-07-09T11:57:42.110949
35352,simple,2026-07-09T11:57:42.110949
35357,simple,2026-07-09T11:57:42.110949
35362,simple,2026-07-09T11:57:42.110949
35369,simple,2026-07-09T11:57:42.110949
35374,simple,2026-07-09T11:57:42.110949
48965,simple,2026-07-09T11:57:42.110949
48971,simple,2026-07-09T11:57:42.110949
48977,simple,2026-07-09T11:57:42.110949
48983,simple,2026-07-09T11:57:42.110949
48991,simple,2026-07-09T11:57:42.110949
48997,simple,2026-07-09T11:57:42.110949
55749,simple,2026-07-09T11:57:42.110949
55755,simple,2026-07-09T11:57:42.110949
55761,simple,2026-07-09T11:57:42.110949
55768,simple,2026-07-09T11:57:42.110949
55774,simple,2026-07-09T11:57:42.110949
55779,simple,2026-07-09T11:57:42.110949
55785,simple,2026-07-09T11:57:42.110949
57209,simple,2026-07-09T11:57:42.110949
57214,simple,2026-07-09T11:57:42.110949
57220,simple,2026-07-09T11:57:42.110949
57226,simple,2026-07-09T11:57:42.110949
57232,simple,2026-07-09T11:57:42.110949
59519,simple,2026-07-09T11:57:42.110949
59521,simple,2026-07-09T11:57:42.110949
59526,simple,2026-07-09T11:57:42.110949
59757,simple,2026-07-09T11:57:42.110949
59763,simple,2026-07-09T11:57:42.110949
59769,simple,2026-07-09T11:57:42.110949
59775,simple,2026-07-09T11:57:42.110949
59781,simple,2026-07-09T11:57:42.110949
59787,simple,2026-07-09T11:57:42.110949
59793,simple,2026-07-09T11:57:42.110949
63740,simple,2026-07-09T11:57:42.110949
63741,simple,2026-07-09T11:57:42.110949
63742,simple,2026-07-09T11:57:42.110949
63745,simple,2026-07-09T11:57:42.110949
63748,simple,2026-07-09T11:57:42.110949
63752,simple,2026-07-09T11:57:42.110949
64026,simple,2026-07-09T11:57:42.110949
64029,simple,2026-07-09T11:57:42.110949
64033,simple,2026-07-09T11:57:42.110949
65429,simple,2026-07-09T11:57:42.110949
65436,simple,2026-07-09T11:57:42.110949
65442,simple,2026-07-09T11:57:42.110949
65448,simple,2026-07-09T11:57:42.110949
65454,simple,2026-07-09T11:57:42.110949
65460,simple,2026-07-09T11:57:42.110949
65465,simple,2026-07-09T11:57:42.110949
67599,simple,2026-07-09T11:57:42.110949
67605,simple,2026-07-09T11:57:42.110949
67611,simple,2026-07-09T11:57:42.110949
67617,simple,2026-07-09T11:57:42.110949
67623,simple,2026-07-09T11:57:42.110949
67628,simple,2026-07-09T11:57:42.110949
67632,simple,2026-07-09T11:57:42.110949
67639,simple,2026-07-09T11:57:42.110949
67645,simple,2026-07-09T11:57:42.110949
69606,simple,2026-07-09T11:57:42.110949
69611,simple,2026-07-09T11:57:42.110949
69617,simple,2026-07-09T11:57:42.110949
69870,simple,2026-07-09T11:57:42.110949
69874,simple,2026-07-09T11:57:42.110949
69880,simple,2026-07-09T11:57:42.110949
69886,simple,2026-07-09T11:57:42.110949
69891,simple,2026-07-09T11:57:42.110949
71713,simple,2026-07-09T11:57:42.110949
71721,simple,2026-07-09T11:57:42.110949
71726,simple,2026-07-09T11:57:42.110949
71975,simple,2026-07-09T11:57:42.110949
71982,simple,2026-07-09T11:57:42.110949
71987,simple,2026-07-09T11:57:42.110949
71992,simple,2026-07-09T11:57:42.110949
71998,simple,2026-07-09T11:57:44.827939
72004,simple,2026-07-09T11:57:44.827939
72009,simple,2026-07-09T11:57:44.827939
73810,simple,2026-07-09T11:57:44.827939
73816,simple,2026-07-09T11:57:44.827939
73821,simple,2026-07-09T11:57:44.827939
73826,simple,2026-07-09T11:57:44.827939
73832,simple,2026-07-09T11:57:44.827939
73840,simple,2026-07-09T11:57:44.827939
73846,simple,2026-07-09T11:57:44.827939
83240,simple,2026-07-09T11:57:44.827939
86973,simple,2026-07-09T11:57:44.827939
86975,simple,2026-07-09T11:57:44.827939
101708,simple,2026-07-09T11:57:44.827939
101728,simple,2026-07-09T11:57:44.827939
101770,simple,2026-07-09T11:57:44.827939
101788,simple,2026-07-09T11:57:44.827939
102455,simple,2026-07-09T11:57:44.827939
102471,simple,2026-07-09T11:57:44.827939
102487,simple,2026-07-09T11:57:44.827939
102504,simple,2026-07-09T11:57:44.827939
102523,simple,2026-07-09T11:57:44.827939
102541,simple,2026-07-09T11:57:44.827939
102557,simple,2026-07-09T11:57:44.827939
102572,simple,2026-07-09T11:57:44.827939
102587,simple,2026-07-09T11:57:44.827939
110992,simple,2026-07-09T11:57:44.827939
111009,simple,2026-07-09T11:57:44.827939
111026,simple,2026-07-09T11:57:44.827939
111043,simple,2026-07-09T11:57:44.827939
111060,simple,2026-07-09T11:57:44.827939
111077,simple,2026-07-09T11:57:44.827939
111094,simple,2026-07-09T11:57:44.827939
111110,simple,2026-07-09T11:57:44.827939
111126,simple,2026-07-09T11:57:44.827939
111142,simple,2026-07-09T11:57:44.827939
111159,simple,2026-07-09T11:57:44.827939
111176,simple,2026-07-09T11:57:44.827939
113190,simple,2026-07-09T11:57:44.827939
113195,simple,2026-07-09T11:57:44.827939
113201,simple,2026-07-09T11:57:44.827939
113208,simple,2026-07-09T11:57:44.827939
113216,simple,2026-07-09T11:57:44.827939
113226,simple,2026-07-09T11:57:44.827939
113237,simple,2026-07-09T11:57:44.827939
113248,simple,2026-07-09T11:57:44.827939
114406,simple,2026-07-09T11:57:44.827939
17175,simple,2026-07-09T11:57:54.009312
17192,simple,2026-07-09T11:57:54.009312
17194,simple,2026-07-09T11:57:54.009312
17196,simple,2026-07-09T11:57:54.009312
32039,simple,2026-07-09T11:57:54.009312
35229,simple,2026-07-09T11:57:54.009312
48925,simple,2026-07-09T11:57:54.009312
48930,simple,2026-07-09T11:57:54.009312
55708,simple,2026-07-09T11:57:54.009312
57173,simple,2026-07-09T11:57:54.009312
57465,simple,2026-07-09T11:57:54.009312
59726,simple,2026-07-09T11:57:54.009312
59732,simple,2026-07-09T11:57:54.009312
64003,simple,2026-07-09T11:57:54.009312
65386,simple,2026-07-09T11:57:54.009312
65392,simple,2026-07-09T11:57:54.009312
67491,simple,2026-07-09T11:57:54.009312
69838,simple,2026-07-09T11:57:54.009312
69844,simple,2026-07-09T11:57:54.009312
71945,simple,2026-07-09T11:57:54.009312
71950,simple,2026-07-09T11:57:54.009312
74067,simple,2026-07-09T11:57:54.009312
74073,simple,2026-07-09T11:57:54.009312
76308,simple,2026-07-09T11:57:54.009312
76314,simple,2026-07-09T11:57:54.009312
76320,simple,2026-07-09T11:57:54.009312
76326,simple,2026-07-09T11:57:54.009312
76332,simple,2026-07-09T11:57:54.009312
78714,simple,2026-07-09T11:57:54.009312
78720,simple,2026-07-09T11:57:54.009312
78728,simple,2026-07-09T11:57:54.009312
78732,simple,2026-07-09T11:57:54.009312
86953,simple,2026-07-09T11:57:54.009312
101591,simple,2026-07-09T11:57:54.009312
103403,simple,2026-07-09T11:57:54.009312
109355,simple,2026-07-09T11:57:54.009312
109375,simple,2026-07-09T11:57:54.009312
114353,simple,2026-07-09T11:57:54.009312
32045,simple,2026-07-09T11:57:54.009312
35236,simple,2026-07-09T11:57:54.009312
35245,simple,2026-07-09T11:57:54.009312
67496,simple,2026-07-09T11:57:54.009312
104145,simple,2026-07-09T11:57:54.009312
104157,simple,2026-07-09T11:57:54.009312
114836,simple,2026-07-09T11:57:54.009312
35250,simple,2026-07-09T11:57:54.009312
67508,simple,2026-07-09T11:57:54.009312
103417,simple,2026-07-09T11:57:54.009312
103432,simple,2026-07-09T11:57:54.009312
103447,simple,2026-07-09T11:57:54.009312
35322,simple,2026-07-09T11:57:54.009312
35326,simple,2026-07-09T11:57:54.009312
67586,simple,2026-07-09T11:57:54.009312
67593,simple,2026-07-09T11:57:54.009312
102438,simple,2026-07-09T11:57:54.009312
110957,simple,2026-07-09T11:57:54.009312
76338,simple,2026-07-09T11:57:54.009312
106278,simple,2026-07-09T11:57:54.009312
109395,simple,2026-07-09T11:57:54.009312
17209,simple,2026-07-09T11:57:54.009312
17210,simple,2026-07-09T11:57:54.009312
32107,simple,2026-07-09T11:57:54.009312
35378,simple,2026-07-09T11:57:54.009312
49002,simple,2026-07-09T11:57:54.009312
55791,simple,2026-07-09T11:57:54.009312
59532,simple,2026-07-09T11:57:54.009312
63758,simple,2026-07-09T11:57:54.009312
65471,simple,2026-07-09T11:57:54.009312
67650,simple,2026-07-09T11:57:54.009312
69623,simple,2026-07-09T11:57:54.009312
71733,simple,2026-07-09T11:57:54.009312
73852,simple,2026-07-09T11:57:54.009312
86979,simple,2026-07-09T11:57:54.009312
101847,simple,2026-07-09T11:57:54.009312
102603,simple,2026-07-09T11:57:54.009312
111193,simple,2026-07-09T11:57:54.009312
113260,simple,2026-07-09T11:57:54.009312
49007,simple,2026-07-09T11:57:54.009312
55797,simple,2026-07-09T11:57:54.009312
57238,simple,2026-07-09T11:57:54.009312
65478,simple,2026-07-09T11:57:54.009312
73858,simple,2026-07-09T11:57:54.009312
106338,simple,2026-07-09T11:57:54.009312
109828,simple,2026-07-09T11:57:54.009312
17217,simple,2026-07-09T11:58:20.051436
17219,simple,2026-07-09T11:58:20.051436
17221,simple,2026-07-09T11:58:20.051436
17223,simple,2026-07-09T11:58:20.051436
17225,simple,2026-07-09T11:58:20.051436
17226,simple,2026-07-09T11:58:20.051436
17227,simple,2026-07-09T11:58:20.051436
17228,simple,2026-07-09T11:58:20.051436
17229,simple,2026-07-09T11:58:20.051436
17230,simple,2026-07-09T11:58:20.051436
17231,simple,2026-07-09T11:58:20.051436
17232,simple,2026-07-09T11:58:20.051436
32130,simple,2026-07-09T11:58:20.051436
32137,simple,2026-07-09T11:58:20.051436
35106,simple,2026-07-09T11:58:20.051436
35107,simple,2026-07-09T11:58:20.051436
35108,simple,2026-07-09T11:58:20.051436
35109,simple,2026-07-09T11:58:20.051436
49036,simple,2026-07-09T11:58:20.051436
49042,simple,2026-07-09T11:58:20.051436
49048,simple,2026-07-09T11:58:20.051436
49054,simple,2026-07-09T11:58:20.051436
49060,simple,2026-07-09T11:58:20.051436
49066,simple,2026-07-09T11:58:20.051436
49072,simple,2026-07-09T11:58:20.051436
55534,simple,2026-07-09T11:58:20.051436
55536,simple,2026-07-09T11:58:20.051436
55824,simple,2026-07-09T11:58:20.051436
55829,simple,2026-07-09T11:58:20.051436
55832,simple,2026-07-09T11:58:20.051436
57275,simple,2026-07-09T11:58:20.051436
57281,simple,2026-07-09T11:58:20.051436
57286,simple,2026-07-09T11:58:20.051436
57293,simple,2026-07-09T11:58:20.051436
57299,simple,2026-07-09T11:58:20.051436
57305,simple,2026-07-09T11:58:20.051436
59550,simple,2026-07-09T11:58:20.051436
59557,simple,2026-07-09T11:58:20.051436
59563,simple,2026-07-09T11:58:20.051436
59569,simple,2026-07-09T11:58:20.051436
59574,simple,2026-07-09T11:58:20.051436
59580,simple,2026-07-09T11:58:20.051436
59586,simple,2026-07-09T11:58:20.051436
63770,simple,2026-07-09T11:58:20.051436
63777,simple,2026-07-09T11:58:20.051436
63783,simple,2026-07-09T11:58:20.051436
63789,simple,2026-07-09T11:58:20.051436
63795,simple,2026-07-09T11:58:20.051436
65259,simple,2026-07-09T11:58:20.051436
65498,simple,2026-07-09T11:58:20.051436
65504,simple,2026-07-09T11:58:20.051436
65510,simple,2026-07-09T11:58:20.051436
65516,simple,2026-07-09T11:58:20.051436
65522,simple,2026-07-09T11:58:20.051436
65528,simple,2026-07-09T11:58:20.051436
65534,simple,2026-07-09T11:58:20.051436
65541,simple,2026-07-09T11:58:20.051436
67423,simple,2026-07-09T11:58:20.051436
67429,simple,2026-07-09T11:58:20.051436
67437,simple,2026-07-09T11:58:20.051436
67443,simple,2026-07-09T11:58:20.051436
69641,simple,2026-07-09T11:58:20.051436
69646,simple,2026-07-09T11:58:20.051436
69652,simple,2026-07-09T11:58:20.051436
69657,simple,2026-07-09T11:58:20.051436
69663,simple,2026-07-09T11:58:20.051436
69668,simple,2026-07-09T11:58:20.051436
69674,simple,2026-07-09T11:58:20.051436
71751,simple,2026-07-09T11:58:20.051436
71757,simple,2026-07-09T11:58:20.051436
71763,simple,2026-07-09T11:58:20.051436
71768,simple,2026-07-09T11:58:20.051436
71774,simple,2026-07-09T11:58:20.051436
71779,simple,2026-07-09T11:58:20.051436
71787,simple,2026-07-09T11:58:20.051436
73891,simple,2026-07-09T11:58:20.051436
73897,simple,2026-07-09T11:58:20.051436
73903,simple,2026-07-09T11:58:20.051436
73909,simple,2026-07-09T11:58:20.051436
73915,simple,2026-07-09T11:58:20.051436
73921,simple,2026-07-09T11:58:20.051436
73927,simple,2026-07-09T11:58:20.051436
73933,simple,2026-07-09T11:58:20.051436
73939,simple,2026-07-09T11:58:20.051436
86997,simple,2026-07-09T11:58:20.051436
100328,simple,2026-07-09T11:58:20.051436
101977,simple,2026-07-09T11:58:20.051436
101997,simple,2026-07-09T11:58:20.051436
102032,simple,2026-07-09T11:58:20.051436
102052,simple,2026-07-09T11:58:20.051436
102072,simple,2026-07-09T11:58:21.344888
102652,simple,2026-07-09T11:58:21.344888
102668,simple,2026-07-09T11:58:21.344888
102685,simple,2026-07-09T11:58:21.344888
102702,simple,2026-07-09T11:58:21.344888
102718,simple,2026-07-09T11:58:21.344888
102734,simple,2026-07-09T11:58:21.344888
109849,simple,2026-07-09T11:58:21.344888
113288,simple,2026-07-09T11:58:21.344888
113303,simple,2026-07-09T11:58:21.344888
113317,simple,2026-07-09T11:58:21.344888
113332,simple,2026-07-09T11:58:21.344888
113344,simple,2026-07-09T11:58:21.344888
17212,simple,2026-07-09T11:58:28.924531
17214,simple,2026-07-09T11:58:28.924531
17216,simple,2026-07-09T11:58:28.924531
17218,simple,2026-07-09T11:58:28.924531
17220,simple,2026-07-09T11:58:28.924531
17222,simple,2026-07-09T11:58:28.924531
49012,simple,2026-07-09T11:58:28.924531
49018,simple,2026-07-09T11:58:28.924531
49024,simple,2026-07-09T11:58:28.924531
55806,simple,2026-07-09T11:58:28.924531
55813,simple,2026-07-09T11:58:28.924531
55820,simple,2026-07-09T11:58:28.924531
57244,simple,2026-07-09T11:58:28.924531
57250,simple,2026-07-09T11:58:28.924531
57256,simple,2026-07-09T11:58:28.924531
59538,simple,2026-07-09T11:58:28.924531
63764,simple,2026-07-09T11:58:28.924531
65484,simple,2026-07-09T11:58:28.924531
65489,simple,2026-07-09T11:58:28.924531
65495,simple,2026-07-09T11:58:28.924531
69629,simple,2026-07-09T11:58:28.924531
71739,simple,2026-07-09T11:58:28.924531
73864,simple,2026-07-09T11:58:28.924531
73870,simple,2026-07-09T11:58:28.924531
86980,simple,2026-07-09T11:58:28.924531
86982,simple,2026-07-09T11:58:28.924531
101886,simple,2026-07-09T11:58:28.924531
101905,simple,2026-07-09T11:58:28.924531
101924,simple,2026-07-09T11:58:28.924531
113274,simple,2026-07-09T11:58:28.924531
17211,simple,2026-07-09T11:58:28.924531
17224,simple,2026-07-09T11:58:28.924531
35381,simple,2026-07-09T11:58:28.924531
35384,simple,2026-07-09T11:58:28.924531
35387,simple,2026-07-09T11:58:28.924531
57261,simple,2026-07-09T11:58:28.924531
67659,simple,2026-07-09T11:58:28.924531
67665,simple,2026-07-09T11:58:28.924531
104174,simple,2026-07-09T11:58:28.924531
104190,simple,2026-07-09T11:58:28.924531
104204,simple,2026-07-09T11:58:28.924531
109835,simple,2026-07-09T11:58:28.924531
109842,simple,2026-07-09T11:58:28.924531
17213,simple,2026-07-09T11:58:28.924531
17215,simple,2026-07-09T11:58:28.924531
35390,simple,2026-07-09T11:58:28.924531
35392,simple,2026-07-09T11:58:28.924531
35394,simple,2026-07-09T11:58:28.924531
57269,simple,2026-07-09T11:58:28.924531
59544,simple,2026-07-09T11:58:28.924531
67677,simple,2026-07-09T11:58:28.924531
67683,simple,2026-07-09T11:58:28.924531
67688,simple,2026-07-09T11:58:28.924531
69635,simple,2026-07-09T11:58:28.924531
71745,simple,2026-07-09T11:58:28.924531
83243,simple,2026-07-09T11:58:28.924531
83244,simple,2026-07-09T11:58:28.924531
83245,simple,2026-07-09T11:58:28.924531
86984,simple,2026-07-09T11:58:28.924531
104221,simple,2026-07-09T11:58:28.924531
104236,simple,2026-07-09T11:58:28.924531
116783,simple,2026-07-09T11:58:28.924531
116799,simple,2026-07-09T11:58:28.924531
32113,simple,2026-07-09T11:58:28.924531
35396,simple,2026-07-09T11:58:28.924531
35398,simple,2026-07-09T11:58:28.924531
49030,simple,2026-07-09T11:58:28.924531
67408,simple,2026-07-09T11:58:28.924531
67694,simple,2026-07-09T11:58:28.924531
104252,simple,2026-07-09T11:58:28.924531
104267,simple,2026-07-09T11:58:28.924531
114847,simple,2026-07-09T11:58:28.924531
32119,simple,2026-07-09T11:58:28.924531
32125,simple,2026-07-09T11:58:28.924531
35400,simple,2026-07-09T11:58:28.924531
35402,simple,2026-07-09T11:58:28.924531
67412,simple,2026-07-09T11:58:28.924531
67418,simple,2026-07-09T11:58:28.924531
83249,simple,2026-07-09T11:58:28.924531
102618,simple,2026-07-09T11:58:28.924531
102635,simple,2026-07-09T11:58:28.924531
111209,simple,2026-07-09T11:58:28.924531
111225,simple,2026-07-09T11:58:28.924531
114857,simple,2026-07-09T11:58:28.924531
114869,simple,2026-07-09T11:58:28.924531
17233,simple,2026-07-09T11:58:46.220483
17234,simple,2026-07-09T11:58:46.220483
17235,simple,2026-07-09T11:58:46.220483
17236,simple,2026-07-09T11:58:46.220483
17237,simple,2026-07-09T11:58:46.220483
17238,simple,2026-07-09T11:58:46.220483
32144,simple,2026-07-09T11:58:46.220483
32149,simple,2026-07-09T11:58:46.220483
32152,simple,2026-07-09T11:58:46.220483
32158,simple,2026-07-09T11:58:46.220483
32161,simple,2026-07-09T11:58:46.220483
35110,simple,2026-07-09T11:58:46.220483
35111,simple,2026-07-09T11:58:46.220483
35112,simple,2026-07-09T11:58:46.220483
35113,simple,2026-07-09T11:58:46.220483
35114,simple,2026-07-09T11:58:46.220483
49078,simple,2026-07-09T11:58:46.220483
49084,simple,2026-07-09T11:58:46.220483
49089,simple,2026-07-09T11:58:46.220483
49095,simple,2026-07-09T11:58:46.220483
55538,simple,2026-07-09T11:58:46.220483
55543,simple,2026-07-09T11:58:46.220483
57310,simple,2026-07-09T11:58:46.220483
57316,simple,2026-07-09T11:58:46.220483
57321,simple,2026-07-09T11:58:46.220483
57326,simple,2026-07-09T11:58:46.220483
59592,simple,2026-07-09T11:58:46.220483
59595,simple,2026-07-09T11:58:46.220483
65266,simple,2026-07-09T11:58:46.220483
65270,simple,2026-07-09T11:58:46.220483
65275,simple,2026-07-09T11:58:46.220483
67449,simple,2026-07-09T11:58:46.220483
67455,simple,2026-07-09T11:58:46.220483
67461,simple,2026-07-09T11:58:46.220483
67467,simple,2026-07-09T11:58:46.220483
67474,simple,2026-07-09T11:58:46.220483
69680,simple,2026-07-09T11:58:46.220483
69687,simple,2026-07-09T11:58:46.220483
71793,simple,2026-07-09T11:58:46.220483
71798,simple,2026-07-09T11:58:46.220483
73945,simple,2026-07-09T11:58:46.220483
73951,simple,2026-07-09T11:58:46.220483
73957,simple,2026-07-09T11:58:46.220483
73963,simple,2026-07-09T11:58:46.220483
87002,simple,2026-07-09T11:58:46.220483
87005,simple,2026-07-09T11:58:46.220483
87008,simple,2026-07-09T11:58:46.220483
87011,simple,2026-07-09T11:58:46.220483
100341,simple,2026-07-09T11:58:46.220483
100354,simple,2026-07-09T11:58:46.220483
100369,simple,2026-07-09T11:58:46.220483
102748,simple,2026-07-09T11:58:46.220483
102765,simple,2026-07-09T11:58:46.220483
109857,simple,2026-07-09T11:58:46.220483
114879,simple,2026-07-09T11:58:46.220483
114889,simple,2026-07-09T11:58:46.220483
114901,simple,2026-07-09T11:58:46.220483
114912,simple,2026-07-09T11:58:46.220483
114923,simple,2026-07-09T11:58:46.220483
49101,simple,2026-07-09T11:58:46.220483
55549,simple,2026-07-09T11:58:46.220483
57331,simple,2026-07-09T11:58:46.220483
73969,simple,2026-07-09T11:58:46.220483
83266,simple,2026-07-09T11:58:46.220483
17239,simple,2026-07-09T11:58:58.475459
17240,simple,2026-07-09T11:58:58.475459
17241,simple,2026-07-09T11:58:58.475459
17242,simple,2026-07-09T11:58:58.475459
32164,simple,2026-07-09T11:58:58.475459
32167,simple,2026-07-09T11:58:58.475459
35115,simple,2026-07-09T11:58:58.475459
35116,simple,2026-07-09T11:58:58.475459
49104,simple,2026-07-09T11:58:58.475459
57337,simple,2026-07-09T11:58:58.475459
57343,simple,2026-07-09T11:58:58.475459
59601,simple,2026-07-09T11:58:58.475459
65281,simple,2026-07-09T11:58:58.475459
67480,simple,2026-07-09T11:58:58.475459
67486,simple,2026-07-09T11:58:58.475459
69693,simple,2026-07-09T11:58:58.475459
71802,simple,2026-07-09T11:58:58.475459
73975,simple,2026-07-09T11:58:58.475459
87014,simple,2026-07-09T11:58:58.475459
87017,simple,2026-07-09T11:58:58.475459
100386,simple,2026-07-09T11:58:58.475459
104284,simple,2026-07-09T11:58:58.475459
104299,simple,2026-07-09T11:58:58.475459
109864,simple,2026-07-09T11:58:58.475459
109870,simple,2026-07-09T11:58:58.475459
114933,simple,2026-07-09T11:58:58.475459
114942,simple,2026-07-09T11:58:58.475459
32170,simple,2026-07-09T11:58:58.475459
35117,simple,2026-07-09T11:58:58.475459
104316,simple,2026-07-09T11:58:58.475459
111243,simple,2026-07-09T11:58:58.475459
114952,simple,2026-07-09T11:58:58.475459
17243,simple,2026-07-09T11:58:58.475459
17244,simple,2026-07-09T11:58:58.475459
87020,simple,2026-07-09T11:58:58.475459
32171,simple,2026-07-09T11:58:58.475459
35118,simple,2026-07-09T11:58:58.475459
67498,simple,2026-07-09T11:58:58.475459
104332,simple,2026-07-09T11:58:58.475459
114962,simple,2026-07-09T11:58:58.475459
17245,simple,2026-07-09T11:59:14.358320
17246,simple,2026-07-09T11:59:14.358320
17247,simple,2026-07-09T11:59:14.358320
17248,simple,2026-07-09T11:59:14.358320
32173,simple,2026-07-09T11:59:14.358320
32175,simple,2026-07-09T11:59:14.358320
35120,simple,2026-07-09T11:59:14.358320
35122,simple,2026-07-09T11:59:14.358320
35124,simple,2026-07-09T11:59:14.358320
35125,simple,2026-07-09T11:59:14.358320
35127,simple,2026-07-09T11:59:14.358320
35130,simple,2026-07-09T11:59:14.358320
49110,simple,2026-07-09T11:59:14.358320
49116,simple,2026-07-09T11:59:14.358320
49122,simple,2026-07-09T11:59:14.358320
49128,simple,2026-07-09T11:59:14.358320
55556,simple,2026-07-09T11:59:14.358320
55562,simple,2026-07-09T11:59:14.358320
57355,simple,2026-07-09T11:59:14.358320
57361,simple,2026-07-09T11:59:14.358320
59607,simple,2026-07-09T11:59:14.358320
59613,simple,2026-07-09T11:59:14.358320
59619,simple,2026-07-09T11:59:14.358320
63801,simple,2026-07-09T11:59:14.358320
63807,simple,2026-07-09T11:59:14.358320
65287,simple,2026-07-09T11:59:14.358320
65293,simple,2026-07-09T11:59:14.358320
65299,simple,2026-07-09T11:59:14.358320
67504,simple,2026-07-09T11:59:14.358320
67510,simple,2026-07-09T11:59:14.358320
67516,simple,2026-07-09T11:59:14.358320
67521,simple,2026-07-09T11:59:14.358320
67527,simple,2026-07-09T11:59:14.358320
67534,simple,2026-07-09T11:59:14.358320
69699,simple,2026-07-09T11:59:14.358320
69705,simple,2026-07-09T11:59:14.358320
69711,simple,2026-07-09T11:59:14.358320
71809,simple,2026-07-09T11:59:14.358320
71815,simple,2026-07-09T11:59:14.358320
71822,simple,2026-07-09T11:59:14.358320
73981,simple,2026-07-09T11:59:14.358320
73987,simple,2026-07-09T11:59:14.358320
73994,simple,2026-07-09T11:59:14.358320
76344,simple,2026-07-09T11:59:14.358320
76349,simple,2026-07-09T11:59:14.358320
78762,simple,2026-07-09T11:59:14.358320
78768,simple,2026-07-09T11:59:14.358320
87023,simple,2026-07-09T11:59:14.358320
87026,simple,2026-07-09T11:59:14.358320
100439,simple,2026-07-09T11:59:14.358320
102782,simple,2026-07-09T11:59:14.358320
102799,simple,2026-07-09T11:59:14.358320
102815,simple,2026-07-09T11:59:14.358320
102830,simple,2026-07-09T11:59:14.358320
109416,simple,2026-07-09T11:59:14.358320
109433,simple,2026-07-09T11:59:14.358320
113357,simple,2026-07-09T11:59:14.358320
113370,simple,2026-07-09T11:59:14.358320
17249,simple,2026-07-09T11:59:14.358320
17250,simple,2026-07-09T11:59:14.358320
17251,simple,2026-07-09T11:59:14.358320
17253,simple,2026-07-09T11:59:14.358320
31901,simple,2026-07-09T11:59:14.358320
31905,simple,2026-07-09T11:59:14.358320
35134,simple,2026-07-09T11:59:14.358320
35138,simple,2026-07-09T11:59:14.358320
57367,simple,2026-07-09T11:59:14.358320
57373,simple,2026-07-09T11:59:14.358320
67540,simple,2026-07-09T11:59:14.358320
67546,simple,2026-07-09T11:59:14.358320
83273,simple,2026-07-09T11:59:14.358320
83276,simple,2026-07-09T11:59:14.358320
86985,simple,2026-07-09T11:59:14.358320
86987,simple,2026-07-09T11:59:14.358320
104348,simple,2026-07-09T11:59:14.358320
104364,simple,2026-07-09T11:59:14.358320
114974,simple,2026-07-09T11:59:14.358320
114985,simple,2026-07-09T11:59:14.358320
17252,simple,2026-07-09T11:59:24.741369
17255,simple,2026-07-09T11:59:24.741369
17257,simple,2026-07-09T11:59:24.741369
17258,simple,2026-07-09T11:59:24.741369
17259,simple,2026-07-09T11:59:24.741369
17260,simple,2026-07-09T11:59:24.741369
17262,simple,2026-07-09T11:59:24.741369
17264,simple,2026-07-09T11:59:24.741369
17265,simple,2026-07-09T11:59:24.741369
17267,simple,2026-07-09T11:59:24.741369
17269,simple,2026-07-09T11:59:24.741369
17271,simple,2026-07-09T11:59:24.741369
31924,simple,2026-07-09T11:59:24.741369
31929,simple,2026-07-09T11:59:24.741369
31935,simple,2026-07-09T11:59:24.741369
31941,simple,2026-07-09T11:59:24.741369
35167,simple,2026-07-09T11:59:24.741369
35174,simple,2026-07-09T11:59:24.741369
35180,simple,2026-07-09T11:59:24.741369
35186,simple,2026-07-09T11:59:24.741369
35192,simple,2026-07-09T11:59:24.741369
48866,simple,2026-07-09T11:59:24.741369
48871,simple,2026-07-09T11:59:24.741369
48877,simple,2026-07-09T11:59:24.741369
48883,simple,2026-07-09T11:59:24.741369
48889,simple,2026-07-09T11:59:24.741369
48894,simple,2026-07-09T11:59:24.741369
49142,simple,2026-07-09T11:59:24.741369
49148,simple,2026-07-09T11:59:24.741369
49154,simple,2026-07-09T11:59:24.741369
49158,simple,2026-07-09T11:59:24.741369
49160,simple,2026-07-09T11:59:24.741369
55577,simple,2026-07-09T11:59:24.741369
55583,simple,2026-07-09T11:59:24.741369
55589,simple,2026-07-09T11:59:24.741369
55593,simple,2026-07-09T11:59:24.741369
55599,simple,2026-07-09T11:59:24.741369
55605,simple,2026-07-09T11:59:24.741369
55611,simple,2026-07-09T11:59:24.741369
55617,simple,2026-07-09T11:59:24.741369
55622,simple,2026-07-09T11:59:24.741369
57386,simple,2026-07-09T11:59:24.741369
57391,simple,2026-07-09T11:59:24.741369
57397,simple,2026-07-09T11:59:24.741369
57403,simple,2026-07-09T11:59:24.741369
57410,simple,2026-07-09T11:59:24.741369
57415,simple,2026-07-09T11:59:24.741369
57422,simple,2026-07-09T11:59:24.741369
57428,simple,2026-07-09T11:59:24.741369
57434,simple,2026-07-09T11:59:24.741369
57438,simple,2026-07-09T11:59:24.741369
57444,simple,2026-07-09T11:59:24.741369
57450,simple,2026-07-09T11:59:24.741369
57458,simple,2026-07-09T11:59:24.741369
59631,simple,2026-07-09T11:59:24.741369
59636,simple,2026-07-09T11:59:24.741369
59642,simple,2026-07-09T11:59:24.741369
59648,simple,2026-07-09T11:59:24.741369
59655,simple,2026-07-09T11:59:24.741369
59662,simple,2026-07-09T11:59:24.741369
59668,simple,2026-07-09T11:59:24.741369
59674,simple,2026-07-09T11:59:24.741369
59680,simple,2026-07-09T11:59:24.741369
63831,simple,2026-07-09T11:59:24.741369
63837,simple,2026-07-09T11:59:24.741369
63845,simple,2026-07-09T11:59:24.741369
63851,simple,2026-07-09T11:59:24.741369
63857,simple,2026-07-09T11:59:24.741369
63863,simple,2026-07-09T11:59:24.741369
65310,simple,2026-07-09T11:59:24.741369
65316,simple,2026-07-09T11:59:24.741369
65322,simple,2026-07-09T11:59:24.741369
65328,simple,2026-07-09T11:59:24.741369
65334,simple,2026-07-09T11:59:24.741369
65340,simple,2026-07-09T11:59:24.741369
65346,simple,2026-07-09T11:59:24.741369
65351,simple,2026-07-09T11:59:24.741369
65357,simple,2026-07-09T11:59:24.741369
67588,simple,2026-07-09T11:59:24.741369
67594,simple,2026-07-09T11:59:24.741369
67601,simple,2026-07-09T11:59:24.741369
67607,simple,2026-07-09T11:59:24.741369
67613,simple,2026-07-09T11:59:24.741369
69721,simple,2026-07-09T11:59:24.741369
69727,simple,2026-07-09T11:59:24.741369
69734,simple,2026-07-09T11:59:24.741369
69740,simple,2026-07-09T11:59:24.741369
69746,simple,2026-07-09T11:59:24.741369
69752,simple,2026-07-09T11:59:24.741369
69758,simple,2026-07-09T11:59:24.741369
69764,simple,2026-07-09T11:59:26.892838
69768,simple,2026-07-09T11:59:26.892838
71834,simple,2026-07-09T11:59:26.892838
71840,simple,2026-07-09T11:59:26.892838
71844,simple,2026-07-09T11:59:26.892838
71851,simple,2026-07-09T11:59:26.892838
71857,simple,2026-07-09T11:59:26.892838
71862,simple,2026-07-09T11:59:26.892838
71868,simple,2026-07-09T11:59:26.892838
71875,simple,2026-07-09T11:59:26.892838
71881,simple,2026-07-09T11:59:26.892838
74006,simple,2026-07-09T11:59:26.892838
74012,simple,2026-07-09T11:59:26.892838
74018,simple,2026-07-09T11:59:26.892838
74024,simple,2026-07-09T11:59:26.892838
74030,simple,2026-07-09T11:59:26.892838
74036,simple,2026-07-09T11:59:26.892838
74044,simple,2026-07-09T11:59:26.892838
74050,simple,2026-07-09T11:59:26.892838
74056,simple,2026-07-09T11:59:26.892838
76355,simple,2026-07-09T11:59:26.892838
83288,simple,2026-07-09T11:59:26.892838
86996,simple,2026-07-09T11:59:26.892838
87000,simple,2026-07-09T11:59:26.892838
100595,simple,2026-07-09T11:59:26.892838
100617,simple,2026-07-09T11:59:26.892838
100636,simple,2026-07-09T11:59:26.892838
102846,simple,2026-07-09T11:59:26.892838
102861,simple,2026-07-09T11:59:26.892838
102876,simple,2026-07-09T11:59:26.892838
109454,simple,2026-07-09T11:59:26.892838
113420,simple,2026-07-09T11:59:26.892838
113433,simple,2026-07-09T11:59:26.892838
113445,simple,2026-07-09T11:59:26.892838
113458,simple,2026-07-09T11:59:26.892838
113472,simple,2026-07-09T11:59:26.892838
113485,simple,2026-07-09T11:59:26.892838
17254,simple,2026-07-09T11:59:36.900007
17256,simple,2026-07-09T11:59:36.900007
31909,simple,2026-07-09T11:59:36.900007
31914,simple,2026-07-09T11:59:36.900007
31918,simple,2026-07-09T11:59:36.900007
35142,simple,2026-07-09T11:59:36.900007
35146,simple,2026-07-09T11:59:36.900007
35150,simple,2026-07-09T11:59:36.900007
35153,simple,2026-07-09T11:59:36.900007
35157,simple,2026-07-09T11:59:36.900007
35162,simple,2026-07-09T11:59:36.900007
49135,simple,2026-07-09T11:59:36.900007
55568,simple,2026-07-09T11:59:36.900007
57379,simple,2026-07-09T11:59:36.900007
59625,simple,2026-07-09T11:59:36.900007
63813,simple,2026-07-09T11:59:36.900007
63819,simple,2026-07-09T11:59:36.900007
63825,simple,2026-07-09T11:59:36.900007
65305,simple,2026-07-09T11:59:36.900007
67552,simple,2026-07-09T11:59:36.900007
67558,simple,2026-07-09T11:59:36.900007
67564,simple,2026-07-09T11:59:36.900007
67570,simple,2026-07-09T11:59:36.900007
67576,simple,2026-07-09T11:59:36.900007
67582,simple,2026-07-09T11:59:36.900007
69716,simple,2026-07-09T11:59:36.900007
71828,simple,2026-07-09T11:59:36.900007
74000,simple,2026-07-09T11:59:36.900007
83282,simple,2026-07-09T11:59:36.900007
100458,simple,2026-07-09T11:59:36.900007
104380,simple,2026-07-09T11:59:36.900007
104396,simple,2026-07-09T11:59:36.900007
104408,simple,2026-07-09T11:59:36.900007
104424,simple,2026-07-09T11:59:36.900007
104439,simple,2026-07-09T11:59:36.900007
104454,simple,2026-07-09T11:59:36.900007
111260,simple,2026-07-09T11:59:36.900007
113383,simple,2026-07-09T11:59:36.900007
113396,simple,2026-07-09T11:59:36.900007
113408,simple,2026-07-09T11:59:36.900007
17261,simple,2026-07-09T11:59:36.900007
17263,simple,2026-07-09T11:59:36.900007
31947,simple,2026-07-09T11:59:36.900007
35198,simple,2026-07-09T11:59:36.900007
48900,simple,2026-07-09T11:59:36.900007
55628,simple,2026-07-09T11:59:36.900007
57462,simple,2026-07-09T11:59:36.900007
59686,simple,2026-07-09T11:59:36.900007
63868,simple,2026-07-09T11:59:36.900007
65362,simple,2026-07-09T11:59:36.900007
67619,simple,2026-07-09T11:59:36.900007
69774,simple,2026-07-09T11:59:36.900007
71887,simple,2026-07-09T11:59:36.900007
87009,simple,2026-07-09T11:59:36.900007
102891,simple,2026-07-09T11:59:36.900007
113498,simple,2026-07-09T11:59:36.900007
31953,simple,2026-07-09T11:59:36.900007
31959,simple,2026-07-09T11:59:36.900007
31965,simple,2026-07-09T11:59:36.900007
31970,simple,2026-07-09T11:59:36.900007
35204,simple,2026-07-09T11:59:36.900007
35212,simple,2026-07-09T11:59:36.900007
35217,simple,2026-07-09T11:59:36.900007
35224,simple,2026-07-09T11:59:36.900007
35230,simple,2026-07-09T11:59:36.900007
35237,simple,2026-07-09T11:59:36.900007
67626,simple,2026-07-09T11:59:36.900007
67633,simple,2026-07-09T11:59:36.900007
67638,simple,2026-07-09T11:59:36.900007
67644,simple,2026-07-09T11:59:36.900007
67651,simple,2026-07-09T11:59:36.900007
67656,simple,2026-07-09T11:59:36.900007
83293,simple,2026-07-09T11:59:36.900007
102905,simple,2026-07-09T11:59:36.900007
111279,simple,2026-07-09T11:59:36.900007
111296,simple,2026-07-09T11:59:36.900007
114997,simple,2026-07-09T11:59:36.900007
115007,simple,2026-07-09T11:59:36.900007
115019,simple,2026-07-09T11:59:36.900007
115030,simple,2026-07-09T11:59:36.900007
55634,simple,2026-07-09T11:59:36.900007
55641,simple,2026-07-09T11:59:36.900007
63874,simple,2026-07-09T11:59:36.900007
63880,simple,2026-07-09T11:59:36.900007
63886,simple,2026-07-09T11:59:36.900007
83300,simple,2026-07-09T11:59:36.900007
83303,simple,2026-07-09T11:59:36.900007
113510,simple,2026-07-09T11:59:36.900007
113524,simple,2026-07-09T11:59:36.900007
113537,simple,2026-07-09T11:59:36.900007
17266,simple,2026-07-09T11:59:57.730793
17268,simple,2026-07-09T11:59:57.730793
31976,simple,2026-07-09T11:59:57.730793
31982,simple,2026-07-09T11:59:57.730793
31988,simple,2026-07-09T11:59:57.730793
31993,simple,2026-07-09T11:59:57.730793
31999,simple,2026-07-09T11:59:57.730793
35244,simple,2026-07-09T11:59:57.730793
48905,simple,2026-07-09T11:59:57.730793
48911,simple,2026-07-09T11:59:57.730793
55647,simple,2026-07-09T11:59:57.730793
57171,simple,2026-07-09T11:59:57.730793
59692,simple,2026-07-09T11:59:57.730793
59698,simple,2026-07-09T11:59:57.730793
59704,simple,2026-07-09T11:59:57.730793
59709,simple,2026-07-09T11:59:57.730793
63894,simple,2026-07-09T11:59:57.730793
63901,simple,2026-07-09T11:59:57.730793
65368,simple,2026-07-09T11:59:57.730793
65374,simple,2026-07-09T11:59:57.730793
67662,simple,2026-07-09T11:59:57.730793
69783,simple,2026-07-09T11:59:57.730793
69789,simple,2026-07-09T11:59:57.730793
69796,simple,2026-07-09T11:59:57.730793
69803,simple,2026-07-09T11:59:57.730793
71893,simple,2026-07-09T11:59:57.730793
71899,simple,2026-07-09T11:59:57.730793
71905,simple,2026-07-09T11:59:57.730793
71910,simple,2026-07-09T11:59:57.730793
74068,simple,2026-07-09T11:59:57.730793
74074,simple,2026-07-09T11:59:57.730793
87012,simple,2026-07-09T11:59:57.730793
102962,simple,2026-07-09T11:59:57.730793
111325,simple,2026-07-09T11:59:57.730793
111341,simple,2026-07-09T11:59:57.730793
111358,simple,2026-07-09T11:59:57.730793
111378,simple,2026-07-09T11:59:57.730793
113549,simple,2026-07-09T11:59:57.730793
113560,simple,2026-07-09T11:59:57.730793
17270,simple,2026-07-09T11:59:57.730793
17272,simple,2026-07-09T11:59:57.730793
17273,simple,2026-07-09T11:59:57.730793
17274,simple,2026-07-09T11:59:57.730793
32005,simple,2026-07-09T11:59:57.730793
32013,simple,2026-07-09T11:59:57.730793
35249,simple,2026-07-09T11:59:57.730793
48917,simple,2026-07-09T11:59:57.730793
57178,simple,2026-07-09T11:59:57.730793
57183,simple,2026-07-09T11:59:57.730793
59715,simple,2026-07-09T11:59:57.730793
65379,simple,2026-07-09T11:59:57.730793
67669,simple,2026-07-09T11:59:57.730793
69809,simple,2026-07-09T11:59:57.730793
71916,simple,2026-07-09T11:59:57.730793
87018,simple,2026-07-09T11:59:57.730793
104469,simple,2026-07-09T11:59:57.730793
109877,simple,2026-07-09T11:59:57.730793
115041,simple,2026-07-09T11:59:57.730793
115053,simple,2026-07-09T11:59:57.730793
102977,simple,2026-07-09T11:59:57.730793
102992,simple,2026-07-09T11:59:57.730793
109883,simple,2026-07-09T11:59:57.730793
115923,simple,2026-07-09T11:59:57.730793
17275,simple,2026-07-09T11:59:57.730793
17276,simple,2026-07-09T11:59:57.730793
48922,simple,2026-07-09T11:59:57.730793
57189,simple,2026-07-09T11:59:57.730793
59723,simple,2026-07-09T11:59:57.730793
65385,simple,2026-07-09T11:59:57.730793
69815,simple,2026-07-09T11:59:57.730793
71923,simple,2026-07-09T11:59:57.730793
87022,simple,2026-07-09T11:59:57.730793
116814,simple,2026-07-09T11:59:57.730793
116830,simple,2026-07-09T11:59:57.730793
17277,simple,2026-07-09T11:59:57.730793
17278,simple,2026-07-09T11:59:57.730793
87025,simple,2026-07-09T11:59:57.730793
115931,simple,2026-07-09T11:59:57.730793
109473,simple,2026-07-09T11:59:57.730793
32019,simple,2026-07-09T11:59:57.730793
35255,simple,2026-07-09T11:59:57.730793
104483,simple,2026-07-09T11:59:57.730793
109890,simple,2026-07-09T11:59:57.730793
115063,simple,2026-07-09T11:59:57.730793
17279,simple,2026-07-09T12:00:20.678611
17280,simple,2026-07-09T12:00:20.678611
32025,simple,2026-07-09T12:00:20.678611
32030,simple,2026-07-09T12:00:20.678611
32036,simple,2026-07-09T12:00:20.678611
35260,simple,2026-07-09T12:00:20.678611
35266,simple,2026-07-09T12:00:20.678611
35272,simple,2026-07-09T12:00:20.678611
35278,simple,2026-07-09T12:00:20.678611
35283,simple,2026-07-09T12:00:20.678611
48928,simple,2026-07-09T12:00:20.678611
48934,simple,2026-07-09T12:00:20.678611
48940,simple,2026-07-09T12:00:20.678611
55653,simple,2026-07-09T12:00:20.678611
55658,simple,2026-07-09T12:00:20.678611
55664,simple,2026-07-09T12:00:20.678611
57201,simple,2026-07-09T12:00:20.678611
57207,simple,2026-07-09T12:00:20.678611
57213,simple,2026-07-09T12:00:20.678611
59728,simple,2026-07-09T12:00:20.678611
59734,simple,2026-07-09T12:00:20.678611
59740,simple,2026-07-09T12:00:20.678611
59746,simple,2026-07-09T12:00:20.678611
59752,simple,2026-07-09T12:00:20.678611
59758,simple,2026-07-09T12:00:20.678611
63907,simple,2026-07-09T12:00:20.678611
63913,simple,2026-07-09T12:00:20.678611
63919,simple,2026-07-09T12:00:20.678611
63925,simple,2026-07-09T12:00:20.678611
63931,simple,2026-07-09T12:00:20.678611
65391,simple,2026-07-09T12:00:20.678611
65397,simple,2026-07-09T12:00:20.678611
65403,simple,2026-07-09T12:00:20.678611
67680,simple,2026-07-09T12:00:20.678611
67686,simple,2026-07-09T12:00:20.678611
67692,simple,2026-07-09T12:00:20.678611
67697,simple,2026-07-09T12:00:20.678611
67700,simple,2026-07-09T12:00:20.678611
69820,simple,2026-07-09T12:00:20.678611
69826,simple,2026-07-09T12:00:20.678611
69833,simple,2026-07-09T12:00:20.678611
69840,simple,2026-07-09T12:00:20.678611
69845,simple,2026-07-09T12:00:20.678611
69852,simple,2026-07-09T12:00:20.678611
71929,simple,2026-07-09T12:00:20.678611
71936,simple,2026-07-09T12:00:20.678611
71942,simple,2026-07-09T12:00:20.678611
71948,simple,2026-07-09T12:00:20.678611
71954,simple,2026-07-09T12:00:20.678611
71959,simple,2026-07-09T12:00:20.678611
73797,simple,2026-07-09T12:00:20.678611
74090,simple,2026-07-09T12:00:20.678611
74092,simple,2026-07-09T12:00:20.678611
78798,simple,2026-07-09T12:00:20.678611
78804,simple,2026-07-09T12:00:20.678611
78809,simple,2026-07-09T12:00:20.678611
83313,simple,2026-07-09T12:00:20.678611
83316,simple,2026-07-09T12:00:20.678611
83319,simple,2026-07-09T12:00:20.678611
83322,simple,2026-07-09T12:00:20.678611
83324,simple,2026-07-09T12:00:20.678611
87028,simple,2026-07-09T12:00:20.678611
100771,simple,2026-07-09T12:00:20.678611
100788,simple,2026-07-09T12:00:20.678611
103095,simple,2026-07-09T12:00:20.678611
103111,simple,2026-07-09T12:00:20.678611
103126,simple,2026-07-09T12:00:20.678611
109905,simple,2026-07-09T12:00:20.678611
109912,simple,2026-07-09T12:00:20.678611
109919,simple,2026-07-09T12:00:20.678611
113574,simple,2026-07-09T12:00:20.678611
113587,simple,2026-07-09T12:00:20.678611
113600,simple,2026-07-09T12:00:20.678611
113613,simple,2026-07-09T12:00:20.678611
113623,simple,2026-07-09T12:00:20.678611
113636,simple,2026-07-09T12:00:20.678611
111392,simple,2026-07-09T12:00:20.678611
111407,simple,2026-07-09T12:00:20.678611
111424,simple,2026-07-09T12:00:20.678611
17281,simple,2026-07-09T12:00:35.461785
17282,simple,2026-07-09T12:00:35.461785
48945,simple,2026-07-09T12:00:35.461785
48951,simple,2026-07-09T12:00:35.461785
55670,simple,2026-07-09T12:00:35.461785
55676,simple,2026-07-09T12:00:35.461785
57219,simple,2026-07-09T12:00:35.461785
57225,simple,2026-07-09T12:00:35.461785
59764,simple,2026-07-09T12:00:35.461785
63936,simple,2026-07-09T12:00:35.461785
65409,simple,2026-07-09T12:00:35.461785
65415,simple,2026-07-09T12:00:35.461785
69858,simple,2026-07-09T12:00:35.461785
71965,simple,2026-07-09T12:00:35.461785
73802,simple,2026-07-09T12:00:35.461785
73809,simple,2026-07-09T12:00:35.461785
100806,simple,2026-07-09T12:00:35.461785
103142,simple,2026-07-09T12:00:35.461785
103157,simple,2026-07-09T12:00:35.461785
103171,simple,2026-07-09T12:00:35.461785
111439,simple,2026-07-09T12:00:35.461785
113650,simple,2026-07-09T12:00:35.461785
76395,simple,2026-07-09T12:00:35.461785
78849,simple,2026-07-09T12:00:35.461785
106543,simple,2026-07-09T12:00:35.461785
106565,simple,2026-07-09T12:00:35.461785
109592,simple,2026-07-09T12:00:35.461785
35289,simple,2026-07-09T12:00:35.461785
59770,simple,2026-07-09T12:00:35.461785
59776,simple,2026-07-09T12:00:35.461785
63942,simple,2026-07-09T12:00:35.461785
63947,simple,2026-07-09T12:00:35.461785
65422,simple,2026-07-09T12:00:35.461785
67427,simple,2026-07-09T12:00:35.461785
69863,simple,2026-07-09T12:00:35.461785
69869,simple,2026-07-09T12:00:35.461785
71971,simple,2026-07-09T12:00:35.461785
100842,simple,2026-07-09T12:00:35.461785
103185,simple,2026-07-09T12:00:35.461785
103200,simple,2026-07-09T12:00:35.461785
113665,simple,2026-07-09T12:00:35.461785
113679,simple,2026-07-09T12:00:35.461785
17283,simple,2026-07-09T12:00:35.461785
17284,simple,2026-07-09T12:00:35.461785
35169,simple,2026-07-09T12:00:35.461785
35175,simple,2026-07-09T12:00:35.461785
35181,simple,2026-07-09T12:00:35.461785
35187,simple,2026-07-09T12:00:35.461785
35193,simple,2026-07-09T12:00:35.461785
35199,simple,2026-07-09T12:00:35.461785
35295,simple,2026-07-09T12:00:35.461785
35301,simple,2026-07-09T12:00:35.461785
48957,simple,2026-07-09T12:00:35.461785
55682,simple,2026-07-09T12:00:35.461785
57231,simple,2026-07-09T12:00:35.461785
59782,simple,2026-07-09T12:00:35.461785
59788,simple,2026-07-09T12:00:35.461785
63954,simple,2026-07-09T12:00:35.461785
65428,simple,2026-07-09T12:00:35.461785
67433,simple,2026-07-09T12:00:35.461785
67441,simple,2026-07-09T12:00:35.461785
67446,simple,2026-07-09T12:00:35.461785
67453,simple,2026-07-09T12:00:35.461785
67459,simple,2026-07-09T12:00:35.461785
67464,simple,2026-07-09T12:00:35.461785
67471,simple,2026-07-09T12:00:35.461785
69876,simple,2026-07-09T12:00:35.461785
69881,simple,2026-07-09T12:00:35.461785
71983,simple,2026-07-09T12:00:35.461785
71990,simple,2026-07-09T12:00:35.461785
104501,simple,2026-07-09T12:00:35.461785
104516,simple,2026-07-09T12:00:35.461785
104531,simple,2026-07-09T12:00:35.461785
104546,simple,2026-07-09T12:00:35.461785
104562,simple,2026-07-09T12:00:35.461785
104577,simple,2026-07-09T12:00:35.461785
104594,simple,2026-07-09T12:00:35.461785
104609,simple,2026-07-09T12:00:35.461785
113692,simple,2026-07-09T12:00:35.461785
17285,simple,2026-07-09T12:00:55.765808
17286,simple,2026-07-09T12:00:55.765808
32042,simple,2026-07-09T12:00:55.765808
35205,simple,2026-07-09T12:00:55.765808
48963,simple,2026-07-09T12:00:55.765808
55687,simple,2026-07-09T12:00:55.765808
55693,simple,2026-07-09T12:00:55.765808
57237,simple,2026-07-09T12:00:55.765808
59794,simple,2026-07-09T12:00:55.765808
63961,simple,2026-07-09T12:00:55.765808
63967,simple,2026-07-09T12:00:55.765808
65434,simple,2026-07-09T12:00:55.765808
67477,simple,2026-07-09T12:00:55.765808
69885,simple,2026-07-09T12:00:55.765808
71996,simple,2026-07-09T12:00:55.765808
87032,simple,2026-07-09T12:00:55.765808
104624,simple,2026-07-09T12:00:55.765808
109926,simple,2026-07-09T12:00:55.765808
113704,simple,2026-07-09T12:00:55.765808
113717,simple,2026-07-09T12:00:55.765808
17287,simple,2026-07-09T12:00:55.765808
17288,simple,2026-07-09T12:00:55.765808
17289,simple,2026-07-09T12:00:55.765808
17290,simple,2026-07-09T12:00:55.765808
48970,simple,2026-07-09T12:00:55.765808
48974,simple,2026-07-09T12:00:55.765808
48980,simple,2026-07-09T12:00:55.765808
55699,simple,2026-07-09T12:00:55.765808
55705,simple,2026-07-09T12:00:55.765808
57243,simple,2026-07-09T12:00:55.765808
57249,simple,2026-07-09T12:00:55.765808
57255,simple,2026-07-09T12:00:55.765808
57262,simple,2026-07-09T12:00:55.765808
59800,simple,2026-07-09T12:00:55.765808
63973,simple,2026-07-09T12:00:55.765808
65440,simple,2026-07-09T12:00:55.765808
65446,simple,2026-07-09T12:00:55.765808
69892,simple,2026-07-09T12:00:55.765808
72002,simple,2026-07-09T12:00:55.765808
73828,simple,2026-07-09T12:00:55.765808
73834,simple,2026-07-09T12:00:55.765808
87034,simple,2026-07-09T12:00:55.765808
113729,simple,2026-07-09T12:00:55.765808
35210,simple,2026-07-09T12:00:55.765808
35216,simple,2026-07-09T12:00:55.765808
35222,simple,2026-07-09T12:00:55.765808
67483,simple,2026-07-09T12:00:55.765808
67489,simple,2026-07-09T12:00:55.765808
104639,simple,2026-07-09T12:00:55.765808
104653,simple,2026-07-09T12:00:55.765808
104668,simple,2026-07-09T12:00:55.765808
17291,simple,2026-07-09T12:00:55.765808
17292,simple,2026-07-09T12:00:55.765808
32048,simple,2026-07-09T12:00:55.765808
35228,simple,2026-07-09T12:00:55.765808
48986,simple,2026-07-09T12:00:55.765808
55711,simple,2026-07-09T12:00:55.765808
57268,simple,2026-07-09T12:00:55.765808
67501,simple,2026-07-09T12:00:55.765808
86992,simple,2026-07-09T12:00:55.765808
104684,simple,2026-07-09T12:00:55.765808
111455,simple,2026-07-09T12:00:55.765808
115075,simple,2026-07-09T12:00:55.765808
17293,simple,2026-07-09T12:00:55.765808
17294,simple,2026-07-09T12:00:55.765808
48992,simple,2026-07-09T12:00:55.765808
55716,simple,2026-07-09T12:00:55.765808
55720,simple,2026-07-09T12:00:55.765808
57274,simple,2026-07-09T12:00:55.765808
63979,simple,2026-07-09T12:00:55.765808
65452,simple,2026-07-09T12:00:55.765808
86995,simple,2026-07-09T12:00:55.765808
100958,simple,2026-07-09T12:00:55.765808
113741,simple,2026-07-09T12:00:55.765808
48998,simple,2026-07-09T12:01:16.326224
49004,simple,2026-07-09T12:01:16.326224
59805,simple,2026-07-09T12:01:16.326224
65459,simple,2026-07-09T12:01:16.326224
69898,simple,2026-07-09T12:01:16.326224
72007,simple,2026-07-09T12:01:16.326224
73850,simple,2026-07-09T12:01:16.326224
76398,simple,2026-07-09T12:01:16.326224
76401,simple,2026-07-09T12:01:16.326224
78867,simple,2026-07-09T12:01:16.326224
78873,simple,2026-07-09T12:01:16.326224
100977,simple,2026-07-09T12:01:16.326224
103215,simple,2026-07-09T12:01:16.326224
103230,simple,2026-07-09T12:01:16.326224
107666,simple,2026-07-09T12:01:16.326224
109604,simple,2026-07-09T12:01:16.326224
116845,simple,2026-07-09T12:01:16.326224
116863,simple,2026-07-09T12:01:16.326224
32054,simple,2026-07-09T12:01:16.326224
35234,simple,2026-07-09T12:01:16.326224
104699,simple,2026-07-09T12:01:16.326224
115086,simple,2026-07-09T12:01:16.326224
17295,simple,2026-07-09T12:01:16.326224
17296,simple,2026-07-09T12:01:16.326224
17297,simple,2026-07-09T12:01:16.326224
17298,simple,2026-07-09T12:01:16.326224
17299,simple,2026-07-09T12:01:16.326224
17300,simple,2026-07-09T12:01:16.326224
49011,simple,2026-07-09T12:01:16.326224
49017,simple,2026-07-09T12:01:16.326224
49023,simple,2026-07-09T12:01:16.326224
55728,simple,2026-07-09T12:01:16.326224
55736,simple,2026-07-09T12:01:16.326224
55743,simple,2026-07-09T12:01:16.326224
57280,simple,2026-07-09T12:01:16.326224
57287,simple,2026-07-09T12:01:16.326224
57292,simple,2026-07-09T12:01:16.326224
59522,simple,2026-07-09T12:01:16.326224
63984,simple,2026-07-09T12:01:16.326224
65466,simple,2026-07-09T12:01:16.326224
65472,simple,2026-07-09T12:01:16.326224
65477,simple,2026-07-09T12:01:16.326224
69607,simple,2026-07-09T12:01:16.326224
71711,simple,2026-07-09T12:01:16.326224
73856,simple,2026-07-09T12:01:16.326224
73862,simple,2026-07-09T12:01:16.326224
86998,simple,2026-07-09T12:01:16.326224
87001,simple,2026-07-09T12:01:16.326224
87004,simple,2026-07-09T12:01:16.326224
103245,simple,2026-07-09T12:01:16.326224
111470,simple,2026-07-09T12:01:16.326224
113754,simple,2026-07-09T12:01:16.326224
17301,simple,2026-07-09T12:01:32.174115
17302,simple,2026-07-09T12:01:32.174115
17303,simple,2026-07-09T12:01:32.174115
17304,simple,2026-07-09T12:01:32.174115
17305,simple,2026-07-09T12:01:32.174115
17306,simple,2026-07-09T12:01:32.174115
32060,simple,2026-07-09T12:01:32.174115
32066,simple,2026-07-09T12:01:32.174115
35240,simple,2026-07-09T12:01:32.174115
35246,simple,2026-07-09T12:01:32.174115
35252,simple,2026-07-09T12:01:32.174115
35258,simple,2026-07-09T12:01:32.174115
35264,simple,2026-07-09T12:01:32.174115
35270,simple,2026-07-09T12:01:32.174115
49029,simple,2026-07-09T12:01:32.174115
49035,simple,2026-07-09T12:01:32.174115
49041,simple,2026-07-09T12:01:32.174115
55747,simple,2026-07-09T12:01:32.174115
55753,simple,2026-07-09T12:01:32.174115
55759,simple,2026-07-09T12:01:32.174115
55765,simple,2026-07-09T12:01:32.174115
55771,simple,2026-07-09T12:01:32.174115
57298,simple,2026-07-09T12:01:32.174115
57304,simple,2026-07-09T12:01:32.174115
57309,simple,2026-07-09T12:01:32.174115
59528,simple,2026-07-09T12:01:32.174115
59534,simple,2026-07-09T12:01:32.174115
59540,simple,2026-07-09T12:01:32.174115
59545,simple,2026-07-09T12:01:32.174115
63990,simple,2026-07-09T12:01:32.174115
63996,simple,2026-07-09T12:01:32.174115
64001,simple,2026-07-09T12:01:32.174115
64007,simple,2026-07-09T12:01:32.174115
65483,simple,2026-07-09T12:01:32.174115
65491,simple,2026-07-09T12:01:32.174115
65497,simple,2026-07-09T12:01:32.174115
67513,simple,2026-07-09T12:01:32.174115
67519,simple,2026-07-09T12:01:32.174115
67525,simple,2026-07-09T12:01:32.174115
67532,simple,2026-07-09T12:01:32.174115
67537,simple,2026-07-09T12:01:32.174115
67545,simple,2026-07-09T12:01:32.174115
69615,simple,2026-07-09T12:01:32.174115
69621,simple,2026-07-09T12:01:32.174115
69627,simple,2026-07-09T12:01:32.174115
69632,simple,2026-07-09T12:01:32.174115
71716,simple,2026-07-09T12:01:32.174115
71722,simple,2026-07-09T12:01:32.174115
71728,simple,2026-07-09T12:01:32.174115
71734,simple,2026-07-09T12:01:32.174115
73877,simple,2026-07-09T12:01:32.174115
73883,simple,2026-07-09T12:01:32.174115
73888,simple,2026-07-09T12:01:32.174115
78879,simple,2026-07-09T12:01:32.174115
83340,simple,2026-07-09T12:01:32.174115
87007,simple,2026-07-09T12:01:32.174115
87010,simple,2026-07-09T12:01:32.174115
101058,simple,2026-07-09T12:01:32.174115
101096,simple,2026-07-09T12:01:32.174115
103260,simple,2026-07-09T12:01:32.174115
103275,simple,2026-07-09T12:01:32.174115
103290,simple,2026-07-09T12:01:32.174115
103305,simple,2026-07-09T12:01:32.174115
103321,simple,2026-07-09T12:01:32.174115
103336,simple,2026-07-09T12:01:32.174115
109932,simple,2026-07-09T12:01:32.174115
113766,simple,2026-07-09T12:01:32.174115
113778,simple,2026-07-09T12:01:32.174115
113791,simple,2026-07-09T12:01:32.174115
113803,simple,2026-07-09T12:01:32.174115
35276,simple,2026-07-09T12:01:32.174115
57315,simple,2026-07-09T12:01:32.174115
103350,simple,2026-07-09T12:01:32.174115
17307,simple,2026-07-09T12:01:42.055516
17308,simple,2026-07-09T12:01:42.055516
17309,simple,2026-07-09T12:01:42.055516
17310,simple,2026-07-09T12:01:42.055516
17311,simple,2026-07-09T12:01:42.055516
17312,simple,2026-07-09T12:01:42.055516
32072,simple,2026-07-09T12:01:42.055516
32078,simple,2026-07-09T12:01:42.055516
32085,simple,2026-07-09T12:01:42.055516
32091,simple,2026-07-09T12:01:42.055516
35282,simple,2026-07-09T12:01:42.055516
35288,simple,2026-07-09T12:01:42.055516
35294,simple,2026-07-09T12:01:42.055516
35300,simple,2026-07-09T12:01:42.055516
35306,simple,2026-07-09T12:01:42.055516
35312,simple,2026-07-09T12:01:42.055516
49047,simple,2026-07-09T12:01:42.055516
49053,simple,2026-07-09T12:01:42.055516
49059,simple,2026-07-09T12:01:42.055516
49065,simple,2026-07-09T12:01:42.055516
49071,simple,2026-07-09T12:01:42.055516
49077,simple,2026-07-09T12:01:42.055516
55777,simple,2026-07-09T12:01:42.055516
55783,simple,2026-07-09T12:01:42.055516
57322,simple,2026-07-09T12:01:42.055516
57327,simple,2026-07-09T12:01:42.055516
57332,simple,2026-07-09T12:01:42.055516
57338,simple,2026-07-09T12:01:42.055516
57344,simple,2026-07-09T12:01:42.055516
57351,simple,2026-07-09T12:01:42.055516
59551,simple,2026-07-09T12:01:42.055516
59556,simple,2026-07-09T12:01:42.055516
59561,simple,2026-07-09T12:01:42.055516
59566,simple,2026-07-09T12:01:42.055516
59572,simple,2026-07-09T12:01:42.055516
59578,simple,2026-07-09T12:01:42.055516
63744,simple,2026-07-09T12:01:42.055516
64013,simple,2026-07-09T12:01:42.055516
64019,simple,2026-07-09T12:01:42.055516
65502,simple,2026-07-09T12:01:42.055516
65507,simple,2026-07-09T12:01:42.055516
65512,simple,2026-07-09T12:01:42.055516
67550,simple,2026-07-09T12:01:42.055516
67556,simple,2026-07-09T12:01:42.055516
67562,simple,2026-07-09T12:01:42.055516
67569,simple,2026-07-09T12:01:42.055516
67575,simple,2026-07-09T12:01:42.055516
67580,simple,2026-07-09T12:01:42.055516
67585,simple,2026-07-09T12:01:42.055516
69638,simple,2026-07-09T12:01:42.055516
69644,simple,2026-07-09T12:01:42.055516
69650,simple,2026-07-09T12:01:42.055516
69658,simple,2026-07-09T12:01:42.055516
69664,simple,2026-07-09T12:01:42.055516
69670,simple,2026-07-09T12:01:42.055516
71740,simple,2026-07-09T12:01:42.055516
71746,simple,2026-07-09T12:01:42.055516
71752,simple,2026-07-09T12:01:42.055516
71759,simple,2026-07-09T12:01:42.055516
71765,simple,2026-07-09T12:01:42.055516
71771,simple,2026-07-09T12:01:42.055516
73894,simple,2026-07-09T12:01:42.055516
73900,simple,2026-07-09T12:01:42.055516
73906,simple,2026-07-09T12:01:42.055516
73914,simple,2026-07-09T12:01:42.055516
73918,simple,2026-07-09T12:01:42.055516
87016,simple,2026-07-09T12:01:42.055516
87019,simple,2026-07-09T12:01:42.055516
87021,simple,2026-07-09T12:01:42.055516
87024,simple,2026-07-09T12:01:42.055516
103365,simple,2026-07-09T12:01:42.055516
103379,simple,2026-07-09T12:01:42.055516
103393,simple,2026-07-09T12:01:42.055516
103410,simple,2026-07-09T12:01:42.055516
103423,simple,2026-07-09T12:01:42.055516
103437,simple,2026-07-09T12:01:42.055516
109939,simple,2026-07-09T12:01:42.055516
113816,simple,2026-07-09T12:01:42.055516
113829,simple,2026-07-09T12:01:42.055516
17313,simple,2026-07-09T12:01:50.044896
17314,simple,2026-07-09T12:01:50.044896
35317,simple,2026-07-09T12:01:50.044896
35323,simple,2026-07-09T12:01:50.044896
35328,simple,2026-07-09T12:01:50.044896
49083,simple,2026-07-09T12:01:50.044896
57357,simple,2026-07-09T12:01:50.044896
59585,simple,2026-07-09T12:01:50.044896
65518,simple,2026-07-09T12:01:50.044896
67592,simple,2026-07-09T12:01:50.044896
67598,simple,2026-07-09T12:01:50.044896
67604,simple,2026-07-09T12:01:50.044896
69676,simple,2026-07-09T12:01:50.044896
71777,simple,2026-07-09T12:01:50.044896
87027,simple,2026-07-09T12:01:50.044896
104713,simple,2026-07-09T12:01:50.044896
104728,simple,2026-07-09T12:01:50.044896
116879,simple,2026-07-09T12:01:50.044896
116896,simple,2026-07-09T12:01:50.044896
49090,simple,2026-07-09T12:01:50.044896
49096,simple,2026-07-09T12:01:50.044896
49102,simple,2026-07-09T12:01:50.044896
49108,simple,2026-07-09T12:01:50.044896
55790,simple,2026-07-09T12:01:50.044896
59591,simple,2026-07-09T12:01:50.044896
59598,simple,2026-07-09T12:01:50.044896
65524,simple,2026-07-09T12:01:50.044896
65530,simple,2026-07-09T12:01:50.044896
69682,simple,2026-07-09T12:01:50.044896
69688,simple,2026-07-09T12:01:50.044896
71783,simple,2026-07-09T12:01:50.044896
71788,simple,2026-07-09T12:01:50.044896
73936,simple,2026-07-09T12:01:50.044896
73941,simple,2026-07-09T12:01:50.044896
101188,simple,2026-07-09T12:01:50.044896
101209,simple,2026-07-09T12:01:50.044896
115947,simple,2026-07-09T12:01:50.044896
115954,simple,2026-07-09T12:01:50.044896
115961,simple,2026-07-09T12:01:50.044896
35333,simple,2026-07-09T12:01:50.044896
67610,simple,2026-07-09T12:01:50.044896
78885,simple,2026-07-09T12:01:50.044896
78891,simple,2026-07-09T12:01:50.044896
78897,simple,2026-07-09T12:01:50.044896
103452,simple,2026-07-09T12:01:50.044896
111486,simple,2026-07-09T12:01:50.044896
111504,simple,2026-07-09T12:01:50.044896
115979,simple,2026-07-09T12:01:50.044896
17315,simple,2026-07-09T12:02:02.393930
17316,simple,2026-07-09T12:02:02.393930
17317,simple,2026-07-09T12:02:02.393930
17318,simple,2026-07-09T12:02:02.393930
17319,simple,2026-07-09T12:02:02.393930
17320,simple,2026-07-09T12:02:02.393930
17321,simple,2026-07-09T12:02:02.393930
17322,simple,2026-07-09T12:02:02.393930
17323,simple,2026-07-09T12:02:02.393930
17324,simple,2026-07-09T12:02:02.393930
17325,simple,2026-07-09T12:02:02.393930
17326,simple,2026-07-09T12:02:02.393930
17327,simple,2026-07-09T12:02:02.393930
17328,simple,2026-07-09T12:02:02.393930
32097,simple,2026-07-09T12:02:02.393930
32104,simple,2026-07-09T12:02:02.393930
35339,simple,2026-07-09T12:02:02.393930
35344,simple,2026-07-09T12:02:02.393930
49115,simple,2026-07-09T12:02:02.393930
49121,simple,2026-07-09T12:02:02.393930
49127,simple,2026-07-09T12:02:02.393930
49132,simple,2026-07-09T12:02:02.393930
49139,simple,2026-07-09T12:02:02.393930
55796,simple,2026-07-09T12:02:02.393930
55802,simple,2026-07-09T12:02:02.393930
55808,simple,2026-07-09T12:02:02.393930
55814,simple,2026-07-09T12:02:02.393930
57363,simple,2026-07-09T12:02:02.393930
57369,simple,2026-07-09T12:02:02.393930
57375,simple,2026-07-09T12:02:02.393930
57380,simple,2026-07-09T12:02:02.393930
57388,simple,2026-07-09T12:02:02.393930
57392,simple,2026-07-09T12:02:02.393930
59603,simple,2026-07-09T12:02:02.393930
59609,simple,2026-07-09T12:02:02.393930
59615,simple,2026-07-09T12:02:02.393930
63750,simple,2026-07-09T12:02:02.393930
63755,simple,2026-07-09T12:02:02.393930
63762,simple,2026-07-09T12:02:02.393930
65249,simple,2026-07-09T12:02:02.393930
65250,simple,2026-07-09T12:02:02.393930
65535,simple,2026-07-09T12:02:02.393930
65540,simple,2026-07-09T12:02:02.393930
65545,simple,2026-07-09T12:02:02.393930
67615,simple,2026-07-09T12:02:02.393930
67620,simple,2026-07-09T12:02:02.393930
69694,simple,2026-07-09T12:02:02.393930
69700,simple,2026-07-09T12:02:02.393930
69706,simple,2026-07-09T12:02:02.393930
71794,simple,2026-07-09T12:02:02.393930
71800,simple,2026-07-09T12:02:02.393930
71806,simple,2026-07-09T12:02:02.393930
73947,simple,2026-07-09T12:02:02.393930
73953,simple,2026-07-09T12:02:02.393930
73959,simple,2026-07-09T12:02:02.393930
73966,simple,2026-07-09T12:02:02.393930
87029,simple,2026-07-09T12:02:02.393930
87031,simple,2026-07-09T12:02:02.393930
87033,simple,2026-07-09T12:02:02.393930
87035,simple,2026-07-09T12:02:02.393930
87038,simple,2026-07-09T12:02:02.393930
103468,simple,2026-07-09T12:02:02.393930
103483,simple,2026-07-09T12:02:02.393930
103500,simple,2026-07-09T12:02:02.393930
111519,simple,2026-07-09T12:02:02.393930
111536,simple,2026-07-09T12:02:02.393930
111552,simple,2026-07-09T12:02:02.393930
111568,simple,2026-07-09T12:02:02.393930
111583,simple,2026-07-09T12:02:02.393930
113856,simple,2026-07-09T12:02:02.393930
113871,simple,2026-07-09T12:02:02.393930
113884,simple,2026-07-09T12:02:02.393930
17329,simple,2026-07-09T12:02:14.558315
17330,simple,2026-07-09T12:02:14.558315
17331,simple,2026-07-09T12:02:14.558315
17332,simple,2026-07-09T12:02:14.558315
17333,simple,2026-07-09T12:02:14.558315
17334,simple,2026-07-09T12:02:14.558315
49145,simple,2026-07-09T12:02:14.558315
49151,simple,2026-07-09T12:02:14.558315
57398,simple,2026-07-09T12:02:14.558315
57404,simple,2026-07-09T12:02:14.558315
57409,simple,2026-07-09T12:02:14.558315
59621,simple,2026-07-09T12:02:14.558315
59627,simple,2026-07-09T12:02:14.558315
65252,simple,2026-07-09T12:02:14.558315
65255,simple,2026-07-09T12:02:14.558315
69712,simple,2026-07-09T12:02:14.558315
69718,simple,2026-07-09T12:02:14.558315
71811,simple,2026-07-09T12:02:14.558315
71817,simple,2026-07-09T12:02:14.558315
73971,simple,2026-07-09T12:02:14.558315
73977,simple,2026-07-09T12:02:14.558315
78909,simple,2026-07-09T12:02:14.558315
78915,simple,2026-07-09T12:02:14.558315
87040,simple,2026-07-09T12:02:14.558315
87041,simple,2026-07-09T12:02:14.558315
103515,simple,2026-07-09T12:02:14.558315
116913,simple,2026-07-09T12:02:14.558315
116930,simple,2026-07-09T12:02:14.558315
116948,simple,2026-07-09T12:02:14.558315
116963,simple,2026-07-09T12:02:14.558315
17335,simple,2026-07-09T12:02:14.558315
17336,simple,2026-07-09T12:02:14.558315
49155,simple,2026-07-09T12:02:14.558315
55818,simple,2026-07-09T12:02:14.558315
57416,simple,2026-07-09T12:02:14.558315
59635,simple,2026-07-09T12:02:14.558315
63767,simple,2026-07-09T12:02:14.558315
65258,simple,2026-07-09T12:02:14.558315
69723,simple,2026-07-09T12:02:14.558315
71823,simple,2026-07-09T12:02:14.558315
87042,simple,2026-07-09T12:02:14.558315
113898,simple,2026-07-09T12:02:14.558315
32109,simple,2026-07-09T12:02:14.558315
35349,simple,2026-07-09T12:02:14.558315
103531,simple,2026-07-09T12:02:14.558315
115097,simple,2026-07-09T12:02:14.558315
32115,simple,2026-07-09T12:02:14.558315
103546,simple,2026-07-09T12:02:14.558315
111599,simple,2026-07-09T12:02:14.558315
115108,simple,2026-07-09T12:02:14.558315
17337,simple,2026-07-09T12:02:14.558315
17338,simple,2026-07-09T12:02:14.558315
49163,simple,2026-07-09T12:02:14.558315
57423,simple,2026-07-09T12:02:14.558315
59641,simple,2026-07-09T12:02:14.558315
59647,simple,2026-07-09T12:02:14.558315
59653,simple,2026-07-09T12:02:14.558315
63773,simple,2026-07-09T12:02:14.558315
63779,simple,2026-07-09T12:02:14.558315
65264,simple,2026-07-09T12:02:14.558315
69728,simple,2026-07-09T12:02:14.558315
69733,simple,2026-07-09T12:02:14.558315
69739,simple,2026-07-09T12:02:14.558315
71829,simple,2026-07-09T12:02:14.558315
71835,simple,2026-07-09T12:02:14.558315
71841,simple,2026-07-09T12:02:14.558315
113910,simple,2026-07-09T12:02:14.558315
113924,simple,2026-07-09T12:02:14.558315
76413,simple,2026-07-09T12:02:14.558315
76420,simple,2026-07-09T12:02:14.558315
78927,simple,2026-07-09T12:02:14.558315
106627,simple,2026-07-09T12:02:14.558315
106646,simple,2026-07-09T12:02:14.558315
107696,simple,2026-07-09T12:02:14.558315
107712,simple,2026-07-09T12:02:14.558315
76427,simple,2026-07-09T12:02:14.558315
76434,simple,2026-07-09T12:02:14.558315
78939,simple,2026-07-09T12:02:14.558315
106667,simple,2026-07-09T12:02:14.558315
106688,simple,2026-07-09T12:02:14.558315
107729,simple,2026-07-09T12:02:14.558315
107751,simple,2026-07-09T12:02:14.558315
17339,simple,2026-07-09T12:02:43.595030
17340,simple,2026-07-09T12:02:43.595030
32121,simple,2026-07-09T12:02:43.595030
32127,simple,2026-07-09T12:02:43.595030
35355,simple,2026-07-09T12:02:43.595030
49165,simple,2026-07-09T12:02:43.595030
49168,simple,2026-07-09T12:02:43.595030
49172,simple,2026-07-09T12:02:43.595030
55540,simple,2026-07-09T12:02:43.595030
55546,simple,2026-07-09T12:02:43.595030
55551,simple,2026-07-09T12:02:43.595030
57427,simple,2026-07-09T12:02:43.595030
57430,simple,2026-07-09T12:02:43.595030
57436,simple,2026-07-09T12:02:43.595030
59658,simple,2026-07-09T12:02:43.595030
59665,simple,2026-07-09T12:02:43.595030
63785,simple,2026-07-09T12:02:43.595030
63791,simple,2026-07-09T12:02:43.595030
63797,simple,2026-07-09T12:02:43.595030
63803,simple,2026-07-09T12:02:43.595030
63812,simple,2026-07-09T12:02:43.595030
65272,simple,2026-07-09T12:02:43.595030
65278,simple,2026-07-09T12:02:43.595030
65284,simple,2026-07-09T12:02:43.595030
67631,simple,2026-07-09T12:02:43.595030
69745,simple,2026-07-09T12:02:43.595030
69751,simple,2026-07-09T12:02:43.595030
71845,simple,2026-07-09T12:02:43.595030
71850,simple,2026-07-09T12:02:43.595030
73995,simple,2026-07-09T12:02:43.595030
74001,simple,2026-07-09T12:02:43.595030
74007,simple,2026-07-09T12:02:43.595030
83356,simple,2026-07-09T12:02:43.595030
83359,simple,2026-07-09T12:02:43.595030
83361,simple,2026-07-09T12:02:43.595030
101397,simple,2026-07-09T12:02:43.595030
104743,simple,2026-07-09T12:02:43.595030
113937,simple,2026-07-09T12:02:43.595030
113950,simple,2026-07-09T12:02:43.595030
32133,simple,2026-07-09T12:02:43.595030
49178,simple,2026-07-09T12:02:43.595030
55558,simple,2026-07-09T12:02:43.595030
57442,simple,2026-07-09T12:02:43.595030
59671,simple,2026-07-09T12:02:43.595030
63818,simple,2026-07-09T12:02:43.595030
65290,simple,2026-07-09T12:02:43.595030
69756,simple,2026-07-09T12:02:43.595030
71856,simple,2026-07-09T12:02:43.595030
74013,simple,2026-07-09T12:02:43.595030
101451,simple,2026-07-09T12:02:43.595030
103560,simple,2026-07-09T12:02:43.595030
114002,simple,2026-07-09T12:02:43.595030
59675,simple,2026-07-09T12:02:43.595030
63822,simple,2026-07-09T12:02:43.595030
69763,simple,2026-07-09T12:02:43.595030
109946,simple,2026-07-09T12:02:43.595030
114015,simple,2026-07-09T12:02:43.595030
32139,simple,2026-07-09T12:02:43.595030
55564,simple,2026-07-09T12:02:43.595030
55569,simple,2026-07-09T12:02:43.595030
63829,simple,2026-07-09T12:02:43.595030
63835,simple,2026-07-09T12:02:43.595030
83248,simple,2026-07-09T12:02:43.595030
109953,simple,2026-07-09T12:02:43.595030
114044,simple,2026-07-09T12:02:43.595030
17341,simple,2026-07-09T12:02:43.595030
17342,simple,2026-07-09T12:02:43.595030
55574,simple,2026-07-09T12:02:43.595030
57448,simple,2026-07-09T12:02:43.595030
87046,simple,2026-07-09T12:02:43.595030
32143,simple,2026-07-09T12:02:43.595030
35358,simple,2026-07-09T12:02:43.595030
104759,simple,2026-07-09T12:02:43.595030
115120,simple,2026-07-09T12:02:43.595030
17484,simple,2026-07-09T12:02:43.595030
17486,simple,2026-07-09T12:02:43.595030
87048,simple,2026-07-09T12:02:43.595030
111616,simple,2026-07-09T12:02:43.595030
49185,simple,2026-07-09T12:02:43.595030
59681,simple,2026-07-09T12:02:43.595030
59690,simple,2026-07-09T12:02:43.595030
63842,simple,2026-07-09T12:02:43.595030
65296,simple,2026-07-09T12:02:43.595030
69771,simple,2026-07-09T12:02:43.595030
69779,simple,2026-07-09T12:02:43.595030
71867,simple,2026-07-09T12:02:43.595030
71873,simple,2026-07-09T12:02:43.595030
101468,simple,2026-07-09T12:02:43.595030
114056,simple,2026-07-09T12:02:43.595030
32148,simple,2026-07-09T12:03:13.835877
32154,simple,2026-07-09T12:03:13.835877
32157,simple,2026-07-09T12:03:13.835877
32160,simple,2026-07-09T12:03:13.835877
35363,simple,2026-07-09T12:03:13.835877
35367,simple,2026-07-09T12:03:13.835877
35373,simple,2026-07-09T12:03:13.835877
67643,simple,2026-07-09T12:03:13.835877
67649,simple,2026-07-09T12:03:13.835877
103597,simple,2026-07-09T12:03:13.835877
115130,simple,2026-07-09T12:03:13.835877
115141,simple,2026-07-09T12:03:13.835877
115150,simple,2026-07-09T12:03:13.835877
115161,simple,2026-07-09T12:03:13.835877
17482,simple,2026-07-09T12:03:13.835877
17483,simple,2026-07-09T12:03:13.835877
17485,simple,2026-07-09T12:03:13.835877
49191,simple,2026-07-09T12:03:13.835877
49197,simple,2026-07-09T12:03:13.835877
49203,simple,2026-07-09T12:03:13.835877
55580,simple,2026-07-09T12:03:13.835877
55586,simple,2026-07-09T12:03:13.835877
57461,simple,2026-07-09T12:03:13.835877
57467,simple,2026-07-09T12:03:13.835877
57468,simple,2026-07-09T12:03:13.835877
59696,simple,2026-07-09T12:03:13.835877
63847,simple,2026-07-09T12:03:13.835877
65301,simple,2026-07-09T12:03:13.835877
65308,simple,2026-07-09T12:03:13.835877
69785,simple,2026-07-09T12:03:13.835877
71879,simple,2026-07-09T12:03:13.835877
74027,simple,2026-07-09T12:03:13.835877
74034,simple,2026-07-09T12:03:13.835877
101486,simple,2026-07-09T12:03:13.835877
114070,simple,2026-07-09T12:03:13.835877
17487,simple,2026-07-09T12:03:13.835877
17488,simple,2026-07-09T12:03:13.835877
17489,simple,2026-07-09T12:03:13.835877
17491,simple,2026-07-09T12:03:13.835877
35377,simple,2026-07-09T12:03:13.835877
49208,simple,2026-07-09T12:03:13.835877
49214,simple,2026-07-09T12:03:13.835877
55592,simple,2026-07-09T12:03:13.835877
55597,simple,2026-07-09T12:03:13.835877
57469,simple,2026-07-09T12:03:13.835877
57474,simple,2026-07-09T12:03:13.835877
65313,simple,2026-07-09T12:03:13.835877
65319,simple,2026-07-09T12:03:13.835877
67660,simple,2026-07-09T12:03:13.835877
74046,simple,2026-07-09T12:03:13.835877
74052,simple,2026-07-09T12:03:13.835877
87060,simple,2026-07-09T12:03:13.835877
101522,simple,2026-07-09T12:03:13.835877
101542,simple,2026-07-09T12:03:13.835877
104774,simple,2026-07-09T12:03:13.835877
115985,simple,2026-07-09T12:03:13.835877
17493,simple,2026-07-09T12:03:13.835877
17494,simple,2026-07-09T12:03:13.835877
49219,simple,2026-07-09T12:03:13.835877
55603,simple,2026-07-09T12:03:13.835877
57480,simple,2026-07-09T12:03:13.835877
59700,simple,2026-07-09T12:03:13.835877
63853,simple,2026-07-09T12:03:13.835877
65325,simple,2026-07-09T12:03:13.835877
69791,simple,2026-07-09T12:03:13.835877
71885,simple,2026-07-09T12:03:13.835877
87066,simple,2026-07-09T12:03:13.835877
111631,simple,2026-07-09T12:03:13.835877
114082,simple,2026-07-09T12:03:13.835877
17496,simple,2026-07-09T12:03:13.835877
17500,simple,2026-07-09T12:03:13.835877
17503,simple,2026-07-09T12:03:13.835877
17506,simple,2026-07-09T12:03:13.835877
49225,simple,2026-07-09T12:03:13.835877
55610,simple,2026-07-09T12:03:13.835877
57487,simple,2026-07-09T12:03:13.835877
65331,simple,2026-07-09T12:03:13.835877
65337,simple,2026-07-09T12:03:13.835877
111646,simple,2026-07-09T12:03:13.835877
111663,simple,2026-07-09T12:03:13.835877
59706,simple,2026-07-09T12:03:13.835877
63860,simple,2026-07-09T12:03:13.835877
69797,simple,2026-07-09T12:03:13.835877
71891,simple,2026-07-09T12:03:13.835877
103609,simple,2026-07-09T12:03:13.835877
109960,simple,2026-07-09T12:03:13.835877
114095,simple,2026-07-09T12:03:13.835877
32163,simple,2026-07-09T12:03:36.073655
35382,simple,2026-07-09T12:03:36.073655
63866,simple,2026-07-09T12:03:36.073655
103620,simple,2026-07-09T12:03:36.073655
114106,simple,2026-07-09T12:03:36.073655
32165,simple,2026-07-09T12:03:36.073655
35385,simple,2026-07-09T12:03:36.073655
104788,simple,2026-07-09T12:03:36.073655
115171,simple,2026-07-09T12:03:36.073655
17509,simple,2026-07-09T12:03:36.073655
17511,simple,2026-07-09T12:03:36.073655
32168,simple,2026-07-09T12:03:36.073655
35388,simple,2026-07-09T12:03:36.073655
49231,simple,2026-07-09T12:03:36.073655
49237,simple,2026-07-09T12:03:36.073655
49242,simple,2026-07-09T12:03:36.073655
49248,simple,2026-07-09T12:03:36.073655
55618,simple,2026-07-09T12:03:36.073655
55623,simple,2026-07-09T12:03:36.073655
57493,simple,2026-07-09T12:03:36.073655
57499,simple,2026-07-09T12:03:36.073655
59712,simple,2026-07-09T12:03:36.073655
59718,simple,2026-07-09T12:03:36.073655
63872,simple,2026-07-09T12:03:36.073655
63878,simple,2026-07-09T12:03:36.073655
65343,simple,2026-07-09T12:03:36.073655
65349,simple,2026-07-09T12:03:36.073655
67679,simple,2026-07-09T12:03:36.073655
69802,simple,2026-07-09T12:03:36.073655
69808,simple,2026-07-09T12:03:36.073655
71895,simple,2026-07-09T12:03:36.073655
71901,simple,2026-07-09T12:03:36.073655
74071,simple,2026-07-09T12:03:36.073655
74078,simple,2026-07-09T12:03:36.073655
76446,simple,2026-07-09T12:03:36.073655
78688,simple,2026-07-09T12:03:36.073655
87072,simple,2026-07-09T12:03:36.073655
103630,simple,2026-07-09T12:03:36.073655
103641,simple,2026-07-09T12:03:36.073655
103651,simple,2026-07-09T12:03:36.073655
103659,simple,2026-07-09T12:03:36.073655
103668,simple,2026-07-09T12:03:36.073655
107787,simple,2026-07-09T12:03:36.073655
114119,simple,2026-07-09T12:03:36.073655
114131,simple,2026-07-09T12:03:36.073655
31881,simple,2026-07-09T12:03:36.073655
31883,simple,2026-07-09T12:03:36.073655
35391,simple,2026-07-09T12:03:36.073655
35393,simple,2026-07-09T12:03:36.073655
67684,simple,2026-07-09T12:03:36.073655
104802,simple,2026-07-09T12:03:36.073655
104817,simple,2026-07-09T12:03:36.073655
115181,simple,2026-07-09T12:03:36.073655
115193,simple,2026-07-09T12:03:36.073655
17490,simple,2026-07-09T12:03:50.584581
17492,simple,2026-07-09T12:03:50.584581
17495,simple,2026-07-09T12:03:50.584581
17514,simple,2026-07-09T12:03:50.584581
17517,simple,2026-07-09T12:03:50.584581
17520,simple,2026-07-09T12:03:50.584581
31886,simple,2026-07-09T12:03:50.584581
31889,simple,2026-07-09T12:03:50.584581
35395,simple,2026-07-09T12:03:50.584581
35397,simple,2026-07-09T12:03:50.584581
35399,simple,2026-07-09T12:03:50.584581
35401,simple,2026-07-09T12:03:50.584581
35403,simple,2026-07-09T12:03:50.584581
49254,simple,2026-07-09T12:03:50.584581
49260,simple,2026-07-09T12:03:50.584581
49266,simple,2026-07-09T12:03:50.584581
57505,simple,2026-07-09T12:03:50.584581
57512,simple,2026-07-09T12:03:50.584581
57518,simple,2026-07-09T12:03:50.584581
59725,simple,2026-07-09T12:03:50.584581
59731,simple,2026-07-09T12:03:50.584581
59737,simple,2026-07-09T12:03:50.584581
65355,simple,2026-07-09T12:03:50.584581
65361,simple,2026-07-09T12:03:50.584581
65366,simple,2026-07-09T12:03:50.584581
67695,simple,2026-07-09T12:03:50.584581
67698,simple,2026-07-09T12:03:50.584581
67701,simple,2026-07-09T12:03:50.584581
67703,simple,2026-07-09T12:03:50.584581
67704,simple,2026-07-09T12:03:50.584581
69814,simple,2026-07-09T12:03:50.584581
69821,simple,2026-07-09T12:03:50.584581
69827,simple,2026-07-09T12:03:50.584581
71908,simple,2026-07-09T12:03:50.584581
71915,simple,2026-07-09T12:03:50.584581
71920,simple,2026-07-09T12:03:50.584581
74085,simple,2026-07-09T12:03:50.584581
74089,simple,2026-07-09T12:03:50.584581
87075,simple,2026-07-09T12:03:50.584581
103678,simple,2026-07-09T12:03:50.584581
115204,simple,2026-07-09T12:03:50.584581
115216,simple,2026-07-09T12:03:50.584581
31892,simple,2026-07-09T12:03:50.584581
35404,simple,2026-07-09T12:03:50.584581
103686,simple,2026-07-09T12:03:50.584581
115227,simple,2026-07-09T12:03:50.584581
17497,simple,2026-07-09T12:04:02.753286
17499,simple,2026-07-09T12:04:02.753286
17502,simple,2026-07-09T12:04:02.753286
17505,simple,2026-07-09T12:04:02.753286
17508,simple,2026-07-09T12:04:02.753286
17512,simple,2026-07-09T12:04:02.753286
17515,simple,2026-07-09T12:04:02.753286
17518,simple,2026-07-09T12:04:02.753286
31895,simple,2026-07-09T12:04:02.753286
31898,simple,2026-07-09T12:04:02.753286
35405,simple,2026-07-09T12:04:02.753286
35406,simple,2026-07-09T12:04:02.753286
35407,simple,2026-07-09T12:04:02.753286
35408,simple,2026-07-09T12:04:02.753286
49272,simple,2026-07-09T12:04:02.753286
49277,simple,2026-07-09T12:04:02.753286
49282,simple,2026-07-09T12:04:02.753286
49288,simple,2026-07-09T12:04:02.753286
55629,simple,2026-07-09T12:04:02.753286
55635,simple,2026-07-09T12:04:02.753286
55640,simple,2026-07-09T12:04:02.753286
55646,simple,2026-07-09T12:04:02.753286
57524,simple,2026-07-09T12:04:02.753286
57530,simple,2026-07-09T12:04:02.753286
57537,simple,2026-07-09T12:04:02.753286
57543,simple,2026-07-09T12:04:02.753286
59743,simple,2026-07-09T12:04:02.753286
59749,simple,2026-07-09T12:04:02.753286
59755,simple,2026-07-09T12:04:02.753286
63884,simple,2026-07-09T12:04:02.753286
63890,simple,2026-07-09T12:04:02.753286
63896,simple,2026-07-09T12:04:02.753286
65372,simple,2026-07-09T12:04:02.753286
65378,simple,2026-07-09T12:04:02.753286
65383,simple,2026-07-09T12:04:02.753286
65389,simple,2026-07-09T12:04:02.753286
67706,simple,2026-07-09T12:04:02.753286
67708,simple,2026-07-09T12:04:02.753286
67710,simple,2026-07-09T12:04:02.753286
67714,simple,2026-07-09T12:04:02.753286
69832,simple,2026-07-09T12:04:02.753286
69839,simple,2026-07-09T12:04:02.753286
69847,simple,2026-07-09T12:04:02.753286
71927,simple,2026-07-09T12:04:02.753286
71934,simple,2026-07-09T12:04:02.753286
71937,simple,2026-07-09T12:04:02.753286
74093,simple,2026-07-09T12:04:02.753286
74094,simple,2026-07-09T12:04:02.753286
74097,simple,2026-07-09T12:04:02.753286
87084,simple,2026-07-09T12:04:02.753286
87087,simple,2026-07-09T12:04:02.753286
103695,simple,2026-07-09T12:04:02.753286
103704,simple,2026-07-09T12:04:02.753286
114144,simple,2026-07-09T12:04:02.753286
114157,simple,2026-07-09T12:04:02.753286
114169,simple,2026-07-09T12:04:02.753286
17521,simple,2026-07-09T12:04:02.753286
17523,simple,2026-07-09T12:04:02.753286
49294,simple,2026-07-09T12:04:02.753286
55652,simple,2026-07-09T12:04:02.753286
57549,simple,2026-07-09T12:04:02.753286
59760,simple,2026-07-09T12:04:02.753286
59766,simple,2026-07-09T12:04:02.753286
63902,simple,2026-07-09T12:04:02.753286
63908,simple,2026-07-09T12:04:02.753286
65395,simple,2026-07-09T12:04:02.753286
69853,simple,2026-07-09T12:04:02.753286
69859,simple,2026-07-09T12:04:02.753286
71943,simple,2026-07-09T12:04:02.753286
71949,simple,2026-07-09T12:04:02.753286
114182,simple,2026-07-09T12:04:02.753286
114195,simple,2026-07-09T12:04:02.753286
31902,simple,2026-07-09T12:04:02.753286
35409,simple,2026-07-09T12:04:02.753286
55659,simple,2026-07-09T12:04:02.753286
57555,simple,2026-07-09T12:04:02.753286
59772,simple,2026-07-09T12:04:02.753286
63914,simple,2026-07-09T12:04:02.753286
65401,simple,2026-07-09T12:04:02.753286
67719,simple,2026-07-09T12:04:02.753286
69865,simple,2026-07-09T12:04:02.753286
71955,simple,2026-07-09T12:04:02.753286
104833,simple,2026-07-09T12:04:02.753286
114208,simple,2026-07-09T12:04:02.753286
17525,simple,2026-07-09T12:04:22.877228
17527,simple,2026-07-09T12:04:22.877228
49300,simple,2026-07-09T12:04:22.877228
55665,simple,2026-07-09T12:04:22.877228
57561,simple,2026-07-09T12:04:22.877228
65407,simple,2026-07-09T12:04:22.877228
69871,simple,2026-07-09T12:04:22.877228
76452,simple,2026-07-09T12:04:22.877228
78699,simple,2026-07-09T12:04:22.877228
101822,simple,2026-07-09T12:04:22.877228
106749,simple,2026-07-09T12:04:22.877228
109974,simple,2026-07-09T12:04:22.877228
55671,simple,2026-07-09T12:04:22.877228
111677,simple,2026-07-09T12:04:22.877228
31906,simple,2026-07-09T12:04:22.877228
35410,simple,2026-07-09T12:04:22.877228
103714,simple,2026-07-09T12:04:22.877228
109981,simple,2026-07-09T12:04:22.877228
31910,simple,2026-07-09T12:04:22.877228
31913,simple,2026-07-09T12:04:22.877228
31917,simple,2026-07-09T12:04:22.877228
49306,simple,2026-07-09T12:04:22.877228
49312,simple,2026-07-09T12:04:22.877228
59778,simple,2026-07-09T12:04:22.877228
65413,simple,2026-07-09T12:04:22.877228
69877,simple,2026-07-09T12:04:22.877228
71961,simple,2026-07-09T12:04:22.877228
111690,simple,2026-07-09T12:04:22.877228
115238,simple,2026-07-09T12:04:22.877228
115252,simple,2026-07-09T12:04:22.877228
115262,simple,2026-07-09T12:04:22.877228
17498,simple,2026-07-09T12:04:22.877228
17501,simple,2026-07-09T12:04:22.877228
35411,simple,2026-07-09T12:04:22.877228
35412,simple,2026-07-09T12:04:22.877228
49318,simple,2026-07-09T12:04:22.877228
57567,simple,2026-07-09T12:04:22.877228
59784,simple,2026-07-09T12:04:22.877228
65419,simple,2026-07-09T12:04:22.877228
67730,simple,2026-07-09T12:04:22.877228
67736,simple,2026-07-09T12:04:22.877228
69883,simple,2026-07-09T12:04:22.877228
71967,simple,2026-07-09T12:04:22.877228
87056,simple,2026-07-09T12:04:22.877228
104847,simple,2026-07-09T12:04:22.877228
104861,simple,2026-07-09T12:04:22.877228
116981,simple,2026-07-09T12:04:22.877228
116999,simple,2026-07-09T12:04:22.877228
31922,simple,2026-07-09T12:04:22.877228
83255,simple,2026-07-09T12:04:22.877228
103723,simple,2026-07-09T12:04:22.877228
111708,simple,2026-07-09T12:04:22.877228
115993,simple,2026-07-09T12:04:22.877228
83257,simple,2026-07-09T12:04:22.877228
17504,simple,2026-07-09T12:04:22.877228
17507,simple,2026-07-09T12:04:22.877228
49323,simple,2026-07-09T12:04:22.877228
55677,simple,2026-07-09T12:04:22.877228
57573,simple,2026-07-09T12:04:22.877228
59790,simple,2026-07-09T12:04:22.877228
59795,simple,2026-07-09T12:04:22.877228
63921,simple,2026-07-09T12:04:22.877228
63928,simple,2026-07-09T12:04:22.877228
65426,simple,2026-07-09T12:04:22.877228
69889,simple,2026-07-09T12:04:22.877228
69895,simple,2026-07-09T12:04:22.877228
71973,simple,2026-07-09T12:04:22.877228
71980,simple,2026-07-09T12:04:22.877228
114221,simple,2026-07-09T12:04:22.877228
114234,simple,2026-07-09T12:04:22.877228
17510,simple,2026-07-09T12:04:22.877228
17513,simple,2026-07-09T12:04:22.877228
49329,simple,2026-07-09T12:04:22.877228
55683,simple,2026-07-09T12:04:22.877228
57579,simple,2026-07-09T12:04:22.877228
59799,simple,2026-07-09T12:04:22.877228
63934,simple,2026-07-09T12:04:22.877228
65432,simple,2026-07-09T12:04:22.877228
69900,simple,2026-07-09T12:04:22.877228
71988,simple,2026-07-09T12:04:22.877228
103729,simple,2026-07-09T12:04:22.877228
114247,simple,2026-07-09T12:04:22.877228
17516,simple,2026-07-09T12:04:56.319693
17519,simple,2026-07-09T12:04:56.319693
35413,simple,2026-07-09T12:04:56.319693
49334,simple,2026-07-09T12:04:56.319693
49339,simple,2026-07-09T12:04:56.319693
49345,simple,2026-07-09T12:04:56.319693
55689,simple,2026-07-09T12:04:56.319693
57586,simple,2026-07-09T12:04:56.319693
57591,simple,2026-07-09T12:04:56.319693
57596,simple,2026-07-09T12:04:56.319693
59804,simple,2026-07-09T12:04:56.319693
59809,simple,2026-07-09T12:04:56.319693
63940,simple,2026-07-09T12:04:56.319693
63946,simple,2026-07-09T12:04:56.319693
65439,simple,2026-07-09T12:04:56.319693
65443,simple,2026-07-09T12:04:56.319693
67741,simple,2026-07-09T12:04:56.319693
69605,simple,2026-07-09T12:04:56.319693
69903,simple,2026-07-09T12:04:56.319693
71994,simple,2026-07-09T12:04:56.319693
72000,simple,2026-07-09T12:04:56.319693
74139,simple,2026-07-09T12:04:56.319693
74146,simple,2026-07-09T12:04:56.319693
74152,simple,2026-07-09T12:04:56.319693
87065,simple,2026-07-09T12:04:56.319693
87068,simple,2026-07-09T12:04:56.319693
101915,simple,2026-07-09T12:04:56.319693
101935,simple,2026-07-09T12:04:56.319693
102360,simple,2026-07-09T12:04:56.319693
103743,simple,2026-07-09T12:04:56.319693
103750,simple,2026-07-09T12:04:56.319693
103757,simple,2026-07-09T12:04:56.319693
103764,simple,2026-07-09T12:04:56.319693
109995,simple,2026-07-09T12:04:56.319693
114261,simple,2026-07-09T12:04:56.319693
114272,simple,2026-07-09T12:04:56.319693
17522,simple,2026-07-09T12:04:56.319693
17524,simple,2026-07-09T12:04:56.319693
17526,simple,2026-07-09T12:04:56.319693
17528,simple,2026-07-09T12:04:56.319693
17529,simple,2026-07-09T12:04:56.319693
17530,simple,2026-07-09T12:04:56.319693
49350,simple,2026-07-09T12:04:56.319693
55694,simple,2026-07-09T12:04:56.319693
55700,simple,2026-07-09T12:04:56.319693
55706,simple,2026-07-09T12:04:56.319693
57602,simple,2026-07-09T12:04:56.319693
57608,simple,2026-07-09T12:04:56.319693
57614,simple,2026-07-09T12:04:56.319693
59523,simple,2026-07-09T12:04:56.319693
63952,simple,2026-07-09T12:04:56.319693
63959,simple,2026-07-09T12:04:56.319693
65449,simple,2026-07-09T12:04:56.319693
69609,simple,2026-07-09T12:04:56.319693
71712,simple,2026-07-09T12:04:56.319693
87071,simple,2026-07-09T12:04:56.319693
87076,simple,2026-07-09T12:04:56.319693
111721,simple,2026-07-09T12:04:56.319693
114285,simple,2026-07-09T12:04:56.319693
114298,simple,2026-07-09T12:04:56.319693
31927,simple,2026-07-09T12:04:56.319693
35414,simple,2026-07-09T12:04:56.319693
35415,simple,2026-07-09T12:04:56.319693
59529,simple,2026-07-09T12:04:56.319693
63966,simple,2026-07-09T12:04:56.319693
67746,simple,2026-07-09T12:04:56.319693
67753,simple,2026-07-09T12:04:56.319693
69612,simple,2026-07-09T12:04:56.319693
69618,simple,2026-07-09T12:04:56.319693
104876,simple,2026-07-09T12:04:56.319693
104890,simple,2026-07-09T12:04:56.319693
111736,simple,2026-07-09T12:04:56.319693
111754,simple,2026-07-09T12:04:56.319693
114311,simple,2026-07-09T12:04:56.319693
17531,simple,2026-07-09T12:04:56.319693
17532,simple,2026-07-09T12:04:56.319693
49357,simple,2026-07-09T12:04:56.319693
55712,simple,2026-07-09T12:04:56.319693
57620,simple,2026-07-09T12:04:56.319693
59535,simple,2026-07-09T12:04:56.319693
63971,simple,2026-07-09T12:04:56.319693
65456,simple,2026-07-09T12:04:56.319693
69624,simple,2026-07-09T12:04:56.319693
71725,simple,2026-07-09T12:04:56.319693
101975,simple,2026-07-09T12:04:56.319693
114324,simple,2026-07-09T12:04:56.319693
17533,simple,2026-07-09T12:05:21.317194
17534,simple,2026-07-09T12:05:21.317194
49363,simple,2026-07-09T12:05:21.317194
55718,simple,2026-07-09T12:05:21.317194
57626,simple,2026-07-09T12:05:21.317194
59541,simple,2026-07-09T12:05:21.317194
63976,simple,2026-07-09T12:05:21.317194
65462,simple,2026-07-09T12:05:21.317194
69630,simple,2026-07-09T12:05:21.317194
71732,simple,2026-07-09T12:05:21.317194
101992,simple,2026-07-09T12:05:21.317194
114336,simple,2026-07-09T12:05:21.317194
17535,simple,2026-07-09T12:05:21.317194
17536,simple,2026-07-09T12:05:21.317194
49369,simple,2026-07-09T12:05:21.317194
55724,simple,2026-07-09T12:05:21.317194
57632,simple,2026-07-09T12:05:21.317194
59549,simple,2026-07-09T12:05:21.317194
63982,simple,2026-07-09T12:05:21.317194
65469,simple,2026-07-09T12:05:21.317194
69636,simple,2026-07-09T12:05:21.317194
71737,simple,2026-07-09T12:05:21.317194
87085,simple,2026-07-09T12:05:21.317194
114349,simple,2026-07-09T12:05:21.317194
83259,simple,2026-07-09T12:05:21.317194
111770,simple,2026-07-09T12:05:21.317194
116001,simple,2026-07-09T12:05:21.317194
17538,simple,2026-07-09T12:05:21.317194
17540,simple,2026-07-09T12:05:21.317194
17543,simple,2026-07-09T12:05:21.317194
17547,simple,2026-07-09T12:05:21.317194
49374,simple,2026-07-09T12:05:21.317194
55727,simple,2026-07-09T12:05:21.317194
57639,simple,2026-07-09T12:05:21.317194
59555,simple,2026-07-09T12:05:21.317194
63988,simple,2026-07-09T12:05:21.317194
65474,simple,2026-07-09T12:05:21.317194
69642,simple,2026-07-09T12:05:21.317194
71743,simple,2026-07-09T12:05:21.317194
74179,simple,2026-07-09T12:05:21.317194
83261,simple,2026-07-09T12:05:21.317194
83263,simple,2026-07-09T12:05:21.317194
83265,simple,2026-07-09T12:05:21.317194
87088,simple,2026-07-09T12:05:21.317194
102372,simple,2026-07-09T12:05:21.317194
102381,simple,2026-07-09T12:05:21.317194
110394,simple,2026-07-09T12:05:21.317194
111786,simple,2026-07-09T12:05:21.317194
111803,simple,2026-07-09T12:05:21.317194
111819,simple,2026-07-09T12:05:21.317194
111835,simple,2026-07-09T12:05:21.317194
111850,simple,2026-07-09T12:05:21.317194
111866,simple,2026-07-09T12:05:21.317194
111884,simple,2026-07-09T12:05:21.317194
111898,simple,2026-07-09T12:05:21.317194
111909,simple,2026-07-09T12:05:21.317194
114361,simple,2026-07-09T12:05:21.317194
83268,simple,2026-07-09T12:05:21.317194
102393,simple,2026-07-09T12:05:21.317194
116009,simple,2026-07-09T12:05:21.317194
102406,simple,2026-07-09T12:05:21.317194
110401,simple,2026-07-09T12:05:21.317194
110410,simple,2026-07-09T12:05:21.317194
116017,simple,2026-07-09T12:05:21.317194
17549,simple,2026-07-09T12:05:21.317194
17552,simple,2026-07-09T12:05:21.317194
49381,simple,2026-07-09T12:05:21.317194
55733,simple,2026-07-09T12:05:21.317194
57645,simple,2026-07-09T12:05:21.317194
59562,simple,2026-07-09T12:05:21.317194
63994,simple,2026-07-09T12:05:21.317194
65480,simple,2026-07-09T12:05:21.317194
69649,simple,2026-07-09T12:05:21.317194
71749,simple,2026-07-09T12:05:21.317194
114373,simple,2026-07-09T12:05:21.317194
17555,simple,2026-07-09T12:05:21.317194
17559,simple,2026-07-09T12:05:21.317194
87094,simple,2026-07-09T12:05:21.317194
102484,simple,2026-07-09T12:05:21.317194
102500,simple,2026-07-09T12:05:21.317194
110421,simple,2026-07-09T12:05:21.317194
116025,simple,2026-07-09T12:05:21.317194
55739,simple,2026-07-09T12:05:21.317194
55745,simple,2026-07-09T12:05:21.317194
55751,simple,2026-07-09T12:05:21.317194
110432,simple,2026-07-09T12:05:21.317194
110444,simple,2026-07-09T12:05:21.317194
17537,simple,2026-07-09T12:06:06.912733
17539,simple,2026-07-09T12:06:06.912733
17541,simple,2026-07-09T12:06:06.912733
17544,simple,2026-07-09T12:06:06.912733
17546,simple,2026-07-09T12:06:06.912733
17550,simple,2026-07-09T12:06:06.912733
17553,simple,2026-07-09T12:06:06.912733
17556,simple,2026-07-09T12:06:06.912733
17558,simple,2026-07-09T12:06:06.912733
17561,simple,2026-07-09T12:06:06.912733
17564,simple,2026-07-09T12:06:06.912733
17566,simple,2026-07-09T12:06:06.912733
17567,simple,2026-07-09T12:06:06.912733
17568,simple,2026-07-09T12:06:06.912733
17569,simple,2026-07-09T12:06:06.912733
17570,simple,2026-07-09T12:06:06.912733
17572,simple,2026-07-09T12:06:06.912733
17574,simple,2026-07-09T12:06:06.912733
17575,simple,2026-07-09T12:06:06.912733
17576,simple,2026-07-09T12:06:06.912733
31938,simple,2026-07-09T12:06:06.912733
35419,simple,2026-07-09T12:06:06.912733
35420,simple,2026-07-09T12:06:06.912733
35421,simple,2026-07-09T12:06:06.912733
35422,simple,2026-07-09T12:06:06.912733
35423,simple,2026-07-09T12:06:06.912733
35424,simple,2026-07-09T12:06:06.912733
35425,simple,2026-07-09T12:06:06.912733
49162,simple,2026-07-09T12:06:06.912733
49164,simple,2026-07-09T12:06:06.912733
49166,simple,2026-07-09T12:06:06.912733
49169,simple,2026-07-09T12:06:06.912733
49173,simple,2026-07-09T12:06:06.912733
49418,simple,2026-07-09T12:06:06.912733
49423,simple,2026-07-09T12:06:06.912733
49428,simple,2026-07-09T12:06:06.912733
49434,simple,2026-07-09T12:06:06.912733
49441,simple,2026-07-09T12:06:06.912733
57674,simple,2026-07-09T12:06:06.912733
57680,simple,2026-07-09T12:06:06.912733
57686,simple,2026-07-09T12:06:06.912733
57692,simple,2026-07-09T12:06:06.912733
57698,simple,2026-07-09T12:06:06.912733
57704,simple,2026-07-09T12:06:06.912733
57710,simple,2026-07-09T12:06:06.912733
57716,simple,2026-07-09T12:06:06.912733
57722,simple,2026-07-09T12:06:06.912733
57728,simple,2026-07-09T12:06:06.912733
59594,simple,2026-07-09T12:06:06.912733
59600,simple,2026-07-09T12:06:06.912733
59606,simple,2026-07-09T12:06:06.912733
59612,simple,2026-07-09T12:06:06.912733
59618,simple,2026-07-09T12:06:06.912733
59624,simple,2026-07-09T12:06:06.912733
59630,simple,2026-07-09T12:06:06.912733
59637,simple,2026-07-09T12:06:06.912733
59644,simple,2026-07-09T12:06:06.912733
59651,simple,2026-07-09T12:06:06.912733
64005,simple,2026-07-09T12:06:06.912733
64011,simple,2026-07-09T12:06:06.912733
65515,simple,2026-07-09T12:06:06.912733
65521,simple,2026-07-09T12:06:06.912733
65527,simple,2026-07-09T12:06:06.912733
65536,simple,2026-07-09T12:06:06.912733
65549,simple,2026-07-09T12:06:06.912733
65553,simple,2026-07-09T12:06:06.912733
65559,simple,2026-07-09T12:06:06.912733
65565,simple,2026-07-09T12:06:06.912733
65571,simple,2026-07-09T12:06:06.912733
65576,simple,2026-07-09T12:06:06.912733
67779,simple,2026-07-09T12:06:06.912733
67785,simple,2026-07-09T12:06:06.912733
67791,simple,2026-07-09T12:06:06.912733
67798,simple,2026-07-09T12:06:06.912733
67804,simple,2026-07-09T12:06:06.912733
67810,simple,2026-07-09T12:06:06.912733
67817,simple,2026-07-09T12:06:06.912733
69679,simple,2026-07-09T12:06:06.912733
69685,simple,2026-07-09T12:06:06.912733
69691,simple,2026-07-09T12:06:06.912733
69697,simple,2026-07-09T12:06:06.912733
69703,simple,2026-07-09T12:06:06.912733
69710,simple,2026-07-09T12:06:06.912733
69717,simple,2026-07-09T12:06:06.912733
69724,simple,2026-07-09T12:06:06.912733
69730,simple,2026-07-09T12:06:06.912733
69736,simple,2026-07-09T12:06:06.912733
71778,simple,2026-07-09T12:06:06.912733
71784,simple,2026-07-09T12:06:06.912733
71790,simple,2026-07-09T12:06:06.912733
71799,simple,2026-07-09T12:06:09.206040
71804,simple,2026-07-09T12:06:09.206040
71810,simple,2026-07-09T12:06:09.206040
71816,simple,2026-07-09T12:06:09.206040
71821,simple,2026-07-09T12:06:09.206040
71827,simple,2026-07-09T12:06:09.206040
71833,simple,2026-07-09T12:06:09.206040
74222,simple,2026-07-09T12:06:09.206040
74227,simple,2026-07-09T12:06:09.206040
74232,simple,2026-07-09T12:06:09.206040
74238,simple,2026-07-09T12:06:09.206040
74243,simple,2026-07-09T12:06:09.206040
74249,simple,2026-07-09T12:06:09.206040
74256,simple,2026-07-09T12:06:09.206040
74262,simple,2026-07-09T12:06:09.206040
74267,simple,2026-07-09T12:06:09.206040
87058,simple,2026-07-09T12:06:09.206040
87061,simple,2026-07-09T12:06:09.206040
87064,simple,2026-07-09T12:06:09.206040
87067,simple,2026-07-09T12:06:09.206040
87070,simple,2026-07-09T12:06:09.206040
87074,simple,2026-07-09T12:06:09.206040
87077,simple,2026-07-09T12:06:09.206040
87080,simple,2026-07-09T12:06:09.206040
87082,simple,2026-07-09T12:06:09.206040
87086,simple,2026-07-09T12:06:09.206040
104932,simple,2026-07-09T12:06:09.206040
104949,simple,2026-07-09T12:06:09.206040
104964,simple,2026-07-09T12:06:09.206040
104982,simple,2026-07-09T12:06:09.206040
104995,simple,2026-07-09T12:06:09.206040
105013,simple,2026-07-09T12:06:09.206040
105028,simple,2026-07-09T12:06:09.206040
110548,simple,2026-07-09T12:06:09.206040
114399,simple,2026-07-09T12:06:09.206040
114411,simple,2026-07-09T12:06:09.206040
110456,simple,2026-07-09T12:06:16.306506
110470,simple,2026-07-09T12:06:16.306506
110485,simple,2026-07-09T12:06:16.306506
110500,simple,2026-07-09T12:06:16.306506
63999,simple,2026-07-09T12:06:16.306506
110515,simple,2026-07-09T12:06:16.306506
114386,simple,2026-07-09T12:06:16.306506
83270,simple,2026-07-09T12:06:16.306506
110532,simple,2026-07-09T12:06:16.306506
49387,simple,2026-07-09T12:06:16.306506
59568,simple,2026-07-09T12:06:16.306506
65486,simple,2026-07-09T12:06:16.306506
69655,simple,2026-07-09T12:06:16.306506
71755,simple,2026-07-09T12:06:16.306506
102067,simple,2026-07-09T12:06:16.306506
117016,simple,2026-07-09T12:06:16.306506
117033,simple,2026-07-09T12:06:16.306506
17562,simple,2026-07-09T12:06:16.306506
17565,simple,2026-07-09T12:06:16.306506
83272,simple,2026-07-09T12:06:16.306506
116033,simple,2026-07-09T12:06:16.306506
17542,simple,2026-07-09T12:06:16.306506
17545,simple,2026-07-09T12:06:16.306506
31932,simple,2026-07-09T12:06:16.306506
115273,simple,2026-07-09T12:06:16.306506
35416,simple,2026-07-09T12:06:16.306506
102517,simple,2026-07-09T12:06:16.306506
17548,simple,2026-07-09T12:06:16.306506
17551,simple,2026-07-09T12:06:16.306506
17554,simple,2026-07-09T12:06:16.306506
17557,simple,2026-07-09T12:06:16.306506
35417,simple,2026-07-09T12:06:16.306506
49393,simple,2026-07-09T12:06:16.306506
49399,simple,2026-07-09T12:06:16.306506
49406,simple,2026-07-09T12:06:16.306506
57650,simple,2026-07-09T12:06:16.306506
57656,simple,2026-07-09T12:06:16.306506
57662,simple,2026-07-09T12:06:16.306506
59575,simple,2026-07-09T12:06:16.306506
59582,simple,2026-07-09T12:06:16.306506
65494,simple,2026-07-09T12:06:16.306506
65503,simple,2026-07-09T12:06:16.306506
67766,simple,2026-07-09T12:06:16.306506
69661,simple,2026-07-09T12:06:16.306506
69667,simple,2026-07-09T12:06:16.306506
71761,simple,2026-07-09T12:06:16.306506
71767,simple,2026-07-09T12:06:16.306506
74201,simple,2026-07-09T12:06:16.306506
74207,simple,2026-07-09T12:06:16.306506
87049,simple,2026-07-09T12:06:16.306506
87053,simple,2026-07-09T12:06:16.306506
104905,simple,2026-07-09T12:06:16.306506
117050,simple,2026-07-09T12:06:16.306506
117067,simple,2026-07-09T12:06:16.306506
117085,simple,2026-07-09T12:06:16.306506
117106,simple,2026-07-09T12:06:16.306506
17560,simple,2026-07-09T12:06:16.306506
17563,simple,2026-07-09T12:06:16.306506
35418,simple,2026-07-09T12:06:16.306506
49412,simple,2026-07-09T12:06:16.306506
57668,simple,2026-07-09T12:06:16.306506
59588,simple,2026-07-09T12:06:16.306506
65509,simple,2026-07-09T12:06:16.306506
67772,simple,2026-07-09T12:06:16.306506
69673,simple,2026-07-09T12:06:16.306506
71772,simple,2026-07-09T12:06:16.306506
104919,simple,2026-07-09T12:06:16.306506
117124,simple,2026-07-09T12:06:16.306506
117142,simple,2026-07-09T12:06:16.306506
17571,simple,2026-07-09T12:06:49.767006
17573,simple,2026-07-09T12:06:49.767006
17578,simple,2026-07-09T12:06:49.767006
17580,simple,2026-07-09T12:06:49.767006
17582,simple,2026-07-09T12:06:49.767006
17584,simple,2026-07-09T12:06:49.767006
35426,simple,2026-07-09T12:06:49.767006
35427,simple,2026-07-09T12:06:49.767006
49179,simple,2026-07-09T12:06:49.767006
49184,simple,2026-07-09T12:06:49.767006
49192,simple,2026-07-09T12:06:49.767006
57734,simple,2026-07-09T12:06:49.767006
57740,simple,2026-07-09T12:06:49.767006
57745,simple,2026-07-09T12:06:49.767006
59657,simple,2026-07-09T12:06:49.767006
59663,simple,2026-07-09T12:06:49.767006
59669,simple,2026-07-09T12:06:49.767006
65583,simple,2026-07-09T12:06:49.767006
65589,simple,2026-07-09T12:06:49.767006
65596,simple,2026-07-09T12:06:49.767006
67823,simple,2026-07-09T12:06:49.767006
67828,simple,2026-07-09T12:06:49.767006
69744,simple,2026-07-09T12:06:49.767006
69750,simple,2026-07-09T12:06:49.767006
69757,simple,2026-07-09T12:06:49.767006
71839,simple,2026-07-09T12:06:49.767006
71847,simple,2026-07-09T12:06:49.767006
71853,simple,2026-07-09T12:06:49.767006
74279,simple,2026-07-09T12:06:49.767006
74286,simple,2026-07-09T12:06:49.767006
87089,simple,2026-07-09T12:06:49.767006
87091,simple,2026-07-09T12:06:49.767006
87093,simple,2026-07-09T12:06:49.767006
105044,simple,2026-07-09T12:06:49.767006
105060,simple,2026-07-09T12:06:49.767006
117159,simple,2026-07-09T12:06:49.767006
117176,simple,2026-07-09T12:06:49.767006
117194,simple,2026-07-09T12:06:49.767006
117211,simple,2026-07-09T12:06:49.767006
117229,simple,2026-07-09T12:06:49.767006
117248,simple,2026-07-09T12:06:49.767006
17586,simple,2026-07-09T12:06:49.767006
17589,simple,2026-07-09T12:06:49.767006
17593,simple,2026-07-09T12:06:49.767006
17596,simple,2026-07-09T12:06:49.767006
31946,simple,2026-07-09T12:06:49.767006
35428,simple,2026-07-09T12:06:49.767006
35429,simple,2026-07-09T12:06:49.767006
49198,simple,2026-07-09T12:06:49.767006
49204,simple,2026-07-09T12:06:49.767006
57471,simple,2026-07-09T12:06:49.767006
57751,simple,2026-07-09T12:06:49.767006
59677,simple,2026-07-09T12:06:49.767006
59685,simple,2026-07-09T12:06:49.767006
65602,simple,2026-07-09T12:06:49.767006
65609,simple,2026-07-09T12:06:49.767006
67837,simple,2026-07-09T12:06:49.767006
67841,simple,2026-07-09T12:06:49.767006
69762,simple,2026-07-09T12:06:49.767006
69769,simple,2026-07-09T12:06:49.767006
71860,simple,2026-07-09T12:06:49.767006
71865,simple,2026-07-09T12:06:49.767006
74298,simple,2026-07-09T12:06:49.767006
74304,simple,2026-07-09T12:06:49.767006
87095,simple,2026-07-09T12:06:49.767006
87097,simple,2026-07-09T12:06:49.767006
102532,simple,2026-07-09T12:06:49.767006
115287,simple,2026-07-09T12:06:49.767006
17599,simple,2026-07-09T12:06:49.767006
17602,simple,2026-07-09T12:06:49.767006
35430,simple,2026-07-09T12:06:49.767006
49209,simple,2026-07-09T12:06:49.767006
57476,simple,2026-07-09T12:06:49.767006
59691,simple,2026-07-09T12:06:49.767006
65615,simple,2026-07-09T12:06:49.767006
67846,simple,2026-07-09T12:06:49.767006
69775,simple,2026-07-09T12:06:49.767006
71871,simple,2026-07-09T12:06:49.767006
87098,simple,2026-07-09T12:06:49.767006
105074,simple,2026-07-09T12:06:49.767006
117265,simple,2026-07-09T12:06:49.767006
117283,simple,2026-07-09T12:06:49.767006
17605,simple,2026-07-09T12:07:05.885166
17608,simple,2026-07-09T12:07:05.885166
17611,simple,2026-07-09T12:07:05.885166
17614,simple,2026-07-09T12:07:05.885166
35431,simple,2026-07-09T12:07:05.885166
49215,simple,2026-07-09T12:07:05.885166
49221,simple,2026-07-09T12:07:05.885166
57481,simple,2026-07-09T12:07:05.885166
57485,simple,2026-07-09T12:07:05.885166
59697,simple,2026-07-09T12:07:05.885166
59703,simple,2026-07-09T12:07:05.885166
65621,simple,2026-07-09T12:07:05.885166
65626,simple,2026-07-09T12:07:05.885166
67852,simple,2026-07-09T12:07:05.885166
69782,simple,2026-07-09T12:07:05.885166
69790,simple,2026-07-09T12:07:05.885166
71877,simple,2026-07-09T12:07:05.885166
71883,simple,2026-07-09T12:07:05.885166
74318,simple,2026-07-09T12:07:05.885166
87099,simple,2026-07-09T12:07:05.885166
87100,simple,2026-07-09T12:07:05.885166
105088,simple,2026-07-09T12:07:05.885166
117300,simple,2026-07-09T12:07:05.885166
117318,simple,2026-07-09T12:07:05.885166
117336,simple,2026-07-09T12:07:05.885166
117355,simple,2026-07-09T12:07:05.885166
17577,simple,2026-07-09T12:07:05.885166
17579,simple,2026-07-09T12:07:05.885166
17581,simple,2026-07-09T12:07:05.885166
17583,simple,2026-07-09T12:07:05.885166
17585,simple,2026-07-09T12:07:05.885166
17615,simple,2026-07-09T12:07:05.885166
49226,simple,2026-07-09T12:07:05.885166
49232,simple,2026-07-09T12:07:05.885166
49239,simple,2026-07-09T12:07:05.885166
57491,simple,2026-07-09T12:07:05.885166
57497,simple,2026-07-09T12:07:05.885166
57503,simple,2026-07-09T12:07:05.885166
74329,simple,2026-07-09T12:07:05.885166
74335,simple,2026-07-09T12:07:05.885166
87101,simple,2026-07-09T12:07:05.885166
17587,simple,2026-07-09T12:07:05.885166
17590,simple,2026-07-09T12:07:05.885166
17592,simple,2026-07-09T12:07:05.885166
17595,simple,2026-07-09T12:07:05.885166
35432,simple,2026-07-09T12:07:05.885166
49247,simple,2026-07-09T12:07:05.885166
49252,simple,2026-07-09T12:07:05.885166
57509,simple,2026-07-09T12:07:05.885166
57516,simple,2026-07-09T12:07:05.885166
59710,simple,2026-07-09T12:07:05.885166
65632,simple,2026-07-09T12:07:05.885166
67858,simple,2026-07-09T12:07:05.885166
69795,simple,2026-07-09T12:07:05.885166
71889,simple,2026-07-09T12:07:05.885166
74347,simple,2026-07-09T12:07:05.885166
87105,simple,2026-07-09T12:07:05.885166
105103,simple,2026-07-09T12:07:05.885166
117371,simple,2026-07-09T12:07:05.885166
117388,simple,2026-07-09T12:07:05.885166
17598,simple,2026-07-09T12:07:05.885166
17601,simple,2026-07-09T12:07:05.885166
17604,simple,2026-07-09T12:07:05.885166
17607,simple,2026-07-09T12:07:05.885166
35433,simple,2026-07-09T12:07:05.885166
49257,simple,2026-07-09T12:07:05.885166
49262,simple,2026-07-09T12:07:05.885166
49268,simple,2026-07-09T12:07:05.885166
57522,simple,2026-07-09T12:07:05.885166
57528,simple,2026-07-09T12:07:05.885166
57534,simple,2026-07-09T12:07:05.885166
59716,simple,2026-07-09T12:07:05.885166
59722,simple,2026-07-09T12:07:05.885166
65639,simple,2026-07-09T12:07:05.885166
65647,simple,2026-07-09T12:07:05.885166
67864,simple,2026-07-09T12:07:05.885166
69801,simple,2026-07-09T12:07:05.885166
69807,simple,2026-07-09T12:07:05.885166
71896,simple,2026-07-09T12:07:05.885166
71904,simple,2026-07-09T12:07:05.885166
74360,simple,2026-07-09T12:07:05.885166
74366,simple,2026-07-09T12:07:05.885166
87109,simple,2026-07-09T12:07:05.885166
87112,simple,2026-07-09T12:07:05.885166
105117,simple,2026-07-09T12:07:05.885166
117405,simple,2026-07-09T12:07:05.885166
117422,simple,2026-07-09T12:07:05.885166
117441,simple,2026-07-09T12:07:05.885166
117458,simple,2026-07-09T12:07:05.885166
17609,simple,2026-07-09T12:07:21.425859
17612,simple,2026-07-09T12:07:21.425859
35434,simple,2026-07-09T12:07:21.425859
35435,simple,2026-07-09T12:07:21.425859
49274,simple,2026-07-09T12:07:21.425859
57540,simple,2026-07-09T12:07:21.425859
59729,simple,2026-07-09T12:07:21.425859
65653,simple,2026-07-09T12:07:21.425859
67870,simple,2026-07-09T12:07:21.425859
67877,simple,2026-07-09T12:07:21.425859
69813,simple,2026-07-09T12:07:21.425859
71912,simple,2026-07-09T12:07:21.425859
87115,simple,2026-07-09T12:07:21.425859
105131,simple,2026-07-09T12:07:21.425859
105145,simple,2026-07-09T12:07:21.425859
117476,simple,2026-07-09T12:07:21.425859
117493,simple,2026-07-09T12:07:21.425859
17588,simple,2026-07-09T12:07:21.425859
17591,simple,2026-07-09T12:07:21.425859
17594,simple,2026-07-09T12:07:21.425859
17597,simple,2026-07-09T12:07:21.425859
35436,simple,2026-07-09T12:07:21.425859
35437,simple,2026-07-09T12:07:21.425859
49279,simple,2026-07-09T12:07:21.425859
49285,simple,2026-07-09T12:07:21.425859
57545,simple,2026-07-09T12:07:21.425859
57551,simple,2026-07-09T12:07:21.425859
59735,simple,2026-07-09T12:07:21.425859
59741,simple,2026-07-09T12:07:21.425859
64018,simple,2026-07-09T12:07:21.425859
65658,simple,2026-07-09T12:07:21.425859
65664,simple,2026-07-09T12:07:21.425859
67884,simple,2026-07-09T12:07:21.425859
67890,simple,2026-07-09T12:07:21.425859
69819,simple,2026-07-09T12:07:21.425859
69825,simple,2026-07-09T12:07:21.425859
71918,simple,2026-07-09T12:07:21.425859
71924,simple,2026-07-09T12:07:21.425859
74100,simple,2026-07-09T12:07:21.425859
87118,simple,2026-07-09T12:07:21.425859
87121,simple,2026-07-09T12:07:21.425859
105157,simple,2026-07-09T12:07:21.425859
105173,simple,2026-07-09T12:07:21.425859
114422,simple,2026-07-09T12:07:21.425859
17619,simple,2026-07-09T12:07:32.389913
17620,simple,2026-07-09T12:07:32.389913
17621,simple,2026-07-09T12:07:32.389913
17626,simple,2026-07-09T12:07:32.389913
17628,simple,2026-07-09T12:07:32.389913
17631,simple,2026-07-09T12:07:32.389913
17634,simple,2026-07-09T12:07:32.389913
17638,simple,2026-07-09T12:07:32.389913
17642,simple,2026-07-09T12:07:32.389913
17645,simple,2026-07-09T12:07:32.389913
17648,simple,2026-07-09T12:07:32.389913
17651,simple,2026-07-09T12:07:32.389913
31954,simple,2026-07-09T12:07:32.389913
35441,simple,2026-07-09T12:07:32.389913
35443,simple,2026-07-09T12:07:32.389913
35444,simple,2026-07-09T12:07:32.389913
35446,simple,2026-07-09T12:07:32.389913
35449,simple,2026-07-09T12:07:32.389913
35451,simple,2026-07-09T12:07:32.389913
49315,simple,2026-07-09T12:07:32.389913
49320,simple,2026-07-09T12:07:32.389913
49326,simple,2026-07-09T12:07:32.389913
49332,simple,2026-07-09T12:07:32.389913
49340,simple,2026-07-09T12:07:32.389913
49346,simple,2026-07-09T12:07:32.389913
57581,simple,2026-07-09T12:07:32.389913
57587,simple,2026-07-09T12:07:32.389913
57593,simple,2026-07-09T12:07:32.389913
57599,simple,2026-07-09T12:07:32.389913
57604,simple,2026-07-09T12:07:32.389913
57610,simple,2026-07-09T12:07:32.389913
59771,simple,2026-07-09T12:07:32.389913
59777,simple,2026-07-09T12:07:32.389913
59783,simple,2026-07-09T12:07:32.389913
59789,simple,2026-07-09T12:07:32.389913
59796,simple,2026-07-09T12:07:32.389913
59801,simple,2026-07-09T12:07:32.389913
65694,simple,2026-07-09T12:07:32.389913
65699,simple,2026-07-09T12:07:32.389913
65705,simple,2026-07-09T12:07:32.389913
65712,simple,2026-07-09T12:07:32.389913
65717,simple,2026-07-09T12:07:32.389913
65723,simple,2026-07-09T12:07:32.389913
67914,simple,2026-07-09T12:07:32.389913
67920,simple,2026-07-09T12:07:32.389913
67926,simple,2026-07-09T12:07:32.389913
67933,simple,2026-07-09T12:07:32.389913
67940,simple,2026-07-09T12:07:32.389913
67947,simple,2026-07-09T12:07:32.389913
69854,simple,2026-07-09T12:07:32.389913
69861,simple,2026-07-09T12:07:32.389913
69867,simple,2026-07-09T12:07:32.389913
69873,simple,2026-07-09T12:07:32.389913
69878,simple,2026-07-09T12:07:32.389913
69884,simple,2026-07-09T12:07:32.389913
71951,simple,2026-07-09T12:07:32.389913
71960,simple,2026-07-09T12:07:32.389913
71966,simple,2026-07-09T12:07:32.389913
71972,simple,2026-07-09T12:07:32.389913
71978,simple,2026-07-09T12:07:32.389913
71984,simple,2026-07-09T12:07:32.389913
74136,simple,2026-07-09T12:07:32.389913
74142,simple,2026-07-09T12:07:32.389913
74148,simple,2026-07-09T12:07:32.389913
74154,simple,2026-07-09T12:07:32.389913
74160,simple,2026-07-09T12:07:32.389913
74166,simple,2026-07-09T12:07:32.389913
87139,simple,2026-07-09T12:07:32.389913
87142,simple,2026-07-09T12:07:32.389913
87145,simple,2026-07-09T12:07:32.389913
87148,simple,2026-07-09T12:07:32.389913
100928,simple,2026-07-09T12:07:32.389913
100947,simple,2026-07-09T12:07:32.389913
103853,simple,2026-07-09T12:07:32.389913
103860,simple,2026-07-09T12:07:32.389913
103867,simple,2026-07-09T12:07:32.389913
103874,simple,2026-07-09T12:07:32.389913
105187,simple,2026-07-09T12:07:32.389913
105197,simple,2026-07-09T12:07:32.389913
117647,simple,2026-07-09T12:07:32.389913
117664,simple,2026-07-09T12:07:32.389913
117680,simple,2026-07-09T12:07:32.389913
117697,simple,2026-07-09T12:07:32.389913
117714,simple,2026-07-09T12:07:32.389913
117731,simple,2026-07-09T12:07:32.389913
117748,simple,2026-07-09T12:07:32.389913
117767,simple,2026-07-09T12:07:32.389913
117783,simple,2026-07-09T12:07:32.389913
117798,simple,2026-07-09T12:07:32.389913
117819,simple,2026-07-09T12:07:32.389913
117835,simple,2026-07-09T12:07:33.170281
17600,simple,2026-07-09T12:07:41.150554
17603,simple,2026-07-09T12:07:41.150554
17606,simple,2026-07-09T12:07:41.150554
17610,simple,2026-07-09T12:07:41.150554
17613,simple,2026-07-09T12:07:41.150554
17616,simple,2026-07-09T12:07:41.150554
17617,simple,2026-07-09T12:07:41.150554
17618,simple,2026-07-09T12:07:41.150554
35438,simple,2026-07-09T12:07:41.150554
35439,simple,2026-07-09T12:07:41.150554
35440,simple,2026-07-09T12:07:41.150554
49291,simple,2026-07-09T12:07:41.150554
49296,simple,2026-07-09T12:07:41.150554
49302,simple,2026-07-09T12:07:41.150554
49308,simple,2026-07-09T12:07:41.150554
57557,simple,2026-07-09T12:07:41.150554
57563,simple,2026-07-09T12:07:41.150554
57569,simple,2026-07-09T12:07:41.150554
57575,simple,2026-07-09T12:07:41.150554
59747,simple,2026-07-09T12:07:41.150554
59753,simple,2026-07-09T12:07:41.150554
59759,simple,2026-07-09T12:07:41.150554
59765,simple,2026-07-09T12:07:41.150554
65671,simple,2026-07-09T12:07:41.150554
65676,simple,2026-07-09T12:07:41.150554
65682,simple,2026-07-09T12:07:41.150554
65688,simple,2026-07-09T12:07:41.150554
67896,simple,2026-07-09T12:07:41.150554
67902,simple,2026-07-09T12:07:41.150554
67908,simple,2026-07-09T12:07:41.150554
69831,simple,2026-07-09T12:07:41.150554
69837,simple,2026-07-09T12:07:41.150554
69843,simple,2026-07-09T12:07:41.150554
69849,simple,2026-07-09T12:07:41.150554
71930,simple,2026-07-09T12:07:41.150554
71935,simple,2026-07-09T12:07:41.150554
71941,simple,2026-07-09T12:07:41.150554
71946,simple,2026-07-09T12:07:41.150554
74111,simple,2026-07-09T12:07:41.150554
74117,simple,2026-07-09T12:07:41.150554
74124,simple,2026-07-09T12:07:41.150554
87124,simple,2026-07-09T12:07:41.150554
87127,simple,2026-07-09T12:07:41.150554
87133,simple,2026-07-09T12:07:41.150554
102547,simple,2026-07-09T12:07:41.150554
102563,simple,2026-07-09T12:07:41.150554
102580,simple,2026-07-09T12:07:41.150554
102597,simple,2026-07-09T12:07:41.150554
102613,simple,2026-07-09T12:07:41.150554
117509,simple,2026-07-09T12:07:41.150554
117526,simple,2026-07-09T12:07:41.150554
117543,simple,2026-07-09T12:07:41.150554
117561,simple,2026-07-09T12:07:41.150554
117579,simple,2026-07-09T12:07:41.150554
117596,simple,2026-07-09T12:07:41.150554
117612,simple,2026-07-09T12:07:41.150554
117629,simple,2026-07-09T12:07:41.150554
17655,simple,2026-07-09T12:07:41.150554
17658,simple,2026-07-09T12:07:41.150554
35453,simple,2026-07-09T12:07:41.150554
49352,simple,2026-07-09T12:07:41.150554
57616,simple,2026-07-09T12:07:41.150554
59807,simple,2026-07-09T12:07:41.150554
65730,simple,2026-07-09T12:07:41.150554
67953,simple,2026-07-09T12:07:41.150554
69890,simple,2026-07-09T12:07:41.150554
71989,simple,2026-07-09T12:07:41.150554
103883,simple,2026-07-09T12:07:41.150554
117853,simple,2026-07-09T12:07:41.150554
117871,simple,2026-07-09T12:07:41.150554
17660,simple,2026-07-09T12:07:51.335731
17661,simple,2026-07-09T12:07:51.335731
17663,simple,2026-07-09T12:07:51.335731
17665,simple,2026-07-09T12:07:51.335731
35455,simple,2026-07-09T12:07:51.335731
49358,simple,2026-07-09T12:07:51.335731
49364,simple,2026-07-09T12:07:51.335731
57622,simple,2026-07-09T12:07:51.335731
57628,simple,2026-07-09T12:07:51.335731
59811,simple,2026-07-09T12:07:51.335731
59813,simple,2026-07-09T12:07:51.335731
59814,simple,2026-07-09T12:07:51.335731
65736,simple,2026-07-09T12:07:51.335731
65741,simple,2026-07-09T12:07:51.335731
67959,simple,2026-07-09T12:07:51.335731
69896,simple,2026-07-09T12:07:51.335731
69901,simple,2026-07-09T12:07:51.335731
69904,simple,2026-07-09T12:07:51.335731
71995,simple,2026-07-09T12:07:51.335731
72001,simple,2026-07-09T12:07:51.335731
72006,simple,2026-07-09T12:07:51.335731
74178,simple,2026-07-09T12:07:51.335731
74184,simple,2026-07-09T12:07:51.335731
87108,simple,2026-07-09T12:07:51.335731
103892,simple,2026-07-09T12:07:51.335731
117889,simple,2026-07-09T12:07:51.335731
117905,simple,2026-07-09T12:07:51.335731
117920,simple,2026-07-09T12:07:51.335731
117937,simple,2026-07-09T12:07:51.335731
117953,simple,2026-07-09T12:07:51.335731
117971,simple,2026-07-09T12:07:51.335731
17622,simple,2026-07-09T12:07:51.335731
17623,simple,2026-07-09T12:07:51.335731
35457,simple,2026-07-09T12:07:51.335731
49370,simple,2026-07-09T12:07:51.335731
57634,simple,2026-07-09T12:07:51.335731
59815,simple,2026-07-09T12:07:51.335731
65746,simple,2026-07-09T12:07:51.335731
67964,simple,2026-07-09T12:07:51.335731
69908,simple,2026-07-09T12:07:51.335731
72010,simple,2026-07-09T12:07:51.335731
87114,simple,2026-07-09T12:07:51.335731
103903,simple,2026-07-09T12:07:51.335731
117988,simple,2026-07-09T12:07:51.335731
118003,simple,2026-07-09T12:07:51.335731
17624,simple,2026-07-09T12:08:01.995669
17625,simple,2026-07-09T12:08:01.995669
17627,simple,2026-07-09T12:08:01.995669
17629,simple,2026-07-09T12:08:01.995669
17632,simple,2026-07-09T12:08:01.995669
17635,simple,2026-07-09T12:08:01.995669
35460,simple,2026-07-09T12:08:01.995669
35463,simple,2026-07-09T12:08:01.995669
35466,simple,2026-07-09T12:08:01.995669
35469,simple,2026-07-09T12:08:01.995669
35474,simple,2026-07-09T12:08:01.995669
49376,simple,2026-07-09T12:08:01.995669
49383,simple,2026-07-09T12:08:01.995669
49389,simple,2026-07-09T12:08:01.995669
49395,simple,2026-07-09T12:08:01.995669
57640,simple,2026-07-09T12:08:01.995669
57646,simple,2026-07-09T12:08:01.995669
57652,simple,2026-07-09T12:08:01.995669
57658,simple,2026-07-09T12:08:01.995669
59816,simple,2026-07-09T12:08:01.995669
59817,simple,2026-07-09T12:08:01.995669
59818,simple,2026-07-09T12:08:01.995669
59820,simple,2026-07-09T12:08:01.995669
65752,simple,2026-07-09T12:08:01.995669
65758,simple,2026-07-09T12:08:01.995669
65764,simple,2026-07-09T12:08:01.995669
67709,simple,2026-07-09T12:08:01.995669
67971,simple,2026-07-09T12:08:01.995669
67976,simple,2026-07-09T12:08:01.995669
67982,simple,2026-07-09T12:08:01.995669
67988,simple,2026-07-09T12:08:01.995669
69915,simple,2026-07-09T12:08:01.995669
69919,simple,2026-07-09T12:08:01.995669
69925,simple,2026-07-09T12:08:01.995669
69932,simple,2026-07-09T12:08:01.995669
72011,simple,2026-07-09T12:08:01.995669
72013,simple,2026-07-09T12:08:01.995669
72015,simple,2026-07-09T12:08:01.995669
72019,simple,2026-07-09T12:08:01.995669
74193,simple,2026-07-09T12:08:01.995669
74199,simple,2026-07-09T12:08:01.995669
74205,simple,2026-07-09T12:08:01.995669
87117,simple,2026-07-09T12:08:01.995669
87120,simple,2026-07-09T12:08:01.995669
87123,simple,2026-07-09T12:08:01.995669
103914,simple,2026-07-09T12:08:01.995669
103925,simple,2026-07-09T12:08:01.995669
103938,simple,2026-07-09T12:08:01.995669
103952,simple,2026-07-09T12:08:01.995669
103968,simple,2026-07-09T12:08:01.995669
118019,simple,2026-07-09T12:08:01.995669
118038,simple,2026-07-09T12:08:01.995669
118052,simple,2026-07-09T12:08:01.995669
118066,simple,2026-07-09T12:08:01.995669
118082,simple,2026-07-09T12:08:01.995669
118094,simple,2026-07-09T12:08:01.995669
118106,simple,2026-07-09T12:08:01.995669
118116,simple,2026-07-09T12:08:01.995669
17637,simple,2026-07-09T12:08:01.995669
17640,simple,2026-07-09T12:08:01.995669
31960,simple,2026-07-09T12:08:01.995669
35478,simple,2026-07-09T12:08:01.995669
49401,simple,2026-07-09T12:08:01.995669
57663,simple,2026-07-09T12:08:01.995669
59822,simple,2026-07-09T12:08:01.995669
65771,simple,2026-07-09T12:08:01.995669
67713,simple,2026-07-09T12:08:01.995669
69938,simple,2026-07-09T12:08:01.995669
72025,simple,2026-07-09T12:08:01.995669
87126,simple,2026-07-09T12:08:01.995669
103984,simple,2026-07-09T12:08:01.995669
110563,simple,2026-07-09T12:08:01.995669
110580,simple,2026-07-09T12:08:01.995669
110597,simple,2026-07-09T12:08:01.995669
110614,simple,2026-07-09T12:08:01.995669
115298,simple,2026-07-09T12:08:01.995669
17643,simple,2026-07-09T12:08:17.702614
17646,simple,2026-07-09T12:08:17.702614
35442,simple,2026-07-09T12:08:17.702614
35445,simple,2026-07-09T12:08:17.702614
49407,simple,2026-07-09T12:08:17.702614
49414,simple,2026-07-09T12:08:17.702614
57669,simple,2026-07-09T12:08:17.702614
57675,simple,2026-07-09T12:08:17.702614
59827,simple,2026-07-09T12:08:17.702614
64023,simple,2026-07-09T12:08:17.702614
64028,simple,2026-07-09T12:08:17.702614
65777,simple,2026-07-09T12:08:17.702614
67718,simple,2026-07-09T12:08:17.702614
67723,simple,2026-07-09T12:08:17.702614
69943,simple,2026-07-09T12:08:17.702614
72031,simple,2026-07-09T12:08:17.702614
74221,simple,2026-07-09T12:08:17.702614
87129,simple,2026-07-09T12:08:17.702614
103997,simple,2026-07-09T12:08:17.702614
104011,simple,2026-07-09T12:08:17.702614
110631,simple,2026-07-09T12:08:17.702614
110648,simple,2026-07-09T12:08:17.702614
113202,simple,2026-07-09T12:08:17.702614
114433,simple,2026-07-09T12:08:17.702614
17649,simple,2026-07-09T12:08:17.702614
17652,simple,2026-07-09T12:08:17.702614
31966,simple,2026-07-09T12:08:17.702614
35447,simple,2026-07-09T12:08:17.702614
49420,simple,2026-07-09T12:08:17.702614
57681,simple,2026-07-09T12:08:17.702614
59833,simple,2026-07-09T12:08:17.702614
65783,simple,2026-07-09T12:08:17.702614
67728,simple,2026-07-09T12:08:17.702614
69948,simple,2026-07-09T12:08:17.702614
72038,simple,2026-07-09T12:08:17.702614
87131,simple,2026-07-09T12:08:17.702614
104026,simple,2026-07-09T12:08:17.702614
118126,simple,2026-07-09T12:08:17.702614
118135,simple,2026-07-09T12:08:17.702614
17630,simple,2026-07-09T12:08:17.702614
17654,simple,2026-07-09T12:08:17.702614
35448,simple,2026-07-09T12:08:17.702614
49426,simple,2026-07-09T12:08:17.702614
57687,simple,2026-07-09T12:08:17.702614
59839,simple,2026-07-09T12:08:17.702614
65789,simple,2026-07-09T12:08:17.702614
67734,simple,2026-07-09T12:08:17.702614
69953,simple,2026-07-09T12:08:17.702614
72043,simple,2026-07-09T12:08:17.702614
87134,simple,2026-07-09T12:08:17.702614
104044,simple,2026-07-09T12:08:17.702614
118143,simple,2026-07-09T12:08:17.702614
118151,simple,2026-07-09T12:08:17.702614
64032,simple,2026-07-09T12:08:17.702614
64035,simple,2026-07-09T12:08:17.702614
113220,simple,2026-07-09T12:08:17.702614
17633,simple,2026-07-09T12:08:17.702614
17636,simple,2026-07-09T12:08:17.702614
35450,simple,2026-07-09T12:08:17.702614
49432,simple,2026-07-09T12:08:17.702614
57694,simple,2026-07-09T12:08:17.702614
59845,simple,2026-07-09T12:08:17.702614
65794,simple,2026-07-09T12:08:17.702614
67739,simple,2026-07-09T12:08:17.702614
69957,simple,2026-07-09T12:08:17.702614
72049,simple,2026-07-09T12:08:17.702614
87137,simple,2026-07-09T12:08:17.702614
104060,simple,2026-07-09T12:08:17.702614
116599,simple,2026-07-09T12:08:17.702614
116613,simple,2026-07-09T12:08:17.702614
31972,simple,2026-07-09T12:08:17.702614
115309,simple,2026-07-09T12:08:17.702614
31978,simple,2026-07-09T12:08:17.702614
31984,simple,2026-07-09T12:08:17.702614
31990,simple,2026-07-09T12:08:17.702614
35452,simple,2026-07-09T12:08:17.702614
104074,simple,2026-07-09T12:08:17.702614
115320,simple,2026-07-09T12:08:17.702614
115328,simple,2026-07-09T12:08:17.702614
115340,simple,2026-07-09T12:08:17.702614
110666,simple,2026-07-09T12:08:17.702614
110682,simple,2026-07-09T12:08:17.702614
17639,simple,2026-07-09T12:09:02.544638
17641,simple,2026-07-09T12:09:02.544638
49438,simple,2026-07-09T12:09:02.544638
55756,simple,2026-07-09T12:09:02.544638
57700,simple,2026-07-09T12:09:02.544638
59850,simple,2026-07-09T12:09:02.544638
63754,simple,2026-07-09T12:09:02.544638
65800,simple,2026-07-09T12:09:02.544638
69963,simple,2026-07-09T12:09:02.544638
72055,simple,2026-07-09T12:09:02.544638
87140,simple,2026-07-09T12:09:02.544638
102629,simple,2026-07-09T12:09:02.544638
110699,simple,2026-07-09T12:09:02.544638
110715,simple,2026-07-09T12:09:02.544638
113241,simple,2026-07-09T12:09:02.544638
110732,simple,2026-07-09T12:09:02.544638
116049,simple,2026-07-09T12:09:02.544638
31996,simple,2026-07-09T12:09:02.544638
35454,simple,2026-07-09T12:09:02.544638
104090,simple,2026-07-09T12:09:02.544638
115350,simple,2026-07-09T12:09:02.544638
35456,simple,2026-07-09T12:09:02.544638
35458,simple,2026-07-09T12:09:02.544638
67757,simple,2026-07-09T12:09:02.544638
104107,simple,2026-07-09T12:09:02.544638
104124,simple,2026-07-09T12:09:02.544638
115361,simple,2026-07-09T12:09:02.544638
32002,simple,2026-07-09T12:09:02.544638
115372,simple,2026-07-09T12:09:02.544638
110750,simple,2026-07-09T12:09:02.544638
110767,simple,2026-07-09T12:09:02.544638
110781,simple,2026-07-09T12:09:02.544638
110799,simple,2026-07-09T12:09:02.544638
110816,simple,2026-07-09T12:09:02.544638
110830,simple,2026-07-09T12:09:02.544638
32008,simple,2026-07-09T12:09:02.544638
35459,simple,2026-07-09T12:09:02.544638
102645,simple,2026-07-09T12:09:02.544638
115382,simple,2026-07-09T12:09:02.544638
110847,simple,2026-07-09T12:09:02.544638
110868,simple,2026-07-09T12:09:02.544638
110883,simple,2026-07-09T12:09:02.544638
116058,simple,2026-07-09T12:09:02.544638
116066,simple,2026-07-09T12:09:02.544638
116074,simple,2026-07-09T12:09:02.544638
17644,simple,2026-07-09T12:09:02.544638
17647,simple,2026-07-09T12:09:02.544638
57707,simple,2026-07-09T12:09:02.544638
17650,simple,2026-07-09T12:09:02.544638
17653,simple,2026-07-09T12:09:02.544638
17656,simple,2026-07-09T12:09:02.544638
17657,simple,2026-07-09T12:09:02.544638
57719,simple,2026-07-09T12:09:02.544638
17659,simple,2026-07-09T12:09:02.544638
17662,simple,2026-07-09T12:09:02.544638
17664,simple,2026-07-09T12:09:02.544638
17666,simple,2026-07-09T12:09:02.544638
17667,simple,2026-07-09T12:09:02.544638
17668,simple,2026-07-09T12:09:02.544638
17669,simple,2026-07-09T12:09:02.544638
17671,simple,2026-07-09T12:09:02.544638
17673,simple,2026-07-09T12:09:02.544638
17675,simple,2026-07-09T12:09:02.544638
17678,simple,2026-07-09T12:09:02.544638
17680,simple,2026-07-09T12:09:02.544638
57737,simple,2026-07-09T12:09:02.544638
57743,simple,2026-07-09T12:09:02.544638
57749,simple,2026-07-09T12:09:02.544638
57754,simple,2026-07-09T12:09:02.544638
87113,simple,2026-07-09T12:09:02.544638
87119,simple,2026-07-09T12:09:02.544638
17682,simple,2026-07-09T12:09:02.544638
17685,simple,2026-07-09T12:09:02.544638
17688,simple,2026-07-09T12:09:02.544638
17691,simple,2026-07-09T12:09:02.544638
17694,simple,2026-07-09T12:09:02.544638
17697,simple,2026-07-09T12:09:02.544638
17670,simple,2026-07-09T12:09:02.544638
17672,simple,2026-07-09T12:09:02.544638
17674,simple,2026-07-09T12:09:02.544638
17700,simple,2026-07-09T12:09:02.544638
57506,simple,2026-07-09T12:09:02.544638
87144,simple,2026-07-09T12:09:02.544638
32044,simple,2026-07-09T12:09:02.544638
115447,simple,2026-07-09T12:09:02.544638
32069,simple,2026-07-09T12:09:02.544638
32077,simple,2026-07-09T12:09:02.544638
115487,simple,2026-07-09T12:09:02.544638
115498,simple,2026-07-09T12:09:02.544638
32089,simple,2026-07-09T12:10:55.579641
115520,simple,2026-07-09T12:10:55.579641
17676,simple,2026-07-09T12:10:55.579641
17677,simple,2026-07-09T12:10:55.579641
107808,simple,2026-07-09T12:10:55.579641
78734,simple,2026-07-09T12:10:55.579641
78740,simple,2026-07-09T12:10:55.579641
106855,simple,2026-07-09T12:10:55.579641
106877,simple,2026-07-09T12:10:55.579641
106899,simple,2026-07-09T12:10:55.579641
110003,simple,2026-07-09T12:10:55.579641
110010,simple,2026-07-09T12:10:55.579641
76464,simple,2026-07-09T12:10:55.579641
106920,simple,2026-07-09T12:10:55.579641
107829,simple,2026-07-09T12:10:55.579641
76470,simple,2026-07-09T12:10:55.579641
106940,simple,2026-07-09T12:10:55.579641
107849,simple,2026-07-09T12:10:55.579641
76486,simple,2026-07-09T12:10:55.579641
76491,simple,2026-07-09T12:10:55.579641
107004,simple,2026-07-09T12:10:55.579641
107912,simple,2026-07-09T12:10:55.579641
107932,simple,2026-07-09T12:10:55.579641
76498,simple,2026-07-09T12:10:55.579641
76503,simple,2026-07-09T12:10:55.579641
107023,simple,2026-07-09T12:10:55.579641
107953,simple,2026-07-09T12:10:55.579641
107978,simple,2026-07-09T12:10:55.579641
76509,simple,2026-07-09T12:10:55.579641
76515,simple,2026-07-09T12:10:55.579641
107045,simple,2026-07-09T12:10:55.579641
107992,simple,2026-07-09T12:10:55.579641
108008,simple,2026-07-09T12:10:55.579641
76521,simple,2026-07-09T12:10:55.579641
107068,simple,2026-07-09T12:10:55.579641
108032,simple,2026-07-09T12:10:55.579641
76528,simple,2026-07-09T12:10:55.579641
108046,simple,2026-07-09T12:10:55.579641
108065,simple,2026-07-09T12:10:55.579641
76539,simple,2026-07-09T12:10:55.579641
107089,simple,2026-07-09T12:10:55.579641
108086,simple,2026-07-09T12:10:55.579641
108107,simple,2026-07-09T12:10:55.579641
76550,simple,2026-07-09T12:10:55.579641
107112,simple,2026-07-09T12:10:55.579641
108127,simple,2026-07-09T12:10:55.579641
76556,simple,2026-07-09T12:10:55.579641
107135,simple,2026-07-09T12:10:55.579641
108147,simple,2026-07-09T12:10:55.579641
108167,simple,2026-07-09T12:10:55.579641
108189,simple,2026-07-09T12:10:55.579641
107155,simple,2026-07-09T12:10:55.579641
110017,simple,2026-07-09T12:10:55.579641
107175,simple,2026-07-09T12:10:55.579641
110024,simple,2026-07-09T12:10:55.579641
108209,simple,2026-07-09T12:10:55.579641
108230,simple,2026-07-09T12:10:55.579641
78834,simple,2026-07-09T12:10:55.579641
78840,simple,2026-07-09T12:10:55.579641
107195,simple,2026-07-09T12:10:55.579641
110031,simple,2026-07-09T12:10:55.579641
110038,simple,2026-07-09T12:10:55.579641
108250,simple,2026-07-09T12:10:55.579641
17679,simple,2026-07-09T12:10:55.579641
17681,simple,2026-07-09T12:10:55.579641
74257,simple,2026-07-09T12:10:55.579641
108373,simple,2026-07-09T12:10:55.579641
108393,simple,2026-07-09T12:10:55.579641
76639,simple,2026-07-09T12:10:55.579641
107280,simple,2026-07-09T12:10:55.579641
108413,simple,2026-07-09T12:10:55.579641
49444,simple,2026-07-09T12:10:55.579641
59856,simple,2026-07-09T12:10:55.579641
65806,simple,2026-07-09T12:10:55.579641
69969,simple,2026-07-09T12:10:55.579641
72061,simple,2026-07-09T12:10:55.579641
116630,simple,2026-07-09T12:10:55.579641
116646,simple,2026-07-09T12:10:55.579641
49167,simple,2026-07-09T12:10:55.579641
59862,simple,2026-07-09T12:10:55.579641
69975,simple,2026-07-09T12:10:55.579641
72066,simple,2026-07-09T12:10:55.579641
74270,simple,2026-07-09T12:10:55.579641
116663,simple,2026-07-09T12:10:55.579641
116681,simple,2026-07-09T12:10:55.579641
49171,simple,2026-07-09T12:10:55.579641
65812,simple,2026-07-09T12:10:55.579641
101302,simple,2026-07-09T12:10:55.579641
17684,simple,2026-07-09T12:12:47.814298
17687,simple,2026-07-09T12:12:47.814298
49177,simple,2026-07-09T12:12:47.814298
57533,simple,2026-07-09T12:12:47.814298
65819,simple,2026-07-09T12:12:47.814298
101320,simple,2026-07-09T12:12:47.814298
108433,simple,2026-07-09T12:12:47.814298
107301,simple,2026-07-09T12:12:47.814298
110045,simple,2026-07-09T12:12:47.814298
76651,simple,2026-07-09T12:12:47.814298
107342,simple,2026-07-09T12:12:47.814298
108454,simple,2026-07-09T12:12:47.814298
76658,simple,2026-07-09T12:12:47.814298
107363,simple,2026-07-09T12:12:47.814298
108475,simple,2026-07-09T12:12:47.814298
76664,simple,2026-07-09T12:12:47.814298
107385,simple,2026-07-09T12:12:47.814298
108495,simple,2026-07-09T12:12:47.814298
76670,simple,2026-07-09T12:12:47.814298
107406,simple,2026-07-09T12:12:47.814298
108515,simple,2026-07-09T12:12:47.814298
76676,simple,2026-07-09T12:12:47.814298
107427,simple,2026-07-09T12:12:47.814298
108536,simple,2026-07-09T12:12:47.814298
76684,simple,2026-07-09T12:12:47.814298
107447,simple,2026-07-09T12:12:47.814298
108556,simple,2026-07-09T12:12:47.814298
76397,simple,2026-07-09T12:12:47.814298
76399,simple,2026-07-09T12:12:47.814298
107465,simple,2026-07-09T12:12:47.814298
108576,simple,2026-07-09T12:12:47.814298
108596,simple,2026-07-09T12:12:47.814298
76412,simple,2026-07-09T12:12:47.814298
107504,simple,2026-07-09T12:12:47.814298
108657,simple,2026-07-09T12:12:47.814298
108676,simple,2026-07-09T12:12:47.814298
35462,simple,2026-07-09T12:12:47.814298
104139,simple,2026-07-09T12:12:47.814298
76424,simple,2026-07-09T12:12:47.814298
76430,simple,2026-07-09T12:12:47.814298
78948,simple,2026-07-09T12:12:47.814298
107516,simple,2026-07-09T12:12:47.814298
107528,simple,2026-07-09T12:12:47.814298
108697,simple,2026-07-09T12:12:47.814298
108716,simple,2026-07-09T12:12:47.814298
76437,simple,2026-07-09T12:12:47.814298
107535,simple,2026-07-09T12:12:47.814298
108737,simple,2026-07-09T12:12:47.814298
17690,simple,2026-07-09T12:12:47.814298
17693,simple,2026-07-09T12:12:47.814298
17696,simple,2026-07-09T12:12:47.814298
17699,simple,2026-07-09T12:12:47.814298
49182,simple,2026-07-09T12:12:47.814298
49189,simple,2026-07-09T12:12:47.814298
57539,simple,2026-07-09T12:12:47.814298
57546,simple,2026-07-09T12:12:47.814298
59867,simple,2026-07-09T12:12:47.814298
59873,simple,2026-07-09T12:12:47.814298
65825,simple,2026-07-09T12:12:47.814298
65831,simple,2026-07-09T12:12:47.814298
69981,simple,2026-07-09T12:12:47.814298
69988,simple,2026-07-09T12:12:47.814298
72073,simple,2026-07-09T12:12:47.814298
72079,simple,2026-07-09T12:12:47.814298
74288,simple,2026-07-09T12:12:47.814298
87156,simple,2026-07-09T12:12:47.814298
116698,simple,2026-07-09T12:12:47.814298
116715,simple,2026-07-09T12:12:47.814298
116732,simple,2026-07-09T12:12:47.814298
116752,simple,2026-07-09T12:12:47.814298
76443,simple,2026-07-09T12:12:47.814298
107540,simple,2026-07-09T12:12:47.814298
108756,simple,2026-07-09T12:12:47.814298
76449,simple,2026-07-09T12:12:47.814298
107543,simple,2026-07-09T12:12:47.814298
108780,simple,2026-07-09T12:12:47.814298
108860,simple,2026-07-09T12:12:47.814298
76484,simple,2026-07-09T12:12:47.814298
76490,simple,2026-07-09T12:12:47.814298
105458,simple,2026-07-09T12:12:47.814298
108899,simple,2026-07-09T12:12:47.814298
108918,simple,2026-07-09T12:12:47.814298
108958,simple,2026-07-09T12:12:47.814298
76508,simple,2026-07-09T12:12:47.814298
76514,simple,2026-07-09T12:12:47.814298
105466,simple,2026-07-09T12:12:47.814298
108977,simple,2026-07-09T12:12:47.814298
108996,simple,2026-07-09T12:12:47.814298
76520,simple,2026-07-09T12:14:13.504890
76526,simple,2026-07-09T12:14:13.504890
105475,simple,2026-07-09T12:14:13.504890
109016,simple,2026-07-09T12:14:13.504890
109036,simple,2026-07-09T12:14:13.504890
76532,simple,2026-07-09T12:14:13.504890
105484,simple,2026-07-09T12:14:13.504890
109056,simple,2026-07-09T12:14:13.504890
76544,simple,2026-07-09T12:14:13.504890
76551,simple,2026-07-09T12:14:13.504890
105503,simple,2026-07-09T12:14:13.504890
109092,simple,2026-07-09T12:14:13.504890
109108,simple,2026-07-09T12:14:13.504890
76557,simple,2026-07-09T12:14:13.504890
105519,simple,2026-07-09T12:14:13.504890
109128,simple,2026-07-09T12:14:13.504890
76562,simple,2026-07-09T12:14:13.504890
105534,simple,2026-07-09T12:14:13.504890
109148,simple,2026-07-09T12:14:13.504890
76681,simple,2026-07-09T12:14:13.504890
105897,simple,2026-07-09T12:14:13.504890
109535,simple,2026-07-09T12:14:13.504890
49195,simple,2026-07-09T12:14:13.504890
59879,simple,2026-07-09T12:14:13.504890
65837,simple,2026-07-09T12:14:13.504890
69993,simple,2026-07-09T12:14:13.504890
72084,simple,2026-07-09T12:14:13.504890
74300,simple,2026-07-09T12:14:13.504890
76408,simple,2026-07-09T12:14:13.504890
76414,simple,2026-07-09T12:14:13.504890
76419,simple,2026-07-09T12:14:13.504890
78869,simple,2026-07-09T12:14:13.504890
78875,simple,2026-07-09T12:14:13.504890
105939,simple,2026-07-09T12:14:13.504890
105960,simple,2026-07-09T12:14:13.504890
105981,simple,2026-07-09T12:14:13.504890
109565,simple,2026-07-09T12:14:13.504890
109580,simple,2026-07-09T12:14:13.504890
109587,simple,2026-07-09T12:14:13.504890
116767,simple,2026-07-09T12:14:13.504890
116781,simple,2026-07-09T12:14:13.504890
76425,simple,2026-07-09T12:14:13.504890
106002,simple,2026-07-09T12:14:13.504890
107606,simple,2026-07-09T12:14:13.504890
32114,simple,2026-07-09T12:14:13.504890
35465,simple,2026-07-09T12:14:13.504890
67781,simple,2026-07-09T12:14:13.504890
76431,simple,2026-07-09T12:14:13.504890
103099,simple,2026-07-09T12:14:13.504890
107610,simple,2026-07-09T12:14:13.504890
115562,simple,2026-07-09T12:14:13.504890
76436,simple,2026-07-09T12:14:13.504890
76442,simple,2026-07-09T12:14:13.504890
78898,simple,2026-07-09T12:14:13.504890
106023,simple,2026-07-09T12:14:13.504890
106046,simple,2026-07-09T12:14:13.504890
107617,simple,2026-07-09T12:14:13.504890
107625,simple,2026-07-09T12:14:13.504890
76448,simple,2026-07-09T12:14:13.504890
106069,simple,2026-07-09T12:14:13.504890
107634,simple,2026-07-09T12:14:13.504890
78916,simple,2026-07-09T12:14:13.504890
106089,simple,2026-07-09T12:14:13.504890
76454,simple,2026-07-09T12:14:13.504890
106110,simple,2026-07-09T12:14:13.504890
107644,simple,2026-07-09T12:14:13.504890
76466,simple,2026-07-09T12:14:13.504890
106153,simple,2026-07-09T12:14:13.504890
107669,simple,2026-07-09T12:14:13.504890
76471,simple,2026-07-09T12:14:13.504890
106172,simple,2026-07-09T12:14:13.504890
107683,simple,2026-07-09T12:14:13.504890
55762,simple,2026-07-09T12:14:13.504890
55767,simple,2026-07-09T12:14:13.504890
107697,simple,2026-07-09T12:14:13.504890
110080,simple,2026-07-09T12:14:13.504890
110087,simple,2026-07-09T12:14:13.504890
107814,simple,2026-07-09T12:14:13.504890
76517,simple,2026-07-09T12:14:13.504890
106314,simple,2026-07-09T12:14:13.504890
107836,simple,2026-07-09T12:14:13.504890
76523,simple,2026-07-09T12:14:13.504890
106335,simple,2026-07-09T12:14:13.504890
107857,simple,2026-07-09T12:14:13.504890
76530,simple,2026-07-09T12:14:13.504890
78689,simple,2026-07-09T12:14:13.504890
106355,simple,2026-07-09T12:14:13.504890
106375,simple,2026-07-09T12:14:13.504890
107878,simple,2026-07-09T12:14:13.504890
76536,simple,2026-07-09T12:15:48.526254
76543,simple,2026-07-09T12:15:48.526254
78701,simple,2026-07-09T12:15:48.526254
106396,simple,2026-07-09T12:15:48.526254
106419,simple,2026-07-09T12:15:48.526254
107899,simple,2026-07-09T12:15:48.526254
107919,simple,2026-07-09T12:15:48.526254
76548,simple,2026-07-09T12:15:48.526254
106440,simple,2026-07-09T12:15:48.526254
107941,simple,2026-07-09T12:15:48.526254
76554,simple,2026-07-09T12:15:48.526254
106460,simple,2026-07-09T12:15:48.526254
107961,simple,2026-07-09T12:15:48.526254
107980,simple,2026-07-09T12:15:48.526254
108001,simple,2026-07-09T12:15:48.526254
108040,simple,2026-07-09T12:15:48.526254
76585,simple,2026-07-09T12:15:48.526254
106529,simple,2026-07-09T12:15:48.526254
108060,simple,2026-07-09T12:15:48.526254
76590,simple,2026-07-09T12:15:48.526254
106550,simple,2026-07-09T12:15:48.526254
108081,simple,2026-07-09T12:15:48.526254
76614,simple,2026-07-09T12:15:48.526254
106597,simple,2026-07-09T12:15:48.526254
108163,simple,2026-07-09T12:15:48.526254
76621,simple,2026-07-09T12:15:48.526254
106618,simple,2026-07-09T12:15:48.526254
108183,simple,2026-07-09T12:15:48.526254
108203,simple,2026-07-09T12:15:48.526254
76632,simple,2026-07-09T12:15:48.526254
106639,simple,2026-07-09T12:15:48.526254
108222,simple,2026-07-09T12:15:48.526254
76638,simple,2026-07-09T12:15:48.526254
106658,simple,2026-07-09T12:15:48.526254
108241,simple,2026-07-09T12:15:48.526254
76644,simple,2026-07-09T12:15:48.526254
106680,simple,2026-07-09T12:15:48.526254
108261,simple,2026-07-09T12:15:48.526254
76650,simple,2026-07-09T12:15:48.526254
106703,simple,2026-07-09T12:15:48.526254
108281,simple,2026-07-09T12:15:48.526254
76656,simple,2026-07-09T12:15:48.526254
106725,simple,2026-07-09T12:15:48.526254
108302,simple,2026-07-09T12:15:48.526254
108321,simple,2026-07-09T12:15:48.526254
76667,simple,2026-07-09T12:15:48.526254
106746,simple,2026-07-09T12:15:48.526254
108343,simple,2026-07-09T12:15:48.526254
76674,simple,2026-07-09T12:15:48.526254
106762,simple,2026-07-09T12:15:48.526254
108363,simple,2026-07-09T12:15:48.526254
76679,simple,2026-07-09T12:15:48.526254
78807,simple,2026-07-09T12:15:48.526254
78812,simple,2026-07-09T12:15:48.526254
106781,simple,2026-07-09T12:15:48.526254
106800,simple,2026-07-09T12:15:48.526254
106822,simple,2026-07-09T12:15:48.526254
108381,simple,2026-07-09T12:15:48.526254
76685,simple,2026-07-09T12:15:48.526254
106840,simple,2026-07-09T12:15:48.526254
108399,simple,2026-07-09T12:15:48.526254
76690,simple,2026-07-09T12:15:48.526254
106860,simple,2026-07-09T12:15:48.526254
108419,simple,2026-07-09T12:15:48.526254
76403,simple,2026-07-09T12:15:48.526254
106881,simple,2026-07-09T12:15:48.526254
108440,simple,2026-07-09T12:15:48.526254
76409,simple,2026-07-09T12:15:48.526254
106903,simple,2026-07-09T12:15:48.526254
108461,simple,2026-07-09T12:15:48.526254
76415,simple,2026-07-09T12:15:48.526254
106923,simple,2026-07-09T12:15:48.526254
108482,simple,2026-07-09T12:15:48.526254
76421,simple,2026-07-09T12:15:48.526254
106945,simple,2026-07-09T12:15:48.526254
108500,simple,2026-07-09T12:15:48.526254
108520,simple,2026-07-09T12:15:48.526254
76433,simple,2026-07-09T12:15:48.526254
106962,simple,2026-07-09T12:15:48.526254
108540,simple,2026-07-09T12:15:48.526254
76438,simple,2026-07-09T12:15:48.526254
78866,simple,2026-07-09T12:15:48.526254
106982,simple,2026-07-09T12:15:48.526254
107002,simple,2026-07-09T12:15:48.526254
108560,simple,2026-07-09T12:15:48.526254
76456,simple,2026-07-09T12:15:48.526254
107025,simple,2026-07-09T12:15:48.526254
108621,simple,2026-07-09T12:15:48.526254
